time,open,high,low,close,Volume
1672385400,25985,26025,25930,25940,35668
1672389000,25945,25970,25905,25935,19005
1672392600,25930,25980,25905,25980,18531
1672396200,25980,25995,25960,25970,13505
1672399800,25970,25970,25920,25930,10777
1672403400,25930,25940,25900,25905,16308
1672407000,25905,25910,25855,25890,21142
1672410600,25890,25935,25805,25905,59705
1672414200,25905,25920,25800,25805,26677
1672417800,25805,25845,25765,25770,21033
1672421400,25770,25790,25660,25680,24658
1672425000,25675,25715,25635,25650,20219
1672428600,25655,25755,25620,25705,21237
1672432200,25710,25770,25710,25740,9567
1672702200,25850,25880,25775,25795,25062
1672705800,25795,25805,25580,25600,34247
1672709400,25600,25675,25565,25665,22358
1672713000,25665,25710,25650,25675,11104
1672716600,25675,25730,25670,25690,9450
1672720200,25690,25715,25655,25690,6828
1672723800,25690,25750,25690,25750,9762
1672731000,25750,25890,25725,25885,26255
1672734600,25890,25940,25860,25895,23919
1672738200,25895,25945,25880,25895,12474
1672741800,25890,25915,25860,25870,9821
1672745400,25875,25885,25800,25825,17538
1672749000,25825,25860,25810,25815,14989
1672752600,25815,25890,25815,25865,11018
1672756200,25865,25925,25755,25785,41082
1672759800,25785,25885,25745,25810,24233
1672763400,25810,25810,25725,25740,15176
1672767000,25740,25785,25695,25755,14498
1672770600,25755,25775,25720,25730,8506
1672774200,25725,25815,25705,25795,15249
1672777800,25800,25815,25790,25790,5938
1672788600,25740,25845,25630,25770,129574
1672792200,25770,25780,25650,25760,97101
1672795800,25760,25790,25670,25695,67150
1672799400,25690,25725,25670,25710,22527
1672803000,25705,25745,25685,25720,34792
1672806600,25720,25740,25710,25710,24589
1672810200,25710,25715,25610,25610,70784
1672817400,25625,25680,25620,25675,31878
1672821000,25675,25690,25625,25630,21393
1672824600,25630,25670,25625,25655,17624
1672828200,25650,25660,25615,25645,14755
1672831800,25650,25680,25640,25665,15350
1672835400,25665,25715,25650,25710,19851
1672839000,25710,25715,25675,25715,18168
1672842600,25710,25765,25630,25715,85615
1672846200,25715,25855,25695,25840,44007
1672849800,25840,25900,25840,25850,25591
1672853400,25855,25895,25815,25880,14589
1672857000,25880,25910,25750,25755,32340
1672860600,25755,25885,25745,25820,21756
1672864200,25820,25830,25765,25825,8701
1672875000,25890,25895,25765,25845,94877
1672878600,25845,25915,25810,25905,71453
1672882200,25900,25925,25750,25775,83072
1672885800,25775,25790,25705,25740,30496
1672889400,25740,25790,25715,25785,40992
1672893000,25790,25810,25770,25780,31103
1672896600,25780,25800,25740,25780,54062
1672903800,25750,25775,25700,25760,35016
1672907400,25760,25770,25720,25750,20880
1672911000,25750,25800,25740,25790,17559
1672914600,25790,25805,25775,25795,12522
1672918200,25795,25810,25780,25795,9768
1672921800,25795,25825,25740,25770,28266
1672925400,25775,25775,25715,25745,29199
1672929000,25740,25805,25675,25770,63119
1672932600,25765,25795,25695,25720,29401
1672936200,25720,25745,25690,25700,13023
1672939800,25700,25760,25675,25735,21525
1672943400,25740,25765,25720,25725,16336
1672947000,25720,25775,25690,25695,15423
1672950600,25695,25715,25680,25680,5230
1672961400,25700,25800,25695,25785,81048
1672965000,25780,25865,25760,25865,79008
1672968600,25865,25950,25860,25935,77763
1672972200,25940,25985,25905,25965,34132
1672975800,25965,26005,25940,25955,47439
1672979400,25955,25975,25885,25910,46662
1672983000,25910,25955,25895,25930,69866
1672990200,25900,25925,25880,25905,32629
1672993800,25905,25940,25890,25890,19113
1672997400,25895,25920,25885,25905,15538
1673001000,25905,25920,25890,25910,12683
1673004600,25915,25920,25895,25915,12128
1673008200,25915,25930,25890,25890,18137
1673011800,25890,26115,25890,26030,95899
1673015400,26035,26065,25920,25965,86873
1673019000,25965,26050,25960,26030,28996
1673022600,26035,26090,26025,26050,17510
1673026200,26050,26075,26015,26075,17274
1673029800,26075,26170,26075,26155,27264
1673033400,26155,26195,26150,26160,21581
1673037000,26165,26180,26150,26165,8409
1673307000,26200,26295,26150,26220,113280
1673310600,26220,26225,26120,26175,77068
1673314200,26170,26210,26135,26165,40828
1673317800,26165,26165,26080,26125,37422
1673321400,26125,26150,26100,26140,29447
1673325000,26135,26140,26115,26135,20993
1673328600,26140,26160,26115,26160,51944
1673335800,26135,26185,26135,26175,35524
1673339400,26175,26190,26110,26140,33064
1673343000,26140,26160,26130,26155,20471
1673346600,26155,26165,26110,26125,16865
1673350200,26125,26130,26080,26100,20908
1673353800,26100,26125,26075,26075,15070
1673357400,26075,26150,26065,26130,24022
1673361000,26125,26190,26085,26130,58976
1673364600,26130,26190,26070,26170,36277
1673368200,26170,26210,26150,26195,17404
1673371800,26195,26230,26190,26220,12925
1673375400,26220,26265,26220,26265,11583
1673379000,26265,26265,26215,26240,7745
1673382600,26240,26260,26240,26260,4017
1673393400,26300,26400,26280,26360,91204
1673397000,26360,26435,26325,26430,85390
1673400600,26430,26450,26400,26415,47762
1673404200,26415,26420,26370,26390,22067
1673407800,26390,26415,26385,26410,32821
1673411400,26410,26415,26385,26395,26129
1673415000,26395,26415,26385,26410,52492
1673422200,26355,26385,26350,26370,22132
1673425800,26375,26450,26365,26440,21922
1673429400,26440,26440,26410,26410,17139
1673433000,26415,26420,26400,26415,11905
1673436600,26415,26440,26400,26410,14758
1673440200,26410,26465,26410,26460,19306
1673443800,26465,26480,26450,26465,19568
1673447400,26460,26495,26435,26485,41296
1673451000,26485,26490,26410,26440,23556
1673454600,26435,26470,26420,26465,11196
1673458200,26460,26480,26430,26455,13391
1673461800,26460,26460,26430,26455,6246
1673465400,26450,26515,26450,26505,11681
1673469000,26500,26525,26480,26525,5832
1673479800,26500,26515,26385,26395,92665
1673483400,26400,26420,26345,26400,65967
1673487000,26400,26430,26375,26420,38981
1673490600,26420,26425,26380,26415,17486
1673494200,26415,26445,26405,26415,39199
1673497800,26415,26435,26405,26425,25725
1673501400,26420,26425,26370,26370,45830
1673508600,26355,26360,26305,26320,26677
1673512200,26325,26330,26275,26310,28009
1673515800,26310,26315,26240,26270,26530
1673519400,26265,26280,26255,26270,12034
1673523000,26265,26280,26235,26235,14646
1673526600,26240,26350,26075,26075,30804
1673530200,26075,26280,26000,26180,144776
1673533800,26180,26185,25975,26155,112853
1673537400,26155,26195,26110,26145,41890
1673541000,26145,26215,26100,26210,20974
1673544600,26210,26220,26100,26110,18119
1673548200,26110,26190,26090,26175,14521
1673551800,26170,26195,26135,26150,9055
1673555400,26155,26200,26140,26200,7502
1673566200,26200,26320,26175,26250,109941
1673569800,26250,26360,26065,26120,152882
1673573400,26120,26130,26055,26110,91320
1673577000,26110,26130,26070,26115,25296
1673580600,26120,26160,26105,26145,40064
1673584200,26145,26145,26100,26100,30637
1673587800,26105,26115,26060,26085,71373
1673595000,26080,26080,25965,25975,50882
1673598600,25980,25995,25935,25980,28438
1673602200,25980,25995,25950,25965,19808
1673605800,25960,25970,25910,25910,20706
1673609400,25910,25915,25825,25835,37289
1673613000,25830,25850,25750,25760,50343
1673616600,25765,25765,25710,25745,38536
1673620200,25745,25795,25725,25765,68421
1673623800,25765,25775,25670,25710,49520
1673627400,25710,25745,25680,25725,21882
1673631000,25725,25735,25700,25715,9901
1673634600,25715,25785,25710,25755,13911
1673638200,25755,25790,25745,25790,10006
1673641800,25790,25810,25765,25780,9732
1673825400,25790,25850,25705,25825,112000
1673829000,25820,25915,25800,25815,95580
1673832600,25815,25870,25795,25815,45861
1673836200,25820,25825,25780,25780,19865
1673839800,25780,25790,25730,25780,47333
1673843400,25775,25800,25760,25790,27611
1673847000,25785,25800,25740,25770,50333
1673854200,25785,25860,25780,25855,28107
1673857800,25850,25860,25825,25830,23240
1673861400,25835,25840,25785,25835,19586
1673865000,25835,25850,25815,25815,11821
1673868600,25815,25840,25810,25830,9854
1673872200,25830,25860,25825,25855,11329
1673875800,25850,25875,25845,25850,11263
1673879400,25855,25875,25840,25855,9596
1673883000,25855,25870,25855,25865,5423
1673886600,25865,25870,25850,25860,3908
1673890200,25855,25865,25850,25860,1874
1673893800,25855,25860,25850,25850,616
1673897400,25850,25855,25850,25850,454
1673901000,25855,25875,25850,25875,2238
1673911800,25895,26055,25855,26030,109758
1673915400,26025,26170,26020,26160,114512
1673919000,26160,26165,26085,26095,71400
1673922600,26095,26125,26090,26115,20592
1673926200,26115,26135,26095,26115,35396
1673929800,26115,26135,26105,26110,32111
1673933400,26115,26140,26090,26140,45391
1673940600,26130,26160,26110,26120,28537
1673944200,26120,26135,26100,26120,18590
1673947800,26120,26145,26110,26125,14789
1673951400,26125,26145,26125,26125,10620
1673955000,26125,26165,26125,26155,13473
1673958600,26160,26185,26130,26160,21324
1673962200,26165,26220,26150,26210,23523
1673965800,26215,26375,26185,26330,90820
1673969400,26330,26340,26190,26220,46788
1673973000,26215,26270,26215,26230,20135
1673976600,26230,26285,26225,26265,9593
1673980200,26265,26290,26240,26250,10393
1673983800,26250,26295,26250,26270,10440
1673987400,26270,26280,26235,26245,5328
1673998200,26200,26295,26185,26215,69911
1674001800,26215,26315,26190,26290,50039
1674005400,26290,26290,26245,26275,27086
1674009000,26275,26950,26245,26815,211756
1674012600,26815,26820,26565,26780,178431
1674016200,26780,26800,26730,26775,53424
1674019800,26775,26790,26725,26730,73428
1674027000,26715,26750,26620,26630,57676
1674030600,26630,26665,26590,26650,32756
1674034200,26650,26655,26605,26640,22173
1674037800,26635,26685,26620,26675,19281
1674041400,26675,26680,26635,26675,14457
1674045000,26670,26735,26670,26705,28742
1674048600,26710,26755,26615,26615,53408
1674052200,26620,26655,26570,26610,49815
1674055800,26615,26640,26560,26565,39904
1674059400,26565,26565,26485,26500,29293
1674063000,26500,26515,26450,26470,15853
1674066600,26465,26530,26450,26525,13711
1674070200,26520,26535,26485,26530,15927
1674073800,26530,26535,26465,26465,7587
1674084600,26470,26570,26425,26530,98204
1674088200,26530,26540,26440,26475,64813
1674091800,26475,26520,26430,26440,48563
1674095400,26435,26450,26380,26400,40851
1674099000,26405,26420,26335,26360,59404
1674102600,26360,26395,26355,26385,33096
1674106200,26380,26385,26340,26340,83078
1674113400,26335,26400,26330,26375,30194
1674117000,26375,26375,26300,26305,27436
1674120600,26310,26340,26300,26310,18214
1674124200,26310,26335,26275,26275,18876
1674127800,26275,26295,26265,26280,22989
1674131400,26275,26275,26240,26265,21387
1674135000,26265,26325,26230,26320,34737
1674138600,26320,26375,26295,26350,59311
1674142200,26350,26355,26285,26300,28159
1674145800,26295,26340,26260,26300,20490
1674149400,26300,26350,26285,26335,13782
1674153000,26340,26395,26330,26385,16416
1674156600,26385,26410,26350,26375,13547
1674160200,26375,26380,26320,26320,4438
1674171000,26320,26375,26275,26355,60289
1674174600,26355,26410,26325,26390,59501
1674178200,26390,26450,26365,26380,63679
1674181800,26385,26400,26370,26380,17513
1674185400,26385,26465,26380,26465,51160
1674189000,26460,26505,26450,26500,41507
1674192600,26500,26540,26495,26525,52615
1674199800,26545,26595,26540,26555,44314
1674203400,26550,26680,26540,26655,44918
1674207000,26655,26685,26635,26650,33611
1674210600,26650,26685,26640,26660,26288
1674214200,26660,26715,26660,26710,22018
1674217800,26715,26755,26710,26740,33782
1674221400,26740,26785,26730,26760,31660
1674225000,26755,26820,26690,26795,63566
1674228600,26795,26870,26780,26870,38145
1674232200,26870,26875,26830,26845,17035
1674235800,26845,26855,26780,26795,20980
1674239400,26795,26875,26795,26870,16357
1674243000,26875,26910,26855,26880,17508
1674246600,26880,26910,26875,26910,7390
1674430200,26885,26895,26760,26810,90572
1674433800,26810,26855,26775,26850,64110
1674437400,26850,26855,26825,26835,27721
1674441000,26830,26845,26815,26845,14432
1674444600,26845,26890,26830,26885,37334
1674448200,26890,26890,26860,26875,29061
1674451800,26875,26910,26870,26880,46572
1674459000,26915,26995,26900,26925,47095
1674462600,26925,26930,26885,26920,29849
1674466200,26920,26930,26890,26915,17688
1674469800,26915,26945,26910,26935,13792
1674473400,26935,26965,26920,26955,15449
1674477000,26955,27020,26955,27010,29037
1674480600,27005,27035,26995,27025,26335
1674484200,27025,27135,27000,27125,46685
1674487800,27125,27210,27120,27180,36588
1674491400,27175,27190,27145,27160,14928
1674495000,27165,27185,27145,27180,8387
1674498600,27185,27200,27150,27150,7923
1674502200,27150,27170,27085,27120,16145
1674505800,27120,27155,27095,27150,6819
1674516600,27170,27290,27150,27230,113901
1674520200,27230,27255,27200,27240,61282
1674523800,27240,27340,27235,27315,90335
1674527400,27315,27360,27315,27345,33328
1674531000,27345,27365,27305,27315,48135
1674534600,27310,27335,27285,27300,35262
1674538200,27300,27305,27270,27270,54204
1674545400,27260,27260,27120,27130,56286
1674549000,27130,27160,27085,27135,41687
1674552600,27135,27145,27095,27115,19861
1674556200,27110,27175,27090,27155,28598
1674559800,27150,27170,27140,27145,10709
1674563400,27145,27170,27120,27130,12383
1674567000,27135,27140,27075,27100,23363
1674570600,27100,27215,27095,27145,58159
1674574200,27150,27210,27115,27190,26429
1674577800,27190,27240,27160,27225,16920
1674581400,27220,27230,27190,27205,9560
1674585000,27205,27235,27185,27210,8604
1674588600,27210,27235,27190,27195,6353
1674592200,27200,27205,27150,27190,6359
1674603000,27145,27295,27125,27235,84603
1674606600,27240,27335,27215,27260,82710
1674610200,27265,27325,27260,27310,39602
1674613800,27310,27345,27310,27340,26154
1674617400,27345,27455,27335,27400,98476
1674621000,27395,27410,27380,27405,32218
1674624600,27400,27405,27320,27320,72357
1674631800,27360,27385,27270,27270,38917
1674635400,27275,27305,27250,27260,25383
1674639000,27260,27265,27160,27200,40443
1674642600,27200,27235,27190,27230,21374
1674646200,27230,27240,27200,27210,16354
1674649800,27205,27220,27195,27210,14520
1674653400,27205,27205,27175,27185,16037
1674657000,27190,27245,27150,27180,58978
1674660600,27180,27310,27155,27300,40372
1674664200,27300,27345,27265,27295,21270
1674667800,27295,27360,27295,27355,10270
1674671400,27360,27410,27340,27390,12773
1674675000,27390,27420,27370,27385,9938
1674678600,27390,27395,27355,27390,5825
1674689400,27370,27490,27365,27400,83798
1674693000,27395,27405,27305,27350,77183
1674696600,27355,27355,27285,27335,51041
1674700200,27335,27360,27320,27335,14689
1674703800,27335,27335,27255,27265,40160
1674707400,27270,27330,27265,27315,29968
1674711000,27315,27380,27310,27380,48443
1674718200,27370,27430,27350,27400,31482
1674721800,27400,27430,27380,27395,21438
1674725400,27390,27400,27360,27395,19024
1674729000,27390,27410,27380,27385,11130
1674732600,27385,27400,27375,27380,10707
1674736200,27380,27450,27380,27420,22534
1674739800,27420,27500,27380,27490,44102
1674743400,27485,27520,27370,27420,68610
1674747000,27420,27430,27325,27365,39775
1674750600,27365,27430,27365,27415,20600
1674754200,27410,27430,27375,27400,13253
1674757800,27405,27445,27405,27440,9847
1674761400,27440,27480,27430,27470,8934
1674765000,27465,27495,27460,27495,5428
1674775800,27410,27435,27345,27390,83674
1674779400,27395,27410,27295,27310,71705
1674783000,27310,27375,27310,27350,42955
1674786600,27350,27380,27350,27365,13546
1674790200,27370,27375,27325,27360,34371
1674793800,27365,27375,27335,27355,25619
1674797400,27360,27395,27350,27360,36914
1674804600,27350,27365,27295,27320,25683
1674808200,27320,27360,27315,27315,14310
1674811800,27315,27350,27315,27345,11850
1674815400,27340,27380,27335,27370,15593
1674819000,27370,27390,27360,27370,12803
1674822600,27370,27380,27320,27345,16851
1674826200,27345,27360,27280,27320,29966
1674829800,27320,27455,27310,27385,59212
1674833400,27380,27395,27285,27370,48456
1674837000,27370,27430,27370,27400,28281
1674840600,27400,27435,27400,27420,12864
1674844200,27415,27455,27395,27445,14112
1674847800,27440,27480,27435,27465,15289
1674851400,27465,27465,27405,27415,8416
1675035000,27350,27465,27310,27420,91431
1675038600,27415,27430,27320,27380,66980
1675042200,27385,27465,27380,27440,46084
1675045800,27440,27440,27380,27390,25143
1675049400,27390,27430,27305,27340,73412
1675053000,27340,27360,27325,27350,28559
1675056600,27350,27410,27340,27375,53335
1675063800,27345,27395,27330,27335,31362
1675067400,27335,27415,27335,27385,32592
1675071000,27385,27400,27360,27380,19139
1675074600,27385,27395,27360,27370,12020
1675078200,27370,27400,27355,27400,16204
1675081800,27400,27425,27385,27420,16967
1675085400,27415,27435,27395,27425,14682
1675089000,27430,27575,27425,27505,74275
1675092600,27510,27525,27445,27500,30573
1675096200,27500,27515,27470,27490,12361
1675099800,27490,27505,27460,27480,10522
1675103400,27480,27485,27450,27455,9831
1675107000,27455,27470,27420,27425,10029
1675110600,27425,27450,27405,27405,5997
1675121400,27410,27480,27380,27450,80742
1675125000,27450,27465,27350,27360,65775
1675128600,27360,27425,27360,27410,46643
1675132200,27410,27425,27385,27385,19124
1675135800,27390,27390,27345,27350,42420
1675139400,27350,27375,27345,27370,25821
1675143000,27370,27375,27280,27300,76478
1675150200,27305,27335,27270,27280,36094
1675153800,27280,27285,27210,27230,31952
1675157400,27235,27240,27220,27230,18982
1675161000,27230,27235,27200,27200,17852
1675164600,27200,27250,27185,27245,25266
1675168200,27245,27275,27240,27270,21329
1675171800,27265,27320,27265,27280,40661
1675175400,27280,27320,27235,27320,53873
1675179000,27320,27370,27310,27350,33297
1675182600,27350,27395,27345,27390,18669
1675186200,27390,27410,27370,27395,12193
1675189800,27395,27430,27385,27425,10618
1675193400,27425,27450,27410,27410,11266
1675197000,27410,27490,27410,27490,6587
1675207800,27450,27525,27405,27430,95882
1675211400,27430,27490,27425,27435,70646
1675215000,27435,27445,27340,27355,76192
1675218600,27360,27360,27325,27355,22686
1675222200,27350,27365,27300,27325,47272
1675225800,27320,27340,27305,27325,24434
1675229400,27325,27340,27300,27310,43317
1675236600,27335,27335,27275,27285,24748
1675240200,27285,27310,27235,27250,26264
1675243800,27250,27260,27230,27235,15945
1675247400,27240,27275,27220,27275,15049
1675251000,27270,27305,27260,27295,19775
1675254600,27300,27305,27270,27275,17854
1675258200,27275,27290,27240,27255,14599
1675261800,27255,27300,27220,27235,37190
1675265400,27235,27245,27155,27245,36042
1675269000,27245,27250,27170,27185,13166
1675272600,27190,27200,27165,27200,8957
1675276200,27200,27330,27110,27235,33857
1675279800,27235,27465,27145,27445,93916
1675283400,27440,27500,27400,27420,14574
1675294200,27405,27485,27315,27380,109885
1675297800,27380,27450,27375,27430,75704
1675301400,27435,27435,27350,27355,50603
1675305000,27360,27360,27325,27340,22967
1675308600,27345,27375,27325,27365,31113
1675312200,27365,27410,27365,27380,28510
1675315800,27380,27415,27370,27390,41320
1675323000,27390,27460,27360,27460,28111
1675326600,27460,27490,27400,27405,48279
1675330200,27410,27435,27405,27415,14830
1675333800,27420,27430,27400,27425,10898
1675337400,27420,27430,27360,27365,19227
1675341000,27365,27425,27355,27410,27811
1675344600,27410,27480,27400,27460,45547
1675348200,27460,27465,27365,27435,73873
1675351800,27435,27515,27435,27495,57638
1675355400,27495,27510,27470,27495,17790
1675359000,27490,27510,27470,27490,13374
1675362600,27490,27575,27485,27485,27654
1675366200,27485,27495,27405,27480,33366
1675369800,27480,27525,27465,27525,10177
1675380600,27480,27500,27440,27465,75919
1675384200,27465,27575,27465,27565,90714
1675387800,27565,27600,27480,27495,88445
1675391400,27495,27500,27470,27485,27854
1675395000,27485,27520,27470,27480,37554
1675398600,27480,27490,27455,27465,21320
1675402200,27465,27510,27460,27490,35532
1675409400,27480,27480,27430,27435,23994
1675413000,27430,27470,27420,27460,17621
1675416600,27460,27480,27445,27450,11001
1675420200,27445,27475,27445,27465,7905
1675423800,27470,27490,27470,27480,14323
1675427400,27480,27535,27475,27525,20505
1675431000,27525,27525,27405,27455,83068
1675434600,27455,27660,27450,27630,127106
1675438200,27625,27715,27625,27685,55422
1675441800,27685,27730,27625,27680,38351
1675445400,27680,27690,27565,27570,24275
1675449000,27570,27585,27525,27555,21627
1675452600,27555,27610,27530,27595,19464
1675456200,27595,27620,27580,27620,9559
1675639800,27785,27820,27680,27695,121399
1675643400,27695,27770,27665,27735,86709
1675647000,27730,27810,27705,27785,72004
1675650600,27785,27810,27735,27755,40782
1675654200,27755,27755,27670,27715,54379
1675657800,27720,27720,27640,27645,37019
1675661400,27645,27680,27635,27680,44151
1675668600,27660,27670,27595,27600,26655
1675672200,27600,27630,27565,27570,23346
1675675800,27575,27580,27525,27550,20633
1675679400,27550,27570,27525,27565,17703
1675683000,27560,27610,27555,27590,18262
1675686600,27590,27645,27580,27630,19737
1675690200,27635,27645,27600,27640,16654
1675693800,27645,27690,27595,27605,49873
1675697400,27600,27710,27580,27695,33940
1675701000,27700,27710,27645,27665,13746
1675704600,27670,27690,27630,27665,9822
1675708200,27660,27705,27655,27685,8917
1675711800,27690,27690,27640,27645,7521
1675715400,27645,27685,27630,27685,5795
1675726200,27715,27795,27695,27750,92918
1675729800,27750,27775,27715,27730,60918
1675733400,27730,27750,27695,27730,44230
1675737000,27725,27740,27710,27720,13683
1675740600,27715,27725,27650,27675,43853
1675744200,27670,27680,27640,27655,36964
1675747800,27655,27665,27600,27600,39854
1675755000,27600,27610,27515,27535,37957
1675758600,27530,27585,27515,27575,24026
1675762200,27575,27595,27560,27585,17013
1675765800,27590,27595,27555,27570,9464
1675769400,27570,27580,27555,27570,9271
1675773000,27565,27570,27520,27535,11175
1675776600,27535,27535,27480,27485,27938
1675780200,27485,27500,27415,27430,57108
1675783800,27425,27450,27400,27430,31258
1675787400,27430,27485,27430,27455,14214
1675791000,27450,27580,27430,27435,45140
1675794600,27430,27535,27350,27525,45063
1675798200,27525,27610,27515,27610,16422
1675801800,27605,27670,27585,27665,10010
1675812600,27650,27650,27435,27450,119582
1675816200,27455,27530,27430,27460,85859
1675819800,27460,27530,27455,27520,50279
1675823400,27520,27540,27515,27530,19929
1675827000,27530,27565,27525,27555,36886
1675830600,27555,27565,27530,27535,19035
1675834200,27540,27600,27540,27600,53758
1675841400,27580,27595,27510,27515,29570
1675845000,27520,27550,27505,27530,18298
1675848600,27525,27530,27470,27495,17908
1675852200,27495,27500,27460,27470,16194
1675855800,27470,27490,27450,27475,11965
1675859400,27475,27485,27450,27470,10471
1675863000,27470,27490,27465,27490,9567
1675866600,27490,27535,27475,27500,35645
1675870200,27500,27500,27400,27410,37133
1675873800,27405,27425,27380,27420,23547
1675877400,27420,27445,27380,27410,13724
1675881000,27410,27420,27385,27395,10950
1675884600,27390,27405,27360,27380,12891
1675888200,27380,27405,27375,27395,5595
1675899000,27415,27460,27395,27425,69036
1675902600,27425,27500,27420,27480,57705
1675906200,27480,27505,27435,27465,44409
1675909800,27465,27475,27440,27460,14301
1675913400,27465,27530,27465,27525,35761
1675917000,27525,27560,27500,27555,38477
1675920600,27555,27620,27530,27530,109009
1675927800,27575,27690,27565,27670,47277
1675931400,27665,27675,27625,27645,25276
1675935000,27650,27675,27635,27640,14713
1675938600,27640,27680,27635,27655,13774
1675942200,27650,27660,27635,27635,7018
1675945800,27640,27650,27615,27625,11355
1675949400,27630,27650,27615,27650,12588
1675953000,27650,27690,27620,27625,39813
1675956600,27625,27660,27595,27615,25098
1675960200,27610,27630,27595,27605,13731
1675963800,27610,27610,27555,27590,14855
1675967400,27585,27610,27550,27560,14079
1675971000,27555,27580,27510,27520,13634
1675974600,27515,27565,27495,27530,9937
1675985400,27535,27730,27525,27670,131479
1675989000,27670,27775,27665,27770,111496
1675992600,27770,27790,27680,27705,68758
1675996200,27705,27710,27645,27650,29172
1675999800,27645,27655,27610,27625,44449
1676003400,27625,27635,27580,27625,42040
1676007000,27625,27670,27615,27650,48732
1676014200,27525,27635,27430,27565,102350
1676017800,27560,27685,27520,27640,58803
1676021400,27640,27680,27530,27535,46024
1676025000,27540,27550,27505,27510,17181
1676028600,27510,27550,27495,27545,16366
1676032200,27545,27550,27495,27530,15354
1676035800,27530,27570,27525,27570,12188
1676039400,27570,27590,27500,27560,47134
1676043000,27560,27570,27505,27540,25043
1676046600,27545,27555,27515,27530,13620
1676050200,27530,27595,27530,27590,11544
1676053800,27590,27590,27550,27555,7029
1676057400,27555,27590,27550,27570,7810
1676061000,27565,27595,27565,27590,5979
1676244600,27530,27540,27430,27445,92037
1676248200,27450,27480,27245,27250,151264
1676251800,27255,27345,27240,27330,90984
1676255400,27335,27390,27330,27375,37145
1676259000,27375,27400,27360,27370,42797
1676262600,27365,27390,27350,27380,29635
1676266200,27380,27440,27375,27440,49374
1676273400,27450,27505,27430,27495,27234
1676277000,27490,27525,27480,27520,23926
1676280600,27520,27525,27470,27470,15755
1676284200,27470,27505,27470,27495,7724
1676287800,27500,27560,27500,27555,18184
1676291400,27550,27560,27530,27545,11425
1676295000,27540,27550,27515,27540,11132
1676298600,27545,27615,27530,27615,40290
1676302200,27610,27670,27600,27670,27072
1676305800,27665,27685,27645,27670,14409
1676309400,27675,27690,27665,27685,6856
1676313000,27690,27715,27685,27685,12132
1676316600,27685,27695,27655,27690,9734
1676320200,27690,27705,27685,27700,6254
1676331000,27660,27710,27605,27605,87532
1676334600,27605,27650,27560,27565,67858
1676338200,27570,27575,27530,27550,49040
1676341800,27555,27585,27535,27535,19260
1676345400,27540,27575,27535,27570,28163
1676349000,27575,27600,27565,27575,28444
1676352600,27575,27620,27570,27620,30760
1676359800,27615,27645,27570,27595,24262
1676363400,27595,27640,27580,27595,16504
1676367000,27600,27650,27590,27650,11200
1676370600,27645,27665,27635,27645,12228
1676374200,27645,27665,27630,27660,7993
1676377800,27655,27680,27635,27635,13407
1676381400,27645,27760,27530,27565,101945
1676385000,27565,27770,27510,27700,88350
1676388600,27700,27715,27555,27595,66608
1676392200,27595,27650,27550,27635,27859
1676395800,27635,27730,27625,27700,22496
1676399400,27700,27725,27660,27715,16569
1676403000,27710,27750,27710,27730,10759
1676406600,27730,27755,27725,27735,5949
1676417400,27730,27730,27615,27630,85753
1676421000,27625,27635,27585,27590,68504
1676424600,27595,27610,27465,27475,83043
1676428200,27475,27485,27440,27465,45577
1676431800,27465,27480,27420,27455,45057
1676435400,27460,27485,27440,27445,33219
1676439000,27450,27490,27440,27445,47946
1676446200,27450,27480,27440,27480,18662
1676449800,27480,27535,27475,27505,28178
1676453400,27505,27520,27485,27485,13810
1676457000,27485,27515,27480,27495,10436
1676460600,27495,27545,27495,27540,14503
1676464200,27540,27550,27500,27505,13003
1676467800,27505,27530,27465,27490,30423
1676471400,27485,27555,27470,27515,44104
1676475000,27515,27570,27500,27570,19422
1676478600,27570,27590,27535,27535,13802
1676482200,27535,27575,27530,27575,7640
1676485800,27575,27620,27570,27610,11388
1676489400,27610,27620,27580,27590,8340
1676493000,27595,27620,27595,27615,6947
1676503800,27620,27690,27595,27675,95451
1676507400,27675,27695,27570,27650,104156
1676511000,27650,27700,27630,27690,55304
1676514600,27690,27725,27670,27675,34618
1676518200,27675,27690,27655,27665,31818
1676521800,27670,27700,27665,27700,19103
1676525400,27700,27705,27665,27665,43901
1676532600,27670,27680,27625,27630,23098
1676536200,27625,27655,27615,27645,18961
1676539800,27645,27670,27640,27665,11168
1676543400,27665,27670,27635,27645,9898
1676547000,27640,27645,27615,27615,11466
1676550600,27615,27640,27590,27620,16180
1676554200,27610,27620,27510,27515,52565
1676557800,27515,27570,27480,27565,58943
1676561400,27565,27610,27550,27595,26646
1676565000,27595,27615,27565,27610,13567
1676568600,27610,27635,27590,27595,11081
1676572200,27595,27625,27590,27615,6201
1676575800,27615,27630,27535,27540,16476
1676579400,27535,27540,27500,27510,7769
1676590200,27480,27550,27435,27530,95859
1676593800,27525,27575,27505,27575,79682
1676597400,27575,27595,27470,27510,72141
1676601000,27505,27515,27475,27485,24201
1676604600,27490,27505,27470,27475,32476
1676608200,27475,27490,27460,27465,24003
1676611800,27460,27485,27460,27460,35253
1676619000,27470,27470,27405,27415,31300
1676622600,27410,27450,27375,27450,30627
1676626200,27450,27465,27435,27465,17312
1676629800,27460,27465,27410,27430,15128
1676633400,27435,27460,27415,27445,16617
1676637000,27445,27480,27440,27450,17263
1676640600,27450,27485,27450,27465,14612
1676644200,27465,27515,27410,27480,52419
1676647800,27480,27505,27415,27425,26050
1676651400,27430,27465,27415,27450,13279
1676655000,27450,27460,27410,27430,10746
1676658600,27435,27495,27420,27485,11430
1676662200,27490,27520,27480,27500,11837
1676665800,27500,27525,27495,27500,6180
1676849400,27480,27485,27400,27440,68274
1676853000,27445,27505,27430,27495,51567
1676856600,27495,27515,27475,27485,36450
1676860200,27485,27500,27475,27500,11286
1676863800,27500,27505,27485,27500,15046
1676867400,27500,27500,27480,27495,12997
1676871000,27495,27520,27485,27520,22840
1676878200,27520,27520,27465,27490,21195
1676881800,27490,27500,27470,27475,12056
1676885400,27475,27480,27450,27470,15493
1676889000,27475,27480,27465,27480,5853
1676892600,27475,27490,27470,27485,5975
1676896200,27485,27495,27480,27490,7168
1676899800,27485,27495,27480,27485,6254
1676903400,27485,27485,27450,27455,8177
1676907000,27450,27470,27450,27455,5182
1676910600,27455,27460,27445,27460,3078
1676914200,27460,27485,27455,27480,2788
1676917800,27480,27485,27475,27480,667
1676921400,27475,27485,27475,27480,658
1676925000,27480,27485,27465,27465,1677
1676935800,27440,27500,27430,27495,57330
1676939400,27490,27520,27330,27440,147133
1676943000,27440,27510,27430,27490,52877
1676946600,27495,27500,27470,27485,12539
1676950200,27485,27490,27470,27475,14338
1676953800,27480,27480,27450,27450,19890
1676957400,27450,27460,27435,27450,24981
1676964600,27430,27460,27420,27450,21683
1676968200,27450,27460,27360,27400,42997
1676971800,27400,27450,27400,27415,24201
1676975400,27415,27435,27395,27425,12151
1676979000,27420,27440,27415,27420,9494
1676982600,27415,27430,27405,27410,9943
1676986200,27410,27425,27400,27405,9941
1676989800,27410,27455,27370,27380,52467
1676993400,27380,27410,27315,27320,31016
1676997000,27320,27340,27310,27315,14028
1677000600,27315,27340,27305,27310,9391
1677004200,27310,27315,27270,27285,12419
1677007800,27285,27300,27275,27285,7865
1677011400,27285,27300,27255,27255,5894
1677022200,27245,27285,27170,27220,94908
1677025800,27220,27225,27080,27100,114446
1677029400,27100,27100,27020,27090,87535
1677033000,27090,27130,27085,27090,31748
1677036600,27090,27110,27085,27090,18091
1677040200,27090,27110,27070,27070,37372
1677043800,27075,27125,27070,27125,54357
1677051000,27120,27125,27060,27075,32633
1677054600,27075,27100,27040,27090,32862
1677058200,27090,27100,27050,27070,19912
1677061800,27065,27080,27045,27045,11264
1677065400,27050,27080,27005,27080,29194
1677069000,27075,27105,27075,27085,16461
1677072600,27085,27120,27085,27085,14359
1677076200,27090,27100,26960,26985,59433
1677079800,26980,27080,26940,27070,40711
1677083400,27070,27100,27040,27090,14325
1677087000,27090,27115,27085,27115,7627
1677090600,27115,27130,27035,27070,25843
1677094200,27065,27070,27010,27030,20643
1677097800,27025,27045,27005,27035,6659
1677108600,27070,27125,27070,27100,18278
1677112200,27095,27110,27075,27095,12185
1677115800,27095,27120,27085,27100,6743
1677119400,27100,27125,27100,27125,3187
1677123000,27125,27160,27120,27150,7832
1677126600,27150,27155,27135,27140,4277
1677130200,27145,27145,27120,27130,5650
1677137400,27120,27160,27110,27145,10163
1677141000,27140,27180,27125,27145,15434
1677144600,27145,27150,27130,27140,4719
1677148200,27140,27155,27130,27135,4639
1677151800,27135,27170,27130,27165,6375
1677155400,27165,27180,27150,27165,5718
1677159000,27165,27205,27140,27200,16987
1677162600,27200,27230,27170,27195,28015
1677166200,27195,27200,27080,27085,23834
1677169800,27085,27090,27000,27040,19036
1677173400,27045,27090,27035,27075,8942
1677177000,27075,27140,27055,27135,9413
1677180600,27135,27220,27135,27215,12046
1677184200,27215,27240,27210,27225,7950
1677195000,27190,27265,27130,27265,89847
1677198600,27265,27450,27230,27405,198708
1677202200,27405,27440,27360,27385,80052
1677205800,27385,27415,27360,27400,23062
1677209400,27400,27410,27370,27375,35201
1677213000,27375,27420,27370,27410,36649
1677216600,27410,27430,27380,27380,48308
1677223800,27380,27420,27360,27390,27034
1677227400,27390,27435,27380,27430,17421
1677231000,27425,27435,27410,27415,13009
1677234600,27415,27425,27380,27380,11687
1677238200,27380,27405,27365,27395,14628
1677241800,27395,27405,27370,27380,12964
1677245400,27380,27380,27295,27335,49401
1677249000,27330,27395,27300,27310,51980
1677252600,27310,27330,27265,27315,30750
1677256200,27315,27345,27275,27320,21196
1677259800,27320,27340,27270,27290,12344
1677263400,27285,27330,27275,27315,7912
1677267000,27315,27365,27300,27350,8882
1677270600,27345,27350,27305,27340,6425
1677454200,27310,27370,27295,27330,70694
1677457800,27330,27410,27295,27395,77209
1677461400,27395,27460,27385,27405,60873
1677465000,27405,27425,27395,27400,16465
1677468600,27405,27420,27400,27410,18525
1677472200,27410,27430,27385,27410,28998
1677475800,27410,27445,27410,27410,39218
1677483000,27430,27495,27425,27485,33706
1677486600,27490,27520,27480,27515,20137
1677490200,27520,27545,27510,27515,18413
1677493800,27520,27520,27490,27500,8160
1677497400,27500,27515,27495,27505,8575
1677501000,27505,27515,27485,27510,6850
1677504600,27505,27550,27505,27530,20985
1677508200,27530,27555,27485,27545,32665
1677511800,27540,27555,27490,27510,26081
1677515400,27510,27510,27485,27505,10769
1677519000,27500,27545,27500,27540,7676
1677522600,27540,27560,27520,27545,8607
1677526200,27545,27545,27500,27520,9269
1677529800,27515,27530,27500,27530,5912
1677540600,27550,27585,27510,27550,69621
1677544200,27550,27585,27525,27540,49657
1677547800,27545,27580,27520,27530,48597
1677551400,27530,27535,27505,27515,17116
1677555000,27520,27520,27465,27470,39772
1677558600,27470,27470,27405,27405,41837
1677562200,27410,27470,27400,27470,57760
1677569400,27425,27455,27420,27440,30175
1677573000,27445,27490,27425,27460,16155
1677576600,27465,27515,27460,27515,15256
1677580200,27515,27540,27515,27525,14612
1677583800,27530,27560,27520,27560,14682
1677587400,27555,27560,27535,27545,9716
1677591000,27545,27550,27495,27500,15975
1677594600,27495,27540,27475,27480,38359
1677598200,27480,27515,27460,27475,22142
1677601800,27475,27475,27440,27460,13953
1677605400,27460,27470,27445,27470,6563
1677609000,27475,27485,27450,27450,7359
1677612600,27450,27470,27430,27440,7786
1677616200,27435,27445,27425,27430,5948
1677627000,27400,27425,27325,27355,89656
1677630600,27355,27435,27300,27385,115651
1677634200,27385,27450,27375,27440,64137
1677637800,27440,27470,27430,27460,22830
1677641400,27465,27500,27460,27475,39939
1677645000,27475,27520,27475,27515,37884
1677648600,27515,27535,27490,27530,38341
1677655800,27540,27560,27500,27510,31029
1677659400,27515,27530,27490,27490,16528
1677663000,27490,27520,27490,27515,13455
1677666600,27515,27515,27500,27500,8629
1677670200,27500,27500,27465,27475,12114
1677673800,27475,27485,27455,27455,9800
1677677400,27455,27465,27425,27455,26233
1677681000,27455,27515,27435,27445,44941
1677684600,27445,27500,27395,27435,34326
1677688200,27430,27505,27430,27485,16347
1677691800,27490,27510,27465,27470,8647
1677695400,27465,27470,27450,27450,6630
1677699000,27450,27470,27430,27455,6061
1677702600,27455,27485,27455,27480,4070
1677713400,27490,27580,27485,27560,79812
1677717000,27560,27610,27500,27555,102708
1677720600,27555,27560,27395,27485,118619
1677724200,27485,27500,27460,27475,27867
1677727800,27475,27510,27460,27500,27371
1677731400,27505,27520,27490,27500,25033
1677735000,27500,27530,27490,27520,39257
1677742200,27515,27520,27460,27485,23996
1677745800,27480,27510,27460,27505,27178
1677749400,27505,27525,27480,27520,13325
1677753000,27525,27550,27505,27530,14797
1677756600,27530,27560,27525,27545,12109
1677760200,27545,27570,27535,27560,14533
1677763800,27560,27565,27530,27560,18790
1677767400,27560,27620,27550,27600,55099
1677771000,27600,27620,27570,27585,21243
1677774600,27585,27600,27565,27575,10628
1677778200,27575,27605,27575,27590,6859
1677781800,27590,27695,27585,27695,27408
1677785400,27695,27730,27680,27715,19521
1677789000,27715,27740,27705,27705,7307
1677799800,27660,27730,27645,27670,95268
1677803400,27665,27850,27650,27835,147310
1677807000,27835,27915,27810,27895,97428
1677810600,27895,27930,27880,27925,32248
1677814200,27925,27945,27890,27935,68077
1677817800,27935,27970,27915,27930,67912
1677821400,27935,27950,27900,27900,60577
1677828600,27900,27900,27855,27855,21108
1677832200,27860,27905,27855,27885,16975
1677835800,27885,27935,27880,27925,18064
1677839400,27925,27935,27905,27930,11998
1677843000,27930,27930,27895,27910,11136
1677846600,27910,27915,27890,27905,8586
1677850200,27900,27955,27890,27930,16577
1677853800,27935,28050,27920,28050,49453
1677857400,28050,28110,28040,28110,31752
1677861000,28110,28150,28095,28150,24179
1677864600,28145,28215,28130,28195,20134
1677868200,28195,28210,28155,28210,10005
1677871800,28210,28230,28175,28185,10623
1677875400,28185,28195,28170,28195,6705
1678059000,28200,28285,28160,28275,100855
1678062600,28275,28290,28180,28245,93697
1678066200,28245,28295,28230,28260,82980
1678069800,28260,28320,28240,28275,50395
1678073400,28275,28295,28250,28260,41777
1678077000,28265,28270,28245,28250,34022
1678080600,28250,28265,28235,28255,39010
1678087800,28235,28240,28210,28230,20209
1678091400,28225,28250,28185,28195,15012
1678095000,28190,28205,28180,28185,8419
1678098600,28185,28225,28180,28210,9011
1678102200,28205,28220,28190,28220,7891
1678105800,28220,28230,28205,28230,9073
1678109400,28230,28250,28190,28200,16209
1678113000,28205,28270,28185,28265,30853
1678116600,28260,28290,28255,28265,15888
1678120200,28265,28305,28260,28285,10956
1678123800,28285,28290,28215,28230,9675
1678127400,28225,28230,28195,28205,6954
1678131000,28205,28220,28180,28185,8977
1678134600,28185,28200,28175,28200,4992
1678145400,28220,28280,28205,28270,57873
1678149000,28265,28385,28265,28385,100114
1678152600,28385,28405,28320,28350,61424
1678156200,28350,28350,28310,28330,20380
1678159800,28330,28370,28320,28355,32209
1678163400,28350,28350,28330,28340,16695
1678167000,28340,28340,28320,28325,40480
1678174200,28320,28330,28290,28325,21044
1678177800,28325,28370,28310,28365,15803
1678181400,28365,28375,28340,28375,9216
1678185000,28375,28385,28365,28375,8561
1678188600,28375,28400,28370,28395,7812
1678192200,28395,28415,28390,28415,10156
1678195800,28410,28455,28405,28410,20547
1678199400,28410,28445,28265,28350,70049
1678203000,28350,28405,28285,28310,39931
1678206600,28305,28340,28255,28305,22405
1678210200,28300,28325,28235,28240,14442
1678213800,28240,28260,28180,28185,14235
1678217400,28185,28220,28165,28190,8745
1678221000,28190,28230,28185,28200,5368
1678231800,28225,28370,28215,28365,76906
1678235400,28365,28435,28310,28425,75723
1678239000,28430,28440,28350,28365,54109
1678242600,28370,28395,28340,28380,21878
1678246200,28375,28425,28365,28425,23153
1678249800,28425,28470,28415,28465,32054
1678253400,28460,28475,28425,28425,29391
1678260600,28430,28430,28390,28415,17480
1678264200,28415,28455,28410,28455,14387
1678267800,28455,28540,28455,28535,16129
1678271400,28540,28645,28535,28585,33530
1678275000,28590,28595,28530,28540,15566
1678278600,28540,28585,28505,28560,19158
1678282200,28555,28580,28510,28515,14012
1678285800,28515,28545,28465,28520,46704
1678289400,28520,28615,28510,28580,24197
1678293000,28580,28645,28540,28585,15835
1678296600,28585,28605,28555,28560,7598
1678300200,28560,28615,28555,28610,6559
1678303800,28610,28615,28555,28565,5747
1678307400,28565,28635,28565,28615,6484
1678321800,28620,28645,28550,28615,24903
1678325400,28620,28630,28590,28590,5406
1678329000,28595,28600,28585,28590,1481
1678332600,28600,28625,28580,28595,8305
1678336200,28590,28605,28570,28600,8333
1678339800,28600,28640,28600,28640,18352
1678347000,28330,28335,28210,28230,32330
1678350600,28230,28250,28165,28165,30690
1678354200,28165,28175,28115,28165,29511
1678357800,28165,28220,28160,28205,18249
1678361400,28205,28240,28205,28225,18082
1678365000,28230,28230,28185,28205,10074
1678368600,28205,28325,28205,28290,42277
1678372200,28290,28335,28240,28275,42014
1678375800,28280,28315,28255,28270,18471
1678379400,28265,28280,28215,28260,12193
1678383000,28260,28270,28155,28185,18783
1678386600,28180,28185,28130,28140,19442
1678390200,28140,28150,27945,27980,34075
1678393800,27975,28005,27960,28000,13951
1678404600,28000,28160,28000,28035,130418
1678408200,28030,28070,27975,28050,99951
1678411800,28055,28085,27980,28005,69007
1678415400,28010,28195,28005,28040,117446
1678419000,28040,28095,27850,27900,147973
1678422600,27895,27925,27865,27895,51864
1678426200,27895,27910,27825,27860,68058
1678433400,27880,27910,27740,27820,59072
1678437000,27820,27930,27780,27925,43164
1678440600,27925,27960,27875,27945,33596
1678444200,27945,27950,27895,27930,19611
1678447800,27930,27975,27920,27950,22026
1678451400,27950,27950,27900,27915,17605
1678455000,27915,28015,27845,27890,80149
1678458600,27890,27890,27680,27705,117841
1678462200,27705,27840,27670,27830,56837
1678465800,27830,27880,27655,27680,49640
1678469400,27680,27740,27555,27570,34812
1678473000,27570,27600,27500,27540,33884
1678476600,27540,27630,27540,27595,29615
1678480200,27590,27610,27525,27530,10713
1678663800,27655,27715,27480,27530,168869
1678667400,27525,27550,27365,27405,160516
1678671000,27405,27465,27375,27445,120950
1678674600,27445,27520,27445,27480,62613
1678678200,27480,27530,27455,27455,79491
1678681800,27455,27485,27430,27480,44329
1678685400,27480,27640,27470,27640,83216
1678692600,27590,27650,27530,27530,59113
1678696200,27535,27545,27175,27210,142574
1678699800,27205,27265,27135,27215,115113
1678703400,27215,27345,27170,27220,70216
1678707000,27220,27235,27070,27110,109624
1678710600,27110,27125,26995,27050,100352
1678714200,27050,27195,27010,27100,148901
1678717800,27100,27260,27085,27255,118813
1678721400,27255,27285,27190,27220,82865
1678725000,27220,27240,27120,27170,46411
1678728600,27165,27295,27135,27265,34388
1678732200,27270,27300,27190,27210,24600
1678735800,27210,27280,27155,27175,16330
1678739400,27175,27235,27170,27235,4615
1678750200,27190,27210,26930,26985,198055
1678753800,26985,27020,26910,26920,160471
1678757400,26920,27055,26835,27035,187635
1678761000,27035,27040,26960,27020,52139
1678764600,27025,27075,26965,27015,81435
1678768200,27010,27015,26905,26905,60071
1678771800,26905,26955,26895,26900,97486
1678779000,26905,26970,26835,26935,82836
1678782600,26930,26995,26910,26930,49933
1678786200,26930,26985,26910,26980,27632
1678789800,26980,27010,26940,27000,21157
1678793400,26995,27025,26900,26970,31996
1678797000,26960,27150,26860,27145,90408
1678800600,27140,27220,27115,27190,102431
1678804200,27190,27205,27125,27205,36024
1678807800,27205,27220,27140,27155,24142
1678811400,27155,27215,27030,27105,34129
1678815000,27105,27140,27040,27100,23304
1678818600,27100,27120,27010,27080,19848
1678822200,27075,27210,27065,27185,15818
1678825800,27190,27200,27175,27190,3792
1678836600,27240,27240,26990,27000,149224
1678840200,27005,27070,26940,27040,106766
1678843800,27040,27050,26940,27030,71441
1678847400,27030,27070,27010,27055,24437
1678851000,27055,27075,26985,26985,38731
1678854600,26990,27000,26900,26905,50997
1678858200,26905,27055,26840,27045,100667
1678865400,27055,27080,26985,27035,51417
1678869000,27030,27040,26850,26865,52317
1678872600,26870,26895,26555,26560,146100
1678876200,26565,26645,26440,26530,142878
1678879800,26530,26540,26400,26465,76656
1678883400,26460,26495,26315,26385,96377
1678887000,26385,26525,26365,26435,138644
1678890600,26435,26445,26350,26390,72410
1678894200,26390,26435,26195,26240,76133
1678897800,26240,26360,26210,26350,48531
1678901400,26350,26505,26290,26460,47405
1678905000,26465,26535,26405,26495,55526
1678908600,26490,26505,26405,26485,19791
1678912200,26490,26525,26475,26480,4329
1678923000,26510,26515,26360,26500,164933
1678926600,26505,26805,26470,26680,230346
1678930200,26685,26770,26600,26695,107673
1678933800,26695,26725,26650,26655,32998
1678937400,26660,26690,26610,26690,52703
1678941000,26685,26735,26670,26705,44053
1678944600,26705,26735,26680,26735,53567
1678951800,26675,26800,26560,26645,105485
1678955400,26645,26730,26560,26630,66870
1678959000,26630,26670,26595,26655,39362
1678962600,26655,26660,26560,26595,33257
1678966200,26595,26640,26580,26615,25828
1678969800,26610,26630,26430,26485,65127
1678973400,26485,26645,26450,26565,99702
1678977000,26565,26785,26545,26760,83458
1678980600,26760,26855,26730,26850,56924
1678984200,26850,26990,26805,26940,44770
1678987800,26935,26955,26890,26925,17877
1678991400,26925,26980,26890,26970,14316
1678995000,26965,27045,26940,27035,22558
1678998600,27030,27045,27030,27030,3998
1679009400,26955,27000,26810,26860,124347
1679013000,26860,26920,26795,26905,104447
1679016600,26905,26960,26880,26920,64159
1679020200,26925,26960,26905,26935,19289
1679023800,26935,27100,26930,27035,68716
1679027400,27040,27075,27025,27060,49233
1679031000,27055,27070,27005,27030,60100
1679038200,27060,27150,27025,27130,59647
1679041800,27130,27140,27060,27080,43574
1679045400,27075,27110,27035,27055,34248
1679049000,27055,27080,26940,26940,45373
1679052600,26940,26990,26835,26845,56148
1679056200,26845,26890,26750,26865,81667
1679059800,26870,26905,26705,26740,100990
1679063400,26740,26775,26680,26720,83859
1679067000,26715,26775,26655,26775,47511
1679070600,26770,26815,26720,26755,29174
1679074200,26755,26780,26670,26685,22802
1679077800,26680,26760,26640,26750,26977
1679081400,26750,26750,26685,26705,15725
1679085000,26710,26725,26700,26705,3251
1679268600,26930,27110,26925,27085,164547
1679272200,27085,27085,26940,26955,108977
1679275800,26955,26970,26835,26845,97917
1679279400,26845,26860,26785,26795,41684
1679283000,26795,26810,26740,26785,64752
1679286600,26785,26790,26685,26745,76711
1679290200,26745,26790,26675,26675,68143
1679297400,26500,26630,26385,26455,162067
1679301000,26455,26670,26440,26550,105574
1679304600,26550,26715,26550,26670,71646
1679308200,26670,26765,26635,26725,57744
1679311800,26725,26745,26650,26710,35276
1679315400,26710,26840,26705,26760,67253
1679319000,26765,26880,26710,26840,110274
1679322600,26840,26960,26820,26960,55436
1679326200,26960,26960,26755,26820,48828
1679329800,26820,26920,26805,26885,23098
1679333400,26885,26905,26845,26860,12602
1679337000,26860,26890,26820,26860,10191
1679340600,26860,26890,26835,26840,8255
1679344200,26840,26860,26840,26845,3665
1679355000,26875,26975,26840,26955,26806
1679358600,26955,26960,26845,26845,26097
1679362200,26850,26880,26845,26865,14309
1679365800,26860,26875,26850,26860,7426
1679369400,26855,26865,26845,26860,5593
1679373000,26860,26860,26815,26845,11687
1679376600,26845,26870,26845,26850,5989
1679383800,26905,26995,26905,26980,29470
1679387400,26980,27045,26940,27025,24771
1679391000,27025,27075,27000,27070,20864
1679394600,27070,27090,27005,27045,24193
1679398200,27045,27090,27030,27070,12760
1679401800,27070,27085,27040,27055,11395
1679405400,27055,27090,26920,26965,40216
1679409000,26970,27020,26930,26985,30988
1679412600,26985,27015,26945,26955,17599
1679416200,26955,27035,26955,27030,11967
1679419800,27030,27065,27010,27065,6271
1679423400,27065,27100,27055,27100,8040
1679427000,27100,27150,27095,27120,9826
1679430600,27125,27130,27115,27125,1838
1679441400,27115,27185,27040,27135,133229
1679445000,27135,27160,27025,27145,110871
1679448600,27145,27220,27125,27200,94056
1679452200,27200,27200,27135,27165,29783
1679455800,27165,27265,27160,27250,57728
1679459400,27255,27265,27230,27230,38049
1679463000,27235,27250,27180,27225,74306
1679470200,27200,27220,27160,27205,40361
1679473800,27205,27265,27195,27255,29122
1679477400,27255,27305,27245,27300,30764
1679481000,27300,27345,27285,27320,27332
1679484600,27325,27325,27290,27300,19831
1679488200,27300,27325,27280,27285,15716
1679491800,27280,27320,27240,27320,36265
1679495400,27315,27330,27260,27275,20419
1679499000,27275,27305,27250,27265,13352
1679502600,27265,27270,27225,27265,11680
1679506200,27270,27370,27245,27290,38569
1679509800,27290,27345,27110,27230,79594
1679513400,27230,27240,26955,26985,47630
1679517000,26990,27015,26985,27015,4785
1679527800,27020,27065,26915,27035,139222
1679531400,27040,27100,27015,27030,93538
1679535000,27035,27150,27025,27140,65079
1679538600,27140,27160,27105,27105,34584
1679542200,27110,27150,27105,27130,28749
1679545800,27130,27185,27110,27165,34605
1679549400,27165,27200,27120,27120,63448
1679556600,27160,27210,27155,27200,41084
1679560200,27200,27245,27155,27170,38085
1679563800,27175,27190,27105,27110,34248
1679567400,27110,27200,27090,27170,31149
1679571000,27170,27210,27150,27200,19594
1679574600,27200,27250,27185,27220,36956
1679578200,27220,27340,27205,27270,75168
1679581800,27270,27370,27250,27315,53709
1679585400,27315,27340,27265,27275,29155
1679589000,27275,27290,27180,27210,34027
1679592600,27205,27235,27065,27070,32793
1679596200,27070,27145,26925,26995,104107
1679599800,26990,27115,26955,27050,32233
1679603400,27050,27125,27045,27100,5635
1679614200,27055,27120,27025,27045,93839
1679617800,27045,27110,26995,27015,85978
1679621400,27015,27140,27000,27085,74743
1679625000,27085,27095,27060,27085,20013
1679628600,27090,27110,27040,27065,34488
1679632200,27065,27115,27045,27105,29789
1679635800,27105,27175,27095,27175,44449
1679643000,27190,27230,27060,27120,63312
1679646600,27120,27130,26985,27035,73661
1679650200,27035,27035,26880,26930,92062
1679653800,26930,26935,26845,26920,59470
1679657400,26920,26945,26880,26920,44454
1679661000,26920,27025,26900,27015,55329
1679664600,27015,27045,26915,27005,100722
1679668200,27005,27025,26900,26940,57626
1679671800,26935,27075,26925,26995,47960
1679675400,27000,27060,26990,27040,26913
1679679000,27045,27075,27000,27050,19623
1679682600,27050,27110,27040,27105,18867
1679686200,27105,27130,27065,27120,15104
1679689800,27120,27135,27120,27130,3632
1679873400,27200,27270,27105,27110,113983
1679877000,27110,27215,27090,27210,88922
1679880600,27210,27225,27165,27200,60888
1679884200,27200,27210,27180,27205,15356
1679887800,27200,27285,27200,27250,54301
1679891400,27245,27265,27230,27260,27630
1679895000,27255,27270,27225,27265,40442
1679902200,27240,27245,27140,27225,53704
1679905800,27225,27270,27220,27265,24837
1679909400,27265,27310,27255,27295,31608
1679913000,27295,27320,27285,27305,20277
1679916600,27305,27330,27285,27305,22139
1679920200,27300,27330,27285,27305,22722
1679923800,27305,27340,27255,27260,49323
1679927400,27260,27305,27230,27270,43869
1679931000,27270,27300,27240,27295,18323
1679934600,27300,27320,27275,27320,12542
1679938200,27320,27340,27270,27305,15148
1679941800,27310,27355,27310,27325,11783
1679945400,27330,27350,27305,27340,9567
1679949000,27335,27350,27335,27345,2888
1679959800,27350,27355,27265,27300,77992
1679963400,27300,27320,27230,27255,89977
1679967000,27260,27275,27215,27235,52447
1679970600,27235,27245,27190,27200,30249
1679974200,27205,27220,27165,27190,44247
1679977800,27185,27245,27175,27240,33953
1679981400,27245,27290,27235,27290,46352
1679988600,27285,27315,27260,27270,30678
1679992200,27270,27280,27240,27275,21065
1679995800,27275,27275,27220,27245,19178
1679999400,27245,27280,27215,27280,15337
1680003000,27275,27285,27220,27225,17240
1680006600,27225,27240,27190,27235,22569
1680010200,27235,27275,27200,27270,38937
1680013800,27265,27270,27210,27235,23029
1680017400,27235,27250,27205,27220,11192
1680021000,27215,27225,27190,27195,8087
1680024600,27195,27205,27140,27175,13940
1680028200,27175,27210,27170,27190,7952
1680031800,27190,27255,27180,27245,9549
1680035400,27250,27260,27240,27240,2565
1680046200,27275,27340,27255,27305,87247
1680049800,27305,27410,27295,27410,114017
1680053400,27410,27430,27355,27355,78667
1680057000,27355,27385,27335,27380,25449
1680060600,27380,27445,27375,27435,62719
1680064200,27435,27525,27435,27515,76938
1680067800,27520,27615,27495,27580,167102
1680075000,27600,27695,27590,27675,49261
1680078600,27675,27715,27650,27660,43560
1680082200,27665,27675,27630,27660,18557
1680085800,27660,27675,27645,27665,11854
1680089400,27670,27695,27665,27680,13729
1680093000,27680,27745,27675,27730,24950
1680096600,27730,27735,27700,27725,35560
1680100200,27725,27735,27655,27695,27363
1680103800,27695,27790,27690,27775,23257
1680107400,27775,27790,27740,27775,11460
1680111000,27770,27770,27720,27760,9670
1680114600,27755,27830,27755,27825,21497
1680118200,27820,27820,27785,27810,14613
1680121800,27805,27820,27805,27810,3664
1680132600,27735,27870,27730,27775,137297
1680136200,27775,27780,27665,27700,135793
1680139800,27700,27730,27645,27670,77077
1680143400,27670,27695,27620,27645,42161
1680147000,27640,27675,27630,27665,54895
1680150600,27665,27680,27640,27680,56688
1680154200,27680,27795,27665,27795,138032
1680161400,27810,27875,27805,27835,40564
1680165000,27835,27860,27830,27855,19347
1680168600,27850,27900,27845,27875,19694
1680172200,27875,27925,27875,27900,20935
1680175800,27895,27925,27885,27895,14652
1680179400,27890,27940,27890,27920,22799
1680183000,27920,27975,27895,27965,46074
1680186600,27970,27980,27940,27960,23680
1680190200,27960,27960,27910,27915,14307
1680193800,27915,27920,27875,27905,12657
1680197400,27905,27920,27855,27920,9090
1680201000,27920,27935,27895,27935,7563
1680204600,27930,27950,27915,27945,7291
1680208200,27950,27955,27945,27955,3321
1680219000,27950,28125,27940,28095,158623
1680222600,28095,28105,28020,28030,124104
1680226200,28030,28100,27980,28010,101621
1680229800,28010,28025,27970,27985,31031
1680233400,27985,28095,27985,28090,80198
1680237000,28095,28105,28010,28010,90231
1680240600,28015,28120,27975,28090,165337
1680247800,28045,28065,27995,28045,39614
1680251400,28045,28095,28035,28095,27879
1680255000,28095,28120,28080,28110,18681
1680258600,28110,28115,28060,28070,15032
1680262200,28065,28095,28045,28080,15161
1680265800,28080,28105,28040,28065,26440
1680269400,28065,28185,28055,28170,53341
1680273000,28170,28215,28155,28175,34925
1680276600,28175,28195,28160,28190,13971
1680280200,28190,28200,28175,28175,9067
1680283800,28180,28200,28155,28185,9175
1680287400,28180,28220,28155,28215,12614
1680291000,28215,28220,28165,28190,12987
1680294600,28195,28230,28190,28230,5294
1680478200,28225,28235,28125,28160,114672
1680481800,28160,28255,28145,28185,126255
1680485400,28190,28240,28115,28165,91997
1680489000,28165,28240,28160,28225,31047
1680492600,28225,28225,28175,28190,37781
1680496200,28195,28205,28170,28175,29373
1680499800,28175,28245,28170,28245,54865
1680507000,28240,28275,28215,28220,28574
1680510600,28220,28245,28205,28215,14728
1680514200,28215,28245,28200,28240,12601
1680517800,28240,28245,28210,28210,9279
1680521400,28210,28210,28190,28200,14535
1680525000,28200,28235,28190,28230,12846
1680528600,28230,28265,28160,28200,56229
1680532200,28195,28205,28035,28095,55517
1680535800,28090,28135,28075,28120,18615
1680539400,28115,28130,28085,28090,9427
1680543000,28090,28115,28075,28100,10085
1680546600,28105,28165,28100,28160,9348
1680550200,28160,28210,28150,28205,12549
1680553800,28200,28210,28190,28205,3504
1680564600,28160,28240,28135,28240,93968
1680568200,28235,28260,28200,28255,73963
1680571800,28255,28280,28215,28245,68620
1680575400,28245,28305,28245,28290,38367
1680579000,28290,28290,28245,28255,41685
1680582600,28255,28280,28245,28275,29223
1680586200,28275,28295,28255,28260,46367
1680593400,28260,28295,28230,28280,26624
1680597000,28280,28300,28245,28285,20973
1680600600,28280,28310,28265,28295,22143
1680604200,28295,28330,28295,28305,15954
1680607800,28310,28320,28290,28290,7800
1680611400,28295,28300,28255,28265,16960
1680615000,28260,28275,28090,28135,81783
1680618600,28135,28165,28075,28100,45398
1680622200,28100,28110,28005,28050,38629
1680625800,28050,28115,28025,28105,18990
1680629400,28105,28115,28070,28075,12618
1680633000,28075,28095,28055,28060,11882
1680636600,28055,28110,28040,28095,10308
1680640200,28095,28110,28095,28095,2729
1680651000,28110,28145,28040,28050,98402
1680654600,28055,28075,27960,27960,91771
1680658200,27960,27965,27900,27920,114366
1680661800,27915,27935,27910,27920,26389
1680665400,27920,27920,27810,27810,86055
1680669000,27815,27835,27800,27825,57467
1680672600,27830,27835,27785,27820,83494
1680679800,27820,27845,27735,27750,52943
1680683400,27750,27770,27715,27740,32181
1680687000,27740,27750,27710,27750,23744
1680690600,27745,27785,27730,27765,20690
1680694200,27765,27775,27705,27715,25562
1680697800,27710,27730,27660,27710,38315
1680701400,27705,27730,27625,27640,66318
1680705000,27635,27675,27570,27590,61070
1680708600,27590,27645,27585,27615,28425
1680712200,27610,27635,27600,27625,11068
1680715800,27620,27660,27605,27635,11099
1680719400,27635,27670,27630,27660,10283
1680723000,27660,27705,27660,27695,11956
1680726600,27695,27700,27675,27680,3907
1680737400,27655,27660,27460,27485,175032
1680741000,27490,27570,27480,27525,121663
1680744600,27525,27565,27490,27520,83327
1680748200,27520,27535,27495,27500,23869
1680751800,27500,27505,27430,27465,74577
1680755400,27465,27465,27430,27435,40381
1680759000,27435,27535,27435,27535,75813
1680766200,27560,27600,27530,27565,36326
1680769800,27565,27580,27525,27525,20822
1680773400,27525,27570,27515,27560,21338
1680777000,27565,27595,27550,27590,13260
1680780600,27590,27620,27555,27565,26036
1680784200,27565,27590,27555,27565,22063
1680787800,27565,27620,27510,27615,53748
1680791400,27615,27615,27545,27565,30154
1680795000,27565,27660,27565,27640,23346
1680798600,27640,27675,27630,27645,15091
1680802200,27650,27670,27635,27665,5615
1680805800,27665,27675,27625,27635,6091
1680809400,27640,27655,27630,27635,6902
1680813000,27630,27640,27615,27615,3270
1680823800,27585,27585,27480,27530,89918
1680827400,27525,27560,27510,27510,64543
1680831000,27515,27535,27480,27510,41291
1680834600,27515,27520,27480,27500,17627
1680838200,27500,27505,27450,27495,41659
1680841800,27495,27510,27480,27500,18969
1680845400,27505,27530,27490,27530,40057
1680852600,27520,27565,27520,27540,11670
1680856200,27540,27565,27540,27550,6332
1680859800,27555,27555,27525,27530,6238
1680863400,27530,27540,27520,27535,5271
1680867000,27535,27550,27510,27525,8950
1680870600,27520,27655,27460,27635,48354
1680874200,27635,27645,27620,27620,4671
1680877800,27620,27630,27620,27630,2148
1680881400,27630,27630,27620,27620,676
1680885000,27620,27625,27620,27620,448
1680888600,27620,27630,27620,27620,551
1680892200,27620,27625,27620,27625,230
1680895800,27620,27630,27620,27625,758
1680899400,27625,27650,27625,27650,2880
1681083000,27640,27740,27625,27630,99746
1681086600,27630,27675,27590,27595,86207
1681090200,27595,27650,27590,27635,47981
1681093800,27630,27640,27620,27640,6929
1681097400,27640,27655,27620,27655,15560
1681101000,27655,27660,27620,27630,22451
1681104600,27630,27665,27610,27665,37123
1681111800,27650,27655,27630,27640,10607
1681115400,27640,27675,27635,27670,6180
1681119000,27670,27710,27670,27705,10431
1681122600,27700,27720,27680,27700,14907
1681126200,27700,27710,27660,27670,14285
1681129800,27670,27670,27625,27630,18571
1681133400,27635,27770,27630,27735,45472
1681137000,27740,27785,27740,27770,22108
1681140600,27770,27805,27740,27770,15607
1681144200,27770,27825,27770,27815,12436
1681147800,27815,27835,27800,27830,6516
1681151400,27830,27845,27820,27840,5984
1681155000,27840,27880,27830,27870,10910
1681158600,27870,27880,27870,27875,2683
1681169400,27875,27945,27845,27870,120727
1681173000,27870,27950,27845,27950,94682
1681176600,27950,28075,27920,28020,152848
1681180200,28020,28030,28000,28030,34140
1681183800,28025,28030,27985,28015,59971
1681187400,28015,28015,27975,27975,36806
1681191000,27980,27980,27910,27935,71536
1681198200,27935,27940,27880,27910,34238
1681201800,27910,27960,27895,27955,20214
1681205400,27955,27975,27945,27960,14786
1681209000,27960,27965,27920,27920,12899
1681212600,27920,27945,27905,27930,16983
1681216200,27925,27940,27900,27910,13563
1681219800,27910,27955,27895,27950,26718
1681223400,27955,27960,27900,27945,17086
1681227000,27950,28030,27940,28015,20580
1681230600,28015,28060,28005,28050,12228
1681234200,28055,28075,28040,28075,9141
1681237800,28075,28085,28060,28070,7631
1681241400,28070,28070,28015,28055,9720
1681245000,28050,28055,28030,28030,2777
1681255800,28040,28060,27985,28010,89235
1681259400,28005,28070,27985,28045,74619
1681263000,28045,28115,28040,28090,78698
1681266600,28090,28110,28080,28090,23783
1681270200,28090,28100,28065,28085,41622
1681273800,28085,28100,28070,28085,30454
1681277400,28090,28120,28085,28085,71010
1681284600,28100,28120,28080,28095,24975
1681288200,28095,28105,28065,28080,12914
1681291800,28080,28115,28075,28100,12291
1681295400,28100,28105,28085,28105,8534
1681299000,28100,28135,28095,28100,16647
1681302600,28095,28240,28080,28095,99822
1681306200,28095,28110,28015,28085,71322
1681309800,28085,28090,27910,27985,56376
1681313400,27985,28055,27975,28045,19758
1681317000,28050,28100,28025,28095,13423
1681320600,28095,28100,28010,28020,17139
1681324200,28020,28020,27930,27935,16386
1681327800,27930,27960,27920,27930,10408
1681331400,27930,27930,27905,27905,4584
1681342200,27920,28035,27920,28000,102014
1681345800,28005,28050,28005,28040,97443
1681349400,28035,28120,28030,28105,87923
1681353000,28100,28130,28100,28115,23548
1681356600,28115,28145,28095,28145,33286
1681360200,28140,28165,28130,28155,55145
1681363800,28150,28210,28125,28195,83438
1681371000,28215,28225,28150,28160,37552
1681374600,28160,28215,28155,28200,16887
1681378200,28200,28205,28165,28175,10805
1681381800,28175,28210,28175,28200,8859
1681385400,28200,28225,28200,28210,14313
1681389000,28210,28240,28175,28180,33102
1681392600,28180,28235,28125,28230,53107
1681396200,28225,28305,28220,28300,42095
1681399800,28305,28335,28290,28330,16142
1681403400,28330,28365,28315,28360,11121
1681407000,28360,28430,28360,28420,12773
1681410600,28415,28440,28395,28410,9364
1681414200,28410,28410,28380,28395,8980
1681417800,28400,28400,28370,28370,4146
1681428600,28370,28420,28320,28400,152715
1681432200,28400,28500,28395,28460,171193
1681435800,28460,28510,28420,28425,100438
1681439400,28420,28455,28420,28445,23259
1681443000,28440,28475,28435,28440,48333
1681446600,28440,28480,28430,28480,54308
1681450200,28480,28495,28420,28420,72879
1681457400,28460,28470,28395,28405,26693
1681461000,28405,28450,28390,28440,17855
1681464600,28440,28450,28395,28420,16207
1681468200,28420,28490,28410,28465,23031
1681471800,28465,28480,28450,28460,13835
1681475400,28460,28485,28430,28455,26098
1681479000,28455,28585,28450,28460,71701
1681482600,28455,28480,28430,28445,27811
1681486200,28450,28460,28395,28415,17646
1681489800,28415,28425,28360,28370,19324
1681493400,28370,28445,28320,28445,19613
1681497000,28440,28470,28385,28450,18477
1681500600,28455,28530,28445,28525,13854
1681504200,28530,28540,28520,28520,5114
1681687800,28530,28600,28505,28510,100792
1681691400,28515,28535,28410,28455,125643
1681695000,28455,28500,28440,28485,64765
1681698600,28480,28500,28470,28490,20598
1681702200,28485,28495,28455,28490,42119
1681705800,28495,28530,28490,28525,43436
1681709400,28525,28540,28510,28530,54122
1681716600,28555,28575,28485,28500,26554
1681720200,28495,28500,28470,28490,15148
1681723800,28490,28495,28460,28475,11936
1681727400,28480,28495,28470,28470,7091
1681731000,28470,28475,28430,28440,19132
1681734600,28445,28490,28435,28485,18948
1681738200,28485,28535,28475,28520,36394
1681741800,28520,28535,28485,28495,20481
1681745400,28495,28510,28470,28500,15453
1681749000,28500,28520,28480,28515,7176
1681752600,28515,28525,28485,28510,5512
1681756200,28505,28570,28505,28570,10518
1681759800,28565,28600,28560,28600,9771
1681763400,28600,28610,28585,28590,5633
1681774200,28570,28590,28515,28590,74199
1681777800,28590,28690,28550,28675,114717
1681781400,28675,28695,28650,28675,55882
1681785000,28680,28725,28675,28690,37267
1681788600,28695,28700,28650,28665,43529
1681792200,28670,28670,28610,28635,47771
1681795800,28635,28670,28635,28650,41453
1681803000,28665,28675,28620,28640,23727
1681806600,28640,28685,28635,28685,17453
1681810200,28685,28710,28680,28700,18428
1681813800,28700,28735,28680,28680,23789
1681817400,28685,28715,28670,28710,17847
1681821000,28710,28740,28700,28720,22301
1681824600,28720,28760,28625,28630,50905
1681828200,28630,28630,28580,28605,42925
1681831800,28600,28645,28580,28645,21955
1681835400,28645,28655,28610,28610,10962
1681839000,28610,28635,28605,28630,8863
1681842600,28630,28640,28590,28620,8707
1681846200,28620,28670,28610,28660,8572
1681849800,28665,28670,28655,28655,2884
1681860600,28645,28680,28620,28645,61401
1681864200,28645,28645,28540,28540,85862
1681867800,28540,28600,28525,28590,63390
1681871400,28585,28595,28560,28570,16626
1681875000,28570,28575,28535,28555,29719
1681878600,28550,28585,28550,28575,22172
1681882200,28575,28625,28570,28580,43761
1681889400,28560,28575,28515,28545,29728
1681893000,28545,28550,28475,28495,37521
1681896600,28495,28500,28435,28480,44269
1681900200,28485,28495,28460,28470,19360
1681903800,28475,28490,28430,28455,19137
1681907400,28455,28455,28400,28435,22808
1681911000,28435,28485,28430,28480,26981
1681914600,28480,28535,28475,28520,29788
1681918200,28520,28550,28505,28550,13809
1681921800,28550,28585,28545,28585,12324
1681925400,28585,28595,28565,28580,7320
1681929000,28585,28590,28555,28560,8370
1681932600,28560,28570,28525,28535,8631
1681936200,28530,28540,28525,28540,3381
1681947000,28475,28540,28435,28535,77762
1681950600,28535,28580,28530,28575,65833
1681954200,28570,28670,28570,28635,84374
1681957800,28630,28660,28625,28635,16117
1681961400,28635,28695,28625,28690,37082
1681965000,28685,28690,28650,28655,26547
1681968600,28650,28675,28615,28640,44509
1681975800,28600,28605,28525,28530,39936
1681979400,28530,28545,28505,28540,22277
1681983000,28540,28545,28510,28525,11484
1681986600,28525,28545,28515,28540,11476
1681990200,28540,28540,28510,28535,12666
1681993800,28530,28545,28495,28525,19603
1681997400,28525,28630,28520,28625,48384
1682001000,28625,28650,28585,28600,24891
1682004600,28600,28630,28585,28615,13176
1682008200,28615,28675,28615,28670,12313
1682011800,28670,28685,28620,28625,9451
1682015400,28625,28630,28535,28540,15688
1682019000,28540,28620,28540,28600,10434
1682022600,28600,28605,28595,28605,3212
1682033400,28560,28640,28540,28620,93667
1682037000,28620,28780,28605,28615,166840
1682040600,28620,28660,28585,28630,75997
1682044200,28630,28640,28595,28615,22907
1682047800,28615,28640,28550,28555,41126
1682051400,28555,28580,28525,28580,45391
1682055000,28580,28600,28555,28560,49487
1682062200,28530,28575,28510,28535,28000
1682065800,28535,28575,28525,28570,16781
1682069400,28570,28585,28515,28520,20136
1682073000,28515,28525,28480,28500,24319
1682076600,28500,28575,28500,28565,15895
1682080200,28560,28600,28550,28580,18977
1682083800,28580,28680,28550,28660,61026
1682087400,28660,28685,28605,28650,40223
1682091000,28650,28680,28635,28655,21786
1682094600,28660,28660,28640,28650,11742
1682098200,28655,28710,28655,28695,16238
1682101800,28695,28700,28655,28670,11069
1682105400,28670,28680,28650,28670,7340
1682109000,28670,28670,28655,28660,3342
1682292600,28635,28655,28565,28625,72987
1682296200,28625,28680,28595,28650,75174
1682299800,28650,28670,28630,28650,47596
1682303400,28650,28650,28615,28625,19285
1682307000,28625,28640,28610,28625,24794
1682310600,28625,28625,28575,28580,35170
1682314200,28575,28595,28550,28590,44235
1682321400,28600,28635,28595,28615,21105
1682325000,28615,28655,28605,28645,14415
1682328600,28645,28670,28640,28655,11316
1682332200,28655,28680,28645,28680,10706
1682335800,28680,28690,28660,28660,12020
1682339400,28660,28690,28660,28685,10552
1682343000,28685,28735,28680,28735,32693
1682346600,28740,28740,28640,28650,32559
1682350200,28655,28665,28630,28665,14155
1682353800,28665,28685,28655,28680,9884
1682357400,28680,28700,28675,28685,7978
1682361000,28685,28700,28670,28695,3722
1682364600,28695,28715,28690,28705,9125
1682368200,28705,28710,28680,28680,3402
1682379000,28685,28800,28665,28720,133778
1682382600,28720,28750,28655,28730,101251
1682386200,28730,28760,28690,28695,74525
1682389800,28695,28700,28675,28685,32323
1682393400,28685,28695,28635,28645,51427
1682397000,28645,28645,28620,28630,37818
1682400600,28630,28640,28605,28620,50378
1682407800,28580,28590,28530,28555,41949
1682411400,28550,28600,28550,28575,26360
1682415000,28580,28595,28570,28580,17490
1682418600,28580,28620,28580,28615,15303
1682422200,28620,28645,28595,28640,18096
1682425800,28640,28640,28600,28620,17345
1682429400,28625,28645,28550,28560,55055
1682433000,28560,28620,28530,28585,34159
1682436600,28585,28590,28540,28550,13247
1682440200,28550,28560,28415,28430,30288
1682443800,28430,28440,28360,28405,28279
1682447400,28405,28430,28375,28415,16581
1682451000,28415,28430,28365,28420,15931
1682454600,28420,28435,28415,28430,3312
1682465400,28465,28510,28395,28420,122319
1682469000,28425,28550,28415,28485,115115
1682472600,28490,28520,28455,28465,67117
1682476200,28460,28475,28445,28450,23763
1682479800,28450,28455,28320,28345,83215
1682483400,28345,28450,28340,28415,52518
1682487000,28415,28450,28385,28405,59009
1682494200,28375,28385,28280,28360,62167
1682497800,28365,28385,28345,28360,23753
1682501400,28355,28385,28315,28330,25553
1682505000,28330,28340,28245,28280,37759
1682508600,28280,28365,28275,28345,39160
1682512200,28345,28380,28315,28325,35029
1682515800,28330,28345,28265,28290,42028
1682519400,28290,28395,28280,28370,28802
1682523000,28370,28415,28360,28395,18372
1682526600,28395,28405,28360,28380,12354
1682530200,28380,28390,28310,28335,12347
1682533800,28335,28340,28265,28290,14841
1682537400,28290,28335,28265,28330,13285
1682541000,28330,28330,28310,28315,2934
1682551800,28295,28330,28240,28300,83936
1682555400,28300,28315,28250,28295,54235
1682559000,28300,28350,28290,28350,44940
1682562600,28350,28380,28340,28350,26842
1682566200,28355,28415,28325,28410,48191
1682569800,28410,28430,28390,28405,32852
1682573400,28400,28460,28400,28440,53800
1682580600,28460,28515,28445,28490,35900
1682584200,28490,28525,28485,28500,20759
1682587800,28505,28515,28475,28485,16416
1682591400,28480,28500,28460,28470,13503
1682595000,28470,28500,28460,28485,13342
1682598600,28485,28565,28475,28555,36453
1682602200,28560,28600,28530,28570,55383
1682605800,28570,28585,28520,28585,27652
1682609400,28580,28635,28575,28630,21730
1682613000,28630,28650,28620,28640,10876
1682616600,28640,28705,28640,28700,15607
1682620200,28700,28720,28685,28700,10601
1682623800,28700,28755,28695,28735,17387
1682627400,28730,28745,28725,28740,6541
1682638200,28720,28730,28600,28615,108923
1682641800,28615,28655,28565,28585,87013
1682645400,28590,28680,28485,28650,172112
1682649000,28650,28670,28540,28620,38152
1682652600,28620,28785,28525,28715,174466
1682656200,28715,28780,28655,28775,93919
1682659800,28775,28870,28765,28870,116250
1682667000,28910,28920,28755,28765,69835
1682670600,28765,28820,28735,28815,44108
1682674200,28815,28850,28805,28810,24286
1682677800,28810,28855,28790,28850,17771
1682681400,28850,28875,28825,28860,20030
1682685000,28855,28905,28845,28895,26573
1682688600,28895,29020,28895,29015,61500
1682692200,29015,29020,28825,28915,72892
1682695800,28920,28990,28915,28980,27614
1682699400,28985,29020,28960,29015,16300
1682703000,29015,29050,28990,29010,18113
1682706600,29010,29055,28990,29005,17639
1682710200,29010,29090,28995,29065,16673
1682713800,29065,29080,29055,29065,4567
1682897400,29030,29140,29010,29105,98031
1682901000,29105,29150,29040,29070,92979
1682904600,29065,29090,29020,29060,47739
1682908200,29065,29115,29060,29095,21130
1682911800,29095,29145,29090,29140,48959
1682915400,29140,29140,29100,29130,32136
1682919000,29130,29165,29120,29160,42103
1682926200,29170,29195,29145,29165,23281
1682929800,29165,29180,29155,29160,9509
1682933400,29160,29160,29130,29135,8311
1682937000,29135,29145,29105,29125,8813
1682940600,29125,29145,29125,29135,5443
1682944200,29135,29175,29125,29165,11002
1682947800,29170,29250,29170,29190,36724
1682951400,29190,29250,29185,29200,26961
1682955000,29195,29280,29185,29270,16432
1682958600,29275,29300,29260,29290,9469
1682962200,29285,29320,29275,29310,7401
1682965800,29310,29320,29270,29290,11261
1682969400,29290,29360,29265,29310,15110
1682973000,29305,29310,29265,29265,3861
1682983800,29275,29295,29145,29150,106756
1682987400,29155,29195,29135,29165,79438
1682991000,29165,29195,29085,29105,75791
1682994600,29105,29140,29090,29120,16242
1682998200,29125,29210,29115,29180,50494
1683001800,29180,29205,29145,29145,47322
1683005400,29150,29175,29110,29125,48746
1683012600,29120,29125,29035,29050,43882
1683016200,29050,29075,29030,29035,24810
1683019800,29035,29080,29015,29035,21932
1683023400,29035,29050,29015,29020,15224
1683027000,29020,29030,28965,28985,26881
1683030600,28980,29000,28960,28985,19106
1683034200,28985,28985,28800,28825,82087
1683037800,28825,28825,28675,28680,110220
1683041400,28680,28760,28655,28750,48115
1683045000,28745,28785,28725,28775,20790
1683048600,28775,28850,28765,28795,22871
1683052200,28795,28845,28785,28835,15828
1683055800,28835,28840,28765,28780,11451
1683059400,28780,28800,28775,28775,5454
1683070200,28760,28800,28720,28780,19543
1683073800,28785,28865,28785,28830,23606
1683077400,28830,28855,28810,28845,13371
1683081000,28845,28855,28815,28820,4626
1683084600,28820,28845,28815,28845,4854
1683088200,28845,28875,28830,28830,6987
1683091800,28830,28860,28825,28860,8261
1683099000,28855,28865,28760,28780,14612
1683102600,28775,28820,28770,28805,10073
1683106200,28805,28820,28780,28805,7420
1683109800,28805,28815,28765,28815,8286
1683113400,28815,28850,28790,28820,12788
1683117000,28820,28820,28760,28770,13663
1683120600,28775,28825,28745,28775,24093
1683124200,28780,28790,28725,28745,18732
1683127800,28745,28835,28730,28835,12164
1683131400,28835,28875,28815,28860,9590
1683135000,28860,28935,28760,28865,27768
1683138600,28865,28945,28740,28745,58825
1683142200,28740,28775,28705,28730,18904
1683145800,28730,28750,28675,28675,3875
1683156600,28610,28675,28590,28625,31819
1683160200,28625,28700,28610,28685,25081
1683163800,28685,28750,28685,28730,19746
1683167400,28730,28785,28730,28770,12231
1683171000,28770,28780,28715,28740,11337
1683174600,28740,28780,28735,28745,8169
1683178200,28740,28750,28715,28735,9089
1683185400,28680,28740,28670,28705,22389
1683189000,28705,28715,28670,28685,14092
1683192600,28680,28705,28630,28665,17247
1683196200,28660,28675,28620,28640,12157
1683199800,28640,28650,28605,28645,14791
1683203400,28640,28700,28635,28675,18024
1683207000,28675,28695,28580,28580,53606
1683210600,28580,28665,28565,28615,46744
1683214200,28615,28640,28565,28625,20105
1683217800,28630,28690,28585,28665,14468
1683221400,28670,28685,28625,28625,10670
1683225000,28625,28675,28605,28640,9352
1683228600,28640,28680,28605,28615,7006
1683232200,28615,28650,28610,28615,3830
1683243000,28665,28725,28660,28710,14922
1683246600,28715,28765,28710,28750,18755
1683250200,28750,28760,28720,28730,11737
1683253800,28735,28750,28725,28730,4980
1683257400,28730,28750,28725,28735,3421
1683261000,28735,28740,28720,28725,2486
1683264600,28725,28755,28690,28755,15264
1683271800,28785,28790,28715,28725,20349
1683275400,28725,28775,28715,28760,10749
1683279000,28765,28800,28755,28795,7088
1683282600,28800,28845,28795,28845,13105
1683286200,28845,28850,28815,28825,9693
1683289800,28825,28930,28800,28910,37161
1683293400,28905,28975,28900,28955,32273
1683297000,28960,29050,28960,29040,28653
1683300600,29035,29045,28995,29015,11588
1683304200,29020,29050,28995,29050,5866
1683307800,29050,29115,29050,29105,10095
1683311400,29105,29150,29100,29130,12150
1683315000,29125,29130,29090,29095,6569
1683318600,29090,29095,29070,29070,2973
1683502200,29070,29145,28990,29040,125140
1683505800,29035,29070,28945,28980,90034
1683509400,28975,29020,28930,28970,60393
1683513000,28970,29015,28950,28980,20171
1683516600,28980,28980,28930,28975,31748
1683520200,28970,28990,28950,28970,20088
1683523800,28970,28985,28940,28950,41358
1683531000,28990,29010,28980,29000,19374
1683534600,29005,29010,28980,29005,9617
1683538200,29005,29030,29000,29020,10716
1683541800,29020,29045,29015,29040,5686
1683545400,29040,29065,29025,29060,10914
1683549000,29055,29060,29015,29025,13025
1683552600,29025,29030,28940,28970,35231
1683556200,28975,29010,28970,28975,13541
1683559800,28975,28995,28960,28980,7730
1683563400,28980,29005,28965,29000,5215
1683567000,29005,29045,28965,29035,10583
1683570600,29040,29060,29020,29030,7727
1683574200,29030,29055,29030,29045,4743
1683577800,29045,29045,29025,29040,2221
1683588600,29035,29100,29010,29095,65730
1683592200,29095,29170,29060,29165,76737
1683595800,29165,29190,29120,29165,55723
1683599400,29165,29200,29160,29190,22946
1683603000,29185,29245,29180,29245,40745
1683606600,29245,29255,29230,29245,34494
1683610200,29240,29255,29220,29240,53931
1683617400,29220,29220,29145,29155,31177
1683621000,29155,29170,29120,29140,21144
1683624600,29145,29155,29115,29120,12840
1683628200,29120,29145,29115,29125,11195
1683631800,29125,29185,29115,29185,16943
1683635400,29180,29200,29160,29175,18068
1683639000,29175,29205,29140,29155,32632
1683642600,29155,29240,29145,29215,22581
1683646200,29215,29240,29210,29220,12190
1683649800,29220,29260,29215,29240,10300
1683653400,29240,29270,29235,29250,7924
1683657000,29250,29260,29230,29240,8214
1683660600,29235,29255,29220,29225,6024
1683664200,29225,29230,29215,29215,2632
1683675000,29235,29245,29150,29160,69780
1683678600,29155,29165,29100,29115,71794
1683682200,29110,29135,29085,29110,47478
1683685800,29110,29130,29105,29115,16805
1683689400,29115,29120,29065,29110,31652
1683693000,29110,29160,29105,29130,42770
1683696600,29130,29160,29105,29140,37363
1683703800,29145,29150,29020,29065,41834
1683707400,29070,29085,29050,29070,15848
1683711000,29070,29080,29050,29060,9224
1683714600,29060,29080,29055,29080,7971
1683718200,29075,29100,29065,29095,14219
1683721800,29085,29230,29080,29185,73163
1683725400,29185,29190,28975,29035,105782
1683729000,29040,29065,28970,29055,42224
1683732600,29055,29075,29020,29030,17627
1683736200,29025,29030,28910,28925,20814
1683739800,28920,28995,28895,28990,17444
1683743400,28990,29075,28980,29055,16200
1683747000,29055,29080,29035,29060,10671
1683750600,29060,29060,29035,29055,3680
1683761400,29050,29140,29020,29030,87037
1683765000,29030,29120,29020,29085,74796
1683768600,29080,29095,29030,29050,38539
1683772200,29050,29095,29040,29095,18289
1683775800,29090,29140,29085,29140,33921
1683779400,29135,29155,29085,29095,29083
1683783000,29095,29145,29090,29120,40903
1683790200,29110,29175,29105,29160,27008
1683793800,29160,29195,29140,29180,19421
1683797400,29180,29195,29155,29160,12454
1683801000,29160,29175,29070,29105,24059
1683804600,29105,29160,29070,29110,33659
1683808200,29105,29120,28990,29025,45930
1683811800,29025,29035,28955,29005,53390
1683815400,29005,29070,28985,29045,31932
1683819000,29050,29080,29040,29065,15959
1683822600,29060,29095,29060,29075,9066
1683826200,29070,29100,29030,29085,9711
1683829800,29090,29130,29085,29115,9018
1683833400,29115,29140,29100,29130,5654
1683837000,29130,29140,29125,29130,3353
1683847800,29130,29305,29095,29235,140328
1683851400,29235,29415,29130,29355,172622
1683855000,29350,29415,29325,29335,85546
1683858600,29340,29410,29335,29380,35527
1683862200,29380,29420,29335,29375,49255
1683865800,29370,29395,29370,29395,30614
1683869400,29390,29425,29380,29420,53819
1683876600,29430,29515,29425,29505,47446
1683880200,29505,29560,29505,29545,32752
1683883800,29545,29565,29515,29530,18476
1683887400,29530,29565,29515,29550,14568
1683891000,29550,29570,29540,29545,14589
1683894600,29545,29560,29515,29520,16842
1683898200,29525,29555,29455,29505,44912
1683901800,29505,29520,29460,29480,29480
1683905400,29485,29565,29475,29510,23925
1683909000,29505,29550,29470,29545,15632
1683912600,29540,29560,29485,29505,13635
1683916200,29505,29545,29490,29540,11176
1683919800,29540,29585,29540,29565,13731
1683923400,29560,29570,29560,29570,4000
1684107000,29550,29605,29510,29595,99592
1684110600,29600,29635,29470,29535,126426
1684114200,29535,29545,29490,29505,55562
1684117800,29500,29560,29495,29555,22114
1684121400,29555,29625,29550,29600,49171
1684125000,29600,29610,29560,29610,38384
1684128600,29605,29670,29600,29670,57724
1684135800,29680,29725,29670,29705,35811
1684139400,29710,29715,29670,29705,16145
1684143000,29705,29735,29700,29725,13166
1684146600,29725,29735,29710,29710,10462
1684150200,29715,29735,29700,29710,13710
1684153800,29710,29710,29640,29685,31502
1684157400,29680,29750,29665,29745,42174
1684161000,29740,29800,29740,29795,34438
1684164600,29795,29825,29775,29820,16730
1684168200,29820,29905,29810,29860,24004
1684171800,29855,29880,29820,29870,14786
1684175400,29865,29900,29850,29860,7785
1684179000,29860,29890,29850,29890,7532
1684182600,29885,29890,29860,29860,2860
1684193400,29840,29890,29790,29850,91867
1684197000,29850,29900,29805,29815,93151
1684200600,29810,29865,29775,29830,75689
1684204200,29825,29890,29810,29885,30026
1684207800,29885,29925,29855,29860,59376
1684211400,29860,29880,29820,29840,38915
1684215000,29845,29860,29820,29840,52274
1684222200,29850,29910,29840,29875,34588
1684225800,29880,29885,29820,29845,19716
1684229400,29840,29890,29840,29890,18782
1684233000,29890,29905,29875,29890,13012
1684236600,29895,29905,29885,29885,10383
1684240200,29890,29925,29870,29910,24479
1684243800,29915,29985,29875,29935,59071
1684247400,29935,29980,29905,29975,24577
1684251000,29975,29995,29935,29955,16184
1684254600,29955,29980,29920,29925,9988
1684258200,29925,29935,29895,29905,7119
1684261800,29905,29935,29890,29920,6813
1684265400,29920,29925,29860,29905,9702
1684269000,29905,29910,29885,29885,3133
1684279800,29900,29995,29890,29970,103545
1684283400,29970,30045,29940,30045,101460
1684287000,30045,30065,30020,30035,58817
1684290600,30035,30140,30030,30110,55783
1684294200,30110,30115,30065,30080,47517
1684297800,30085,30120,30070,30090,42379
1684301400,30095,30100,30055,30055,48434
1684308600,30050,30225,30040,30205,61150
1684312200,30205,30260,30205,30235,43726
1684315800,30235,30270,30230,30270,23177
1684319400,30270,30345,30255,30335,39058
1684323000,30340,30365,30330,30335,30277
1684326600,30335,30385,30335,30365,28810
1684330200,30370,30420,30335,30420,54598
1684333800,30420,30475,30405,30435,40972
1684337400,30430,30455,30420,30450,14811
1684341000,30450,30535,30445,30530,24688
1684344600,30530,30545,30500,30510,10904
1684348200,30510,30525,30465,30480,13187
1684351800,30480,30535,30475,30515,10537
1684355400,30510,30525,30505,30520,4352
1684366200,30515,30675,30480,30650,129578
1684369800,30650,30660,30375,30525,210038
1684373400,30525,30535,30430,30535,101826
1684377000,30530,30580,30505,30545,38382
1684380600,30545,30575,30515,30535,55969
1684384200,30535,30615,30520,30610,48166
1684387800,30605,30610,30565,30590,64702
1684395000,30660,30935,30660,30905,116938
1684398600,30905,30910,30825,30860,41898
1684402200,30860,30865,30830,30855,19332
1684405800,30855,30905,30850,30885,22042
1684409400,30885,30910,30870,30875,13890
1684413000,30880,30930,30810,30825,38046
1684416600,30830,30855,30735,30815,56628
1684420200,30815,30875,30800,30830,28445
1684423800,30830,30845,30735,30755,33891
1684427400,30755,30820,30750,30765,22368
1684431000,30765,30815,30750,30805,11222
1684434600,30805,30860,30805,30840,10183
1684438200,30845,30910,30840,30885,13123
1684441800,30890,30920,30885,30905,3943
1684452600,30910,30945,30680,30765,153723
1684456200,30765,30820,30715,30810,93051
1684459800,30810,30915,30780,30890,73943
1684463400,30890,30920,30860,30905,29166
1684467000,30900,30915,30765,30805,63713
1684470600,30805,30835,30780,30830,49957
1684474200,30830,30900,30805,30900,55930
1684481400,30910,30970,30850,30890,53045
1684485000,30890,30985,30885,30960,33507
1684488600,30955,30960,30890,30900,24686
1684492200,30900,30935,30850,30915,29187
1684495800,30915,30935,30880,30885,18048
1684499400,30885,30900,30860,30880,18393
1684503000,30880,30950,30870,30925,46301
1684506600,30930,30935,30735,30740,65847
1684510200,30740,30810,30665,30770,84254
1684513800,30770,30815,30725,30805,23117
1684517400,30805,30810,30740,30765,13568
1684521000,30770,30840,30760,30820,14416
1684524600,30820,30870,30810,30825,10075
1684528200,30825,30845,30815,30820,4563
1684711800,30775,30845,30685,30840,99928
1684715400,30840,30865,30790,30840,78086
1684719000,30840,30855,30785,30835,47816
1684722600,30840,30895,30830,30860,34393
1684726200,30860,30935,30840,30935,50110
1684729800,30935,31085,30925,31060,103082
1684733400,31060,31090,31030,31030,58929
1684740600,31050,31060,30970,31050,43582
1684744200,31050,31055,31005,31010,14845
1684747800,31010,31035,30995,31025,13430
1684751400,31025,31040,30995,31040,14460
1684755000,31040,31165,31035,31135,49006
1684758600,31135,31180,31120,31145,39759
1684762200,31145,31255,31095,31200,108931
1684765800,31205,31260,31165,31245,44581
1684769400,31240,31270,31220,31220,19974
1684773000,31220,31275,31180,31245,24411
1684776600,31245,31280,31235,31280,8987
1684780200,31275,31295,31205,31215,16380
1684783800,31215,31235,31180,31200,12761
1684787400,31200,31220,31195,31195,3526
1684798200,31260,31320,31230,31270,107033
1684801800,31270,31360,31260,31335,112770
1684805400,31335,31345,31255,31295,64421
1684809000,31290,31315,31270,31285,23305
1684812600,31280,31280,30825,30960,299669
1684816200,30960,30980,30850,30910,75977
1684819800,30910,31025,30855,30855,79991
1684827000,30870,30875,30695,30720,85392
1684830600,30720,30765,30565,30615,67206
1684834200,30620,30660,30595,30655,37194
1684837800,30655,30690,30605,30640,31407
1684841400,30640,30645,30540,30610,37478
1684845000,30610,30665,30600,30640,34504
1684848600,30640,30780,30620,30775,73736
1684852200,30780,30815,30735,30810,42295
1684855800,30805,30905,30805,30855,44318
1684859400,30855,30865,30725,30730,32084
1684863000,30725,30800,30675,30705,26023
1684866600,30705,30760,30675,30735,17862
1684870200,30735,30745,30670,30680,12422
1684873800,30685,30690,30665,30665,2976
1684884600,30700,30860,30700,30820,114096
1684888200,30815,30850,30680,30750,92626
1684891800,30745,30745,30595,30625,85824
1684895400,30620,30675,30610,30630,24574
1684899000,30625,30765,30560,30730,75405
1684902600,30730,30805,30720,30790,39884
1684906200,30790,30800,30610,30610,62981
1684913400,30555,30640,30530,30595,59029
1684917000,30595,30660,30565,30575,39732
1684920600,30575,30590,30495,30500,40576
1684924200,30500,30535,30465,30505,37287
1684927800,30505,30525,30460,30500,27668
1684931400,30500,30505,30450,30475,27445
1684935000,30475,30480,30405,30420,57485
1684938600,30420,30545,30420,30515,42678
1684942200,30520,30545,30485,30505,24572
1684945800,30505,30555,30490,30530,15108
1684949400,30530,30565,30470,30475,13894
1684953000,30475,30555,30460,30535,14321
1684956600,30540,30575,30470,30550,18562
1684960200,30550,30590,30545,30590,5286
1684971000,30660,30780,30620,30770,133400
1684974600,30770,30890,30700,30740,150902
1684978200,30745,30860,30730,30840,84311
1684981800,30840,30915,30825,30870,37570
1684985400,30870,30890,30830,30840,46168
1684989000,30840,30845,30730,30810,61574
1684992600,30805,30835,30760,30830,59059
1684999800,30835,30840,30715,30815,51230
1685003400,30810,30905,30795,30890,33903
1685007000,30890,30950,30885,30925,31842
1685010600,30925,30950,30900,30920,18132
1685014200,30920,30980,30885,30940,38831
1685017800,30945,31070,30935,30995,62585
1685021400,30995,30995,30865,30935,86129
1685025000,30935,30995,30895,30955,40688
1685028600,30950,30990,30885,30980,32131
1685032200,30980,31030,30930,31025,17187
1685035800,31020,31070,31010,31050,20569
1685039400,31050,31090,30980,31085,19957
1685043000,31085,31110,31060,31075,19204
1685046600,31070,31075,31055,31055,3331
1685057400,31000,31050,30880,31050,108133
1685061000,31045,31070,30925,30985,114406
1685064600,30985,31100,30985,31100,61007
1685068200,31100,31110,31015,31055,35133
1685071800,31055,31060,30925,30990,81568
1685075400,30995,31050,30960,31005,52955
1685079000,31005,31015,30920,30950,69799
1685086200,30980,31040,30930,31015,36066
1685089800,31015,31060,31000,31035,20681
1685093400,31035,31095,31020,31090,22871
1685097000,31085,31185,31075,31180,34989
1685100600,31180,31190,31110,31120,25372
1685104200,31120,31240,31110,31205,40063
1685107800,31205,31465,31195,31460,93693
1685111400,31465,31540,31425,31485,73942
1685115000,31480,31525,31460,31525,26785
1685118600,31525,31555,31485,31500,19459
1685122200,31500,31530,31470,31520,12944
1685125800,31525,31565,31505,31510,17944
1685129400,31505,31525,31470,31520,14042
1685133000,31520,31520,31490,31505,4059
1685316600,31630,31665,31385,31390,143537
1685320200,31390,31450,31360,31415,133631
1685323800,31415,31425,31305,31330,95069
1685327400,31330,31365,31315,31365,21392
1685331000,31360,31365,31165,31205,110724
1685334600,31205,31305,31195,31280,53043
1685338200,31280,31300,31200,31300,69178
1685345400,31365,31380,31310,31355,26044
1685349000,31355,31375,31280,31285,19074
1685352600,31290,31295,31235,31245,17577
1685356200,31245,31260,31210,31230,14762
1685359800,31230,31265,31220,31225,12268
1685363400,31220,31250,31200,31235,10948
1685367000,31230,31295,31220,31290,12982
1685370600,31290,31315,31290,31310,10106
1685374200,31315,31320,31285,31295,5689
1685377800,31295,31310,31290,31300,1251
1685381400,31300,31305,31295,31305,590
1685385000,31305,31305,31295,31295,299
1685388600,31295,31300,31295,31295,498
1685392200,31300,31300,31275,31275,1671
1685403000,31275,31385,31190,31210,124729
1685406600,31210,31265,31085,31125,121046
1685410200,31130,31150,31060,31115,72555
1685413800,31120,31140,31080,31105,30889
1685417400,31110,31325,31105,31320,85566
1685421000,31315,31385,31300,31325,75832
1685424600,31330,31380,31300,31380,60774
1685431800,31300,31380,31280,31345,41938
1685435400,31345,31445,31290,31390,50510
1685439000,31395,31435,31360,31405,28826
1685442600,31405,31410,31295,31330,28675
1685446200,31330,31365,31315,31320,23014
1685449800,31325,31355,31280,31300,22091
1685453400,31305,31325,31140,31165,79347
1685457000,31160,31195,31095,31130,47272
1685460600,31130,31160,31105,31140,18125
1685464200,31135,31155,31080,31085,14457
1685467800,31085,31145,31065,31140,13877
1685471400,31140,31185,31135,31170,12842
1685475000,31170,31185,31125,31150,9642
1685478600,31150,31155,31140,31140,2467
1685489400,31130,31140,30940,30980,114275
1685493000,30985,31150,30925,31125,123547
1685496600,31120,31125,30955,30975,101042
1685500200,30970,31020,30905,30960,42122
1685503800,30960,30995,30785,30840,99605
1685507400,30840,30895,30785,30805,70664
1685511000,30805,30915,30790,30850,103900
1685518200,30910,30960,30880,30930,48209
1685521800,30930,30970,30865,30930,34045
1685525400,30930,30940,30840,30845,21497
1685529000,30840,30930,30840,30880,22302
1685532600,30880,30900,30745,30795,36574
1685536200,30795,30815,30765,30810,23729
1685539800,30810,30870,30675,30715,85176
1685543400,30710,30725,30655,30660,49011
1685547000,30660,30720,30635,30685,27767
1685550600,30685,30745,30670,30735,16571
1685554200,30735,30775,30720,30760,17469
1685557800,30760,30765,30695,30765,12725
1685561400,30765,30810,30750,30770,12796
1685565000,30775,30780,30755,30760,3167
1685575800,30810,31075,30800,31070,123932
1685579400,31065,31195,31030,31145,126031
1685583000,31140,31145,30865,30975,150759
1685586600,30980,31050,30980,31045,48069
1685590200,31045,31130,31010,31115,71337
1685593800,31115,31145,31075,31130,49142
1685597400,31125,31160,31100,31150,54476
1685604600,31235,31290,31200,31280,48050
1685608200,31280,31345,31280,31335,36261
1685611800,31330,31335,31290,31325,16697
1685615400,31325,31330,31290,31295,14155
1685619000,31295,31320,31270,31295,19261
1685622600,31295,31305,31175,31235,39336
1685626200,31235,31300,31175,31225,53911
1685629800,31225,31335,31215,31325,42938
1685633400,31325,31355,31320,31345,22420
1685637000,31345,31400,31335,31390,15743
1685640600,31385,31410,31380,31405,7682
1685644200,31405,31440,31375,31380,9528
1685647800,31380,31415,31335,31390,15642
1685651400,31390,31405,31385,31390,3497
1685662200,31340,31425,31270,31385,94405
1685665800,31385,31395,31305,31345,67199
1685669400,31350,31420,31300,31380,63066
1685673000,31385,31400,31330,31345,23992
1685676600,31345,31495,31345,31490,68026
1685680200,31490,31495,31440,31490,42718
1685683800,31485,31550,31470,31550,56971
1685691000,31620,31800,31610,31775,76146
1685694600,31775,31855,31760,31855,32711
1685698200,31855,31860,31765,31810,26287
1685701800,31810,31840,31800,31830,13133
1685705400,31830,31840,31745,31765,17318
1685709000,31765,31930,31750,31870,68292
1685712600,31870,31970,31835,31940,79166
1685716200,31940,32000,31910,31980,38402
1685719800,31975,31980,31915,31950,24297
1685723400,31950,32010,31935,32010,12502
1685727000,32010,32015,31970,31990,10051
1685730600,31995,32005,31955,31960,8689
1685734200,31960,31985,31950,31960,10496
1685737800,31965,31965,31940,31955,5415
1685921400,31960,31960,31810,31885,110102
1685925000,31890,32000,31870,31930,88295
1685928600,31930,32090,31890,32040,93242
1685932200,32040,32095,32040,32095,26111
1685935800,32090,32160,32035,32085,90322
1685939400,32085,32135,32055,32135,43144
1685943000,32130,32290,32110,32240,89839
1685950200,32330,32470,32330,32380,80905
1685953800,32380,32425,32365,32420,28638
1685957400,32420,32485,32410,32475,22385
1685961000,32475,32565,32450,32545,30632
1685964600,32550,32570,32520,32540,16701
1685968200,32540,32545,32395,32400,36197
1685971800,32400,32480,32075,32095,113475
1685975400,32095,32195,32060,32140,73689
1685979000,32145,32280,32110,32275,32244
1685982600,32275,32325,32235,32235,17716
1685986200,32240,32265,32185,32210,23803
1685989800,32215,32215,32090,32145,24865
1685993400,32145,32175,32095,32125,11851
1685997000,32130,32185,32130,32130,5906
1686007800,32000,32070,31930,32055,120896
1686011400,32060,32325,32055,32290,138789
1686015000,32295,32365,32185,32345,98317
1686018600,32350,32370,32270,32330,39019
1686022200,32325,32470,32250,32465,72646
1686025800,32470,32490,32410,32450,51480
1686029400,32455,32540,32360,32420,88829
1686036600,32395,32405,32275,32280,67519
1686040200,32285,32360,32235,32355,39972
1686043800,32355,32400,32335,32390,21438
1686047400,32390,32455,32380,32440,18568
1686051000,32445,32475,32420,32450,14624
1686054600,32445,32490,32365,32370,23409
1686058200,32370,32645,32370,32605,66631
1686061800,32600,32665,32550,32595,37306
1686065400,32590,32705,32590,32675,24583
1686069000,32675,32690,32625,32650,11202
1686072600,32650,32685,32600,32680,8376
1686076200,32685,32690,32620,32645,6503
1686079800,32645,32675,32615,32640,7807
1686083400,32640,32660,32635,32635,2833
1686094200,32590,32720,32525,32535,115542
1686097800,32530,32640,31990,32180,274277
1686101400,32175,32225,32015,32045,98061
1686105000,32040,32125,32025,32110,42298
1686108600,32110,32295,32095,32185,87072
1686112200,32185,32220,31960,32090,133891
1686115800,32090,32135,31855,31865,97265
1686123000,31835,31915,31765,31870,51766
1686126600,31865,31885,31810,31830,16836
1686130200,31830,31865,31775,31840,18165
1686133800,31835,31925,31835,31880,15701
1686137400,31885,32000,31880,31965,19601
1686141000,31965,31980,31905,31950,14700
1686144600,31950,32095,31935,32025,47659
1686148200,32020,32040,31810,31980,45503
1686151800,31985,32020,31910,31925,20208
1686155400,31930,31990,31890,31910,8823
1686159000,31910,31965,31860,31940,6426
1686162600,31935,31970,31895,31970,7156
1686166200,31965,31970,31830,31865,10274
1686169800,31865,31870,31830,31855,3144
1686184200,31990,32020,31920,31970,8210
1686187800,32010,32020,31840,31870,22641
1686191400,31865,31885,31815,31860,7040
1686195000,31860,31860,31555,31565,39952
1686198600,31560,31610,31415,31610,29016
1686202200,31605,31720,31590,31690,22911
1686209400,31695,31735,31655,31720,39499
1686213000,31720,31740,31680,31685,17277
1686216600,31690,31730,31665,31720,17956
1686220200,31715,31735,31625,31635,24715
1686223800,31635,31685,31615,31650,19615
1686227400,31650,31655,31545,31575,34292
1686231000,31575,31580,31430,31550,79276
1686234600,31550,31675,31525,31670,37458
1686238200,31670,31755,31620,31750,26986
1686241800,31750,31755,31690,31690,15810
1686245400,31690,31750,31665,31750,12795
1686249000,31745,31820,31745,31820,13167
1686252600,31815,31850,31770,31795,13822
1686256200,31795,31825,31775,31825,4320
1686267000,31950,32195,31835,32115,180937
1686270600,32120,32135,31955,32085,124419
1686274200,32085,32175,31975,32065,94096
1686277800,32070,32110,32035,32105,36269
1686281400,32110,32220,32105,32150,83636
1686285000,32150,32190,32110,32180,43555
1686288600,32175,32245,32155,32195,89787
1686295800,32140,32385,32110,32370,84601
1686299400,32365,32425,32300,32395,61696
1686303000,32400,32400,32305,32365,41561
1686306600,32365,32420,32335,32400,23786
1686310200,32400,32445,32380,32415,22418
1686313800,32415,32445,32340,32430,35675
1686317400,32430,32490,32395,32430,58341
1686321000,32435,32445,32305,32305,52879
1686324600,32305,32350,32240,32270,40482
1686328200,32265,32355,32260,32350,18513
1686331800,32350,32400,32340,32360,12319
1686335400,32360,32365,32295,32365,14975
1686339000,32360,32375,32295,32345,14281
1686342600,32345,32345,32260,32260,4254
1686526200,32360,32430,32300,32430,83315
1686529800,32430,32460,32325,32435,94726
1686533400,32430,32465,32410,32425,38592
1686537000,32430,32490,32385,32440,38284
1686540600,32440,32445,32205,32300,98591
1686544200,32305,32405,32295,32395,48216
1686547800,32395,32415,32355,32415,41297
1686555000,32460,32560,32440,32530,58089
1686558600,32530,32585,32485,32575,35390
1686562200,32575,32580,32445,32490,31902
1686565800,32485,32565,32465,32555,22744
1686569400,32555,32570,32505,32515,16329
1686573000,32520,32545,32495,32495,18886
1686576600,32500,32585,32470,32580,50766
1686580200,32580,32585,32530,32550,24152
1686583800,32550,32585,32550,32580,11312
1686587400,32580,32605,32565,32570,8583
1686591000,32570,32605,32565,32585,6786
1686594600,32585,32690,32585,32670,15566
1686598200,32670,32690,32655,32675,10753
1686601800,32675,32685,32655,32665,2140
1686612600,32635,32750,32595,32650,95533
1686616200,32645,32860,32630,32855,109966
1686619800,32850,32940,32815,32870,112584
1686623400,32870,32915,32845,32890,28527
1686627000,32890,33080,32880,32970,113599
1686630600,32970,33020,32915,32965,86487
1686634200,32965,33030,32940,33030,86553
1686641400,33070,33260,33060,33230,94408
1686645000,33230,33275,33175,33200,58050
1686648600,33200,33210,33115,33160,50629
1686652200,33160,33230,33155,33205,28867
1686655800,33200,33240,33165,33180,25954
1686659400,33195,33450,33155,33380,111378
1686663000,33385,33500,33350,33475,99041
1686666600,33475,33540,33425,33515,37519
1686670200,33515,33525,33390,33465,33461
1686673800,33465,33465,33390,33440,16288
1686677400,33440,33465,33375,33390,8848
1686681000,33390,33445,33370,33395,9912
1686684600,33400,33440,33385,33415,8426
1686688200,33420,33435,33405,33415,3577
1686699000,33385,33435,33175,33185,135144
1686702600,33185,33335,33150,33255,127907
1686706200,33250,33350,33175,33250,90072
1686709800,33250,33310,33230,33275,31359
1686713400,33275,33470,33215,33465,114972
1686717000,33470,33615,33425,33585,109879
1686720600,33585,33590,33430,33550,120030
1686727800,33680,33725,33585,33640,58160
1686731400,33635,33695,33615,33670,29345
1686735000,33670,33670,33600,33655,22131
1686738600,33655,33770,33650,33735,40801
1686742200,33730,33735,33520,33585,55549
1686745800,33590,33610,33335,33345,72724
1686749400,33345,33510,33325,33490,81261
1686753000,33490,33540,33430,33475,35131
1686756600,33475,33515,33435,33460,15759
1686760200,33460,33470,33375,33385,12621
1686763800,33390,33415,33210,33305,48599
1686767400,33305,33530,33280,33465,66374
1686771000,33465,33580,33390,33575,26873
1686774600,33575,33600,33560,33600,4887
1686785400,33600,33600,33325,33475,110218
1686789000,33475,33610,33385,33400,126873
1686792600,33400,33565,33375,33550,79403
1686796200,33545,33750,33515,33640,90196
1686799800,33640,33715,33565,33615,105628
1686803400,33615,33630,33520,33545,75869
1686807000,33545,33560,33360,33410,84281
1686814200,33515,33540,33415,33420,49858
1686817800,33420,33455,33105,33210,88799
1686821400,33210,33280,33135,33180,64315
1686825000,33180,33230,33130,33170,44596
1686828600,33165,33260,33165,33220,28985
1686832200,33215,33225,33120,33180,46961
1686835800,33185,33385,33180,33370,75403
1686839400,33370,33420,33290,33415,36552
1686843000,33415,33450,33375,33410,22247
1686846600,33410,33450,33390,33445,9982
1686850200,33445,33470,33420,33450,9641
1686853800,33450,33525,33450,33500,14031
1686857400,33500,33515,33425,33470,13755
1686861000,33470,33475,33445,33450,2435
1686871800,33385,33400,33130,33305,110104
1686875400,33300,33310,33170,33185,80419
1686879000,33190,33285,33155,33250,62443
1686882600,33250,33520,33245,33405,83418
1686886200,33405,33555,33390,33490,93759
1686889800,33490,33635,33475,33630,57183
1686893400,33635,33725,33555,33645,125219
1686900600,33730,33845,33640,33815,66756
1686904200,33815,33895,33790,33880,53923
1686907800,33880,33890,33790,33805,31565
1686911400,33810,33925,33805,33915,35374
1686915000,33915,33950,33890,33925,25613
1686918600,33925,33960,33895,33950,28140
1686922200,33955,33960,33810,33890,78853
1686925800,33890,33895,33740,33795,56610
1686929400,33795,33880,33780,33865,26488
1686933000,33865,33890,33800,33800,14713
1686936600,33800,33820,33775,33805,9422
1686940200,33800,33800,33680,33700,15651
1686943800,33700,33740,33630,33740,18770
1686947400,33740,33745,33690,33700,4347
1687131000,33780,33815,33440,33500,110203
1687134600,33500,33605,33440,33515,84709
1687138200,33510,33660,33500,33655,66421
1687141800,33655,33660,33610,33635,20220
1687145400,33635,33640,33170,33250,180607
1687149000,33250,33305,33205,33225,64767
1687152600,33230,33410,33230,33410,66252
1687159800,33455,33545,33365,33395,61487
1687163400,33395,33450,33380,33445,26567
1687167000,33440,33515,33425,33445,28774
1687170600,33445,33460,33380,33435,17815
1687174200,33435,33440,33375,33380,11731
1687177800,33380,33385,33320,33325,16316
1687181400,33330,33340,33240,33285,23909
1687185000,33285,33335,33270,33315,15575
1687188600,33315,33345,33300,33345,8073
1687192200,33350,33355,33320,33320,2021
1687195800,33320,33330,33310,33315,640
1687199400,33320,33345,33320,33325,718
1687203000,33325,33340,33315,33335,1281
1687206600,33335,33365,33320,33320,2230
1687217400,33330,33340,33145,33245,100586
1687221000,33245,33430,33215,33415,88713
1687224600,33415,33415,33030,33075,141368
1687228200,33075,33170,33060,33065,44266
1687231800,33065,33230,33040,33180,63078
1687235400,33180,33290,33175,33240,51372
1687239000,33240,33345,33225,33340,51322
1687246200,33270,33280,33125,33140,47054
1687249800,33135,33150,33050,33110,41438
1687253400,33110,33190,33105,33115,27708
1687257000,33120,33165,33080,33145,18723
1687260600,33140,33200,33120,33185,15597
1687264200,33185,33205,33145,33150,24552
1687267800,33150,33255,33085,33100,69606
1687271400,33100,33160,33015,33050,46517
1687275000,33055,33145,33055,33130,21572
1687278600,33130,33180,33110,33170,12043
1687282200,33175,33175,33110,33145,7267
1687285800,33145,33170,33110,33155,7774
1687289400,33155,33165,33080,33110,7940
1687293000,33115,33115,33080,33080,2939
1687303800,33060,33310,33050,33290,97443
1687307400,33295,33440,33260,33415,91650
1687311000,33415,33485,33320,33475,88855
1687314600,33480,33495,33425,33480,28776
1687318200,33475,33540,33330,33525,74609
1687321800,33525,33610,33500,33535,64790
1687325400,33535,33575,33485,33570,70878
1687332600,33585,33720,33565,33670,54304
1687336200,33675,33740,33645,33740,28745
1687339800,33740,33740,33665,33710,26807
1687343400,33710,33710,33620,33665,19699
1687347000,33665,33680,33575,33605,25869
1687350600,33610,33625,33545,33610,30069
1687354200,33610,33660,33575,33620,41654
1687357800,33620,33630,33475,33540,48031
1687361400,33535,33585,33525,33555,21022
1687365000,33560,33580,33495,33510,12744
1687368600,33510,33625,33505,33620,12301
1687372200,33620,33630,33575,33580,8634
1687375800,33585,33605,33530,33550,13811
1687379400,33550,33560,33520,33520,2904
1687390200,33420,33595,33360,33560,100919
1687393800,33555,33580,33420,33440,87901
1687397400,33435,33495,33375,33490,58716
1687401000,33490,33515,33470,33475,19672
1687404600,33480,33515,33280,33300,59217
1687408200,33305,33405,33255,33265,79132
1687411800,33265,33305,33170,33170,86673
1687419000,33150,33265,33105,33240,53173
1687422600,33245,33265,33185,33190,24405
1687426200,33185,33230,33175,33200,15382
1687429800,33200,33210,33120,33180,23787
1687433400,33180,33255,33170,33190,22633
1687437000,33190,33290,33180,33240,27181
1687440600,33240,33410,33225,33395,57220
1687444200,33400,33415,33310,33380,39217
1687447800,33380,33420,33350,33395,21694
1687451400,33400,33435,33370,33380,14317
1687455000,33380,33420,33370,33415,8324
1687458600,33415,33490,33410,33430,12999
1687462200,33435,33470,33420,33440,7938
1687465800,33435,33455,33435,33445,2672
1687476600,33450,33515,33320,33335,89717
1687480200,33335,33345,33035,33045,161581
1687483800,33050,33050,32640,32700,245223
1687487400,32700,32740,32615,32655,63231
1687491000,32650,32730,32520,32525,114109
1687494600,32525,32660,32520,32595,80851
1687498200,32600,32760,32595,32670,89527
1687505400,32680,32740,32530,32640,80967
1687509000,32640,32695,32560,32570,34462
1687512600,32570,32655,32560,32610,22316
1687516200,32610,32610,32560,32595,14631
1687519800,32595,32600,32450,32470,31190
1687523400,32475,32475,32345,32375,58106
1687527000,32375,32620,32370,32605,74310
1687530600,32605,32655,32530,32560,47063
1687534200,32560,32705,32555,32695,29861
1687537800,32695,32725,32630,32700,19684
1687541400,32705,32710,32590,32615,14927
1687545000,32610,32635,32540,32600,17648
1687548600,32600,32655,32590,32625,12075
1687552200,32620,32630,32600,32600,3930
1687735800,32575,32675,32330,32665,144155
1687739400,32665,32840,32590,32775,148391
1687743000,32775,32835,32700,32815,81618
1687746600,32810,32870,32775,32775,34329
1687750200,32780,32790,32650,32710,67541
1687753800,32705,32715,32625,32690,53191
1687757400,32695,32760,32620,32650,57988
1687764600,32550,32595,32440,32490,56746
1687768200,32490,32585,32475,32545,29743
1687771800,32550,32620,32540,32540,18643
1687775400,32540,32565,32520,32550,12556
1687779000,32550,32565,32500,32535,15831
1687782600,32530,32550,32475,32515,19065
1687786200,32515,32685,32510,32605,64142
1687789800,32605,32645,32540,32575,37715
1687793400,32575,32640,32565,32605,18617
1687797000,32605,32635,32570,32630,12202
1687800600,32630,32635,32580,32595,7934
1687804200,32590,32655,32590,32630,9062
1687807800,32630,32645,32545,32560,9233
1687811400,32560,32570,32540,32540,2480
1687822200,32500,32640,32440,32450,92388
1687825800,32450,32485,32270,32270,125108
1687829400,32270,32440,32245,32360,116526
1687833000,32365,32380,32285,32300,32147
1687836600,32300,32395,32255,32390,74920
1687840200,32390,32510,32370,32495,62109
1687843800,32495,32575,32435,32570,65687
1687851000,32555,32605,32510,32575,36556
1687854600,32575,32580,32470,32520,22875
1687858200,32515,32525,32475,32515,17871
1687861800,32515,32545,32475,32475,17850
1687865400,32480,32495,32435,32480,20106
1687869000,32480,32530,32475,32515,20299
1687872600,32515,32650,32460,32620,61467
1687876200,32620,32715,32605,32705,49290
1687879800,32705,32730,32685,32715,17266
1687883400,32715,32810,32705,32785,18836
1687887000,32790,32835,32785,32825,11178
1687890600,32830,32840,32780,32810,9989
1687894200,32810,32820,32780,32790,10271
1687897800,32790,32815,32760,32760,3728
1687908600,32680,32840,32640,32750,109155
1687912200,32750,32775,32585,32710,115607
1687915800,32710,32760,32655,32755,79354
1687919400,32760,32975,32755,32930,95166
1687923000,32930,33070,32910,32980,109126
1687926600,32975,33065,32965,33055,45823
1687930200,33055,33135,33025,33135,81800
1687937400,33160,33205,33110,33145,49178
1687941000,33145,33150,33040,33080,32853
1687944600,33080,33155,33060,33155,16685
1687948200,33155,33165,33110,33150,16121
1687951800,33150,33150,33105,33140,13545
1687955400,33140,33145,33085,33100,14021
1687959000,33095,33315,33080,33285,80079
1687962600,33285,33295,33155,33190,46435
1687966200,33190,33320,33190,33275,27145
1687969800,33275,33285,33185,33275,26524
1687973400,33275,33280,33210,33270,10520
1687977000,33270,33275,33190,33215,10885
1687980600,33215,33275,33195,33255,9023
1687984200,33250,33265,33235,33235,2853
1687995000,33305,33445,33240,33415,112990
1687998600,33415,33470,33360,33435,99793
1688002200,33435,33520,33240,33325,153476
1688005800,33330,33405,33270,33295,42671
1688009400,33300,33335,33170,33310,82542
1688013000,33315,33380,33255,33280,57540
1688016600,33280,33310,33160,33180,66625
1688023800,33180,33185,33080,33155,42930
1688027400,33155,33225,33145,33195,23305
1688031000,33195,33260,33185,33240,19382
1688034600,33240,33250,33195,33225,12367
1688038200,33230,33230,33180,33220,12597
1688041800,33220,33295,33140,33160,36385
1688045400,33160,33235,33120,33160,46635
1688049000,33160,33185,33080,33155,30689
1688052600,33155,33180,33130,33175,12974
1688056200,33175,33180,33115,33135,10290
1688059800,33135,33135,33085,33120,8793
1688063400,33125,33160,33100,33155,5694
1688067000,33150,33180,33130,33165,5230
1688070600,33160,33165,33130,33130,2270
1688081400,33070,33115,32895,32950,113209
1688085000,32955,33045,32905,33000,96035
1688088600,33000,33145,32940,33040,109224
1688092200,33045,33070,32980,33015,26548
1688095800,33015,33065,32960,33050,54809
1688099400,33050,33160,33025,33135,55319
1688103000,33135,33220,33130,33190,80376
1688110200,33200,33260,33160,33205,31105
1688113800,33205,33255,33195,33250,19641
1688117400,33245,33280,33230,33270,15654
1688121000,33270,33275,33225,33235,11428
1688124600,33235,33290,33230,33265,14662
1688128200,33260,33355,33255,33335,30083
1688131800,33330,33455,33315,33430,42074
1688135400,33430,33495,33400,33460,34089
1688139000,33460,33480,33425,33480,16145
1688142600,33480,33495,33460,33475,7330
1688146200,33470,33480,33455,33475,4394
1688149800,33480,33480,33440,33460,7255
1688153400,33460,33465,33405,33405,10148
1688157000,33410,33425,33400,33420,4204
1688340600,33470,33635,33460,33520,113594
1688344200,33520,33685,33515,33660,90050
1688347800,33660,33725,33585,33655,101903
1688351400,33655,33675,33620,33660,38996
1688355000,33655,33745,33620,33715,63456
1688358600,33710,33745,33700,33725,39173
1688362200,33720,33740,33650,33650,67210
1688369400,33720,33810,33675,33710,55229
1688373000,33705,33725,33675,33685,19079
1688376600,33685,33695,33590,33690,34883
1688380200,33690,33715,33675,33700,17275
1688383800,33700,33710,33660,33685,13857
1688387400,33690,33700,33630,33665,22253
1688391000,33660,33705,33585,33620,49670
1688394600,33625,33640,33550,33590,36048
1688398200,33590,33675,33570,33655,18393
1688401800,33660,33675,33605,33640,9191
1688405400,33640,33640,33610,33615,1493
1688409000,33610,33615,33600,33615,1544
1688412600,33615,33625,33610,33615,1295
1688416200,33615,33630,33600,33600,2999
1688427000,33530,33545,33405,33455,132800
1688430600,33455,33490,33365,33380,113050
1688434200,33385,33420,33315,33410,85442
1688437800,33405,33430,33350,33385,29038
1688441400,33385,33485,33385,33410,62254
1688445000,33410,33455,33390,33400,39460
1688448600,33405,33440,33305,33325,58483
1688455800,33320,33355,33220,33275,36490
1688459400,33275,33280,33215,33245,21911
1688463000,33250,33270,33220,33255,12652
1688466600,33255,33260,33190,33215,15542
1688470200,33215,33245,33215,33240,9266
1688473800,33235,33255,33230,33235,7928
1688477400,33240,33240,33190,33205,14200
1688481000,33200,33210,33185,33190,7129
1688484600,33190,33200,33155,33170,8660
1688488200,33170,33200,33170,33175,3349
1688491800,33175,33185,33170,33175,683
1688495400,33175,33180,33170,33170,543
1688499000,33170,33190,33160,33180,1352
1688502600,33180,33185,33165,33165,1698
1688513400,33170,33240,33010,33235,135052
1688517000,33230,33370,33210,33345,141501
1688520600,33340,33360,33185,33265,92307
1688524200,33260,33315,33260,33295,34461
1688527800,33295,33360,33225,33255,72792
1688531400,33255,33290,33225,33285,44020
1688535000,33285,33320,33270,33320,43454
1688542200,33230,33240,33105,33115,51391
1688545800,33115,33130,33040,33040,35062
1688549400,33040,33070,33010,33065,27530
1688553000,33065,33075,32960,32985,29797
1688556600,32990,33105,32980,33080,25593
1688560200,33085,33095,33030,33090,18332
1688563800,33085,33095,33005,33065,48195
1688567400,33065,33110,33060,33100,25904
1688571000,33105,33135,33055,33075,16799
1688574600,33080,33095,33045,33075,9720
1688578200,33075,33120,33065,33070,9288
1688581800,33075,33135,33070,33135,7365
1688585400,33135,33135,33085,33100,8144
1688589000,33100,33100,33080,33085,2580
1688599800,33015,33030,32825,32975,135710
1688603400,32970,33045,32855,32915,109019
1688607000,32910,32995,32885,32900,74482
1688610600,32900,32945,32655,32725,80678
1688614200,32730,32810,32610,32705,161739
1688617800,32705,32795,32695,32750,62323
1688621400,32745,32790,32680,32730,83423
1688628600,32600,32715,32565,32680,65634
1688632200,32680,32705,32610,32665,27137
1688635800,32660,32720,32630,32655,22867
1688639400,32655,32675,32630,32670,14357
1688643000,32670,32670,32575,32630,25745
1688646600,32630,32645,32490,32520,42707
1688650200,32515,32535,32370,32380,72793
1688653800,32380,32400,32220,32300,66896
1688657400,32305,32390,32290,32385,35927
1688661000,32385,32465,32370,32445,17812
1688664600,32445,32495,32430,32445,12137
1688668200,32450,32500,32450,32450,10718
1688671800,32450,32485,32410,32425,13415
1688675400,32425,32425,32375,32375,4144
1688686200,32340,32475,32300,32455,128391
1688689800,32455,32695,32435,32575,162392
1688693400,32575,32620,32520,32590,89977
1688697000,32595,32665,32580,32660,38558
1688700600,32660,32710,32570,32575,71026
1688704200,32575,32640,32540,32580,58891
1688707800,32575,32590,32370,32430,119510
1688715000,32295,32330,32200,32295,73960
1688718600,32295,32370,32265,32350,36453
1688722200,32345,32360,32310,32330,20854
1688725800,32330,32395,32330,32375,15959
1688729400,32380,32405,32340,32355,16095
1688733000,32355,32465,32310,32315,65180
1688736600,32315,32410,32280,32345,47664
1688740200,32340,32480,32305,32465,28047
1688743800,32465,32590,32460,32575,24034
1688747400,32575,32665,32575,32660,20760
1688751000,32660,32660,32575,32605,12375
1688754600,32605,32605,32520,32525,7200
1688758200,32520,32540,32435,32435,14816
1688761800,32430,32430,32380,32380,4113
1688945400,32380,32550,32295,32385,116072
1688949000,32385,32490,32220,32295,132239
1688952600,32290,32335,32055,32155,157134
1688956200,32160,32245,32125,32155,47476
1688959800,32150,32200,32035,32200,91824
1688963400,32195,32385,32175,32295,123813
1688967000,32295,32300,32120,32140,110451
1688974200,32100,32325,32095,32315,67809
1688977800,32315,32325,32270,32285,25773
1688981400,32290,32310,32240,32290,19850
1688985000,32290,32305,32250,32265,17019
1688988600,32260,32320,32250,32315,17177
1688992200,32315,32365,32200,32220,30605
1688995800,32220,32320,32200,32285,57198
1688999400,32285,32300,32210,32235,26051
1689003000,32230,32260,32195,32235,17305
1689006600,32235,32270,32220,32260,9193
1689010200,32265,32290,32235,32285,11362
1689013800,32285,32290,32240,32255,6556
1689017400,32250,32310,32245,32305,7633
1689021000,32305,32325,32300,32310,2887
1689031800,32360,32465,32260,32310,108746
1689035400,32305,32455,32275,32375,103595
1689039000,32380,32380,32235,32255,81120
1689042600,32260,32280,32210,32265,41468
1689046200,32265,32320,32135,32165,85906
1689049800,32160,32215,32055,32165,73486
1689053400,32165,32280,32165,32240,67010
1689060600,32200,32225,32080,32105,56406
1689064200,32105,32120,32040,32115,33096
1689067800,32120,32145,32060,32060,24457
1689071400,32060,32110,32050,32090,14649
1689075000,32090,32140,32080,32135,12455
1689078600,32140,32185,32135,32165,25405
1689082200,32170,32225,32135,32190,50534
1689085800,32190,32235,32175,32195,23447
1689089400,32200,32240,32170,32190,17652
1689093000,32190,32220,32185,32215,10792
1689096600,32210,32225,32160,32185,8570
1689100200,32185,32260,32170,32255,10965
1689103800,32255,32300,32240,32300,12765
1689107400,32295,32320,32290,32320,2860
1689118200,32360,32370,32005,32090,127904
1689121800,32090,32090,31765,31830,191223
1689125400,31830,31965,31780,31935,108427
1689129000,31935,31990,31900,31935,42707
1689132600,31935,32040,31900,32025,84935
1689136200,32025,32035,31940,31985,47099
1689139800,31985,31995,31845,31940,70365
1689147000,31940,31985,31885,31935,45877
1689150600,31935,31955,31865,31890,28839
1689154200,31895,31920,31875,31895,16577
1689157800,31895,31895,31805,31850,23677
1689161400,31850,31865,31825,31855,19671
1689165000,31855,32135,31845,32085,85063
1689168600,32085,32160,32020,32155,63382
1689172200,32160,32260,32150,32235,48731
1689175800,32235,32245,31985,32025,54359
1689179400,32025,32090,32020,32085,20335
1689183000,32085,32100,32040,32090,10698
1689186600,32095,32105,31995,32020,10143
1689190200,32025,32060,31990,32035,14083
1689193800,32035,32040,32010,32025,3225
1689204600,32170,32180,31925,32050,104197
1689208200,32055,32310,32045,32275,134374
1689211800,32275,32345,32250,32330,78001
1689215400,32335,32420,32290,32400,40827
1689219000,32400,32475,32365,32415,68560
1689222600,32410,32420,32350,32390,51207
1689226200,32390,32550,32360,32530,86428
1689233400,32530,32715,32500,32695,58310
1689237000,32695,32775,32670,32765,39502
1689240600,32765,32765,32680,32715,22721
1689244200,32720,32760,32695,32715,18006
1689247800,32715,32775,32710,32745,20631
1689251400,32740,32800,32725,32760,32980
1689255000,32765,32805,32710,32740,39154
1689258600,32740,32760,32675,32710,24856
1689262200,32710,32735,32685,32690,13053
1689265800,32690,32750,32680,32745,11194
1689269400,32745,32755,32710,32730,5743
1689273000,32730,32760,32725,32745,5776
1689276600,32745,32780,32700,32715,12571
1689280200,32710,32755,32705,32750,3734
1689291000,32800,32850,32250,32330,214812
1689294600,32330,32470,32215,32310,169689
1689298200,32310,32485,32200,32475,121719
1689301800,32470,32570,32440,32535,57167
1689305400,32540,32615,32440,32520,104440
1689309000,32515,32520,32390,32430,66360
1689312600,32430,32460,32340,32340,62501
1689319800,32350,32350,32230,32265,43707
1689323400,32260,32340,32255,32315,23680
1689327000,32310,32430,32305,32405,31242
1689330600,32405,32450,32365,32400,25622
1689334200,32400,32440,32380,32435,17929
1689337800,32440,32475,32415,32460,21210
1689341400,32465,32475,32370,32380,41559
1689345000,32380,32425,32260,32420,47076
1689348600,32420,32435,32325,32330,20837
1689352200,32330,32365,32285,32360,15249
1689355800,32360,32400,32345,32350,8769
1689359400,32350,32370,32315,32350,9899
1689363000,32350,32350,32285,32335,9869
1689366600,32335,32340,32315,32320,2988
1689550200,32250,32290,32155,32190,22470
1689553800,32190,32265,32170,32250,20198
1689557400,32250,32255,32185,32190,14691
1689561000,32190,32200,32160,32185,11344
1689564600,32190,32235,32160,32225,9818
1689568200,32225,32255,32210,32230,10717
1689571800,32230,32235,32195,32195,9125
1689579000,32250,32295,32240,32245,15926
1689582600,32245,32250,32190,32225,14031
1689586200,32225,32225,32085,32135,22594
1689589800,32130,32160,32125,32145,8674
1689593400,32145,32185,32125,32170,9157
1689597000,32170,32285,32170,32275,20669
1689600600,32280,32420,32280,32390,43844
1689604200,32385,32410,32350,32360,14710
1689607800,32360,32375,32310,32355,10813
1689611400,32350,32355,32305,32320,5323
1689615000,32320,32340,32305,32335,5374
1689618600,32340,32375,32305,32370,6681
1689622200,32370,32375,32320,32350,6867
1689625800,32350,32360,32325,32360,3478
1689636600,32390,32695,32370,32630,117812
1689640200,32625,32680,32570,32635,85133
1689643800,32630,32630,32390,32395,96968
1689647400,32395,32415,32330,32380,33417
1689651000,32380,32435,32305,32420,63299
1689654600,32420,32455,32345,32385,43771
1689658200,32385,32495,32375,32375,43574
1689665400,32360,32410,32320,32400,35677
1689669000,32400,32460,32390,32435,24294
1689672600,32435,32480,32430,32445,14875
1689676200,32450,32450,32420,32435,10972
1689679800,32435,32435,32390,32420,12592
1689683400,32420,32445,32370,32425,25778
1689687000,32425,32615,32335,32595,87820
1689690600,32595,32690,32565,32675,38647
1689694200,32675,32710,32655,32685,29934
1689697800,32685,32715,32670,32685,13064
1689701400,32685,32725,32675,32725,9191
1689705000,32730,32805,32710,32780,16183
1689708600,32780,32785,32710,32735,12279
1689712200,32735,32745,32715,32735,2684
1689723000,32835,32870,32710,32725,107182
1689726600,32725,32860,32640,32835,108172
1689730200,32830,32835,32740,32785,65477
1689733800,32785,32800,32695,32710,27402
1689737400,32715,32760,32655,32735,53569
1689741000,32735,32775,32715,32715,33312
1689744600,32715,32980,32710,32980,81748
1689751800,33035,33050,32915,32965,50119
1689755400,32965,33040,32955,33035,22149
1689759000,33035,33035,32970,32985,16714
1689762600,32985,33025,32980,33015,12254
1689766200,33015,33015,32940,32945,13611
1689769800,32945,32980,32935,32965,15764
1689773400,32970,32990,32905,32905,31880
1689777000,32905,32920,32820,32885,43449
1689780600,32890,32940,32840,32845,21112
1689784200,32845,32870,32820,32850,14538
1689787800,32845,32850,32790,32825,10829
1689791400,32825,32895,32825,32875,9409
1689795000,32875,32890,32855,32880,12677
1689798600,32880,32900,32855,32855,3554
1689809400,32785,32840,32690,32755,98092
1689813000,32750,32765,32590,32655,84784
1689816600,32655,32705,32480,32495,89348
1689820200,32495,32525,32455,32495,42593
1689823800,32500,32565,32480,32500,59154
1689827400,32505,32535,32460,32495,34279
1689831000,32495,32510,32415,32415,57643
1689838200,32360,32445,32320,32425,44733
1689841800,32425,32435,32340,32355,21331
1689845400,32355,32390,32330,32370,18349
1689849000,32370,32380,32330,32335,14640
1689852600,32335,32385,32330,32360,11995
1689856200,32360,32395,32340,32380,17666
1689859800,32380,32470,32375,32400,58403
1689863400,32400,32495,32380,32480,33776
1689867000,32475,32500,32430,32455,20284
1689870600,32455,32475,32410,32430,16568
1689874200,32425,32445,32335,32335,12841
1689877800,32335,32365,32235,32240,24687
1689881400,32240,32340,32240,32335,15208
1689885000,32335,32340,32305,32305,2790
1689895800,32260,32300,32050,32190,128865
1689899400,32190,32360,32160,32325,105088
1689903000,32325,32410,32275,32400,79780
1689906600,32395,32465,32370,32425,31939
1689910200,32420,32440,32315,32365,48299
1689913800,32365,32385,32240,32265,41602
1689917400,32260,32310,32245,32280,41993
1689924600,32350,32670,32345,32665,124963
1689928200,32670,32760,32650,32680,61760
1689931800,32680,32700,32645,32685,21212
1689935400,32690,32690,32655,32665,9977
1689939000,32665,32690,32645,32670,15822
1689942600,32675,32755,32645,32720,26415
1689946200,32720,32750,32645,32650,50995
1689949800,32650,32740,32645,32710,32478
1689953400,32715,32745,32665,32665,21284
1689957000,32665,32710,32650,32705,11899
1689960600,32705,32730,32690,32705,8665
1689964200,32705,32720,32640,32670,12235
1689967800,32670,32695,32650,32680,9987
1689971400,32680,32700,32675,32700,2630
1690155000,32650,32685,32530,32650,92784
1690158600,32650,32745,32620,32700,90712
1690162200,32695,32710,32595,32680,69134
1690165800,32680,32820,32675,32780,56101
1690169400,32780,32785,32680,32680,48741
1690173000,32685,32735,32655,32665,37991
1690176600,32670,32685,32610,32610,53612
1690183800,32640,32680,32585,32670,32849
1690187400,32675,32695,32630,32670,20869
1690191000,32670,32680,32595,32605,16416
1690194600,32605,32630,32565,32615,21049
1690198200,32615,32620,32550,32590,13567
1690201800,32585,32595,32570,32595,8009
1690205400,32595,32615,32485,32585,47867
1690209000,32590,32705,32575,32680,25171
1690212600,32680,32730,32645,32730,12977
1690216200,32730,32750,32720,32745,10472
1690219800,32745,32760,32725,32750,6271
1690223400,32750,32750,32675,32675,6245
1690227000,32675,32735,32675,32730,6895
1690230600,32730,32740,32720,32740,2990
1690241400,32720,32730,32560,32580,90807
1690245000,32575,32625,32535,32610,70428
1690248600,32605,32645,32550,32585,64236
1690252200,32580,32620,32555,32580,18987
1690255800,32575,32585,32490,32565,46278
1690259400,32570,32600,32560,32590,27814
1690263000,32595,32655,32590,32640,45515
1690270200,32590,32640,32570,32625,24868
1690273800,32625,32635,32605,32625,12152
1690277400,32620,32635,32580,32610,10059
1690281000,32610,32670,32600,32660,12031
1690284600,32660,32665,32595,32600,11800
1690288200,32600,32610,32555,32575,14233
1690291800,32580,32625,32570,32615,21517
1690295400,32615,32625,32560,32575,14376
1690299000,32575,32590,32545,32560,11673
1690302600,32560,32625,32550,32620,12396
1690306200,32620,32650,32615,32650,6573
1690309800,32650,32660,32600,32600,7277
1690313400,32600,32620,32580,32620,10711
1690317000,32620,32630,32610,32625,2677
1690327800,32610,32710,32460,32505,105900
1690331400,32505,32635,32465,32625,86658
1690335000,32625,32690,32570,32645,62845
1690338600,32640,32695,32635,32660,26147
1690342200,32660,32680,32615,32680,29636
1690345800,32675,32690,32615,32650,30847
1690349400,32650,32675,32595,32600,43586
1690356600,32570,32615,32545,32555,26180
1690360200,32555,32555,32505,32505,18400
1690363800,32510,32530,32475,32495,19235
1690367400,32495,32510,32475,32490,11810
1690371000,32495,32505,32475,32490,12209
1690374600,32485,32490,32410,32430,21735
1690378200,32425,32480,32385,32475,34754
1690381800,32480,32490,32410,32450,18136
1690385400,32450,32520,32445,32505,13618
1690389000,32510,32565,32505,32545,11139
1690392600,32545,32565,32500,32550,13463
1690396200,32545,32630,32440,32510,40721
1690399800,32505,32555,32485,32530,15297
1690403400,32530,32535,32505,32510,3498
1690414200,32490,32665,32430,32635,102069
1690417800,32630,32745,32615,32670,87381
1690421400,32675,32710,32610,32705,60175
1690425000,32710,32790,32700,32750,39886
1690428600,32750,32925,32740,32895,80811
1690432200,32895,32910,32850,32900,45760
1690435800,32900,32940,32870,32920,55084
1690443000,32930,33000,32915,32985,38960
1690446600,32980,33035,32955,33025,21730
1690450200,33025,33060,33025,33050,18073
1690453800,33050,33060,33030,33050,11992
1690457400,33050,33100,33050,33075,22351
1690461000,33070,33130,33060,33095,28467
1690464600,33100,33180,33090,33125,38411
1690468200,33130,33205,33120,33145,25935
1690471800,33145,33215,33145,33215,12019
1690475400,33210,33220,32780,32810,63552
1690479000,32810,32835,32680,32680,34151
1690482600,32680,32695,32540,32555,31402
1690486200,32555,32570,32415,32560,31985
1690489800,32560,32590,32545,32575,4361
1690500600,32490,32500,32295,32375,157942
1690504200,32375,32455,32310,32440,116061
1690507800,32445,32485,32375,32425,67477
1690511400,32420,32835,32315,32535,48683
1690515000,32540,32835,32000,32145,385019
1690518600,32145,32410,32110,32390,156622
1690522200,32390,32815,32380,32765,193109
1690529400,32680,32810,32620,32635,67084
1690533000,32635,32655,32550,32625,42707
1690536600,32625,32665,32605,32660,19545
1690540200,32660,32705,32620,32675,17316
1690543800,32680,32785,32660,32755,23984
1690547400,32765,32995,32755,32960,63348
1690551000,32960,33130,32885,33025,80535
1690554600,33025,33120,32990,33100,34951
1690558200,33095,33120,33060,33115,23546
1690561800,33115,33130,33030,33045,10959
1690565400,33040,33140,33025,33125,14074
1690569000,33130,33130,33090,33095,10451
1690572600,33095,33120,33070,33105,10924
1690576200,33105,33110,33095,33110,2927
1690759800,33095,33190,32985,33145,139583
1690763400,33145,33390,33145,33335,150086
1690767000,33340,33390,33230,33245,113524
1690770600,33245,33305,33200,33220,47430
1690774200,33215,33215,33045,33070,115178
1690777800,33070,33160,33010,33135,90554
1690781400,33130,33265,33130,33260,80810
1690788600,33290,33305,33235,33260,36646
1690792200,33260,33330,33260,33295,23446
1690795800,33295,33320,33275,33295,13405
1690799400,33295,33315,33285,33315,9608
1690803000,33315,33355,33295,33350,14942
1690806600,33345,33360,33305,33310,14272
1690810200,33310,33350,33265,33310,36558
1690813800,33310,33360,33265,33350,22149
1690817400,33350,33350,33295,33305,14034
1690821000,33305,33310,33270,33300,8650
1690824600,33300,33330,33295,33305,5208
1690828200,33310,33320,33240,33260,12758
1690831800,33260,33285,33235,33280,8394
1690835400,33280,33290,33270,33285,2097
1690846200,33280,33320,33190,33295,89267
1690849800,33290,33340,33210,33310,71044
1690853400,33315,33425,33290,33400,72531
1690857000,33405,33410,33320,33345,33527
1690860600,33350,33400,33290,33395,62472
1690864200,33395,33470,33365,33455,80790
1690867800,33455,33470,33400,33405,51492
1690875000,33390,33400,33315,33325,33188
1690878600,33325,33355,33300,33320,25675
1690882200,33325,33325,33260,33300,23925
1690885800,33300,33340,33285,33315,15214
1690889400,33315,33320,33280,33280,11603
1690893000,33280,33310,33260,33270,15917
1690896600,33275,33320,33195,33225,53303
1690900200,33220,33280,33145,33180,38390
1690903800,33185,33215,33150,33210,19886
1690907400,33205,33255,33185,33250,9597
1690911000,33250,33270,33200,33205,6334
1690914600,33210,33225,33200,33215,4668
1690918200,33215,33220,33170,33185,7743
1690921800,33190,33210,33185,33195,2572
1690932600,33075,33130,32925,33010,145609
1690936200,33010,33105,32970,33075,108421
1690939800,33070,33080,32790,32830,123995
1690943400,32830,32830,32690,32755,99509
1690947000,32755,32820,32740,32790,72645
1690950600,32790,32800,32605,32695,93881
1690954200,32700,32755,32585,32610,101251
1690961400,32550,32630,32385,32420,83141
1690965000,32420,32465,32315,32440,66036
1690968600,32440,32505,32425,32495,26644
1690972200,32495,32595,32480,32575,27535
1690975800,32575,32610,32545,32560,24737
1690979400,32560,32565,32505,32550,26709
1690983000,32545,32630,32400,32440,87070
1690986600,32440,32475,32340,32385,50887
1690990200,32385,32445,32285,32315,46409
1690993800,32315,32365,32310,32350,17391
1690997400,32345,32385,32315,32350,13931
1691001000,32350,32370,32300,32310,15166
1691004600,32310,32365,32300,32315,16375
1691008200,32310,32315,32245,32245,6543
1691019000,32340,32430,32210,32285,144211
1691022600,32285,32360,32155,32355,141464
1691026200,32350,32420,32215,32220,95264
1691029800,32220,32240,32085,32185,64111
1691033400,32190,32365,32145,32265,90606
1691037000,32270,32320,32185,32285,81001
1691040600,32285,32285,32120,32180,85720
1691047800,32010,32010,31710,31815,137189
1691051400,31815,31820,31660,31745,72062
1691055000,31750,31815,31720,31805,35646
1691058600,31805,31835,31760,31790,24062
1691062200,31790,31820,31740,31760,17660
1691065800,31760,31790,31720,31740,28820
1691069400,31740,31850,31695,31700,63807
1691073000,31700,31825,31700,31815,36002
1691076600,31820,31930,31805,31925,30572
1691080200,31925,31980,31910,31955,21150
1691083800,31960,31970,31880,31935,11743
1691087400,31935,31960,31885,31920,12443
1691091000,31920,32000,31905,31990,13755
1691094600,31985,32025,31890,31900,6560
1691105400,31940,32060,31900,32035,111593
1691109000,32035,32280,32010,32135,131150
1691112600,32135,32215,32045,32120,89245
1691116200,32115,32190,32050,32165,40453
1691119800,32165,32210,32125,32130,52765
1691123400,32130,32150,32090,32110,39706
1691127000,32110,32180,32075,32145,47101
1691134200,32110,32240,32075,32175,37366
1691137800,32175,32210,32155,32200,14766
1691141400,32205,32205,32130,32140,13709
1691145000,32145,32155,32020,32035,20076
1691148600,32035,32050,31925,32005,31184
1691152200,32015,32110,31935,32045,56247
1691155800,32045,32170,31990,32105,71994
1691159400,32105,32205,32100,32200,34683
1691163000,32205,32265,32155,32260,20349
1691166600,32260,32290,32220,32240,17040
1691170200,32235,32245,32005,32010,27230
1691173800,32010,32030,31965,31995,25864
1691177400,31995,32005,31940,31950,15165
1691181000,31945,31950,31920,31920,4700
1691364600,31890,31955,31790,31905,110805
1691368200,31910,32105,31860,32050,99391
1691371800,32050,32175,32020,32175,67866
1691375400,32175,32215,32135,32200,31239
1691379000,32200,32220,32120,32180,49183
1691382600,32180,32265,32160,32210,55819
1691386200,32205,32320,32160,32320,55522
1691393400,32330,32350,32285,32290,31237
1691397000,32290,32300,32205,32225,27556
1691400600,32225,32270,32205,32210,13703
1691404200,32210,32270,32205,32260,13591
1691407800,32260,32275,32230,32250,12961
1691411400,32250,32325,32240,32300,18000
1691415000,32300,32325,32220,32320,41431
1691418600,32325,32360,32300,32345,32681
1691422200,32345,32400,32310,32380,18224
1691425800,32380,32395,32360,32370,7738
1691429400,32370,32400,32345,32355,7870
1691433000,32355,32400,32355,32370,6019
1691436600,32370,32430,32365,32420,8625
1691440200,32420,32430,32410,32410,2184
1691451000,32395,32450,32330,32395,97509
1691454600,32390,32525,32330,32340,113470
1691458200,32340,32385,32215,32340,90523
1691461800,32335,32390,32335,32355,32233
1691465400,32355,32380,32295,32315,35705
1691469000,32320,32390,32295,32390,39813
1691472600,32390,32410,32290,32290,48972
1691479800,32275,32315,32205,32230,38372
1691483400,32230,32290,32205,32225,24146
1691487000,32225,32250,32190,32205,20554
1691490600,32205,32225,32145,32160,20842
1691494200,32155,32200,32130,32190,22967
1691497800,32185,32230,32175,32220,22699
1691501400,32220,32230,32085,32140,59152
1691505000,32140,32180,32100,32175,26540
1691508600,32175,32210,32130,32185,14279
1691512200,32185,32240,32175,32215,10475
1691515800,32220,32270,32190,32255,11287
1691519400,32255,32320,32250,32310,14377
1691523000,32315,32320,32280,32300,8583
1691526600,32295,32300,32290,32300,2122
1691537400,32220,32360,32180,32275,97973
1691541000,32280,32395,32220,32340,86332
1691544600,32340,32375,32220,32220,58897
1691548200,32225,32245,32180,32185,34426
1691551800,32190,32210,32155,32195,48823
1691555400,32200,32270,32185,32240,37995
1691559000,32240,32265,32185,32220,35981
1691566200,32275,32330,32265,32325,28782
1691569800,32325,32345,32295,32305,14490
1691573400,32305,32305,32260,32305,12223
1691577000,32305,32305,32240,32245,11214
1691580600,32245,32295,32240,32255,13167
1691584200,32250,32265,32215,32220,15308
1691587800,32215,32245,32175,32230,35094
1691591400,32230,32270,32060,32075,36802
1691595000,32070,32120,32050,32105,25654
1691598600,32100,32180,32100,32175,12249
1691602200,32175,32250,32170,32235,10727
1691605800,32240,32255,32185,32205,9965
1691609400,32210,32210,32100,32145,12470
1691613000,32145,32175,32135,32165,2689
1691623800,32140,32165,32010,32105,101324
1691627400,32100,32255,32080,32245,82349
1691631000,32245,32340,32180,32325,74121
1691634600,32330,32370,32290,32360,34629
1691638200,32360,32420,32325,32385,51899
1691641800,32385,32445,32345,32430,49574
1691645400,32430,32560,32420,32560,64467
1691652600,32570,32595,32505,32535,32759
1691656200,32535,32565,32515,32525,13532
1691659800,32520,32540,32495,32500,12377
1691663400,32500,32545,32490,32525,9400
1691667000,32520,32540,32495,32535,14579
1691670600,32525,32680,32465,32655,78274
1691674200,32650,32815,32645,32760,70911
1691677800,32760,32790,32665,32710,54105
1691681400,32710,32730,32605,32640,36723
1691685000,32635,32675,32515,32555,34250
1691688600,32550,32590,32500,32555,27101
1691692200,32555,32600,32510,32520,18626
1691695800,32520,32535,32495,32520,13907
1691699400,32520,32530,32510,32520,2342
1691710200,32550,32660,32545,32650,25008
1691713800,32650,32705,32625,32695,32795
1691717400,32690,32700,32655,32670,16853
1691721000,32675,32695,32630,32645,11651
1691724600,32645,32645,32585,32595,12708
1691728200,32590,32605,32570,32600,13760
1691731800,32600,32650,32590,32620,13558
1691739000,32650,32660,32540,32565,21599
1691742600,32565,32585,32530,32570,11721
1691746200,32570,32595,32530,32565,14296
1691749800,32570,32590,32550,32585,8514
1691753400,32580,32585,32550,32560,8145
1691757000,32560,32565,32475,32525,29130
1691760600,32525,32600,32475,32560,42638
1691764200,32565,32600,32440,32450,31934
1691767800,32450,32505,32435,32480,18205
1691771400,32485,32500,32450,32495,9727
1691775000,32495,32500,32450,32485,9042
1691778600,32485,32495,32445,32470,10030
1691782200,32465,32485,32430,32480,7438
1691785800,32475,32475,32450,32450,2086
1691969400,32470,32600,32390,32595,88830
1691973000,32595,32600,32275,32325,140259
1691976600,32320,32340,32135,32140,112980
1691980200,32145,32170,32090,32120,53568
1691983800,32120,32150,32035,32070,73065
1691987400,32070,32085,32015,32035,52885
1691991000,32030,32115,32010,32090,69884
1691998200,32190,32265,32125,32180,58857
1692001800,32180,32220,32160,32205,24182
1692005400,32210,32220,32160,32170,19002
1692009000,32170,32200,32160,32170,11465
1692012600,32170,32180,32090,32110,20676
1692016200,32105,32125,32080,32095,18157
1692019800,32090,32185,32065,32150,41038
1692023400,32155,32255,32150,32225,28540
1692027000,32225,32250,32170,32185,19262
1692030600,32185,32250,32175,32230,8760
1692034200,32235,32240,32190,32210,7258
1692037800,32210,32250,32190,32235,7846
1692041400,32235,32300,32235,32290,9131
1692045000,32290,32305,32280,32290,4283
1692055800,32340,32390,32290,32335,90446
1692059400,32330,32370,32240,32300,85543
1692063000,32305,32345,32210,32300,80591
1692066600,32295,32355,32290,32320,25727
1692070200,32325,32365,32280,32310,38768
1692073800,32310,32325,32240,32265,33039
1692077400,32265,32265,32200,32245,48697
1692084600,32150,32155,32050,32055,53105
1692088200,32055,32110,32035,32060,27307
1692091800,32060,32070,31965,31970,31130
1692095400,31970,32040,31955,32040,26130
1692099000,32035,32040,31985,32025,19024
1692102600,32020,32100,31990,32085,26791
1692106200,32090,32100,31945,31965,46127
1692109800,31965,31995,31910,31975,31073
1692113400,31970,32005,31945,31965,16424
1692117000,31965,31970,31925,31965,9927
1692120600,31965,31970,31930,31950,5580
1692124200,31950,31985,31890,31890,10224
1692127800,31890,31955,31880,31925,10393
1692131400,31930,31935,31900,31900,2529
1692142200,31920,31985,31835,31940,103542
1692145800,31940,31965,31750,31885,119645
1692149400,31880,31925,31815,31885,77348
1692153000,31890,31950,31845,31915,35338
1692156600,31915,31935,31815,31825,45508
1692160200,31830,31845,31760,31815,51998
1692163800,31820,31840,31700,31730,57633
1692171000,31800,31895,31795,31890,37137
1692174600,31890,31905,31815,31820,23772
1692178200,31825,31845,31775,31800,18410
1692181800,31805,31820,31770,31800,14278
1692185400,31805,31840,31790,31795,13988
1692189000,31795,31815,31740,31755,22495
1692192600,31755,31855,31755,31785,43313
1692196200,31785,31860,31775,31805,23880
1692199800,31805,31820,31745,31760,16221
1692203400,31760,31780,31685,31735,16014
1692207000,31735,31795,31700,31785,16173
1692210600,31785,31810,31670,31690,18980
1692214200,31690,31715,31660,31665,12736
1692217800,31660,31660,31625,31655,5489
1692228600,31600,31635,31420,31425,102164
1692232200,31425,31495,31290,31320,112150
1692235800,31315,31480,31285,31465,94242
1692239400,31465,31560,31455,31555,57725
1692243000,31560,31690,31540,31640,90473
1692246600,31640,31660,31560,31585,64110
1692250200,31585,31670,31510,31670,70047
1692257400,31660,31735,31640,31700,39897
1692261000,31700,31760,31690,31700,23229
1692264600,31700,31775,31695,31755,18478
1692268200,31750,31760,31725,31730,12645
1692271800,31730,31755,31690,31700,15195
1692275400,31705,31745,31665,31675,18894
1692279000,31675,31690,31590,31595,47694
1692282600,31595,31665,31535,31545,42254
1692286200,31550,31625,31535,31610,18685
1692289800,31615,31630,31545,31555,10091
1692293400,31555,31560,31475,31505,16671
1692297000,31505,31505,31330,31375,27312
1692300600,31375,31405,31335,31340,13980
1692304200,31340,31350,31320,31320,4475
1692315000,31300,31430,31230,31320,111117
1692318600,31320,31470,31280,31425,100855
1692322200,31425,31630,31425,31540,93005
1692325800,31540,31545,31465,31470,40935
1692329400,31470,31490,31380,31430,63113
1692333000,31435,31470,31295,31355,58879
1692336600,31355,31495,31315,31470,64811
1692343800,31400,31460,31355,31420,41024
1692347400,31415,31470,31355,31360,25574
1692351000,31360,31430,31355,31405,17609
1692354600,31405,31425,31345,31350,15966
1692358200,31350,31375,31310,31365,22748
1692361800,31360,31370,31295,31295,22404
1692365400,31295,31380,31265,31330,62903
1692369000,31325,31455,31320,31415,42602
1692372600,31415,31480,31370,31455,22895
1692376200,31455,31480,31390,31440,15255
1692379800,31445,31480,31430,31470,12391
1692383400,31470,31500,31450,31485,12008
1692387000,31485,31535,31440,31470,14936
1692390600,31470,31485,31460,31485,3603
1692574200,31500,31590,31480,31575,81045
1692577800,31580,31710,31380,31535,148201
1692581400,31535,31745,31485,31735,96846
1692585000,31735,31765,31690,31710,35953
1692588600,31710,31715,31625,31650,39149
1692592200,31645,31650,31535,31555,43667
1692595800,31555,31570,31500,31505,47903
1692603000,31570,31705,31565,31695,36397
1692606600,31690,31725,31665,31720,17330
1692610200,31720,31750,31705,31705,14179
1692613800,31705,31720,31680,31710,13485
1692617400,31710,31735,31705,31710,9472
1692621000,31710,31720,31645,31670,18325
1692624600,31665,31740,31625,31625,39283
1692628200,31630,31675,31610,31645,27362
1692631800,31645,31690,31610,31675,16277
1692635400,31675,31760,31660,31745,12900
1692639000,31745,31790,31740,31765,14533
1692642600,31765,31835,31760,31815,10939
1692646200,31815,31840,31790,31795,11830
1692649800,31795,31820,31790,31820,3231
1692660600,31805,31890,31765,31860,90315
1692664200,31865,31890,31725,31775,88959
1692667800,31780,31810,31670,31760,73623
1692671400,31760,31825,31760,31805,27776
1692675000,31800,31830,31750,31775,43554
1692678600,31775,31840,31760,31815,37518
1692682200,31815,31920,31785,31920,59718
1692689400,31930,31975,31915,31940,35145
1692693000,31940,31970,31930,31960,12057
1692696600,31960,31985,31955,31960,11613
1692700200,31960,31985,31945,31980,9734
1692703800,31980,32015,31970,32000,15377
1692707400,32005,32015,31945,31955,15624
1692711000,31955,31970,31840,31845,47032
1692714600,31845,31875,31800,31835,30379
1692718200,31835,31865,31755,31790,21338
1692721800,31790,31835,31750,31775,15583
1692725400,31775,31795,31740,31795,9849
1692729000,31795,31825,31765,31780,9887
1692732600,31780,31780,31725,31745,7478
1692736200,31745,31765,31730,31730,2530
1692747000,31720,31860,31690,31850,78473
1692750600,31850,31925,31825,31905,68416
1692754200,31910,31955,31880,31940,55127
1692757800,31945,31975,31900,31905,27485
1692761400,31905,31945,31850,31880,40911
1692765000,31880,31990,31850,31955,45013
1692768600,31955,32025,31940,31965,45369
1692775800,32010,32020,31900,31990,35988
1692779400,31995,31995,31920,31960,18878
1692783000,31955,31975,31945,31945,10925
1692786600,31945,31945,31850,31865,22795
1692790200,31860,31905,31840,31850,16486
1692793800,31850,31890,31840,31850,16157
1692797400,31845,31925,31825,31900,38196
1692801000,31905,31985,31870,31980,24186
1692804600,31985,31990,31935,31950,12467
1692808200,31950,32010,31940,32010,10424
1692811800,32010,32035,31985,31995,11013
1692815400,31995,32020,31975,32020,9835
1692819000,32015,32130,31975,32125,21625
1692822600,32120,32195,32105,32195,9797
1692833400,32150,32190,32095,32170,91215
1692837000,32170,32180,32040,32080,65315
1692840600,32080,32165,32055,32125,55135
1692844200,32130,32195,32125,32185,28432
1692847800,32185,32195,32120,32180,36927
1692851400,32180,32280,32170,32265,63601
1692855000,32265,32290,32200,32220,64538
1692862200,32195,32210,32150,32180,33843
1692865800,32175,32190,32115,32120,17266
1692869400,32120,32155,32085,32150,18729
1692873000,32150,32165,32120,32145,10637
1692876600,32145,32155,32090,32105,12229
1692880200,32110,32130,32080,32080,13560
1692883800,32080,32090,31890,31890,73982
1692887400,31890,31895,31800,31840,59721
1692891000,31835,31835,31755,31810,32821
1692894600,31810,31855,31780,31800,17231
1692898200,31795,31840,31770,31775,11591
1692901800,31780,31790,31720,31735,15495
1692905400,31735,31750,31670,31675,18011
1692909000,31675,31700,31665,31690,3614
1692919800,31755,31830,31710,31790,101873
1692923400,31795,31810,31730,31755,73419
1692927000,31755,31765,31615,31645,95433
1692930600,31640,31695,31615,31620,34166
1692934200,31615,31685,31615,31645,56434
1692937800,31645,31655,31585,31600,52850
1692941400,31600,31630,31540,31630,94615
1692948600,31655,31710,31630,31685,31511
1692952200,31690,31705,31655,31680,15497
1692955800,31680,31725,31640,31710,16487
1692959400,31715,31730,31700,31705,10898
1692963000,31710,31755,31695,31750,14032
1692966600,31750,31775,31710,31735,16003
1692970200,31730,31850,31685,31700,87629
1692973800,31700,31740,31610,31725,70965
1692977400,31725,31765,31690,31765,39111
1692981000,31765,31785,31710,31730,18221
1692984600,31730,31835,31705,31830,14919
1692988200,31835,31890,31820,31870,17346
1692991800,31870,31880,31830,31850,15556
1692995400,31850,31870,31845,31850,2776
1693179000,31935,31950,31875,31915,75137
1693182600,31915,32090,31860,32085,96564
1693186200,32085,32140,32060,32135,75896
1693189800,32135,32180,32130,32145,34758
1693193400,32140,32160,32100,32110,44219
1693197000,32115,32145,32095,32100,35765
1693200600,32105,32195,32100,32170,63553
1693207800,32185,32190,32115,32165,25661
1693211400,32160,32170,32105,32135,12031
1693215000,32140,32140,32105,32125,9872
1693218600,32125,32160,32120,32150,10857
1693222200,32150,32225,32140,32225,18300
1693225800,32225,32240,32210,32235,19288
1693229400,32235,32285,32220,32280,41330
1693233000,32280,32285,32205,32250,26877
1693236600,32250,32265,32185,32200,18960
1693240200,32200,32305,32190,32270,16958
1693243800,32270,32280,32190,32225,14617
1693247400,32225,32255,32215,32240,13036
1693251000,32240,32315,32230,32305,11850
1693254600,32310,32315,32300,32300,2693
1693265400,32290,32345,32240,32335,82058
1693269000,32330,32375,32210,32235,79084
1693272600,32235,32280,32165,32220,58393
1693276200,32215,32265,32205,32250,24236
1693279800,32250,32280,32230,32270,29809
1693283400,32265,32280,32230,32235,27835
1693287000,32235,32240,32175,32210,47062
1693294200,32250,32265,32145,32175,31357
1693297800,32175,32220,32170,32190,23234
1693301400,32190,32240,32180,32230,15969
1693305000,32230,32235,32200,32200,9353
1693308600,32205,32240,32190,32205,11707
1693312200,32205,32225,32190,32210,11644
1693315800,32215,32355,32190,32275,65990
1693319400,32280,32340,32275,32320,29460
1693323000,32320,32375,32310,32370,20916
1693326600,32370,32400,32355,32380,17694
1693330200,32380,32410,32370,32405,11588
1693333800,32405,32425,32395,32420,9306
1693337400,32420,32450,32400,32435,8496
1693341000,32435,32445,32430,32430,2751
1693351800,32420,32480,32380,32465,73391
1693355400,32465,32485,32345,32435,74296
1693359000,32435,32565,32415,32530,87949
1693362600,32530,32555,32490,32490,29292
1693366200,32495,32520,32440,32450,40851
1693369800,32445,32455,32330,32335,53312
1693373400,32340,32370,32285,32285,64501
1693380600,32270,32345,32245,32250,33977
1693384200,32250,32265,32200,32230,25330
1693387800,32230,32280,32195,32275,18692
1693391400,32275,32295,32250,32290,14065
1693395000,32285,32320,32275,32320,13712
1693398600,32315,32330,32260,32270,20629
1693402200,32265,32335,32190,32200,48784
1693405800,32200,32305,32200,32300,28544
1693409400,32300,32355,32290,32355,15912
1693413000,32355,32385,32340,32350,12403
1693416600,32350,32380,32320,32330,11959
1693420200,32335,32405,32335,32380,8535
1693423800,32385,32415,32370,32410,8725
1693427400,32410,32415,32390,32410,2490
1693438200,32365,32490,32345,32460,63729
1693441800,32460,32520,32375,32490,71063
1693445400,32490,32535,32470,32515,57437
1693449000,32510,32565,32470,32480,37949
1693452600,32480,32640,32470,32630,71051
1693456200,32630,32700,32620,32655,76421
1693459800,32655,32660,32580,32605,82446
1693467000,32590,32685,32585,32590,32065
1693470600,32590,32605,32535,32545,24137
1693474200,32545,32595,32535,32585,14983
1693477800,32580,32595,32550,32590,11741
1693481400,32590,32650,32590,32630,18765
1693485000,32630,32655,32605,32610,20669
1693488600,32615,32695,32585,32675,42839
1693492200,32675,32675,32500,32520,40236
1693495800,32515,32520,32425,32435,34265
1693499400,32435,32480,32390,32480,19071
1693503000,32480,32520,32450,32505,10464
1693506600,32505,32505,32440,32470,10777
1693510200,32475,32540,32475,32510,12975
1693513800,32515,32525,32480,32480,2927
1693524600,32490,32720,32460,32715,95321
1693528200,32715,32800,32690,32765,96804
1693531800,32765,32850,32735,32820,64252
1693535400,32815,32815,32725,32755,31901
1693539000,32755,32815,32735,32805,43085
1693542600,32805,32815,32750,32770,33704
1693546200,32775,32785,32700,32700,51379
1693553400,32680,32765,32680,32705,30904
1693557000,32705,32730,32670,32720,21470
1693560600,32720,32730,32650,32695,15670
1693564200,32690,32730,32690,32720,13297
1693567800,32720,32725,32675,32695,16240
1693571400,32695,32765,32635,32725,47101
1693575000,32725,32760,32605,32760,74203
1693578600,32760,32760,32660,32670,33967
1693582200,32670,32725,32645,32710,20859
1693585800,32710,32725,32680,32700,10803
1693589400,32700,32730,32685,32695,7124
1693593000,32695,32740,32685,32735,4922
1693596600,32740,32770,32720,32750,9282
1693600200,32750,32765,32740,32755,2834
1693783800,32730,32835,32710,32740,65971
1693787400,32745,32865,32720,32860,84514
1693791000,32860,32905,32775,32895,59793
1693794600,32895,32920,32885,32895,25729
1693798200,32895,32910,32850,32870,29568
1693801800,32870,32885,32845,32870,32225
1693805400,32870,32970,32865,32970,52352
1693812600,33010,33065,32995,33050,33764
1693816200,33055,33075,33025,33065,18961
1693819800,33065,33090,33050,33055,17132
1693823400,33050,33060,33020,33025,10539
1693827000,33025,33035,33010,33020,10184
1693830600,33015,33025,32990,33010,13256
1693834200,33005,33015,32920,32920,17004
1693837800,32920,32930,32885,32900,18130
1693841400,32900,32920,32890,32900,9023
1693845000,32900,32915,32895,32915,3145
1693848600,32915,32915,32910,32915,401
1693852200,32915,32920,32910,32920,357
1693855800,32920,32940,32915,32930,942
1693859400,32925,32930,32915,32915,1591
1693870200,32950,33000,32890,32905,72847
1693873800,32910,32940,32780,32870,68176
1693877400,32870,32915,32830,32875,63439
1693881000,32880,32930,32855,32925,26530
1693884600,32925,32940,32875,32920,34934
1693888200,32925,32990,32895,32940,41754
1693891800,32940,33025,32930,32970,52866
1693899000,32930,32940,32825,32860,37911
1693902600,32860,32960,32850,32955,28653
1693906200,32960,33025,32950,33015,20280
1693909800,33015,33025,32960,33000,19350
1693913400,33000,33035,32985,33000,18062
1693917000,33005,33080,32975,33080,35076
1693920600,33075,33135,33040,33100,62212
1693924200,33100,33130,33040,33095,23151
1693927800,33095,33155,33090,33145,15727
1693931400,33145,33155,33110,33130,7299
1693935000,33125,33170,33125,33165,6350
1693938600,33170,33170,33115,33115,8046
1693942200,33120,33150,33080,33095,7392
1693945800,33095,33100,33065,33065,3232
1693956600,33080,33160,33075,33130,67590
1693960200,33125,33285,33110,33195,82659
1693963800,33195,33250,33095,33250,60025
1693967400,33245,33265,33195,33210,24205
1693971000,33215,33285,33205,33240,39172
1693974600,33245,33255,33135,33210,42874
1693978200,33205,33260,33200,33235,36740
1693985400,33225,33280,33205,33230,30795
1693989000,33230,33300,33225,33275,22565
1693992600,33275,33295,33250,33265,13690
1693996200,33265,33275,33215,33225,13700
1693999800,33225,33230,33185,33210,12442
1694003400,33205,33215,33170,33185,15440
1694007000,33190,33200,33120,33120,37024
1694010600,33120,33155,33075,33090,23615
1694014200,33085,33140,33035,33040,16058
1694017800,33040,33060,33010,33045,11324
1694021400,33045,33095,33040,33090,7806
1694025000,33090,33115,33065,33080,7634
1694028600,33080,33125,33070,33090,5949
1694032200,33090,33145,33090,33145,2639
1694046600,33300,33335,33235,33255,20809
1694050200,33255,33265,33095,33120,10673
1694053800,33210,33210,33170,33190,2207
1694057400,33185,33210,33105,33110,10877
1694061000,33105,33110,32995,33050,18411
1694064600,33045,33070,32985,33000,16804
1694071800,32735,32810,32705,32765,32049
1694075400,32765,32830,32745,32825,23767
1694079000,32825,32845,32800,32805,15863
1694082600,32805,32805,32730,32735,14236
1694086200,32730,32775,32700,32715,21700
1694089800,32710,32715,32630,32655,28254
1694093400,32655,32700,32580,32595,47285
1694097000,32595,32665,32560,32640,32205
1694100600,32640,32685,32620,32660,16348
1694104200,32660,32670,32610,32640,13770
1694107800,32640,32655,32615,32615,10278
1694111400,32615,32670,32605,32670,6974
1694115000,32665,32690,32650,32665,8590
1694118600,32665,32690,32660,32685,3024
1694129400,32720,32755,32455,32455,135447
1694133000,32455,32525,32300,32415,192701
1694136600,32415,32480,32365,32450,70934
1694140200,32450,32450,32365,32375,27589
1694143800,32375,32405,32300,32385,68617
1694147400,32385,32390,32285,32360,64097
1694151000,32360,32420,32345,32420,60998
1694158200,32420,32445,32345,32355,36129
1694161800,32355,32365,32255,32290,40860
1694165400,32290,32340,32270,32325,29029
1694169000,32320,32365,32310,32320,20056
1694172600,32315,32390,32310,32385,17802
1694176200,32385,32440,32385,32430,24358
1694179800,32430,32550,32430,32545,56053
1694183400,32545,32555,32480,32545,34725
1694187000,32550,32565,32500,32525,22283
1694190600,32525,32535,32495,32520,12507
1694194200,32520,32540,32465,32495,10925
1694197800,32495,32510,32465,32475,10579
1694201400,32475,32535,32470,32530,8263
1694205000,32525,32535,32510,32510,2816
1694388600,32420,32530,32320,32395,104895
1694392200,32395,32395,32255,32300,95648
1694395800,32295,32375,32180,32330,103967
1694399400,32325,32345,32240,32270,31038
1694403000,32265,32295,32185,32240,59841
1694406600,32245,32245,32165,32240,55174
1694410200,32240,32280,32185,32280,53315
1694417400,32300,32320,32265,32285,33564
1694421000,32290,32315,32225,32250,22465
1694424600,32255,32330,32245,32330,17042
1694428200,32330,32355,32310,32310,14844
1694431800,32310,32320,32250,32285,19484
1694435400,32280,32315,32255,32310,13959
1694439000,32310,32365,32255,32355,45997
1694442600,32355,32420,32325,32395,40633
1694446200,32390,32400,32355,32400,14144
1694449800,32400,32430,32380,32425,9037
1694453400,32425,32445,32410,32420,7977
1694457000,32425,32440,32410,32430,5473
1694460600,32430,32445,32405,32440,5209
1694464200,32435,32445,32425,32445,2957
1694475000,32450,32530,32410,32475,88666
1694478600,32480,32495,32285,32335,93586
1694482200,32330,32460,32265,32455,72408
1694485800,32455,32515,32445,32495,49703
1694489400,32490,32540,32465,32475,60379
1694493000,32470,32540,32465,32500,42954
1694496600,32495,32615,32490,32615,57052
1694503800,32565,32575,32500,32550,36433
1694507400,32545,32545,32495,32530,22317
1694511000,32530,32560,32500,32555,15987
1694514600,32555,32575,32525,32545,23616
1694518200,32545,32565,32495,32555,19319
1694521800,32560,32580,32510,32535,17464
1694525400,32535,32630,32530,32575,53963
1694529000,32570,32600,32555,32575,20556
1694532600,32575,32620,32570,32590,11688
1694536200,32590,32670,32580,32660,14790
1694539800,32660,32680,32610,32630,14785
1694543400,32630,32635,32585,32595,15950
1694547000,32600,32610,32570,32570,7336
1694550600,32575,32575,32560,32560,2294
1694561400,32520,32660,32505,32590,84887
1694565000,32590,32665,32555,32570,89585
1694568600,32570,32585,32450,32465,100633
1694572200,32460,32500,32460,32460,24022
1694575800,32465,32500,32400,32490,52877
1694579400,32485,32620,32475,32540,70494
1694583000,32540,32545,32435,32450,52638
1694590200,32520,32540,32480,32480,29521
1694593800,32480,32495,32435,32490,25701
1694597400,32485,32495,32440,32445,15208
1694601000,32445,32485,32440,32480,15314
1694604600,32475,32535,32475,32515,20012
1694608200,32515,32615,32445,32595,68480
1694611800,32590,32700,32590,32625,79624
1694615400,32625,32715,32620,32705,31405
1694619000,32700,32705,32650,32675,18165
1694622600,32675,32685,32650,32665,11326
1694626200,32665,32680,32645,32660,10215
1694629800,32660,32670,32580,32605,20694
1694633400,32610,32645,32605,32630,10053
1694637000,32630,32655,32630,32655,2291
1694647800,32655,32775,32635,32655,105087
1694651400,32655,32790,32650,32785,81762
1694655000,32785,32880,32770,32840,78754
1694658600,32840,32895,32835,32880,41423
1694662200,32880,32975,32855,32970,63603
1694665800,32970,33010,32950,33005,57001
1694669400,33005,33035,32955,32980,74326
1694676600,32960,32990,32920,32935,30994
1694680200,32935,33030,32930,33020,25052
1694683800,33025,33060,32985,33060,27728
1694687400,33060,33090,33050,33055,24864
1694691000,33055,33090,33015,33075,25454
1694694600,33070,33155,33035,33085,53017
1694698200,33085,33120,33030,33095,53638
1694701800,33100,33160,33095,33125,29017
1694705400,33125,33160,33095,33135,15715
1694709000,33140,33180,33140,33180,9399
1694712600,33175,33190,33150,33160,7758
1694716200,33155,33195,33155,33165,8114
1694719800,33165,33200,33155,33195,8823
1694723400,33200,33205,33185,33205,3763
1694734200,33240,33285,33180,33275,91661
1694737800,33280,33330,33210,33240,96636
1694741400,33240,33430,33230,33410,98825
1694745000,33410,33440,33360,33395,36212
1694748600,33395,33410,33320,33375,55715
1694752200,33375,33420,33325,33350,73154
1694755800,33350,33415,33270,33290,99763
1694763000,33320,33335,33260,33300,40601
1694766600,33300,33325,33280,33300,20023
1694770200,33300,33360,33295,33355,17725
1694773800,33355,33365,33330,33345,12621
1694777400,33345,33365,33310,33325,15441
1694781000,33320,33330,33220,33230,30532
1694784600,33230,33275,33165,33195,65016
1694788200,33190,33200,33125,33170,43565
1694791800,33170,33170,33105,33145,22397
1694795400,33145,33165,33030,33040,19732
1694799000,33040,33090,33025,33050,18294
1694802600,33045,33090,33040,33055,10662
1694806200,33055,33070,33020,33060,13800
1694809800,33060,33070,33045,33070,3419
1694993400,33070,33140,33035,33055,26934
1694997000,33055,33085,33010,33020,18350
1695000600,33025,33030,32970,33010,23453
1695004200,33010,33080,32995,33070,9585
1695007800,33065,33085,33050,33055,7169
1695011400,33050,33065,33030,33040,6876
1695015000,33040,33075,33040,33055,10453
1695022200,33035,33060,33005,33020,12866
1695025800,33015,33050,32990,32990,12386
1695029400,32990,33030,32980,33025,11468
1695033000,33025,33060,33005,33010,11217
1695036600,33010,33025,32945,33015,27371
1695040200,33015,33025,32990,33005,10930
1695043800,33005,33035,32935,32980,46454
1695047400,32980,33020,32940,32995,25526
1695051000,33000,33065,33000,33065,14127
1695054600,33065,33075,33035,33055,6899
1695058200,33055,33075,33050,33055,4546
1695061800,33055,33075,33025,33040,8932
1695065400,33040,33085,33015,33070,8722
1695069000,33075,33080,33060,33060,2164
1695079800,33060,33110,32995,33105,95927
1695083400,33110,33130,33000,33015,90597
1695087000,33010,33015,32915,32930,82201
1695090600,32925,33015,32920,33005,28240
1695094200,33005,33040,32980,33030,39615
1695097800,33025,33035,32945,32970,43467
1695101400,32965,33050,32950,33040,67729
1695108600,33095,33140,33065,33115,27971
1695112200,33115,33170,33105,33170,17743
1695115800,33170,33175,33140,33155,13780
1695119400,33155,33165,33120,33150,10508
1695123000,33150,33150,33115,33135,9630
1695126600,33135,33135,33065,33085,20983
1695130200,33085,33120,32995,33015,43854
1695133800,33015,33015,32955,32985,26543
1695137400,32985,33015,32980,32990,14277
1695141000,32990,33015,32960,33005,11622
1695144600,33000,33065,33000,33035,13127
1695148200,33040,33085,33035,33060,12871
1695151800,33060,33075,33050,33060,8473
1695155400,33055,33070,33040,33040,3733
1695166200,33070,33080,32940,32940,81458
1695169800,32940,33020,32925,32985,67988
1695173400,32980,33060,32900,32920,73132
1695177000,32920,32930,32875,32895,28602
1695180600,32895,32895,32840,32875,50144
1695184200,32875,32880,32840,32845,29801
1695187800,32845,32895,32785,32885,70297
1695195000,32910,32975,32890,32965,30039
1695198600,32965,32985,32945,32965,18500
1695202200,32965,32985,32960,32960,11423
1695205800,32960,32980,32945,32965,8887
1695209400,32965,32980,32950,32965,7643
1695213000,32970,33000,32950,32980,11812
1695216600,32985,33065,32965,33045,38044
1695220200,33040,33055,33020,33020,11987
1695223800,33015,33050,33000,33045,9611
1695227400,33050,33060,33040,33040,8841
1695231000,33040,33055,32970,33025,22971
1695234600,33025,33055,32880,32905,34886
1695238200,32905,32905,32755,32775,23634
1695241800,32770,32790,32755,32755,3529
1695252600,32685,32735,32630,32650,111683
1695256200,32655,32680,32525,32530,103700
1695259800,32530,32555,32430,32430,82183
1695263400,32430,32435,32360,32430,57945
1695267000,32425,32440,32375,32410,68644
1695270600,32410,32420,32345,32355,43960
1695274200,32350,32420,32350,32410,72290
1695281400,32410,32435,32360,32390,35301
1695285000,32390,32400,32280,32285,39040
1695288600,32285,32300,32190,32210,35702
1695292200,32215,32225,32180,32195,29318
1695295800,32190,32210,32150,32160,25186
1695299400,32160,32230,32130,32230,34734
1695303000,32230,32270,32155,32200,60464
1695306600,32200,32235,32100,32105,37145
1695310200,32100,32130,32085,32100,23128
1695313800,32105,32165,32085,32155,14974
1695317400,32155,32175,32095,32120,13767
1695321000,32120,32175,32105,32110,15333
1695324600,32110,32120,32015,32020,21200
1695328200,32020,32025,32000,32000,3810
1695339000,32010,32060,31940,31970,119234
1695342600,31975,32085,31945,32070,109801
1695346200,32070,32150,32020,32105,75467
1695349800,32105,32280,32060,32265,81292
1695353400,32260,32330,32225,32235,94435
1695357000,32235,32235,32145,32210,60532
1695360600,32205,32305,32170,32265,77447
1695367800,32295,32350,32255,32280,45584
1695371400,32285,32365,32270,32335,31001
1695375000,32340,32370,32315,32330,22084
1695378600,32335,32375,32325,32335,17453
1695382200,32335,32405,32325,32395,23247
1695385800,32395,32400,32350,32360,13901
1695389400,32360,32375,32255,32330,55708
1695393000,32330,32405,32325,32400,36543
1695396600,32400,32415,32335,32375,24709
1695400200,32375,32395,32310,32310,18739
1695403800,32310,32320,32260,32290,19534
1695407400,32285,32380,32260,32355,18189
1695411000,32355,32360,32255,32275,16998
1695414600,32280,32290,32270,32275,3576
1695598200,32340,32355,32170,32245,82296
1695601800,32240,32405,32215,32390,81476
1695605400,32390,32455,32365,32400,58559
1695609000,32400,32465,32395,32460,25320
1695612600,32460,32515,32410,32495,50445
1695616200,32495,32505,32435,32485,39924
1695619800,32485,32510,32445,32480,51522
1695627000,32515,32535,32380,32390,33222
1695630600,32385,32410,32285,32400,47874
1695634200,32400,32445,32355,32435,22854
1695637800,32435,32445,32385,32425,19073
1695641400,32425,32425,32335,32360,24478
1695645000,32355,32395,32305,32325,25639
1695648600,32325,32405,32290,32305,49527
1695652200,32305,32445,32300,32435,33769
1695655800,32440,32485,32420,32470,23147
1695659400,32470,32485,32405,32430,18181
1695663000,32430,32465,32415,32430,12216
1695666600,32425,32455,32395,32445,15143
1695670200,32440,32480,32435,32475,10223
1695673800,32475,32500,32470,32500,3614
1695684600,32455,32480,32205,32225,110993
1695688200,32225,32265,32150,32265,116400
1695691800,32265,32265,32155,32185,67524
1695695400,32185,32195,32130,32190,32822
1695699000,32185,32210,32135,32190,50515
1695702600,32190,32205,32145,32150,35662
1695706200,32150,32180,32080,32080,77748
1695713400,32005,32105,31970,32090,59055
1695717000,32090,32100,32050,32065,21818
1695720600,32065,32080,32005,32030,20258
1695724200,32025,32065,32010,32060,15302
1695727800,32060,32085,32040,32055,16343
1695731400,32060,32060,32000,32015,18756
1695735000,32020,32135,31945,32040,70612
1695738600,32040,32105,31980,31985,44098
1695742200,31980,32000,31950,31980,20678
1695745800,31980,31985,31905,31905,18379
1695749400,31905,31925,31850,31860,21770
1695753000,31860,31885,31835,31845,15592
1695756600,31850,31915,31840,31905,15249
1695760200,31905,31935,31900,31900,3399
1695771000,31850,31890,31755,31795,120323
1695774600,31795,31920,31740,31865,95857
1695778200,31870,31975,31825,31940,83779
1695781800,31945,31985,31920,31935,31976
1695785400,31935,32020,31905,31975,62493
1695789000,31970,32070,31955,32065,59428
1695792600,32060,32150,32030,32150,92697
1695799800,32170,32260,32160,32235,43534
1695803400,32240,32255,32180,32200,23619
1695807000,32200,32210,32150,32175,22760
1695810600,32180,32220,32155,32215,18229
1695814200,32215,32225,32150,32165,18475
1695817800,32165,32230,32155,32205,19848
1695821400,32205,32230,32115,32125,58071
1695825000,32125,32135,32045,32105,46563
1695828600,32105,32115,32020,32035,26352
1695832200,32040,32065,31920,31920,25054
1695835800,31920,32010,31910,32005,22569
1695839400,32010,32170,32010,32140,34158
1695843000,32140,32150,32070,32075,23123
1695846600,32080,32085,32050,32070,5526
1695857400,32045,32120,31980,32005,100077
1695861000,32005,32165,31980,32145,104277
1695864600,32145,32160,31785,31810,122751
1695868200,31815,31860,31665,31705,105481
1695871800,31700,31760,31660,31730,115112
1695875400,31730,31825,31725,31815,69990
1695879000,31820,31955,31815,31850,132221
1695886200,31830,31875,31680,31685,51836
1695889800,31680,31780,31660,31685,50727
1695893400,31685,31805,31680,31765,36262
1695897000,31770,31815,31765,31795,23443
1695900600,31795,31835,31750,31805,28822
1695904200,31810,31855,31750,31760,41181
1695907800,31760,31890,31750,31865,60895
1695911400,31870,31985,31820,31980,46117
1695915000,31985,32050,31980,32045,35454
1695918600,32045,32070,31965,31970,28900
1695922200,31970,32000,31940,31980,21566
1695925800,31985,32040,31915,32030,18357
1695929400,32030,32030,31935,31995,13673
1695933000,31995,32010,31990,32005,2283
1695943800,32020,32030,31870,31920,88749
1695947400,31920,31925,31765,31785,85815
1695951000,31785,31840,31725,31815,83024
1695954600,31820,31880,31800,31855,40034
1695958200,31855,31930,31775,31780,71889
1695961800,31780,31785,31710,31710,71046
1695965400,31710,32015,31710,32015,158199
1695972600,31980,32050,31950,32035,37332
1695976200,32035,32060,32005,32050,25542
1695979800,32045,32090,32015,32080,22944
1695983400,32080,32100,32060,32065,15985
1695987000,32065,32080,32030,32060,21471
1695990600,32060,32130,32055,32120,31112
1695994200,32120,32120,31935,31960,61257
1695997800,31960,32020,31935,31950,51738
1696001400,31950,31965,31875,31920,43804
1696005000,31925,31925,31785,31830,31213
1696008600,31830,31840,31740,31770,29011
1696012200,31775,31905,31755,31855,32691
1696015800,31855,31910,31795,31845,24693
1696019400,31845,31850,31800,31800,4112
1696203000,32070,32395,32065,32370,149642
1696206600,32370,32410,32320,32360,104013
1696210200,32360,32380,32295,32305,49134
1696213800,32310,32315,32245,32255,31304
1696217400,32255,32255,32000,32035,136380
1696221000,32035,32040,31815,31890,147420
1696224600,31895,31930,31770,31820,89715
1696231800,31890,31925,31850,31900,49345
1696235400,31900,31900,31765,31770,34344
1696239000,31770,31795,31675,31700,46206
1696242600,31700,31780,31690,31780,25710
1696246200,31775,31785,31675,31715,36132
1696249800,31715,31725,31670,31720,27467
1696253400,31720,31760,31590,31615,97636
1696257000,31620,31720,31555,31715,78811
1696260600,31710,31735,31525,31535,48694
1696264200,31535,31565,31490,31560,29418
1696267800,31555,31600,31500,31505,18487
1696271400,31505,31585,31480,31565,21206
1696275000,31565,31625,31555,31615,14376
1696278600,31620,31630,31595,31595,3106
1696289400,31645,31665,31295,31310,164313
1696293000,31310,31440,31265,31275,146131
1696296600,31275,31395,31245,31370,108598
1696300200,31370,31390,31290,31345,32182
1696303800,31345,31370,31225,31245,93074
1696307400,31240,31285,31145,31215,111050
1696311000,31215,31265,31150,31200,97883
1696318200,31190,31340,31170,31335,57040
1696321800,31330,31360,31260,31275,42113
1696325400,31280,31285,31170,31210,31734
1696329000,31210,31230,31040,31055,47187
1696332600,31055,31090,31015,31065,40191
1696336200,31060,31090,30985,31090,50230
1696339800,31085,31160,30805,30865,155800
1696343400,30865,30905,30710,30795,97410
1696347000,30790,30860,30755,30860,39597
1696350600,30860,30875,30765,30780,24930
1696354200,30780,30785,30655,30665,23646
1696357800,30665,30735,30655,30685,28259
1696361400,30690,30765,30675,30740,16119
1696365000,30745,30745,30700,30700,3274
1696375800,30700,30830,30635,30805,159644
1696379400,30810,30825,30630,30740,135824
1696383000,30740,30745,30565,30620,115427
1696386600,30620,30730,30605,30685,48914
1696390200,30685,30715,30525,30550,92378
1696393800,30545,30775,30545,30650,118999
1696397400,30650,30725,30400,30400,114896
1696404600,30320,30460,30290,30450,81787
1696408200,30450,30515,30445,30510,56071
1696411800,30505,30615,30500,30535,44603
1696415400,30535,30590,30460,30530,42297
1696419000,30530,30625,30510,30565,43298
1696422600,30565,30645,30545,30550,42129
1696426200,30550,30615,30425,30430,83015
1696429800,30430,30590,30405,30560,81349
1696433400,30555,30650,30520,30630,46809
1696437000,30625,30660,30565,30575,28373
1696440600,30575,30595,30515,30570,24577
1696444200,30575,30700,30555,30690,22234
1696447800,30695,30720,30665,30690,17909
1696451400,30695,30700,30680,30700,3125
1696462200,30715,30760,30555,30590,122861
1696465800,30590,30835,30590,30780,133443
1696469400,30780,30885,30750,30875,75204
1696473000,30875,30925,30850,30885,33286
1696476600,30890,31030,30890,31010,90582
1696480200,31015,31075,30935,30995,82403
1696483800,31000,31080,30890,31020,106903
1696491000,30935,31170,30930,31155,70390
1696494600,31155,31200,31045,31060,42445
1696498200,31060,31110,31030,31105,26686
1696501800,31110,31130,31075,31100,21907
1696505400,31100,31145,31100,31115,23812
1696509000,31120,31130,31015,31035,43456
1696512600,31035,31105,30950,30980,72493
1696516200,30980,31015,30835,30910,66413
1696519800,30910,30975,30885,30970,32298
1696523400,30970,30980,30895,30970,19437
1696527000,30975,31035,30935,31015,23523
1696530600,31015,31080,31015,31060,18479
1696534200,31060,31070,31010,31015,15653
1696537800,31015,31025,31015,31015,1738
1696548600,31050,31100,30960,31095,88283
1696552200,31095,31165,30915,31085,119963
1696555800,31080,31125,30980,31000,83396
1696559400,31005,31070,30970,30980,32694
1696563000,30980,31105,30960,31100,48630
1696566600,31100,31100,31030,31040,36847
1696570200,31045,31110,31000,31020,59971
1696577400,31080,31135,31065,31125,32627
1696581000,31130,31145,31070,31145,20225
1696584600,31140,31165,31120,31160,17674
1696588200,31160,31175,31130,31145,15959
1696591800,31145,31165,31130,31160,15177
1696595400,31160,31160,30855,31045,139672
1696599000,31045,31110,30865,31010,120128
1696602600,31010,31185,31005,31170,85018
1696606200,31175,31360,31165,31295,68862
1696609800,31300,31370,31265,31355,28372
1696613400,31355,31380,31330,31375,14239
1696617000,31380,31395,31335,31365,17743
1696620600,31370,31375,31325,31350,14507
1696624200,31345,31350,31335,31335,2940
1696807800,31100,31135,31055,31085,34496
1696811400,31080,31100,30950,31010,26200
1696815000,31010,31120,30975,31075,20605
1696818600,31075,31085,31010,31015,10042
1696822200,31015,31025,30975,30985,8675
1696825800,30985,31025,30970,31020,9004
1696829400,31020,31085,31020,31075,13033
1696836600,31005,31050,30955,31010,28056
1696840200,31010,31155,31005,31140,25869
1696843800,31140,31145,31080,31105,16076
1696847400,31105,31125,31050,31050,12917
1696851000,31055,31100,31030,31090,15618
1696854600,31090,31090,31030,31070,21034
1696858200,31065,31185,31050,31060,50092
1696861800,31060,31095,31000,31090,26693
1696865400,31090,31165,31075,31125,18759
1696869000,31125,31165,31095,31165,12560
1696872600,31165,31290,31160,31280,21319
1696876200,31285,31335,31250,31280,21582
1696879800,31280,31285,31245,31270,12259
1696883400,31270,31270,31245,31270,3268
1696894200,31350,31665,31335,31655,120212
1696897800,31655,31750,31620,31730,94654
1696901400,31730,31775,31650,31765,81786
1696905000,31765,31780,31680,31695,39088
1696908600,31695,31750,31675,31750,48854
1696912200,31745,31810,31745,31790,54525
1696915800,31790,31820,31705,31730,79941
1696923000,31785,31885,31760,31865,57104
1696926600,31865,31885,31830,31855,29833
1696930200,31850,31870,31830,31860,16803
1696933800,31855,31865,31810,31815,14139
1696937400,31815,31835,31780,31790,22566
1696941000,31795,31820,31765,31795,28702
1696944600,31795,31930,31770,31905,61157
1696948200,31905,31950,31875,31935,45085
1696951800,31935,31970,31910,31940,28189
1696955400,31940,31945,31810,31850,34702
1696959000,31850,31875,31810,31840,24584
1696962600,31840,31905,31815,31830,22238
1696966200,31830,31850,31790,31800,11558
1696969800,31795,31805,31790,31790,2296
1696980600,31895,31920,31800,31835,80103
1696984200,31835,31955,31830,31855,96015
1696987800,31850,31935,31830,31915,55709
1696991400,31915,31935,31880,31915,20803
1696995000,31910,32040,31905,31995,63751
1696998600,31995,32030,31955,32015,57641
1697002200,32020,32025,31890,31900,69947
1697009400,31970,31985,31865,31875,40789
1697013000,31875,31955,31865,31935,25622
1697016600,31935,31970,31925,31960,17159
1697020200,31960,31995,31945,31985,15577
1697023800,31985,32015,31955,32000,19966
1697027400,32000,32060,31965,32020,49011
1697031000,32020,32085,31960,31990,60151
1697034600,31995,32040,31950,31965,36387
1697038200,31960,31980,31895,31915,26490
1697041800,31915,31940,31870,31895,20514
1697045400,31890,31960,31865,31925,17309
1697049000,31925,31975,31925,31965,17583
1697052600,31960,32035,31950,32025,11016
1697056200,32025,32040,32020,32020,2410
1697067000,32145,32360,32130,32265,132617
1697070600,32265,32375,32185,32360,115589
1697074200,32365,32395,32305,32360,75524
1697077800,32355,32425,32345,32385,35758
1697081400,32380,32470,32380,32445,64946
1697085000,32440,32490,32440,32460,49458
1697088600,32460,32660,32445,32640,105512
1697095800,32610,32625,32535,32565,38144
1697099400,32570,32625,32545,32595,21500
1697103000,32595,32645,32575,32620,18081
1697106600,32620,32635,32600,32615,12570
1697110200,32620,32650,32610,32615,20175
1697113800,32610,32630,32505,32540,62474
1697117400,32535,32540,32405,32470,71797
1697121000,32470,32480,32425,32430,34356
1697124600,32430,32475,32370,32445,33308
1697128200,32450,32465,32215,32225,44927
1697131800,32225,32250,32090,32180,45765
1697135400,32175,32280,32160,32235,30292
1697139000,32240,32290,32235,32265,11450
1697142600,32260,32290,32255,32275,3205
1697153400,32300,32525,32290,32325,162060
1697157000,32320,32490,32305,32485,117529
1697160600,32485,32490,32370,32370,73197
1697164200,32370,32400,32320,32330,28915
1697167800,32330,32380,32275,32370,55340
1697171400,32365,32370,32255,32285,49362
1697175000,32285,32320,32245,32255,55786
1697182200,32310,32345,32235,32240,29105
1697185800,32240,32260,32135,32145,33067
1697189400,32145,32165,32040,32055,48141
1697193000,32060,32185,32040,32185,38159
1697196600,32185,32185,32115,32140,27122
1697200200,32140,32260,32135,32200,41908
1697203800,32200,32270,32105,32120,77370
1697207400,32120,32160,31950,31970,76816
1697211000,31970,32040,31910,32020,51399
1697214600,32025,32050,31865,31865,37058
1697218200,31870,31965,31850,31930,28717
1697221800,31930,31965,31895,31920,22943
1697225400,31920,31935,31850,31880,15390
1697229000,31880,31895,31875,31880,3343
1697412600,31955,31970,31680,31950,135668
1697416200,31945,31945,31690,31795,123781
1697419800,31795,31840,31650,31775,95297
1697423400,31775,31775,31695,31705,27915
1697427000,31705,31755,31665,31680,61085
1697430600,31675,31715,31650,31670,48303
1697434200,31665,31730,31555,31685,105590
1697441400,31690,31730,31590,31660,47666
1697445000,31655,31705,31635,31635,25949
1697448600,31640,31680,31630,31665,18006
1697452200,31665,31715,31655,31675,16169
1697455800,31680,31720,31655,31660,20663
1697459400,31660,31765,31655,31760,31118
1697463000,31760,31985,31750,31975,73701
1697466600,31975,32050,31940,31955,55002
1697470200,31955,31960,31885,31905,25276
1697473800,31905,31995,31830,31915,27606
1697477400,31915,31975,31905,31935,15295
1697481000,31935,31985,31895,31980,14116
1697484600,31980,31995,31945,31970,10966
1697488200,31970,31995,31955,31995,2637
1697499000,32100,32260,32055,32225,121919
1697502600,32225,32255,32025,32035,103615
1697506200,32030,32050,31910,31935,84992
1697509800,31940,32010,31915,31980,28368
1697513400,31975,32060,31900,31985,65768
1697517000,31985,32025,31935,31940,43633
1697520600,31940,32035,31925,32035,54817
1697527800,32020,32100,32010,32055,33450
1697531400,32055,32065,31945,32025,26417
1697535000,32025,32040,31880,31945,49845
1697538600,31945,31975,31900,31920,21913
1697542200,31915,31965,31910,31950,18029
1697545800,31945,31945,31825,31835,41577
1697549400,31840,32065,31815,32030,86115
1697553000,32030,32090,31995,32065,48762
1697556600,32065,32240,32065,32240,32851
1697560200,32240,32240,32130,32140,22317
1697563800,32140,32140,32055,32070,16970
1697567400,32070,32115,32020,32090,16612
1697571000,32095,32120,32055,32115,6838
1697574600,32115,32130,32110,32125,2742
1697585400,32130,32145,31910,31975,96308
1697589000,31975,31990,31865,31985,83020
1697592600,31990,32030,31875,31975,85049
1697596200,31975,32010,31910,31940,30463
1697599800,31940,32035,31870,32005,53668
1697603400,32005,32100,31970,32025,68447
1697607000,32025,32105,32025,32040,55410
1697614200,31960,32025,31955,32015,31634
1697617800,32015,32075,32000,32015,21246
1697621400,32010,32010,31895,31915,26604
1697625000,31910,31955,31885,31925,22049
1697628600,31920,31990,31915,31970,16988
1697632200,31970,31990,31895,31920,21337
1697635800,31920,31960,31810,31835,73542
1697639400,31830,31835,31765,31780,49962
1697643000,31775,31790,31680,31690,37359
1697646600,31690,31780,31655,31755,27772
1697650200,31750,31785,31675,31725,21921
1697653800,31725,31740,31620,31630,13358
1697657400,31635,31660,31585,31645,15116
1697661000,31645,31650,31625,31645,3294
1697671800,31540,31620,31490,31615,94433
1697675400,31610,31670,31515,31580,77007
1697679000,31575,31590,31440,31470,81948
1697682600,31470,31470,31405,31420,29234
1697686200,31420,31530,31395,31525,57971
1697689800,31520,31540,31430,31470,51904
1697693400,31465,31505,31400,31400,63733
1697700600,31445,31470,31355,31455,57534
1697704200,31460,31475,31410,31465,25305
1697707800,31465,31565,31460,31560,33906
1697711400,31555,31580,31510,31520,22261
1697715000,31520,31575,31500,31560,22226
1697718600,31565,31650,31540,31570,43190
1697722200,31570,31675,31510,31510,67045
1697725800,31510,31570,31475,31550,38815
1697729400,31550,31735,31515,31575,67181
1697733000,31575,31690,31430,31615,86690
1697736600,31620,31640,31450,31460,31604
1697740200,31460,31460,31275,31305,42767
1697743800,31310,31335,31240,31265,18584
1697747400,31270,31275,31255,31255,2619
1697758200,31190,31245,31105,31200,107125
1697761800,31200,31245,31110,31150,102074
1697765400,31150,31335,31120,31305,79721
1697769000,31300,31395,31300,31360,38961
1697772600,31360,31410,31320,31400,53524
1697776200,31405,31430,31335,31360,40822
1697779800,31355,31370,31220,31225,56006
1697787000,31230,31350,31220,31350,48119
1697790600,31345,31375,31245,31255,27061
1697794200,31255,31305,31235,31245,21982
1697797800,31245,31310,31240,31295,15770
1697801400,31300,31320,31205,31205,19044
1697805000,31205,31305,31205,31295,18939
1697808600,31295,31345,31160,31165,59782
1697812200,31160,31230,31055,31075,59303
1697815800,31075,31175,31045,31115,42399
1697819400,31120,31275,31120,31230,34881
1697823000,31230,31245,31125,31130,24000
1697826600,31130,31160,31085,31120,22471
1697830200,31120,31140,30995,31010,21739
1697833800,31015,31020,31000,31000,4125
1698017400,31130,31180,31035,31045,87503
1698021000,31050,31165,31025,31070,68558
1698024600,31070,31155,31035,31040,51054
1698028200,31035,31080,31000,31070,35781
1698031800,31065,31080,31005,31010,40856
1698035400,31010,31160,30970,31100,75467
1698039000,31095,31110,30995,31000,50211
1698046200,30950,30955,30875,30935,50325
1698049800,30935,30960,30835,30840,39217
1698053400,30840,30845,30740,30765,46511
1698057000,30770,30825,30765,30810,20892
1698060600,30810,30880,30790,30845,37863
1698064200,30840,30875,30815,30840,27155
1698067800,30840,31025,30725,30990,92454
1698071400,30990,31100,30930,31060,61606
1698075000,31060,31115,31050,31090,35005
1698078600,31090,31195,31080,31100,25934
1698082200,31105,31160,31045,31070,21006
1698085800,31075,31115,30995,31005,36823
1698089400,31005,31050,30965,31045,18623
1698093000,31045,31075,31035,31065,3645
1698103800,31160,31210,30865,30870,122465
1698107400,30870,30945,30650,30670,166347
1698111000,30675,30930,30545,30865,179959
1698114600,30865,30930,30760,30775,57836
1698118200,30775,30930,30700,30870,105996
1698121800,30875,31105,30855,31080,90482
1698125400,31080,31155,31065,31150,79463
1698132600,31150,31165,30980,31015,51173
1698136200,31010,31085,30910,31070,45926
1698139800,31075,31105,31040,31065,22654
1698143400,31070,31140,31060,31115,20165
1698147000,31115,31130,31085,31115,18886
1698150600,31115,31150,31080,31100,21370
1698154200,31105,31250,31090,31250,73552
1698157800,31250,31280,31160,31180,45699
1698161400,31185,31210,31050,31060,30217
1698165000,31060,31155,31040,31155,23121
1698168600,31150,31200,31140,31195,12541
1698172200,31200,31275,31200,31270,11749
1698175800,31270,31295,31240,31245,17704
1698179400,31250,31260,31245,31260,2791
1698190200,31295,31400,31270,31325,100770
1698193800,31330,31460,31245,31425,108759
1698197400,31425,31465,31350,31460,61167
1698201000,31460,31465,31370,31395,27077
1698204600,31400,31440,31355,31400,43327
1698208200,31395,31445,31345,31350,41117
1698211800,31350,31360,31185,31240,76626
1698219000,31215,31275,31175,31275,43807
1698222600,31275,31300,31245,31300,21883
1698226200,31295,31305,31235,31295,18563
1698229800,31300,31340,31290,31335,18493
1698233400,31335,31365,31315,31350,15280
1698237000,31350,31365,31300,31305,17288
1698240600,31305,31320,31080,31110,85166
1698244200,31105,31285,31085,31235,76778
1698247800,31235,31240,31105,31125,41156
1698251400,31125,31150,30990,31015,40784
1698255000,31015,31020,30955,30990,20871
1698258600,30990,31005,30935,30980,21204
1698262200,30985,31030,30970,31000,19769
1698265800,31000,31000,30950,30955,5646
1698276600,30750,30890,30730,30800,125199
1698280200,30800,30805,30650,30685,105232
1698283800,30685,30805,30580,30610,93116
1698287400,30610,30655,30595,30625,36471
1698291000,30620,30695,30610,30670,60542
1698294600,30670,30705,30580,30605,73099
1698298200,30600,30610,30545,30595,86267
1698305400,30540,30625,30485,30545,56858
1698309000,30545,30655,30545,30650,35115
1698312600,30645,30655,30565,30625,23013
1698316200,30625,30635,30510,30545,24974
1698319800,30545,30620,30520,30600,26397
1698323400,30605,30785,30565,30750,72369
1698327000,30750,30820,30665,30725,91957
1698330600,30725,30825,30660,30675,57682
1698334200,30670,30715,30530,30550,43530
1698337800,30550,30605,30495,30500,34899
1698341400,30495,30655,30455,30650,29002
1698345000,30650,30750,30635,30655,25336
1698348600,30655,30655,30550,30620,19745
1698352200,30615,30620,30525,30525,4380
1698363000,30750,30800,30675,30750,101243
1698366600,30750,30920,30695,30875,111977
1698370200,30875,31085,30835,31080,106976
1698373800,31080,31095,30980,30995,45035
1698377400,30995,31005,30925,30940,67235
1698381000,30940,31025,30940,31010,57968
1698384600,31005,31060,30945,31040,78919
1698391800,30945,30990,30920,30955,46076
1698395400,30955,30995,30930,30930,23615
1698399000,30930,30965,30905,30930,20139
1698402600,30935,30940,30820,30830,27563
1698406200,30825,30860,30785,30830,30657
1698409800,30830,30920,30815,30885,43851
1698413400,30890,30910,30710,30710,81951
1698417000,30710,30795,30655,30775,62476
1698420600,30775,30780,30655,30690,31246
1698424200,30690,30700,30530,30550,33340
1698427800,30545,30595,30525,30555,23550
1698431400,30555,30615,30530,30585,23627
1698435000,30585,30635,30535,30625,15316
1698438600,30625,30645,30605,30605,3978
1698622200,30660,30755,30575,30670,107178
1698625800,30670,30710,30575,30610,91281
1698629400,30610,30740,30590,30600,77825
1698633000,30600,30665,30570,30655,33354
1698636600,30655,30685,30585,30585,46354
1698640200,30585,30675,30530,30655,70652
1698643800,30650,30740,30615,30700,70641
1698651000,30730,30820,30725,30795,44748
1698654600,30800,30860,30755,30815,35456
1698658200,30810,30840,30785,30810,25822
1698661800,30815,30855,30800,30805,19073
1698665400,30805,30855,30795,30800,20411
1698669000,30800,30810,30750,30770,25470
1698672600,30770,30815,30385,30430,134750
1698676200,30430,30595,30410,30510,78460
1698679800,30510,30575,30480,30490,38315
1698683400,30485,30555,30445,30555,21956
1698687000,30550,30590,30525,30580,16479
1698690600,30580,30650,30580,30630,19636
1698694200,30625,30635,30580,30580,14822
1698697800,30580,30605,30580,30585,3378
1698708600,30630,30685,30540,30590,93594
1698712200,30590,30710,30585,30650,85903
1698715800,30650,30675,30580,30645,66466
1698719400,30645,30845,30600,30805,36888
1698723000,30800,30975,30635,30875,203901
1698726600,30875,30910,30705,30735,101303
1698730200,30730,30905,30720,30850,94938
1698737400,30915,30975,30870,30965,38735
1698741000,30970,31180,30960,31105,64273
1698744600,31105,31235,31095,31210,35490
1698748200,31215,31270,31200,31250,22700
1698751800,31245,31325,31225,31290,29188
1698755400,31290,31295,31210,31220,35176
1698759000,31220,31360,31145,31275,72419
1698762600,31275,31335,31210,31265,51456
1698766200,31270,31310,31190,31250,27450
1698769800,31255,31340,31220,31290,31913
1698773400,31290,31355,31290,31295,12254
1698777000,31295,31395,31295,31370,15312
1698780600,31365,31370,31325,31330,10335
1698784200,31330,31365,31325,31365,2600
1698795000,31340,31560,31315,31480,138288
1698798600,31480,31530,31385,31475,129143
1698802200,31475,31540,31365,31475,103709
1698805800,31475,31525,31460,31485,36765
1698809400,31485,31540,31435,31445,66414
1698813000,31450,31570,31445,31535,71186
1698816600,31530,31640,31510,31600,81522
1698823800,31650,31655,31525,31535,42621
1698827400,31530,31580,31505,31530,29366
1698831000,31530,31550,31455,31485,24133
1698834600,31480,31530,31475,31490,17127
1698838200,31490,31540,31460,31530,24125
1698841800,31530,31635,31530,31630,48361
1698845400,31630,31705,31575,31695,71014
1698849000,31695,31745,31635,31645,45898
1698852600,31645,31685,31630,31655,23815
1698856200,31655,31725,31605,31685,18153
1698859800,31685,31730,31635,31710,22929
1698863400,31710,31835,31620,31825,66808
1698867000,31825,31900,31810,31890,19084
1698870600,31890,31915,31885,31905,3456
1698881400,32030,32065,31990,32025,105216
1698885000,32025,32090,31935,31970,100060
1698888600,31975,32025,31925,31950,60636
1698892200,31945,31965,31890,31910,34545
1698895800,31915,31975,31870,31925,77503
1698899400,31930,31990,31895,31950,43011
1698903000,31950,31990,31880,31880,61290
1698910200,31925,32025,31815,32025,63405
1698913800,32025,32045,31995,32045,23538
1698917400,32040,32055,32000,32015,25331
1698921000,32015,32050,31990,32045,17458
1698924600,32040,32110,32025,32085,25897
1698928200,32085,32125,32065,32110,23251
1698931800,32115,32175,32060,32165,56363
1698935400,32170,32235,32150,32200,37063
1698939000,32200,32245,32175,32200,23436
1698942600,32205,32270,32190,32270,17679
1698946200,32270,32330,32265,32320,16955
1698949800,32320,32340,32305,32325,12425
1698953400,32330,32345,32290,32305,10440
1698957000,32305,32330,32275,32330,5312
1699227000,32650,32685,32550,32605,134980
1699230600,32605,32715,32575,32715,101488
1699234200,32710,32770,32705,32720,74470
1699237800,32720,32760,32675,32680,29141
1699241400,32680,32750,32665,32710,60033
1699245000,32715,32735,32650,32650,52541
1699248600,32655,32755,32640,32675,83519
1699255800,32700,32760,32690,32700,34578
1699259400,32700,32725,32675,32715,27697
1699263000,32710,32715,32670,32685,17300
1699266600,32685,32700,32650,32650,15751
1699270200,32650,32680,32650,32665,11419
1699273800,32665,32705,32655,32665,15702
1699277400,32665,32700,32655,32665,13702
1699281000,32670,32695,32495,32530,53079
1699284600,32535,32585,32515,32560,18772
1699288200,32565,32615,32545,32560,13737
1699291800,32560,32570,32480,32505,10760
1699295400,32505,32525,32475,32505,7681
1699299000,32500,32580,32500,32575,9893
1699302600,32575,32600,32555,32600,3992
1699313400,32580,32635,32465,32525,99653
1699317000,32530,32535,32420,32440,84607
1699320600,32440,32545,32405,32410,75854
1699324200,32405,32425,32365,32390,33121
1699327800,32390,32410,32305,32305,65560
1699331400,32305,32330,32265,32275,58667
1699335000,32275,32305,32250,32270,69127
1699342200,32240,32330,32205,32270,42426
1699345800,32270,32300,32205,32225,24695
1699349400,32225,32310,32220,32310,20058
1699353000,32305,32320,32275,32285,14690
1699356600,32285,32290,32230,32275,17197
1699360200,32275,32335,32270,32320,17143
1699363800,32320,32405,32310,32395,30770
1699367400,32390,32470,32310,32450,52966
1699371000,32450,32530,32435,32460,30447
1699374600,32465,32485,32415,32420,14980
1699378200,32420,32505,32395,32495,16844
1699381800,32495,32525,32480,32495,9055
1699385400,32495,32500,32460,32490,6253
1699389000,32495,32525,32470,32470,3973
1699399800,32555,32570,32375,32380,93902
1699403400,32380,32425,32270,32340,85503
1699407000,32335,32390,32310,32325,77646
1699410600,32325,32380,32310,32315,26987
1699414200,32315,32315,32045,32195,142249
1699417800,32200,32270,32190,32215,72432
1699421400,32220,32275,32140,32140,60612
1699428600,32125,32245,32120,32235,38566
1699432200,32235,32240,32145,32155,24608
1699435800,32150,32225,32145,32190,24788
1699439400,32195,32265,32190,32260,18198
1699443000,32260,32295,32240,32290,17132
1699446600,32290,32340,32280,32330,23793
1699450200,32330,32395,32320,32390,23080
1699453800,32390,32470,32325,32340,51441
1699457400,32340,32350,32225,32255,36799
1699461000,32255,32300,32165,32230,31027
1699464600,32225,32300,32215,32290,20172
1699468200,32295,32320,32280,32305,7268
1699471800,32305,32315,32265,32300,6087
1699475400,32295,32345,32275,32335,6239
1699486200,32320,32370,32200,32320,93042
1699489800,32320,32465,32265,32460,89504
1699493400,32455,32505,32365,32460,74430
1699497000,32460,32515,32455,32470,31895
1699500600,32470,32530,32430,32525,51713
1699504200,32525,32705,32525,32695,81052
1699507800,32690,32735,32600,32600,94883
1699515000,32630,32650,32525,32550,43089
1699518600,32555,32685,32545,32650,36859
1699522200,32650,32690,32610,32670,18376
1699525800,32670,32705,32655,32660,13790
1699529400,32660,32685,32645,32665,8592
1699533000,32670,32705,32655,32685,15401
1699536600,32680,32755,32665,32740,19123
1699540200,32745,32845,32705,32720,61634
1699543800,32720,32860,32675,32835,43190
1699547400,32830,32875,32815,32820,18112
1699551000,32820,32845,32620,32755,34252
1699554600,32760,32775,32600,32635,29198
1699558200,32630,32645,32545,32550,19477
1699561800,32550,32560,32510,32515,7123
1699572600,32455,32480,32305,32315,108586
1699576200,32320,32455,32245,32380,115518
1699579800,32380,32510,32305,32455,97827
1699583400,32455,32485,32420,32445,30802
1699587000,32440,32545,32400,32545,57026
1699590600,32545,32595,32500,32565,62004
1699594200,32565,32615,32535,32580,46938
1699601400,32605,32630,32580,32600,35492
1699605000,32595,32625,32480,32500,38042
1699608600,32495,32555,32460,32495,28321
1699612200,32490,32500,32455,32470,17544
1699615800,32470,32545,32420,32540,24747
1699619400,32540,32595,32530,32570,31965
1699623000,32570,32640,32555,32620,25661
1699626600,32620,32635,32490,32520,57245
1699630200,32515,32700,32490,32695,45247
1699633800,32695,32735,32660,32725,19394
1699637400,32730,32845,32725,32830,20917
1699641000,32830,32890,32825,32880,15531
1699644600,32880,32925,32870,32920,10549
1699648200,32915,32920,32890,32890,6386
1699831800,32985,33000,32810,32835,88997
1699835400,32830,32865,32675,32715,98263
1699839000,32715,32790,32680,32750,61506
1699842600,32755,32790,32620,32640,44930
1699846200,32640,32645,32550,32600,57805
1699849800,32600,32610,32495,32555,55193
1699853400,32555,32595,32545,32570,50232
1699860600,32600,32645,32570,32630,30770
1699864200,32630,32725,32615,32705,25208
1699867800,32705,32705,32635,32655,18302
1699871400,32655,32705,32640,32655,19022
1699875000,32655,32660,32585,32595,16185
1699878600,32595,32660,32595,32660,17179
1699882200,32660,32665,32585,32640,23756
1699885800,32640,32680,32580,32665,42833
1699889400,32665,32785,32660,32780,28425
1699893000,32785,32830,32775,32795,16408
1699896600,32795,32800,32755,32760,7367
1699900200,32760,32800,32730,32770,7227
1699903800,32775,32800,32760,32790,4752
1699907400,32790,32800,32780,32780,4560
1699918200,32840,32850,32715,32755,84124
1699921800,32750,32775,32665,32740,72226
1699925400,32735,32845,32730,32765,64966
1699929000,32760,32795,32695,32715,24330
1699932600,32715,32825,32700,32785,45334
1699936200,32785,32810,32720,32745,30730
1699939800,32740,32750,32695,32705,44643
1699947000,32700,32770,32695,32725,24711
1699950600,32725,32790,32720,32770,20655
1699954200,32765,32805,32750,32800,15922
1699957800,32800,32800,32755,32765,9844
1699961400,32765,32795,32760,32785,8730
1699965000,32785,32800,32760,32790,12815
1699968600,32790,33055,32740,33035,97900
1699972200,33040,33185,33020,33180,60351
1699975800,33185,33240,33170,33235,37779
1699979400,33235,33235,33120,33135,21304
1699983000,33135,33210,33135,33200,10938
1699986600,33205,33210,33140,33170,10951
1699990200,33170,33235,33165,33225,7493
1699993800,33220,33230,33185,33200,4498
1700004600,33285,33290,33195,33270,126171
1700008200,33265,33385,33265,33295,129121
1700011800,33295,33375,33255,33345,80012
1700015400,33345,33490,33340,33430,66339
1700019000,33430,33495,33415,33455,75540
1700022600,33450,33565,33430,33550,73121
1700026200,33550,33560,33450,33450,83739
1700033400,33470,33490,33430,33445,35486
1700037000,33450,33510,33405,33410,32051
1700040600,33410,33430,33350,33425,30568
1700044200,33425,33510,33420,33510,22120
1700047800,33510,33555,33510,33535,22037
1700051400,33535,33585,33515,33565,19314
1700055000,33565,33595,33430,33475,62365
1700058600,33480,33555,33425,33520,51085
1700062200,33520,33595,33515,33565,22978
1700065800,33560,33560,33445,33475,21564
1700069400,33475,33475,33345,33410,21707
1700073000,33410,33425,33355,33425,9747
1700076600,33420,33450,33375,33415,9836
1700080200,33420,33430,33370,33390,4443
1700091000,33390,33620,33380,33530,91658
1700094600,33535,33580,33390,33400,96986
1700098200,33395,33430,33235,33290,95579
1700101800,33290,33320,33225,33295,35890
1700105400,33295,33340,33240,33310,51967
1700109000,33315,33460,33310,33445,57958
1700112600,33445,33475,33395,33450,65008
1700119800,33450,33450,33385,33425,30106
1700123400,33430,33485,33405,33445,26401
1700127000,33440,33470,33410,33465,15760
1700130600,33465,33480,33440,33475,12420
1700134200,33475,33480,33370,33395,17726
1700137800,33390,33430,33370,33405,18943
1700141400,33405,33460,33345,33360,29428
1700145000,33360,33425,33290,33335,46025
1700148600,33330,33365,33215,33220,35054
1700152200,33225,33335,33210,33330,20143
1700155800,33330,33380,33305,33335,14288
1700159400,33340,33370,33305,33360,9752
1700163000,33360,33395,33355,33370,7182
1700166600,33370,33405,33360,33405,3131
1700177400,33375,33390,33255,33360,106479
1700181000,33360,33530,33350,33475,100397
1700184600,33475,33525,33395,33425,69611
1700188200,33425,33470,33380,33465,27835
1700191800,33465,33515,33440,33470,43824
1700195400,33470,33535,33460,33490,36115
1700199000,33490,33605,33475,33600,65755
1700206200,33595,33595,33530,33565,28149
1700209800,33560,33595,33435,33455,37099
1700213400,33455,33495,33410,33485,26521
1700217000,33485,33495,33425,33440,22237
1700220600,33435,33475,33415,33475,13488
1700224200,33470,33495,33440,33475,12971
1700227800,33475,33490,33415,33430,20041
1700231400,33435,33475,33390,33470,35516
1700235000,33475,33515,33445,33470,23464
1700238600,33470,33550,33445,33520,13763
1700242200,33520,33550,33520,33545,7144
1700245800,33550,33570,33535,33535,5093
1700249400,33535,33550,33520,33540,4785
1700253000,33540,33540,33495,33515,4682
1700436600,33480,33865,33460,33790,127449
1700440200,33795,33820,33530,33585,125301
1700443800,33585,33625,33515,33565,70648
1700447400,33570,33585,33500,33560,33231
1700451000,33560,33565,33350,33410,94159
1700454600,33410,33480,33385,33475,42310
1700458200,33475,33485,33330,33330,59053
1700465400,33350,33355,33275,33315,28833
1700469000,33310,33335,33255,33285,26966
1700472600,33285,33335,33255,33285,23287
1700476200,33285,33295,33255,33260,17101
1700479800,33260,33280,33220,33230,19121
1700483400,33230,33245,33190,33220,22591
1700487000,33220,33295,33200,33245,17651
1700490600,33245,33355,33235,33300,35014
1700494200,33300,33305,33240,33295,18322
1700497800,33295,33295,33255,33270,8682
1700501400,33275,33355,33255,33350,11296
1700505000,33345,33375,33345,33360,6471
1700508600,33360,33440,33355,33440,7889
1700512200,33435,33435,33375,33375,3888
1700523000,33420,33470,33315,33365,105063
1700526600,33365,33400,33255,33330,97227
1700530200,33330,33405,33260,33335,67930
1700533800,33340,33390,33320,33365,20514
1700537400,33360,33435,33335,33425,51673
1700541000,33430,33435,33325,33325,40780
1700544600,33330,33435,33315,33350,64309
1700551800,33320,33320,33205,33215,33418
1700555400,33220,33280,33200,33265,22592
1700559000,33265,33305,33235,33280,19505
1700562600,33280,33290,33235,33240,11237
1700566200,33240,33275,33235,33265,9516
1700569800,33265,33275,33190,33200,18273
1700573400,33200,33255,33165,33240,26742
1700577000,33240,33245,33155,33165,33682
1700580600,33165,33185,33135,33170,25150
1700584200,33170,33190,33140,33190,9991
1700587800,33190,33195,33135,33155,9192
1700591400,33150,33215,33150,33175,10610
1700595000,33180,33205,33155,33180,7141
1700598600,33180,33210,33160,33200,3678
1700609400,33120,33445,33110,33420,110369
1700613000,33420,33600,33390,33570,102896
1700616600,33575,33590,33510,33550,62347
1700620200,33555,33600,33500,33515,27779
1700623800,33515,33535,33435,33435,49466
1700627400,33435,33525,33435,33480,39036
1700631000,33480,33485,33410,33440,46217
1700638200,33460,33550,33445,33535,25155
1700641800,33535,33595,33510,33560,22762
1700645400,33565,33570,33515,33540,18778
1700649000,33540,33555,33500,33530,12039
1700652600,33525,33625,33500,33620,23960
1700656200,33620,33620,33585,33600,17123
1700659800,33595,33725,33580,33710,35672
1700663400,33710,33760,33595,33660,61046
1700667000,33660,33720,33630,33690,28824
1700670600,33695,33760,33695,33730,15513
1700674200,33725,33750,33685,33745,10635
1700677800,33750,33750,33720,33745,5583
1700681400,33740,33750,33655,33745,11739
1700685000,33750,33765,33740,33765,4207
1700695800,33700,33745,33665,33670,18651
1700699400,33670,33710,33625,33630,17780
1700703000,33635,33680,33630,33675,11422
1700706600,33675,33730,33670,33700,10145
1700710200,33705,33705,33665,33670,3833
1700713800,33670,33700,33670,33700,5983
1700717400,33700,33730,33695,33720,10280
1700724600,33730,33740,33695,33705,7540
1700728200,33700,33730,33700,33720,3578
1700731800,33715,33730,33700,33710,4494
1700735400,33705,33710,33685,33695,4956
1700739000,33695,33710,33690,33700,3106
1700742600,33705,33735,33700,33725,3511
1700746200,33720,33745,33715,33735,4573
1700749800,33735,33745,33725,33745,3407
1700753400,33740,33750,33735,33750,1913
1700757000,33750,33750,33730,33730,3286
1700760600,33735,33740,33720,33725,824
1700764200,33730,33735,33725,33730,153
1700767800,33735,33735,33725,33730,437
1700771400,33730,33735,33710,33725,1657
1700782200,33720,33790,33660,33715,84640
1700785800,33720,33820,33695,33745,82241
1700789400,33740,33825,33710,33715,56667
1700793000,33710,33710,33655,33680,31464
1700796600,33685,33765,33675,33700,40290
1700800200,33705,33715,33630,33675,32924
1700803800,33675,33690,33590,33600,48707
1700811000,33620,33665,33610,33655,17612
1700814600,33655,33685,33620,33680,14853
1700818200,33680,33700,33665,33685,10230
1700821800,33685,33700,33670,33675,6617
1700825400,33675,33710,33670,33690,7573
1700829000,33690,33700,33655,33655,7655
1700832600,33660,33675,33620,33645,14108
1700836200,33645,33760,33640,33745,31562
1700839800,33750,33760,33720,33740,13518
1700843400,33745,33745,33700,33705,8335
1700847000,33705,33745,33705,33740,4043
1700850600,33740,33745,33730,33745,952
1700854200,33745,33745,33730,33735,893
1700857800,33735,33740,33725,33740,1797
1701041400,33730,33815,33665,33665,83853
1701045000,33670,33755,33575,33670,106068
1701048600,33675,33675,33465,33480,100970
1701052200,33475,33490,33440,33440,35174
1701055800,33440,33475,33395,33415,62706
1701059400,33415,33495,33405,33430,43049
1701063000,33435,33465,33400,33440,48590
1701070200,33460,33535,33450,33525,32145
1701073800,33525,33535,33455,33480,19447
1701077400,33480,33535,33450,33525,17806
1701081000,33525,33535,33500,33520,10647
1701084600,33525,33560,33505,33525,15460
1701088200,33520,33540,33495,33515,16172
1701091800,33515,33520,33440,33460,18268
1701095400,33460,33545,33425,33535,29096
1701099000,33535,33585,33480,33575,29061
1701102600,33575,33595,33545,33570,12067
1701106200,33570,33620,33560,33600,10708
1701109800,33600,33615,33570,33580,4744
1701113400,33580,33585,33515,33550,9742
1701117000,33555,33575,33525,33525,3469
1701127800,33565,33570,33385,33415,78490
1701131400,33415,33425,33305,33375,92606
1701135000,33375,33420,33295,33370,66375
1701138600,33370,33395,33320,33380,24365
1701142200,33380,33395,33320,33320,33228
1701145800,33325,33435,33320,33415,36773
1701149400,33420,33455,33360,33380,50968
1701156600,33350,33370,33310,33330,28593
1701160200,33330,33365,33285,33335,29971
1701163800,33340,33375,33335,33355,16218
1701167400,33355,33385,33355,33360,12351
1701171000,33365,33370,33315,33325,12331
1701174600,33325,33345,33295,33340,14713
1701178200,33340,33355,33295,33305,14316
1701181800,33305,33325,33225,33300,40175
1701185400,33300,33365,33285,33355,23658
1701189000,33360,33380,33340,33340,10310
1701192600,33340,33355,33230,33260,17362
1701196200,33255,33290,33235,33245,9406
1701199800,33240,33305,33225,33300,7346
1701203400,33300,33310,33275,33290,3672
1701214200,33250,33380,33230,33315,97859
1701217800,33315,33415,33180,33405,129909
1701221400,33405,33490,33300,33460,108904
1701225000,33460,33500,33430,33465,31530
1701228600,33465,33525,33410,33455,51899
1701232200,33450,33470,33305,33315,47575
1701235800,33315,33345,33265,33270,56416
1701243000,33295,33375,33275,33330,32430
1701246600,33325,33415,33325,33410,19283
1701250200,33415,33430,33385,33420,18876
1701253800,33420,33440,33400,33415,13822
1701257400,33415,33450,33405,33440,9309
1701261000,33440,33450,33425,33440,10527
1701264600,33440,33455,33405,33410,17119
1701268200,33410,33425,33290,33325,47781
1701271800,33325,33380,33280,33285,25104
1701275400,33285,33335,33270,33330,11213
1701279000,33330,33345,33310,33330,6563
1701282600,33330,33355,33275,33335,9378
1701286200,33330,33335,33255,33270,8197
1701289800,33270,33290,33255,33285,3332
1701300600,33250,33295,33180,33190,88977
1701304200,33195,33340,33160,33270,107322
1701307800,33270,33330,33160,33255,96827
1701311400,33255,33335,33245,33305,29726
1701315000,33300,33380,33285,33370,46185
1701318600,33370,33460,33365,33450,52557
1701322200,33455,33500,33400,33500,63494
1701329400,33500,33500,33440,33440,24013
1701333000,33445,33470,33365,33465,39318
1701336600,33465,33495,33445,33485,16884
1701340200,33485,33535,33475,33520,21129
1701343800,33520,33550,33505,33520,16520
1701347400,33525,33530,33490,33520,13810
1701351000,33520,33585,33500,33570,33776
1701354600,33570,33575,33485,33545,47864
1701358200,33550,33560,33415,33435,38378
1701361800,33430,33470,33410,33440,18477
1701365400,33440,33495,33435,33455,10141
1701369000,33455,33505,33440,33490,7254
1701372600,33490,33525,33445,33465,8976
1701376200,33465,33545,33460,33545,5236
1701387000,33545,33580,33415,33495,84231
1701390600,33500,33540,33390,33480,95205
1701394200,33475,33540,33410,33465,86187
1701397800,33470,33550,33465,33515,43456
1701401400,33515,33530,33450,33495,49863
1701405000,33500,33505,33430,33470,47686
1701408600,33470,33510,33410,33420,57403
1701415800,33435,33465,33415,33435,19853
1701419400,33435,33470,33415,33455,14550
1701423000,33460,33470,33415,33425,12919
1701426600,33425,33430,33380,33395,12544
1701430200,33400,33420,33370,33380,12539
1701433800,33380,33395,33340,33350,14350
1701437400,33350,33365,33300,33315,13521
1701441000,33320,33365,33260,33260,39662
1701444600,33260,33385,33255,33385,37593
1701448200,33385,33455,33335,33450,23645
1701451800,33450,33490,33425,33425,16911
1701455400,33425,33435,33395,33410,9869
1701459000,33415,33460,33415,33460,7219
1701462600,33455,33480,33450,33480,4719
1701646200,33460,33470,33010,33150,156241
1701649800,33150,33290,33070,33290,137301
1701653400,33285,33315,33155,33215,86051
1701657000,33210,33215,33090,33145,44398
1701660600,33145,33225,33125,33205,51453
1701664200,33205,33280,33180,33215,46663
1701667800,33215,33250,33160,33160,50956
1701675000,33115,33155,33095,33150,29942
1701678600,33155,33175,33045,33075,34530
1701682200,33080,33110,33060,33090,21397
1701685800,33090,33095,33030,33070,15968
1701689400,33070,33070,32965,33020,23631
1701693000,33020,33070,33015,33060,16397
1701696600,33055,33065,33005,33015,19587
1701700200,33015,33095,32940,32955,53580
1701703800,32950,32955,32900,32945,33383
1701707400,32945,33035,32935,33025,27842
1701711000,33025,33045,32995,33005,9959
1701714600,33005,33035,32985,33005,8656
1701718200,33005,33065,32985,33055,7680
1701721800,33055,33075,33045,33055,3690
1701732600,33000,33085,32955,32970,88620
1701736200,32970,32975,32800,32800,105514
1701739800,32800,32810,32715,32785,95516
1701743400,32790,32815,32735,32785,27407
1701747000,32790,32905,32775,32860,55570
1701750600,32860,32880,32790,32845,42542
1701754200,32845,32865,32755,32775,53595
1701761400,32700,32780,32695,32765,28427
1701765000,32770,32835,32730,32825,18646
1701768600,32825,32830,32785,32815,10881
1701772200,32815,32815,32740,32775,15035
1701775800,32780,32780,32745,32765,11411
1701779400,32765,32820,32740,32815,12858
1701783000,32815,32875,32795,32870,15619
1701786600,32865,32910,32830,32905,39089
1701790200,32910,32975,32850,32905,30101
1701793800,32905,32945,32865,32905,15862
1701797400,32910,32920,32845,32905,12433
1701801000,32905,32925,32865,32915,8078
1701804600,32920,32930,32895,32905,5549
1701808200,32905,32910,32875,32910,5599
1701819000,32910,33235,32880,33205,111149
1701822600,33210,33270,33170,33265,66908
1701826200,33265,33350,33250,33335,55154
1701829800,33340,33370,33325,33360,32279
1701833400,33355,33385,33345,33360,34256
1701837000,33360,33425,33355,33420,36812
1701840600,33420,33450,33390,33450,51025
1701847800,33400,33465,33390,33435,21191
1701851400,33430,33460,33410,33430,10818
1701855000,33435,33435,33400,33425,10300
1701858600,33425,33440,33410,33425,4829
1701862200,33420,33430,33360,33365,10470
1701865800,33365,33385,33335,33360,13989
1701869400,33360,33430,33345,33410,13623
1701873000,33410,33430,33345,33370,18273
1701876600,33370,33410,33320,33335,16770
1701880200,33335,33335,33250,33255,14547
1701883800,33255,33295,33215,33260,8332
1701887400,33260,33270,33225,33225,4492
1701891000,33230,33260,33180,33190,4733
1701894600,33185,33210,33165,33165,3581
1701909000,33120,33190,33000,33010,22840
1701912600,33015,33055,32990,33005,6617
1701916200,32895,32900,32805,32810,5006
1701919800,32870,32910,32820,32885,10966
1701923400,32885,32885,32810,32840,9386
1701927000,32840,32950,32810,32950,17841
1701934200,32780,32805,32520,32530,62291
1701937800,32530,32540,32280,32355,106364
1701941400,32360,32385,32260,32310,43077
1701945000,32310,32345,32280,32340,25323
1701948600,32335,32345,32280,32320,23309
1701952200,32320,32360,32295,32345,17019
1701955800,32340,32420,32320,32400,22996
1701959400,32400,32400,32220,32310,61532
1701963000,32310,32310,32200,32285,38420
1701966600,32285,32335,32260,32295,19635
1701970200,32295,32300,32085,32250,62653
1701973800,32250,32270,32210,32270,13534
1701977400,32275,32360,32250,32350,10973
1701981000,32355,32405,32350,32365,7035
1701991800,32465,32510,32340,32435,174301
1701995400,32440,32475,32235,32240,145627
1701999000,32245,32380,32195,32220,103748
1702002600,32215,32240,32140,32200,59442
1702006200,32200,32280,32185,32220,74197
1702009800,32215,32235,32125,32145,66400
1702013400,32145,32210,32120,32200,87181
1702020600,32250,32250,32135,32240,32987
1702024200,32240,32345,32170,32295,35909
1702027800,32300,32335,32290,32330,15687
1702031400,32330,32345,32300,32335,15805
1702035000,32335,32345,32210,32250,21314
1702038600,32250,32275,32215,32240,14618
1702042200,32240,32320,32180,32230,56374
1702045800,32230,32330,32225,32285,33484
1702049400,32285,32395,32255,32365,32171
1702053000,32365,32420,32325,32415,15174
1702056600,32415,32485,32400,32480,15290
1702060200,32480,32515,32465,32510,11014
1702063800,32510,32545,32485,32510,12644
1702067400,32510,32540,32495,32520,5604
1702251000,32600,32860,32555,32815,138584
1702254600,32815,32845,32705,32740,115829
1702258200,32745,32810,32720,32740,80878
1702261800,32735,32760,32655,32680,44170
1702265400,32685,32755,32650,32725,58263
1702269000,32730,32745,32655,32660,50298
1702272600,32660,32775,32650,32720,76690
1702279800,32710,32930,32695,32810,71997
1702283400,32810,32860,32785,32845,22960
1702287000,32845,32875,32810,32820,17167
1702290600,32825,32840,32805,32825,10165
1702294200,32825,32860,32815,32855,9443
1702297800,32860,32880,32845,32865,11384
1702301400,32865,32875,32825,32840,13851
1702305000,32840,32955,32825,32935,29457
1702308600,32935,32985,32930,32975,15038
1702312200,32975,32980,32945,32965,11551
1702315800,32965,33010,32960,32995,11483
1702319400,33000,33030,32995,33030,8061
1702323000,33030,33040,33005,33030,6917
1702326600,33030,33050,33020,33050,4441
1702337400,33050,33135,32950,32990,104045
1702341000,32990,33005,32855,32905,94608
1702344600,32905,32965,32865,32900,53800
1702348200,32900,32930,32850,32870,26212
1702351800,32875,32905,32755,32760,53491
1702355400,32760,32785,32715,32745,42589
1702359000,32745,32795,32700,32710,56447
1702366200,32710,32765,32685,32750,22726
1702369800,32750,32770,32710,32765,17583
1702373400,32765,32790,32745,32755,15000
1702377000,32760,32765,32725,32740,15015
1702380600,32740,32745,32710,32725,13165
1702384200,32725,32760,32715,32755,14306
1702387800,32755,32810,32705,32730,34225
1702391400,32735,32760,32695,32740,25241
1702395000,32740,32810,32740,32805,18657
1702398600,32800,32805,32755,32770,7831
1702402200,32770,32790,32740,32790,8124
1702405800,32790,32830,32785,32830,6042
1702409400,32830,32855,32825,32855,5508
1702413000,32855,32860,32820,32860,3479
1702423800,32910,33010,32840,32970,96141
1702427400,32975,33020,32890,32955,86786
1702431000,32955,32995,32895,32895,61641
1702434600,32895,32930,32860,32870,33972
1702438200,32875,32920,32790,32790,44131
1702441800,32790,32905,32775,32890,50285
1702445400,32885,32910,32800,32825,46225
1702452600,32860,32865,32810,32840,20471
1702456200,32840,32860,32790,32800,15623
1702459800,32800,32820,32780,32785,8739
1702463400,32785,32825,32775,32800,10757
1702467000,32800,32860,32795,32840,11032
1702470600,32840,32845,32790,32795,8726
1702474200,32800,32810,32755,32760,21162
1702477800,32760,32770,32720,32755,28036
1702481400,32755,32770,32670,32680,16174
1702485000,32680,32710,32660,32675,13162
1702488600,32675,32675,32640,32655,8768
1702492200,32650,32740,32620,32720,31243
1702495800,32720,32910,32705,32785,47099
1702499400,32785,32860,32775,32860,11340
1702510200,32895,33090,32715,32725,155971
1702513800,32725,32810,32620,32700,134420
1702517400,32695,32790,32655,32710,72521
1702521000,32710,32750,32630,32635,45317
1702524600,32640,32660,32420,32565,115839
1702528200,32565,32655,32495,32595,63280
1702531800,32600,32630,32525,32525,51753
1702539000,32570,32595,32515,32560,35513
1702542600,32560,32575,32430,32450,38149
1702546200,32450,32515,32430,32515,23266
1702549800,32510,32520,32440,32445,16211
1702553400,32450,32540,32440,32505,19536
1702557000,32505,32565,32490,32540,19509
1702560600,32540,32635,32535,32575,34151
1702564200,32580,32615,32485,32525,36254
1702567800,32525,32635,32520,32610,32863
1702571400,32615,32630,32570,32615,18402
1702575000,32620,32640,32490,32490,17137
1702578600,32495,32550,32450,32545,11254
1702582200,32550,32600,32535,32585,8634
1702585800,32590,32610,32585,32600,6687
1702596600,32670,32940,32660,32905,126809
1702600200,32905,33035,32885,33025,92178
1702603800,33025,33040,32970,32995,54675
1702607400,32995,33015,32930,32965,35406
1702611000,32970,33010,32930,32930,47029
1702614600,32930,32960,32820,32850,71816
1702618200,32845,32935,32785,32890,89334
1702625400,32915,32950,32875,32890,27436
1702629000,32895,32900,32835,32880,19060
1702632600,32880,32925,32875,32900,15014
1702636200,32900,32905,32850,32850,16806
1702639800,32850,32875,32835,32840,13618
1702643400,32840,32845,32780,32810,20109
1702647000,32805,32820,32735,32760,35380
1702650600,32760,32785,32685,32755,43757
1702654200,32750,32790,32740,32760,22494
1702657800,32760,32770,32720,32760,13830
1702661400,32760,32760,32695,32750,13097
1702665000,32745,32745,32645,32690,18824
1702668600,32695,32730,32665,32665,10632
1702672200,32665,32670,32620,32625,7508
1702855800,32730,32775,32575,32630,103074
1702859400,32630,32630,32460,32490,103049
1702863000,32490,32555,32460,32545,49182
1702866600,32545,32585,32535,32565,23361
1702870200,32560,32650,32540,32640,42041
1702873800,32640,32695,32620,32655,38260
1702877400,32655,32700,32645,32700,43145
1702884600,32665,32715,32660,32680,22731
1702888200,32685,32785,32685,32780,20152
1702891800,32785,32795,32745,32770,13293
1702895400,32775,32780,32720,32725,13812
1702899000,32720,32775,32700,32755,17678
1702902600,32760,32780,32750,32755,9511
1702906200,32755,32765,32720,32745,10982
1702909800,32740,32745,32635,32645,25589
1702913400,32645,32735,32625,32715,16473
1702917000,32710,32740,32695,32710,5998
1702920600,32710,32715,32670,32670,5722
1702924200,32675,32720,32670,32700,4371
1702927800,32705,32745,32690,32745,3729
1702931400,32740,32745,32705,32735,3238
1702942200,32760,32775,32570,32695,92401
1702945800,32690,32765,32615,32640,78471
1702949400,32640,32735,32620,32715,49842
1702953000,32720,33200,32705,33065,111488
1702956600,33065,33120,32945,33010,107956
1702960200,33015,33040,32950,33010,45750
1702963800,33010,33155,33010,33130,77303
1702971000,33270,33530,33240,33525,86785
1702974600,33525,33615,33505,33540,57389
1702978200,33540,33585,33505,33570,27904
1702981800,33570,33575,33505,33520,18988
1702985400,33520,33525,33450,33480,25481
1702989000,33480,33480,33405,33430,22679
1702992600,33430,33470,33420,33430,21975
1702996200,33430,33490,33350,33360,36544
1702999800,33360,33365,33270,33275,27676
1703003400,33280,33310,33255,33295,18677
1703007000,33295,33315,33280,33285,7021
1703010600,33280,33305,33270,33290,7827
1703014200,33290,33325,33280,33325,6228
1703017800,33320,33340,33315,33325,6041
1703028600,33400,33610,33350,33585,148700
1703032200,33585,33685,33520,33670,116861
1703035800,33675,33755,33645,33720,85690
1703039400,33715,33755,33700,33705,25213
1703043000,33710,33735,33630,33650,64089
1703046600,33650,33710,33625,33685,64221
1703050200,33685,33710,33600,33600,77249
1703057400,33580,33600,33525,33535,39206
1703061000,33540,33540,33445,33455,36587
1703064600,33460,33510,33450,33455,21166
1703068200,33450,33500,33440,33480,17768
1703071800,33480,33535,33470,33530,16627
1703075400,33530,33540,33505,33520,15834
1703079000,33520,33530,33465,33475,15264
1703082600,33475,33525,33425,33515,28836
1703086200,33515,33555,33500,33555,15682
1703089800,33555,33580,33505,33570,10410
1703093400,33565,33590,33545,33580,9003
1703097000,33575,33585,33495,33495,8279
1703100600,33500,33500,33210,33215,49777
1703104200,33215,33250,33080,33080,18999
1703115000,33165,33235,33100,33135,109397
1703118600,33130,33155,33055,33085,100112
1703122200,33085,33115,33010,33080,91012
1703125800,33085,33120,33005,33055,44754
1703129400,33055,33080,33020,33060,47567
1703133000,33055,33090,33005,33065,43864
1703136600,33065,33120,33035,33120,60601
1703143800,33165,33180,33105,33160,29971
1703147400,33165,33185,33125,33170,20963
1703151000,33170,33175,33085,33100,23050
1703154600,33100,33110,33060,33075,17150
1703158200,33070,33075,33040,33065,14295
1703161800,33060,33100,33050,33080,20540
1703165400,33075,33120,33020,33075,42781
1703169000,33070,33155,33050,33090,43754
1703172600,33095,33125,33060,33120,20283
1703176200,33120,33135,33040,33055,17464
1703179800,33055,33100,33040,33095,15108
1703183400,33095,33135,33085,33120,7266
1703187000,33120,33205,33105,33205,10254
1703190600,33205,33250,33195,33250,7406
1703201400,33205,33290,33125,33150,110919
1703205000,33150,33200,33070,33145,89820
1703208600,33145,33175,33095,33110,42127
1703212200,33115,33170,33105,33165,22994
1703215800,33160,33165,33080,33105,38103
1703219400,33105,33115,33060,33105,30900
1703223000,33100,33110,33060,33060,42206
1703230200,33050,33105,33040,33090,17087
1703233800,33090,33115,33040,33060,14790
1703237400,33065,33080,33050,33060,7569
1703241000,33060,33110,33050,33095,11343
1703244600,33100,33115,33085,33110,10731
1703248200,33105,33165,33100,33140,13918
1703251800,33145,33235,33130,33200,33213
1703255400,33200,33330,33190,33315,46778
1703259000,33320,33345,33285,33325,25124
1703262600,33325,33350,33290,33315,13789
1703266200,33320,33340,33305,33320,6379
1703269800,33320,33325,33205,33210,15850
1703273400,33210,33285,33185,33275,15195
1703277000,33275,33280,33235,33280,6578
1703460600,33320,33395,33225,33240,59234
1703464200,33235,33255,33180,33195,31655
1703467800,33195,33235,33155,33205,21942
1703471400,33205,33225,33200,33210,5188
1703475000,33205,33210,33155,33165,16383
1703478600,33170,33210,33140,33190,17801
1703482200,33190,33200,33155,33200,18645
1703489400,33205,33205,33175,33200,3665
1703493000,33200,33200,33190,33195,1266
1703496600,33195,33205,33195,33205,594
1703500200,33200,33205,33200,33205,250
1703503800,33205,33205,33195,33195,701
1703507400,33195,33200,33195,33195,192
1703511000,33200,33200,33195,33200,209
1703514600,33200,33200,33195,33200,432
1703518200,33195,33200,33195,33195,152
1703521800,33200,33200,33195,33195,126
1703525400,33200,33200,33195,33200,179
1703529000,33200,33200,33195,33200,68
1703532600,33200,33200,33195,33195,184
1703536200,33200,33205,33195,33195,1025
1703547000,33225,33260,33135,33180,60436
1703550600,33175,33230,33150,33170,53128
1703554200,33175,33175,33140,33170,24585
1703557800,33165,33180,33145,33175,10598
1703561400,33175,33180,33105,33120,27622
1703565000,33125,33170,33100,33170,20917
1703568600,33165,33225,33165,33220,31090
1703575800,33250,33255,33200,33215,9557
1703579400,33220,33230,33205,33225,4130
1703583000,33225,33245,33220,33245,4024
1703586600,33245,33250,33230,33250,4203
1703590200,33250,33250,33205,33215,5536
1703593800,33215,33240,33215,33225,3220
1703597400,33225,33250,33220,33240,4043
1703601000,33240,33305,33240,33285,17805
1703604600,33285,33330,33285,33310,7822
1703608200,33310,33365,33305,33360,6216
1703611800,33360,33390,33360,33385,6675
1703615400,33385,33405,33380,33405,4731
1703619000,33405,33490,33405,33470,9770
1703622600,33470,33485,33425,33430,5309
1703633400,33460,33635,33410,33620,127286
1703637000,33620,33690,33590,33675,84126
1703640600,33675,33675,33570,33580,62859
1703644200,33585,33605,33540,33575,30473
1703647800,33575,33650,33565,33615,43252
1703651400,33615,33660,33605,33650,35454
1703655000,33655,33660,33595,33600,60548
1703662200,33635,33650,33490,33605,50961
1703665800,33605,33615,33495,33505,32303
1703669400,33500,33540,33490,33515,16672
1703673000,33515,33540,33510,33525,10489
1703676600,33525,33530,33475,33490,13498
1703680200,33490,33560,33490,33550,14698
1703683800,33550,33560,33480,33490,16199
1703687400,33490,33535,33460,33480,20783
1703691000,33480,33480,33365,33390,25320
1703694600,33390,33465,33390,33455,13491
1703698200,33455,33485,33420,33455,11299
1703701800,33460,33480,33400,33440,14307
1703705400,33445,33445,33380,33410,12732
1703709000,33415,33450,33395,33450,4129
1703719800,33425,33475,33375,33420,88790
1703723400,33420,33530,33380,33480,77827
1703727000,33480,33520,33420,33475,50305
1703730600,33480,33520,33470,33495,29250
1703734200,33500,33525,33475,33510,38002
1703737800,33515,33545,33480,33530,35700
1703741400,33535,33535,33455,33480,51890
1703748600,33445,33455,33365,33425,38087
1703752200,33420,33440,33350,33380,24965
1703755800,33380,33380,33340,33355,18942
1703759400,33355,33365,33330,33345,13115
1703763000,33345,33385,33325,33385,15587
1703766600,33385,33385,33355,33375,10978
1703770200,33375,33405,33345,33380,14390
1703773800,33380,33410,33305,33305,23603
1703777400,33305,33440,33260,33380,56867
1703781000,33380,33500,33360,33455,25624
1703784600,33455,33495,33390,33485,18223
1703788200,33485,33495,33440,33460,9781
1703791800,33460,33480,33435,33455,13071
1703795400,33455,33470,33425,33425,5382
1703806200,33430,33620,33425,33465,103194
1703809800,33460,33520,33370,33410,103422
1703813400,33405,33470,33395,33440,59203
1703817000,33435,33485,33420,33440,24797
1703820600,33445,33465,33320,33350,56740
1703824200,33345,33360,33290,33305,45299
1703827800,33300,33415,33275,33415,77574
1703835000,33425,33510,33400,33510,22029
1703838600,33510,33515,33480,33495,17462
1703842200,33495,33515,33465,33480,12937
1703845800,33480,33510,33470,33470,9302
1703849400,33475,33485,33410,33415,13485
1703853000,33415,33445,33405,33440,11802
1703856600,33440,33485,33425,33435,14210
1703860200,33435,33450,33410,33435,15395
1703863800,33435,33435,33170,33190,64104
1703867400,33190,33245,33175,33205,21267
1703871000,33200,33265,33200,33240,11102
1703874600,33245,33290,33240,33255,8286
1703878200,33260,33325,33260,33320,9073
1703881800,33315,33315,33240,33255,7799
1704238200,33100,33225,33090,33130,24729
1704241800,33130,33225,33120,33220,19022
1704245400,33220,33235,33180,33215,19859
1704249000,33215,33275,33195,33195,13771
1704252600,33195,33250,33195,33240,7912
1704256200,33240,33260,33225,33225,8551
1704259800,33225,33250,33205,33250,11441
1704267000,33265,33325,33255,33305,18901
1704270600,33310,33340,33235,33245,24542
1704274200,33245,33250,33180,33205,20263
1704277800,33200,33235,33180,33190,12445
1704281400,33190,33195,33140,33155,17198
1704285000,33155,33220,33140,33220,14060
1704288600,33215,33215,33095,33140,24234
1704292200,33140,33185,33065,33095,45601
1704295800,33095,33145,33035,33135,22865
1704299400,33135,33150,33075,33120,12039
1704303000,33120,33180,33115,33170,8385
1704306600,33170,33200,33100,33185,14361
1704310200,33190,33200,33060,33075,12096
1704313800,33075,33110,33055,33075,5539
1704324600,32980,33015,32660,32760,194517
1704328200,32755,33050,32740,33050,146662
1704331800,33045,33145,33010,33025,116866
1704335400,33025,33135,33005,33105,42686
1704339000,33100,33215,33050,33195,84903
1704342600,33200,33245,33185,33225,52874
1704346200,33225,33275,33220,33230,66055
1704353400,33260,33325,33210,33305,45505
1704357000,33305,33340,33285,33330,31993
1704360600,33330,33380,33310,33360,25231
1704364200,33355,33390,33350,33375,18099
1704367800,33375,33375,33285,33330,22408
1704371400,33330,33355,33285,33320,23258
1704375000,33320,33335,33280,33300,23318
1704378600,33305,33420,33295,33400,46515
1704382200,33400,33495,33390,33470,27841
1704385800,33465,33470,33385,33420,18588
1704389400,33425,33425,33320,33345,16449
1704393000,33345,33350,33300,33305,9395
1704396600,33300,33320,33265,33290,16005
1704400200,33290,33330,33265,33280,7653
1704411000,33320,33380,33235,33315,109192
1704414600,33315,33435,33290,33415,87675
1704418200,33410,33460,33385,33425,56715
1704421800,33425,33540,33410,33510,46489
1704425400,33510,33555,33480,33520,72247
1704429000,33520,33535,33390,33405,59969
1704432600,33400,33430,33315,33320,68148
1704439800,33360,33385,33310,33335,28021
1704443400,33330,33390,33310,33350,28582
1704447000,33350,33365,33320,33330,20491
1704450600,33330,33335,33285,33310,18356
1704454200,33310,33330,33290,33315,11836
1704457800,33315,33340,33275,33315,21058
1704461400,33315,33445,33285,33435,62472
1704465000,33440,33580,33420,33475,80785
1704468600,33480,33605,33465,33545,51939
1704472200,33545,33575,33475,33485,25847
1704475800,33480,33515,33465,33500,16929
1704479400,33505,33545,33475,33475,13920
1704483000,33475,33485,33360,33390,19672
1704486600,33390,33430,33365,33425,6633
1704756600,33760,33970,33750,33870,161474
1704760200,33875,33970,33860,33875,99441
1704763800,33870,33895,33775,33845,79181
1704767400,33845,33865,33750,33785,38861
1704771000,33780,33795,33575,33620,83367
1704774600,33620,33760,33610,33725,64145
1704778200,33730,33795,33715,33760,58049
1704785400,33770,33855,33760,33765,41620
1704789000,33770,33790,33690,33710,33239
1704792600,33710,33765,33705,33720,20467
1704796200,33720,33745,33680,33695,13080
1704799800,33695,33720,33670,33700,16478
1704803400,33700,33740,33690,33695,12356
1704807000,33690,33705,33625,33640,27017
1704810600,33645,33700,33595,33685,36664
1704814200,33690,33810,33680,33800,30850
1704817800,33805,33885,33795,33880,18739
1704821400,33880,33910,33865,33885,13400
1704825000,33885,33920,33830,33835,15502
1704828600,33835,33875,33815,33865,10385
1704832200,33865,33885,33820,33885,4305
1704843000,33885,34115,33855,34090,130702
1704846600,34095,34295,34080,34290,152621
1704850200,34290,34390,34255,34370,95664
1704853800,34370,34410,34340,34355,43851
1704857400,34350,34475,34330,34465,92462
1704861000,34465,34500,34410,34430,63829
1704864600,34430,34530,34430,34450,95602
1704871800,34485,34580,34455,34565,53505
1704875400,34560,34710,34510,34660,67453
1704879000,34660,34690,34610,34675,34445
1704882600,34670,34680,34630,34680,19190
1704886200,34685,34730,34625,34715,30110
1704889800,34715,34775,34700,34755,31661
1704893400,34755,34785,34715,34780,21444
1704897000,34780,34800,34740,34795,40160
1704900600,34800,34815,34745,34780,27950
1704904200,34780,34805,34725,34730,15745
1704907800,34730,34790,34710,34770,12864
1704911400,34770,34825,34755,34820,9613
1704915000,34820,34860,34775,34795,16178
1704918600,34790,34870,34780,34870,7380
1704929400,35000,35075,34820,34870,163569
1704933000,34870,35030,34850,35025,127885
1704936600,35025,35125,35005,35090,105414
1704940200,35095,35120,35005,35105,39182
1704943800,35110,35145,35025,35030,65879
1704947400,35035,35105,34980,35105,64947
1704951000,35105,35250,35040,35250,98510
1704958200,35320,35415,35285,35320,79166
1704961800,35315,35370,35310,35360,27451
1704965400,35360,35365,35245,35275,28355
1704969000,35270,35335,35230,35285,27998
1704972600,35285,35330,35270,35285,15997
1704976200,35285,35340,35275,35300,19619
1704979800,35300,35340,35135,35340,71381
1704983400,35340,35340,35050,35105,78288
1704987000,35105,35140,35015,35065,43193
1704990600,35065,35100,34990,34990,24445
1704994200,34995,35130,34995,35120,14948
1704997800,35120,35180,35120,35155,13697
1705001400,35160,35225,35135,35165,13204
1705005000,35170,35205,35150,35205,5301
1705015800,35200,35715,35160,35490,232390
1705019400,35490,35550,35340,35410,131464
1705023000,35410,35510,35385,35400,88418
1705026600,35400,35475,35340,35395,33718
1705030200,35400,35475,35360,35425,50839
1705033800,35430,35570,35385,35560,79192
1705037400,35560,35620,35520,35610,88511
1705044600,35570,35570,35405,35495,48232
1705048200,35495,35580,35440,35545,36101
1705051800,35545,35580,35515,35575,19768
1705055400,35575,35585,35505,35520,19287
1705059000,35525,35525,35385,35470,35990
1705062600,35475,35535,35470,35505,17088
1705066200,35510,35580,35475,35575,29756
1705069800,35575,35680,35510,35615,63063
1705073400,35615,35660,35550,35595,31208
1705077000,35600,35610,35520,35585,21074
1705080600,35580,35600,35535,35585,9345
1705084200,35585,35635,35570,35590,6203
1705087800,35585,35585,35495,35530,10973
1705091400,35530,35580,35525,35540,4331
1705275000,35535,35650,35525,35645,87200
1705278600,35640,35860,35605,35765,120878
1705282200,35765,35865,35710,35860,60646
1705285800,35860,35960,35840,35910,47696
1705289400,35910,36000,35910,35960,58553
1705293000,35955,35975,35860,35905,52610
1705296600,35905,36000,35865,36000,50975
1705303800,36140,36155,35945,36050,59900
1705307400,36050,36050,35920,36025,38726
1705311000,36020,36020,35950,35980,21175
1705314600,35980,36030,35955,35965,19382
1705318200,35965,36020,35950,36010,16129
1705321800,36010,36035,35960,36000,19063
1705325400,36000,36085,35990,36080,14017
1705329000,36080,36165,36060,36110,27423
1705332600,36110,36155,36090,36145,13754
1705336200,36145,36175,36125,36140,6551
1705339800,36145,36165,36135,36140,2664
1705343400,36140,36160,36140,36150,2069
1705347000,36150,36160,36130,36145,2009
1705350600,36145,36170,36140,36170,2392
1705361400,36000,36015,35690,35755,174153
1705365000,35755,35880,35570,35600,164155
1705368600,35595,35785,35580,35775,102499
1705372200,35775,35780,35700,35740,34917
1705375800,35740,35740,35605,35640,68955
1705379400,35645,35700,35580,35620,51973
1705383000,35625,35710,35600,35650,77294
1705390200,35665,35705,35540,35635,53549
1705393800,35635,35775,35635,35715,47584
1705397400,35715,35785,35705,35725,24318
1705401000,35725,35760,35710,35745,16056
1705404600,35745,35855,35735,35845,26536
1705408200,35840,35930,35815,35855,34033
1705411800,35860,35885,35780,35860,30134
1705415400,35860,35930,35755,35895,55397
1705419000,35900,36010,35890,35965,59481
1705422600,35965,36010,35860,35875,30083
1705426200,35875,35890,35800,35865,22667
1705429800,35870,35875,35715,35760,18633
1705433400,35765,35835,35745,35800,12813
1705437000,35800,35870,35785,35870,6628
1705447800,35805,36070,35800,36060,129673
1705451400,36065,36205,35975,36190,128816
1705455000,36185,36235,35660,35795,227689
1705458600,35795,35840,35720,35750,46699
1705462200,35755,35760,35525,35655,117904
1705465800,35655,35720,35610,35670,70405
1705469400,35670,35700,35455,35490,108326
1705476600,35445,35545,35435,35530,59342
1705480200,35525,35535,35325,35355,69445
1705483800,35350,35400,35310,35350,32704
1705487400,35350,35395,35325,35385,20724
1705491000,35385,35450,35365,35425,20147
1705494600,35425,35475,35400,35430,18564
1705498200,35430,35445,35320,35360,35627
1705501800,35360,35390,35290,35355,50574
1705505400,35350,35425,35320,35400,31013
1705509000,35395,35425,35330,35335,17948
1705512600,35335,35380,35310,35320,11656
1705516200,35320,35390,35295,35390,12622
1705519800,35390,35440,35365,35380,11226
1705523400,35375,35500,35375,35500,6722
1705534200,35460,35620,35340,35475,127699
1705537800,35475,35600,35395,35495,118977
1705541400,35495,35725,35455,35620,118562
1705545000,35620,35655,35535,35610,31941
1705548600,35610,35685,35535,35550,53123
1705552200,35555,35565,35385,35435,67894
1705555800,35435,35580,35400,35580,71517
1705563000,35580,35615,35530,35600,38988
1705566600,35600,35630,35560,35605,30900
1705570200,35605,35610,35540,35570,20985
1705573800,35570,35695,35565,35685,26970
1705577400,35685,35755,35660,35745,26903
1705581000,35745,35810,35735,35790,27865
1705584600,35790,35840,35720,35745,41210
1705588200,35750,35940,35740,35900,73567
1705591800,35900,35930,35840,35890,30084
1705595400,35890,35940,35850,35875,21179
1705599000,35875,35875,35785,35800,18578
1705602600,35800,35970,35800,35970,14492
1705606200,35970,36030,35930,36025,16626
1705609800,36030,36075,36010,36075,8473
1705620600,36050,36140,35840,35985,146474
1705624200,35990,36070,35860,35920,125842
1705627800,35925,36055,35900,36005,91943
1705631400,36005,36030,35940,35970,33332
1705635000,35970,35975,35820,35850,60558
1705638600,35845,35915,35770,35910,65632
1705642200,35910,36000,35905,36000,72814
1705649400,35965,35985,35915,35955,35270
1705653000,35955,35990,35910,35980,26823
1705656600,35980,35985,35905,35965,22741
1705660200,35960,36085,35960,36065,28010
1705663800,36070,36090,36045,36060,16068
1705667400,36060,36170,36040,36140,28472
1705671000,36140,36155,36035,36075,30618
1705674600,36070,36085,35970,36060,51534
1705678200,36055,36125,35995,36070,32979
1705681800,36065,36155,36020,36145,19966
1705685400,36150,36195,36135,36195,21837
1705689000,36195,36335,36190,36305,31603
1705692600,36310,36315,36245,36285,16897
1705696200,36285,36320,36280,36300,6890
1705879800,36345,36460,36295,36460,117476
1705883400,36460,36525,36350,36450,98497
1705887000,36445,36475,36280,36350,79814
1705890600,36355,36370,36290,36355,27547
1705894200,36355,36435,36325,36430,37596
1705897800,36430,36450,36385,36450,34345
1705901400,36445,36610,36440,36610,91810
1705908600,36600,36640,36540,36635,40990
1705912200,36635,36680,36610,36615,32753
1705915800,36615,36640,36575,36585,18554
1705919400,36585,36630,36575,36615,14304
1705923000,36615,36625,36565,36585,15285
1705926600,36585,36605,36540,36590,17794
1705930200,36590,36615,36525,36590,26539
1705933800,36595,36720,36565,36685,46504
1705937400,36685,36705,36610,36700,36936
1705941000,36695,36715,36650,36680,16313
1705944600,36680,36700,36615,36615,13861
1705948200,36615,36680,36590,36600,14165
1705951800,36600,36650,36565,36645,12974
1705955400,36645,36665,36630,36650,5584
1705966200,36650,36865,36590,36685,129179
1705969800,36680,36815,36675,36755,95409
1705973400,36755,36910,36680,36905,93394
1705977000,36910,36980,36825,36970,52828
1705980600,36965,36975,36405,36675,228362
1705984200,36675,36680,36465,36510,78785
1705987800,36505,36550,36460,36540,72133
1705995000,36415,36430,36125,36140,87056
1705998600,36135,36185,36025,36140,65424
1706002200,36145,36260,36125,36240,29035
1706005800,36240,36280,36210,36275,22968
1706009400,36275,36360,36250,36340,23804
1706013000,36340,36385,36325,36380,23279
1706016600,36380,36420,36345,36375,23388
1706020200,36375,36475,36370,36440,40774
1706023800,36440,36440,36355,36365,20215
1706027400,36365,36430,36360,36415,10135
1706031000,36415,36490,36410,36450,8104
1706034600,36450,36480,36425,36435,6846
1706038200,36430,36510,36415,36505,7054
1706041800,36500,36500,36460,36465,4176
1706052600,36500,36510,36270,36270,125066
1706056200,36275,36435,36230,36405,107722
1706059800,36405,36420,36195,36260,86866
1706063400,36260,36295,36220,36255,26841
1706067000,36255,36280,36080,36155,103874
1706070600,36150,36180,36090,36150,48285
1706074200,36150,36265,36145,36260,66949
1706081400,36280,36380,36265,36325,44120
1706085000,36325,36360,36190,36200,34998
1706088600,36200,36260,36145,36195,33489
1706092200,36195,36315,36195,36260,20430
1706095800,36260,36270,36210,36230,17871
1706099400,36230,36240,36155,36170,26660
1706103000,36170,36195,36090,36115,31993
1706106600,36115,36190,36085,36140,47053
1706110200,36140,36285,36135,36275,38805
1706113800,36280,36345,36260,36335,23312
1706117400,36335,36400,36325,36375,26798
1706121000,36375,36380,36235,36250,21144
1706124600,36255,36350,36240,36245,20038
1706128200,36245,36305,36240,36250,6728
1706139000,36180,36245,36045,36195,113805
1706142600,36200,36235,36040,36055,93661
1706146200,36060,36165,35880,36150,139574
1706149800,36145,36185,36080,36170,32111
1706153400,36170,36240,36105,36220,43432
1706157000,36220,36295,36205,36265,41244
1706160600,36270,36280,36180,36220,38242
1706167800,36210,36215,36120,36135,32918
1706171400,36135,36205,36130,36170,18805
1706175000,36175,36195,36110,36130,18240
1706178600,36130,36150,36110,36115,10288
1706182200,36120,36140,36070,36130,19925
1706185800,36125,36130,36065,36110,17016
1706189400,36110,36200,36090,36150,35381
1706193000,36150,36170,36065,36160,44828
1706196600,36165,36180,36035,36090,35389
1706200200,36085,36135,36050,36075,21260
1706203800,36080,36125,36040,36055,15268
1706207400,36055,36130,35985,36050,21039
1706211000,36050,36095,36030,36045,10459
1706214600,36040,36075,36030,36055,4863
1706225400,35920,35980,35780,35860,142783
1706229000,35860,36045,35830,35940,124603
1706232600,35945,35945,35795,35820,73988
1706236200,35815,35840,35790,35815,23361
1706239800,35810,35815,35700,35710,83971
1706243400,35715,35770,35670,35750,59397
1706247000,35750,35855,35680,35680,100587
1706254200,35740,35800,35700,35790,37168
1706257800,35790,35890,35790,35875,32363
1706261400,35870,35930,35845,35900,23496
1706265000,35900,35905,35830,35875,18491
1706268600,35875,35915,35850,35905,15724
1706272200,35905,35950,35900,35915,19978
1706275800,35910,35970,35880,35910,28653
1706279400,35905,36025,35900,36020,41957
1706283000,36020,36080,35995,36025,27505
1706286600,36030,36050,35975,36020,16009
1706290200,36020,36025,35895,35950,21934
1706293800,35950,35960,35890,35930,11181
1706297400,35930,36005,35925,35935,11197
1706301000,35935,35950,35905,35905,5748
1706484600,35860,35930,35775,35925,86962
1706488200,35925,36040,35850,36035,86527
1706491800,36035,36160,35980,36060,94688
1706495400,36065,36100,36035,36085,22776
1706499000,36085,36180,36065,36095,63136
1706502600,36095,36105,35970,36015,50921
1706506200,36015,36040,35935,36035,67253
1706513400,36020,36025,35940,35990,23592
1706517000,35990,36030,35945,35960,17748
1706520600,35960,35975,35910,35970,17473
1706524200,35975,36030,35960,36025,15650
1706527800,36025,36050,36010,36040,13262
1706531400,36040,36045,35995,36020,13722
1706535000,36015,36035,36000,36035,9848
1706538600,36035,36070,35925,35930,34247
1706542200,35930,35950,35865,35905,26084
1706545800,35900,35945,35900,35930,8977
1706549400,35935,35960,35900,35960,7653
1706553000,35960,36010,35945,36000,4525
1706556600,36005,36150,35980,36120,17551
1706560200,36125,36145,36100,36130,7636
1706571000,36195,36220,36050,36165,111535
1706574600,36160,36235,36065,36145,100131
1706578200,36145,36170,36035,36085,65739
1706581800,36080,36130,36050,36060,24890
1706585400,36065,36180,36040,36145,42842
1706589000,36145,36170,36050,36075,35002
1706592600,36075,36110,35990,36000,57968
1706599800,35910,35965,35870,35945,41424
1706603400,35950,35965,35900,35905,16577
1706607000,35910,35965,35905,35955,9947
1706610600,35955,35975,35915,35945,13164
1706614200,35945,35965,35930,35960,8862
1706617800,35955,35985,35920,35940,13014
1706621400,35940,35950,35915,35920,10718
1706625000,35925,36005,35870,35995,34870
1706628600,35995,36010,35970,35995,14696
1706632200,35990,36025,35960,35965,10229
1706635800,35960,35980,35930,35980,12299
1706639400,35980,35985,35925,35945,7568
1706643000,35945,35970,35930,35960,8188
1706646600,35955,35960,35925,35925,3490
1706657400,35760,35895,35655,35785,131084
1706661000,35780,35810,35720,35730,86894
1706664600,35730,35900,35710,35860,78299
1706668200,35860,35905,35815,35895,28624
1706671800,35890,35995,35885,35975,57630
1706675400,35980,36145,35975,36115,73046
1706679000,36120,36370,36120,36370,106182
1706686200,36340,36365,36260,36315,41265
1706689800,36315,36320,36210,36230,29381
1706693400,36230,36265,36205,36260,22903
1706697000,36255,36285,36240,36270,14710
1706700600,36270,36300,36240,36250,15343
1706704200,36250,36315,36240,36295,16265
1706707800,36295,36315,36185,36185,27969
1706711400,36185,36185,35965,36020,75334
1706715000,36020,36020,35905,35920,53882
1706718600,35920,35940,35850,35940,30977
1706722200,35940,35950,35875,35915,20487
1706725800,35915,35950,35860,35895,32286
1706729400,35895,36080,35785,35930,86213
1706733000,35935,35945,35850,35875,13411
1706743800,35850,36135,35835,36030,131115
1706747400,36030,36105,35915,36040,118778
1706751000,36035,36055,35930,36005,85726
1706754600,36005,36025,35930,35945,31444
1706758200,35950,36005,35905,35945,63542
1706761800,35950,36020,35900,35990,53420
1706765400,35990,36015,35920,35920,62469
1706772600,35880,35945,35860,35945,41630
1706776200,35940,35975,35910,35965,21016
1706779800,35965,36020,35965,36015,22314
1706783400,36015,36045,35985,35995,18909
1706787000,36000,36110,35985,36080,23509
1706790600,36085,36130,36015,36040,29918
1706794200,36035,36040,35920,35950,32778
1706797800,35950,36115,35930,36100,47203
1706801400,36095,36105,35715,35820,70825
1706805000,35820,36050,35815,35975,42703
1706808600,35980,36090,35960,36055,30241
1706812200,36055,36100,36005,36070,17587
1706815800,36070,36130,36050,36115,13031
1706819400,36115,36150,36110,36115,6736
1706830200,36180,36260,36055,36135,102443
1706833800,36140,36355,36135,36345,109963
1706837400,36345,36430,36290,36360,102168
1706841000,36360,36370,36265,36280,31839
1706844600,36275,36315,36100,36250,92077
1706848200,36255,36260,36170,36220,56905
1706851800,36220,36230,36080,36120,67611
1706859000,36120,36125,36015,36050,32664
1706862600,36050,36145,36040,36135,22784
1706866200,36135,36155,36085,36135,19573
1706869800,36135,36175,36125,36135,17699
1706873400,36135,36155,36110,36155,11822
1706877000,36150,36165,36090,36100,15789
1706880600,36095,36170,36045,36115,69976
1706884200,36115,36210,36055,36190,53613
1706887800,36195,36305,36175,36255,48762
1706891400,36255,36370,36255,36365,29762
1706895000,36365,36380,36250,36320,33583
1706898600,36325,36370,36285,36365,20179
1706902200,36365,36425,36360,36420,15446
1706905800,36420,36420,36385,36400,5850
1707089400,36440,36490,36285,36300,125959
1707093000,36300,36340,36195,36240,101536
1707096600,36245,36370,36235,36350,80724
1707100200,36350,36450,36350,36400,50982
1707103800,36400,36405,36310,36320,52969
1707107400,36325,36390,36300,36385,41930
1707111000,36390,36415,36350,36380,52777
1707118200,36400,36400,36325,36355,27165
1707121800,36355,36360,36210,36210,35747
1707125400,36215,36280,36205,36280,23102
1707129000,36280,36330,36280,36305,18516
1707132600,36300,36350,36300,36320,15386
1707136200,36320,36360,36255,36265,20148
1707139800,36265,36275,36230,36275,24561
1707143400,36270,36290,36115,36180,60341
1707147000,36180,36210,36120,36145,39292
1707150600,36140,36275,36140,36270,17639
1707154200,36275,36335,36265,36285,21795
1707157800,36285,36370,36280,36360,15440
1707161400,36365,36405,36300,36375,16742
1707165000,36375,36380,36320,36335,6729
1707175800,36300,36300,36115,36130,99284
1707179400,36130,36175,36050,36080,89179
1707183000,36085,36160,36080,36100,60288
1707186600,36100,36145,36060,36125,33304
1707190200,36125,36245,36095,36225,66788
1707193800,36230,36285,36205,36260,86700
1707197400,36260,36265,36080,36080,73525
1707204600,36110,36190,36090,36140,39430
1707208200,36145,36170,36090,36130,21746
1707211800,36130,36155,36065,36065,21061
1707215400,36070,36140,36065,36090,18089
1707219000,36090,36095,36055,36060,14551
1707222600,36060,36120,36045,36120,16065
1707226200,36120,36150,36095,36120,18370
1707229800,36120,36195,35965,36000,86610
1707233400,35995,36070,35975,36000,36217
1707237000,36005,36020,35810,35875,43787
1707240600,35870,35900,35840,35880,18686
1707244200,35885,35910,35845,35880,12866
1707247800,35875,35955,35870,35945,13906
1707251400,35945,35965,35905,35965,5355
1707262200,35955,36065,35865,35970,132506
1707265800,35975,36190,35950,36070,134480
1707269400,36065,36130,36050,36105,63040
1707273000,36105,36125,36065,36070,16439
1707276600,36070,36075,35830,36060,147972
1707280200,36060,36105,36035,36100,67062
1707283800,36100,36150,36055,36130,57224
1707291000,36095,36105,36050,36060,25996
1707294600,36060,36130,36050,36065,18489
1707298200,36065,36120,36055,36115,13160
1707301800,36115,36115,36060,36085,13010
1707305400,36085,36110,36075,36100,12525
1707309000,36105,36220,36100,36195,41328
1707312600,36190,36245,36180,36235,26846
1707316200,36235,36255,36115,36250,60390
1707319800,36250,36255,36155,36200,35314
1707323400,36205,36270,36195,36245,16042
1707327000,36245,36270,36205,36270,14211
1707330600,36270,36305,36240,36290,13172
1707334200,36290,36320,36270,36295,10051
1707337800,36300,36325,36285,36285,6471
1707348600,36335,36425,36295,36405,129676
1707352200,36410,36430,36310,36365,86047
1707355800,36365,36745,36325,36735,188195
1707359400,36735,36785,36670,36750,56050
1707363000,36750,36885,36695,36865,103211
1707366600,36865,36950,36845,36890,98978
1707370200,36890,36950,36790,36865,113863
1707377400,36920,36940,36840,36860,26133
1707381000,36860,36910,36845,36885,23607
1707384600,36885,36930,36880,36905,14787
1707388200,36905,37130,36890,37005,72966
1707391800,37005,37035,36960,36995,29725
1707395400,36995,36995,36790,36810,45993
1707399000,36810,36875,36780,36830,40112
1707402600,36835,36930,36765,36875,53129
1707406200,36875,37000,36845,36940,35223
1707409800,36940,37000,36910,36995,22284
1707413400,36995,37095,36990,37090,21698
1707417000,37090,37120,37030,37040,11203
1707420600,37045,37090,37010,37075,9458
1707424200,37075,37095,37065,37090,5504
1707435000,37085,37110,36905,37040,146723
1707438600,37040,37275,37025,37080,156604
1707442200,37080,37120,36905,37015,122924
1707445800,37015,37100,37010,37025,36167
1707449400,37025,37130,36980,37015,78053
1707453000,37015,37035,36930,36960,53337
1707456600,36960,37025,36870,36895,69311
1707463800,36955,37120,36915,37085,49161
1707467400,37090,37125,37040,37070,33446
1707471000,37065,37110,37055,37070,18074
1707474600,37075,37080,37015,37040,13609
1707478200,37040,37095,37035,37090,13377
1707481800,37090,37100,37050,37075,14590
1707485400,37070,37155,37060,37070,39874
1707489000,37070,37100,37025,37060,33600
1707492600,37060,37110,36990,37005,27263
1707496200,37000,37080,36985,37080,17966
1707499800,37080,37150,37065,37145,15690
1707503400,37145,37180,37115,37175,9424
1707507000,37175,37175,37110,37140,8547
1707510600,37145,37150,37115,37150,4339
1707694200,37130,37140,37050,37105,27032
1707697800,37110,37165,37110,37150,15579
1707701400,37150,37225,37150,37195,12126
1707705000,37200,37225,37190,37215,5974
1707708600,37215,37240,37195,37235,5411
1707712200,37235,37245,37230,37245,3733
1707715800,37240,37250,37225,37240,5194
1707723000,37225,37235,37190,37235,12386
1707726600,37230,37245,37170,37205,11543
1707730200,37210,37245,37200,37225,6205
1707733800,37225,37230,37200,37205,4502
1707737400,37210,37210,37180,37185,6406
1707741000,37185,37225,37170,37215,8680
1707744600,37210,37265,37190,37265,9492
1707748200,37265,37400,37260,37390,34002
1707751800,37385,37500,37385,37490,25683
1707755400,37485,37550,37480,37500,19909
1707759000,37500,37585,37480,37520,11794
1707762600,37520,37520,37370,37430,20210
1707766200,37430,37450,37395,37430,12293
1707769800,37430,37495,37430,37470,5344
1707780600,37470,37610,37465,37565,146441
1707784200,37570,37625,37455,37605,117075
1707787800,37605,37785,37560,37775,77698
1707791400,37775,37825,37750,37815,37449
1707795000,37815,37885,37755,37815,97932
1707798600,37815,37920,37800,37920,97120
1707802200,37920,38130,37900,38130,125654
1707809400,38240,38255,38100,38115,71313
1707813000,38115,38135,38040,38090,37411
1707816600,38085,38100,38040,38040,20128
1707820200,38040,38060,37985,38030,24391
1707823800,38030,38045,37965,37970,15468
1707827400,37970,37990,37935,37965,22529
1707831000,37965,37965,37735,37780,96652
1707834600,37780,37850,37685,37825,66388
1707838200,37825,37900,37780,37850,40020
1707841800,37850,37880,37750,37765,18180
1707845400,37770,37830,37720,37745,14782
1707849000,37740,37745,37585,37620,20528
1707852600,37620,37685,37525,37565,25337
1707856200,37565,37670,37560,37670,9216
1707867000,37760,37790,37600,37735,133806
1707870600,37735,37820,37650,37690,111445
1707874200,37685,37725,37610,37635,72982
1707877800,37635,37665,37575,37660,39062
1707881400,37655,37705,37575,37575,61144
1707885000,37575,37775,37575,37765,67483
1707888600,37760,37795,37695,37770,75848
1707895800,37780,37925,37745,37920,45315
1707899400,37920,37995,37865,37965,52373
1707903000,37965,37980,37920,37935,25770
1707906600,37930,37955,37885,37895,16103
1707910200,37895,37955,37855,37930,21134
1707913800,37935,37945,37865,37885,13778
1707917400,37890,37940,37850,37875,24040
1707921000,37875,38045,37830,38020,62584
1707924600,38020,38035,37840,37900,39217
1707928200,37900,37935,37810,37935,24326
1707931800,37935,37955,37885,37915,13690
1707935400,37920,37980,37870,37955,15871
1707939000,37955,38055,37930,38045,18647
1707942600,38050,38105,38020,38095,10429
1707953400,38130,38165,38025,38085,113170
1707957000,38085,38115,37930,38020,108272
1707960600,38025,38045,37920,37935,68315
1707964200,37930,38025,37920,38010,33373
1707967800,38010,38100,37995,38065,66854
1707971400,38065,38125,38000,38120,56642
1707975000,38120,38180,38085,38140,86332
1707982200,38170,38245,38150,38240,46376
1707985800,38240,38280,38200,38250,28075
1707989400,38250,38250,38180,38185,20682
1707993000,38185,38260,38180,38250,17278
1707996600,38245,38255,38215,38230,10233
1708000200,38230,38275,38190,38215,17973
1708003800,38210,38310,38195,38210,47058
1708007400,38210,38445,38205,38355,76451
1708011000,38350,38395,38295,38355,41982
1708014600,38360,38485,38350,38480,29804
1708018200,38485,38515,38435,38500,18684
1708021800,38505,38565,38480,38560,17930
1708025400,38560,38595,38500,38545,15854
1708029000,38545,38575,38530,38575,6297
1708039800,38760,38845,38600,38735,147530
1708043400,38740,38855,38535,38630,172393
1708047000,38630,38655,38360,38495,152474
1708050600,38495,38600,38495,38590,35661
1708054200,38585,38810,38570,38735,116190
1708057800,38740,38795,38510,38595,123017
1708061400,38595,38605,38435,38605,101270
1708068600,38605,38655,38500,38640,42277
1708072200,38640,38675,38595,38660,19209
1708075800,38655,38685,38625,38645,17391
1708079400,38645,38680,38635,38640,11306
1708083000,38640,38650,38600,38605,11083
1708086600,38610,38665,38575,38655,19908
1708090200,38655,38655,38475,38515,58719
1708093800,38510,38520,38310,38355,75343
1708097400,38355,38490,38285,38480,48357
1708101000,38485,38550,38455,38545,23040
1708104600,38545,38550,38390,38500,22321
1708108200,38495,38555,38490,38550,13363
1708111800,38550,38550,38365,38425,22789
1708115400,38425,38435,38305,38305,6407
1708299000,38360,38540,38355,38525,87101
1708302600,38525,38540,38345,38365,75805
1708306200,38365,38385,38270,38350,70846
1708309800,38355,38375,38315,38355,17799
1708313400,38355,38395,38325,38380,43017
1708317000,38380,38460,38375,38410,49243
1708320600,38410,38520,38400,38520,47703
1708327800,38470,38480,38405,38465,28565
1708331400,38465,38515,38450,38480,17430
1708335000,38480,38495,38455,38465,11484
1708338600,38465,38515,38460,38500,10830
1708342200,38500,38515,38460,38465,8213
1708345800,38465,38480,38455,38470,6001
1708349400,38475,38475,38430,38475,8829
1708353000,38480,38600,38470,38600,19862
1708356600,38595,38600,38515,38515,11502
1708360200,38515,38545,38515,38545,3921
1708363800,38545,38575,38525,38530,2510
1708367400,38530,38545,38530,38535,800
1708371000,38540,38540,38530,38535,627
1708374600,38535,38540,38510,38510,1809
1708385400,38500,38560,38405,38465,96345
1708389000,38465,38735,38460,38735,131199
1708392600,38730,38735,38365,38425,156440
1708396200,38420,38445,38340,38360,31604
1708399800,38360,38430,38265,38370,77523
1708403400,38365,38390,38315,38340,39231
1708407000,38340,38505,38325,38505,71138
1708414200,38480,38545,38425,38445,32644
1708417800,38445,38535,38440,38475,24215
1708421400,38475,38520,38455,38475,14730
1708425000,38475,38500,38435,38460,12850
1708428600,38455,38495,38445,38465,12415
1708432200,38470,38470,38405,38425,17892
1708435800,38425,38440,38365,38380,19670
1708439400,38380,38435,38205,38235,79432
1708443000,38235,38285,38165,38205,43719
1708446600,38200,38225,38130,38170,31829
1708450200,38170,38190,38095,38140,29223
1708453800,38140,38215,38115,38205,19546
1708457400,38205,38310,38190,38295,17990
1708461000,38295,38300,38210,38280,10904
1708471800,38185,38255,38125,38230,89513
1708475400,38230,38335,38180,38315,97653
1708479000,38315,38320,38160,38175,69741
1708482600,38175,38200,38140,38165,34279
1708486200,38165,38230,38080,38190,69711
1708489800,38185,38275,38180,38250,46813
1708493400,38250,38325,38200,38290,52790
1708500600,38315,38360,38285,38295,25142
1708504200,38295,38325,38255,38265,19374
1708507800,38265,38340,38250,38335,16891
1708511400,38340,38365,38310,38345,13673
1708515000,38345,38350,38310,38330,14893
1708518600,38330,38335,38270,38300,16765
1708522200,38300,38315,38255,38275,17740
1708525800,38275,38435,38265,38370,42925
1708529400,38365,38440,38350,38400,21999
1708533000,38395,38430,38325,38340,13388
1708536600,38340,38375,38285,38345,17765
1708540200,38350,38370,38260,38295,17040
1708543800,38290,38305,38215,38270,17147
1708547400,38275,38410,38270,38410,10283
1708558200,38790,38915,38700,38730,141605
1708561800,38730,38925,38635,38780,155692
1708565400,38785,38910,38750,38905,85665
1708569000,38905,39045,38905,38975,72362
1708572600,38980,39020,38785,38895,99213
1708576200,38895,39030,38840,39020,67914
1708579800,39020,39155,38995,39120,101766
1708587000,39130,39190,39075,39170,43391
1708590600,39165,39210,39135,39180,30878
1708594200,39185,39290,39175,39230,32554
1708597800,39230,39285,39205,39270,18084
1708601400,39270,39300,39250,39280,22386
1708605000,39285,39295,39220,39250,22977
1708608600,39245,39270,39175,39200,26213
1708612200,39205,39340,39180,39270,71032
1708615800,39270,39310,39200,39295,28389
1708619400,39300,39370,39295,39345,17586
1708623000,39350,39375,39300,39365,11670
1708626600,39370,39475,39345,39470,13528
1708630200,39470,39475,39380,39445,18116
1708633800,39445,39480,39415,39445,9478
1708644600,39475,39490,39255,39300,39002
1708648200,39300,39370,39265,39360,27785
1708651800,39365,39460,39355,39450,25621
1708655400,39455,39470,39415,39445,10983
1708659000,39450,39490,39435,39465,11455
1708662600,39465,39520,39460,39500,11180
1708666200,39500,39505,39410,39455,17206
1708673400,39425,39470,39390,39430,15885
1708677000,39430,39460,39380,39385,14715
1708680600,39390,39450,39380,39450,9890
1708684200,39450,39485,39435,39475,10263
1708687800,39475,39535,39465,39505,14866
1708691400,39505,39510,39435,39495,15048
1708695000,39495,39575,39480,39565,19286
1708698600,39560,39620,39510,39570,39003
1708702200,39575,39615,39415,39480,38776
1708705800,39480,39575,39465,39510,18716
1708709400,39510,39555,39475,39535,13612
1708713000,39535,39545,39445,39460,16805
1708716600,39460,39515,39440,39445,13536
1708720200,39450,39485,39430,39470,4513
1708903800,39450,39465,39180,39245,133816
1708907400,39240,39340,39225,39330,108223
1708911000,39325,39380,39265,39290,60508
1708914600,39290,39350,39240,39265,26949
1708918200,39265,39335,39215,39220,49881
1708921800,39220,39260,39185,39220,48359
1708925400,39215,39260,39170,39230,57445
1708932600,39225,39260,39205,39240,17071
1708936200,39235,39290,39230,39275,19505
1708939800,39275,39350,39275,39345,14559
1708943400,39340,39365,39315,39340,16477
1708947000,39340,39360,39300,39305,13248
1708950600,39300,39340,39275,39325,13998
1708954200,39330,39385,39320,39380,19925
1708957800,39385,39470,39370,39440,44259
1708961400,39445,39470,39395,39460,23405
1708965000,39465,39490,39415,39475,13460
1708968600,39475,39480,39345,39350,22070
1708972200,39350,39410,39310,39405,12540
1708975800,39405,39420,39335,39400,10102
1708979400,39400,39405,39345,39350,5593
1708990200,39330,39350,39230,39295,83598
1708993800,39295,39415,39265,39335,74500
1708997400,39335,39380,39090,39150,103775
1709001000,39155,39200,39115,39185,32816
1709004600,39190,39265,39130,39180,61009
1709008200,39180,39235,39130,39215,48015
1709011800,39210,39270,39150,39270,55782
1709019000,39280,39295,39230,39240,21742
1709022600,39240,39260,39165,39255,24314
1709026200,39255,39290,39235,39245,14510
1709029800,39240,39290,39215,39270,9188
1709033400,39270,39320,39255,39315,10982
1709037000,39320,39340,39215,39235,21374
1709040600,39230,39270,39195,39225,19758
1709044200,39220,39335,39190,39330,37690
1709047800,39330,39355,39300,39315,20255
1709051400,39320,39335,39235,39245,12936
1709055000,39245,39275,39210,39215,10838
1709058600,39215,39285,39210,39275,7890
1709062200,39275,39295,39250,39295,6559
1709065800,39290,39295,39245,39285,4022
1709076600,39275,39300,39190,39265,68675
1709080200,39265,39275,39075,39185,85879
1709083800,39190,39200,39095,39180,57864
1709087400,39180,39210,39140,39180,21682
1709091000,39180,39280,39180,39220,49822
1709094600,39220,39295,39210,39235,36551
1709098200,39235,39260,39135,39170,56559
1709105400,39160,39175,39095,39115,23461
1709109000,39120,39135,39015,39025,28943
1709112600,39020,39040,38975,39025,31606
1709116200,39020,39055,38995,39030,16628
1709119800,39025,39055,39010,39035,13764
1709123400,39035,39060,38995,39005,13919
1709127000,39005,39060,38980,39055,17399
1709130600,39055,39125,39040,39110,39097
1709134200,39105,39180,39095,39145,28104
1709137800,39145,39165,39110,39115,11454
1709141400,39115,39130,39060,39125,9989
1709145000,39130,39145,39045,39055,10622
1709148600,39055,39090,39020,39065,8808
1709152200,39065,39070,39035,39040,5256
1709163000,38990,39020,38885,38980,91782
1709166600,38980,39110,38975,39105,102960
1709170200,39105,39170,38925,38950,108749
1709173800,38950,39000,38885,38930,49537
1709177400,38930,39120,38895,39115,88278
1709181000,39115,39205,39105,39185,77076
1709184600,39185,39265,39175,39260,88616
1709191800,39230,39235,39110,39155,38415
1709195400,39160,39175,39090,39110,24420
1709199000,39110,39145,39085,39105,18199
1709202600,39110,39155,39075,39120,17771
1709206200,39120,39150,39045,39055,21757
1709209800,39060,39090,39045,39070,16278
1709213400,39070,39325,39070,39285,58579
1709217000,39285,39315,39110,39170,48021
1709220600,39175,39230,39130,39180,26573
1709224200,39175,39175,38990,39115,46251
1709227800,39115,39205,39105,39200,15857
1709231400,39205,39260,39190,39205,12414
1709235000,39205,39245,39180,39245,8968
1709238600,39245,39315,39240,39315,8571
1709249400,39350,39585,39280,39495,123391
1709253000,39495,39765,39465,39745,133023
1709256600,39745,39905,39730,39895,122543
1709260200,39895,39925,39810,39895,49413
1709263800,39895,39920,39830,39900,59117
1709267400,39905,39965,39890,39945,65403
1709271000,39940,40000,39915,39995,88929
1709278200,40000,40170,39995,40100,64580
1709281800,40100,40185,40070,40145,33881
1709285400,40140,40160,39890,39920,42822
1709289000,39920,40000,39910,39945,40258
1709292600,39950,40000,39930,39955,21003
1709296200,39955,40065,39935,40040,32209
1709299800,40040,40040,39955,39995,29288
1709303400,39995,40050,39925,40025,54391
1709307000,40030,40095,39990,40085,35439
1709310600,40085,40170,40070,40155,22166
1709314200,40155,40215,40130,40210,14051
1709317800,40210,40290,40195,40285,15685
1709321400,40285,40295,40215,40215,14659
1709325000,40215,40225,40190,40200,8114
1709508600,40300,40355,40140,40170,118966
1709512200,40165,40305,40145,40280,93946
1709515800,40280,40325,40150,40235,78012
1709519400,40230,40235,40140,40165,33762
1709523000,40165,40200,40070,40080,82537
1709526600,40085,40130,40025,40035,47586
1709530200,40035,40150,40005,40150,73224
1709537400,40110,40155,40065,40105,22679
1709541000,40100,40125,40075,40095,12071
1709544600,40095,40150,40075,40135,11716
1709548200,40130,40175,40120,40135,13127
1709551800,40140,40165,40110,40155,9680
1709555400,40155,40185,40135,40170,13207
1709559000,40170,40170,40070,40110,19561
1709562600,40110,40135,40035,40085,26619
1709566200,40085,40130,40070,40120,16324
1709569800,40120,40205,40110,40200,14984
1709573400,40205,40205,40115,40145,10792
1709577000,40145,40195,40140,40190,8134
1709580600,40190,40260,40190,40230,13049
1709584200,40230,40235,40110,40110,8530
1709595000,40025,40075,39925,40010,89112
1709598600,40010,40010,39845,39860,107675
1709602200,39865,39960,39850,39940,56830
1709605800,39935,40000,39935,39990,26024
1709609400,39990,40235,39985,40220,89686
1709613000,40215,40225,40150,40165,48437
1709616600,40160,40170,40060,40140,72398
1709623800,40120,40135,40070,40080,17909
1709627400,40080,40095,40045,40070,15006
1709631000,40070,40115,40060,40100,10526
1709634600,40100,40185,40100,40165,14037
1709638200,40170,40190,40135,40170,12042
1709641800,40170,40175,40070,40070,17800
1709645400,40070,40090,40035,40085,18568
1709649000,40085,40125,39975,39995,43132
1709652600,39990,40025,39925,39985,31311
1709656200,39985,39995,39905,39980,16027
1709659800,39980,39980,39875,39895,14178
1709663400,39890,39925,39825,39870,16340
1709667000,39870,39875,39670,39690,25109
1709670600,39680,39785,39675,39765,11121
1709681400,39775,39985,39755,39950,85857
1709685000,39955,40050,39900,40010,63504
1709688600,40005,40025,39930,39995,41349
1709692200,40000,40070,39955,40065,21528
1709695800,40060,40090,40000,40070,33577
1709699400,40065,40150,40025,40080,39528
1709703000,40080,40125,40040,40085,41395
1709710200,40040,40115,39990,40115,26494
1709713800,40110,40235,40105,40210,24126
1709717400,40210,40225,40175,40185,13981
1709721000,40185,40210,40155,40200,8607
1709724600,40200,40245,40180,40210,9903
1709728200,40215,40290,40210,40265,13048
1709731800,40265,40370,40240,40345,26918
1709735400,40345,40365,40245,40320,30717
1709739000,40315,40430,40305,40400,27363
1709742600,40400,40530,40390,40510,16723
1709746200,40505,40570,40480,40560,11028
1709749800,40560,40560,40375,40470,35865
1709753400,40470,40485,40335,40390,22592
1709757000,40390,40410,40340,40340,6415
1709771400,40300,40345,40270,40275,7120
1709775000,40180,40210,39670,39750,57752
1709778600,39750,39820,39735,39755,11943
1709782200,39750,39895,39655,39755,31787
1709785800,39755,39775,39585,39595,18697
1709789400,39595,39645,39510,39585,27214
1709796600,39230,39230,39005,39045,76764
1709800200,39045,39155,38910,39140,58225
1709803800,39145,39235,39130,39220,36776
1709807400,39220,39235,39145,39150,24863
1709811000,39155,39260,39145,39255,22681
1709814600,39255,39280,39175,39245,30119
1709818200,39250,39350,39205,39350,41487
1709821800,39350,39520,39310,39500,68810
1709825400,39500,39555,39470,39525,34153
1709829000,39525,39605,39500,39585,24387
1709832600,39580,39595,39510,39570,18985
1709836200,39575,39630,39550,39560,16568
1709839800,39555,39565,39400,39510,20261
1709843400,39505,39560,39505,39530,5686
1709854200,39535,39640,39310,39395,165658
1709857800,39395,39590,39350,39565,112781
1709861400,39570,39725,39565,39695,113338
1709865000,39695,39700,39560,39630,43577
1709868600,39635,39765,39625,39730,92689
1709872200,39730,39730,39380,39440,107349
1709875800,39435,39520,39420,39505,65292
1709883000,39490,39535,39445,39520,26991
1709886600,39520,39570,39370,39395,39650
1709890200,39395,39400,39010,39165,109891
1709893800,39170,39270,39125,39155,36090
1709897400,39155,39180,39085,39090,26605
1709901000,39095,39175,39085,39140,20541
1709904600,39135,39300,39090,39235,69937
1709908200,39230,39345,39190,39330,48377
1709911800,39330,39350,39090,39100,51174
1709915400,39100,39115,38960,39030,65597
1709919000,39030,39065,38780,38830,51647
1709922600,38825,38905,38740,38875,30288
1709926200,38875,38965,38830,38840,24638
1709929800,38840,38875,38785,38785,9205
1710113400,38760,38825,38600,38600,161169
1710117000,38600,38675,38480,38560,129444
1710120600,38555,38610,38465,38495,97343
1710124200,38495,38585,38420,38560,40587
1710127800,38560,38560,38335,38340,104614
1710131400,38340,38365,38280,38345,89361
1710135000,38345,38640,38345,38530,126130
1710142200,38510,38580,38320,38450,55972
1710145800,38450,38470,38155,38310,71062
1710149400,38310,38320,38190,38205,29138
1710153000,38205,38320,38205,38300,26943
1710156600,38300,38300,38155,38220,30121
1710160200,38220,38310,38185,38280,24764
1710163800,38280,38320,38115,38155,63058
1710167400,38155,38245,38100,38105,46151
1710171000,38100,38225,38095,38185,27493
1710174600,38185,38215,38135,38155,17064
1710178200,38150,38210,38080,38200,16283
1710181800,38200,38235,38175,38180,13307
1710185400,38175,38220,38145,38200,9638
1710189000,38205,38220,38180,38180,2790
1710199800,38230,38335,38055,38285,137118
1710203400,38290,38300,38075,38110,96535
1710207000,38110,38445,38055,38375,117875
1710210600,38370,38465,38355,38450,44282
1710214200,38445,38510,38335,38350,85761
1710217800,38350,38510,38325,38500,55159
1710221400,38500,38605,38365,38490,103100
1710228600,38500,38510,38395,38400,36505
1710232200,38400,38425,38340,38395,29272
1710235800,38390,38500,38375,38450,30726
1710239400,38450,38465,38385,38405,14714
1710243000,38405,38475,38405,38445,15753
1710246600,38435,38610,38365,38600,77309
1710250200,38600,38780,38420,38745,106019
1710253800,38750,38860,38735,38855,44878
1710257400,38855,38895,38705,38725,42211
1710261000,38730,38740,38645,38715,33750
1710264600,38710,38800,38710,38795,14507
1710268200,38795,38850,38755,38850,16662
1710271800,38845,38905,38820,38865,13375
1710275400,38865,38885,38855,38870,3713
1710286200,38950,38980,38805,38880,96951
1710289800,38880,38880,38440,38505,162137
1710293400,38500,38590,38345,38420,117040
1710297000,38420,38425,38270,38335,49788
1710300600,38340,38530,38230,38520,95932
1710304200,38515,38585,38470,38500,62590
1710307800,38500,38515,38350,38350,62611
1710315000,38445,38495,38385,38410,25639
1710318600,38410,38525,38275,38475,55800
1710322200,38475,38530,38455,38515,26730
1710325800,38515,38595,38490,38555,21763
1710329400,38560,38565,38445,38445,18027
1710333000,38445,38475,38415,38435,14225
1710336600,38430,38430,38250,38400,57553
1710340200,38400,38420,38330,38335,29582
1710343800,38330,38395,38295,38315,21943
1710347400,38315,38370,38275,38365,21629
1710351000,38365,38405,38340,38400,9828
1710354600,38400,38430,38300,38330,11441
1710358200,38325,38385,38325,38370,10071
1710361800,38375,38375,38305,38305,2393
1710372600,38345,38425,38180,38190,90427
1710376200,38190,38340,38185,38290,95672
1710379800,38290,38425,38240,38410,70231
1710383400,38415,38465,38395,38400,29134
1710387000,38400,38505,38375,38495,55345
1710390600,38495,38610,38485,38545,61020
1710394200,38545,38620,38535,38590,51336
1710401400,38610,38675,38585,38640,30606
1710405000,38640,38670,38620,38635,21046
1710408600,38635,38640,38575,38615,16204
1710412200,38615,38660,38600,38625,11792
1710415800,38625,38660,38560,38640,18554
1710419400,38645,38670,38380,38520,76175
1710423000,38520,38550,38305,38380,76121
1710426600,38380,38410,38265,38290,41345
1710430200,38290,38315,38180,38260,36273
1710433800,38260,38285,38195,38215,20047
1710437400,38215,38325,38190,38285,18272
1710441000,38285,38305,38110,38140,24455
1710444600,38145,38315,38080,38290,27083
1710448200,38290,38330,38285,38330,2986
1710459000,38275,38515,38235,38475,93907
1710462600,38470,38535,38350,38420,88660
1710466200,38415,38565,38410,38530,68840
1710469800,38535,38545,38455,38515,28501
1710473400,38510,38590,38405,38420,64582
1710477000,38420,38475,38340,38460,59039
1710480600,38455,38500,38390,38390,54736
1710487800,38450,38660,38440,38630,45692
1710491400,38630,38700,38605,38675,29454
1710495000,38675,38735,38670,38685,23255
1710498600,38685,38745,38680,38745,15707
1710502200,38740,38750,38675,38695,18376
1710505800,38695,38715,38545,38555,32655
1710509400,38560,38640,38460,38560,67256
1710513000,38560,38690,38550,38630,49175
1710516600,38630,38635,38510,38515,24573
1710520200,38515,38580,38415,38560,32633
1710523800,38560,38600,38530,38580,13490
1710527400,38580,38645,38575,38620,13704
1710531000,38620,38680,38580,38675,10887
1710534600,38675,38685,38655,38660,2876
1710718200,38700,39170,38670,39120,166735
1710721800,39125,39355,39080,39290,129540
1710725400,39285,39410,39280,39310,74639
1710729000,39305,39345,39235,39330,39458
1710732600,39325,39425,39320,39420,55985
1710736200,39420,39455,39370,39425,40681
1710739800,39420,39550,39420,39525,69506
1710747000,39505,39510,39350,39350,37951
1710750600,39355,39475,39345,39445,25455
1710754200,39445,39470,39395,39400,14673
1710757800,39405,39450,39370,39440,16724
1710761400,39445,39465,39425,39460,15001
1710765000,39455,39455,39405,39440,10347
1710768600,39440,39465,39380,39445,25167
1710772200,39445,39465,39410,39450,13294
1710775800,39450,39450,39370,39405,18917
1710779400,39405,39405,39270,39380,23982
1710783000,39380,39415,39320,39410,16402
1710786600,39410,39440,39375,39415,9009
1710790200,39420,39425,39365,39395,7702
1710793800,39395,39430,39385,39430,2462
1710804600,39310,39390,39240,39275,89980
1710808200,39280,39340,39185,39200,93244
1710811800,39200,39360,39175,39345,62996
1710815400,39345,39385,39290,39335,15223
1710819000,39340,39715,39210,39525,215173
1710822600,39520,39735,39490,39710,103169
1710826200,39710,39790,39600,39600,98453
1710833400,39565,39595,39460,39525,49950
1710837000,39530,39670,39525,39645,40346
1710840600,39640,39690,39615,39660,23270
1710844200,39660,39670,39515,39550,24634
1710847800,39545,39550,39490,39505,18501
1710851400,39505,39600,39500,39595,21759
1710855000,39590,39610,39450,39465,44051
1710858600,39465,39605,39465,39595,25474
1710862200,39595,39740,39595,39730,31537
1710865800,39730,39865,39730,39815,29298
1710869400,39820,39845,39775,39815,15398
1710873000,39815,39890,39780,39805,18070
1710876600,39810,39850,39795,39835,7052
1710880200,39835,39865,39820,39820,2967
1710891000,39885,40150,39860,40135,49486
1710894600,40130,40145,40030,40055,40380
1710898200,40050,40095,40000,40080,22116
1710901800,40085,40085,39960,40010,18304
1710905400,40010,40050,39995,40040,9548
1710909000,40040,40065,39975,40030,12743
1710912600,40025,40025,39945,39980,13020
1710919800,40030,40065,39995,40050,12814
1710923400,40050,40125,40025,40120,13252
1710927000,40120,40175,40105,40145,18966
1710930600,40145,40150,40110,40150,8765
1710934200,40145,40160,40105,40140,8680
1710937800,40135,40195,40125,40140,12767
1710941400,40145,40150,40035,40070,24220
1710945000,40065,40085,40025,40085,13061
1710948600,40085,40100,40060,40075,7348
1710952200,40070,40100,40050,40070,6878
1710955800,40065,40240,40045,40235,30858
1710959400,40235,40320,40030,40305,58008
1710963000,40305,40390,40265,40370,14981
1710966600,40370,40390,40360,40370,3928
1710977400,40450,40450,40260,40365,156364
1710981000,40365,40540,40225,40290,159749
1710984600,40295,40475,40240,40460,87398
1710988200,40460,40545,40445,40465,49612
1710991800,40465,40520,40375,40495,72150
1710995400,40500,40615,40470,40575,76156
1710999000,40570,40620,40540,40580,74864
1711006200,40585,40710,40545,40635,46774
1711009800,40635,40660,40490,40560,36825
1711013400,40560,40605,40535,40555,17650
1711017000,40560,40600,40545,40575,11429
1711020600,40570,40640,40565,40635,18841
1711024200,40630,40680,40600,40675,16725
1711027800,40675,40795,40660,40780,43398
1711031400,40785,40865,40750,40820,35191
1711035000,40820,40905,40785,40885,27195
1711038600,40890,40915,40850,40875,14182
1711042200,40875,40885,40795,40860,10991
1711045800,40860,40860,40775,40805,15210
1711049400,40810,40835,40760,40805,9052
1711053000,40805,40805,40780,40800,2774
1711063800,40790,40880,40690,40725,106907
1711067400,40730,40860,40705,40805,84759
1711071000,40805,40860,40625,40635,86320
1711074600,40630,40655,40550,40610,43223
1711078200,40615,40730,40500,40685,77246
1711081800,40685,40790,40670,40785,47096
1711085400,40785,40795,40680,40710,47379
1711092600,40630,40690,40610,40670,26152
1711096200,40670,40750,40665,40715,20137
1711099800,40710,40750,40690,40715,9577
1711103400,40710,40715,40665,40675,8838
1711107000,40670,40685,40515,40540,31603
1711110600,40540,40620,40525,40590,24067
1711114200,40590,40615,40440,40460,36689
1711117800,40460,40590,40455,40575,23883
1711121400,40575,40610,40540,40560,15037
1711125000,40560,40600,40525,40590,9527
1711128600,40595,40630,40560,40590,9300
1711132200,40590,40600,40505,40535,10536
1711135800,40535,40585,40505,40510,7044
1711139400,40510,40535,40500,40500,2588
1711323000,40545,40620,40470,40615,79299
1711326600,40615,40630,40420,40440,80469
1711330200,40440,40470,40355,40405,63939
1711333800,40405,40425,40350,40415,24035
1711337400,40410,40450,40330,40420,41188
1711341000,40420,40450,40350,40360,29860
1711344600,40360,40395,40110,40110,76663
1711351800,40135,40175,40100,40150,34899
1711355400,40150,40185,40140,40160,15624
1711359000,40160,40170,40055,40095,20105
1711362600,40095,40110,40045,40070,12659
1711366200,40070,40085,40035,40070,12563
1711369800,40070,40075,39970,39975,19442
1711373400,39975,40185,39975,40175,45261
1711377000,40180,40220,40130,40205,22666
1711380600,40210,40245,40185,40215,14773
1711384200,40215,40225,40170,40210,8324
1711387800,40205,40255,40190,40245,5877
1711391400,40245,40255,40165,40170,6432
1711395000,40170,40195,40110,40150,8007
1711398600,40150,40180,40145,40180,2581
1711409400,40180,40245,40100,40200,75063
1711413000,40200,40320,40180,40200,75770
1711416600,40205,40250,40110,40155,64052
1711420200,40155,40180,40095,40150,22761
1711423800,40155,40250,40070,40190,59646
1711427400,40195,40245,40115,40155,35675
1711431000,40155,40270,40140,40185,56396
1711438200,40260,40260,40190,40230,16004
1711441800,40235,40305,40230,40295,16716
1711445400,40295,40385,40265,40375,19326
1711449000,40370,40380,40325,40335,9991
1711452600,40330,40395,40330,40370,9308
1711456200,40370,40390,40285,40325,19233
1711459800,40325,40385,40285,40315,23824
1711463400,40310,40405,40280,40385,21572
1711467000,40385,40485,40375,40460,19498
1711470600,40460,40465,40395,40415,11538
1711474200,40420,40450,40390,40445,4884
1711477800,40445,40475,40395,40410,5185
1711481400,40415,40415,40260,40295,14170
1711485000,40300,40305,40250,40250,4168
1711495800,40320,40430,40240,40405,73030
1711499400,40405,40475,40370,40445,63708
1711503000,40445,40605,40440,40590,68099
1711506600,40590,40645,40570,40615,37707
1711510200,40620,40680,40590,40655,51103
1711513800,40655,40755,40580,40740,57676
1711517400,40745,40765,40430,40430,110993
1711524600,40435,40455,40365,40445,27494
1711528200,40445,40465,40285,40300,39529
1711531800,40300,40405,40295,40405,26683
1711535400,40400,40430,40370,40410,13345
1711539000,40410,40435,40380,40415,9075
1711542600,40420,40455,40405,40435,11185
1711546200,40430,40450,40290,40350,36830
1711549800,40345,40380,40300,40300,19113
1711553400,40300,40355,40285,40335,15137
1711557000,40335,40380,40330,40375,10897
1711560600,40375,40410,40350,40410,5773
1711564200,40410,40420,40345,40410,6574
1711567800,40405,40500,40390,40495,10701
1711571400,40490,40510,40470,40500,3634
1711582200,40430,40500,40325,40380,103641
1711585800,40385,40450,40330,40345,80191
1711589400,40350,40365,40225,40305,79373
1711593000,40305,40355,40280,40325,30089
1711596600,40325,40350,40260,40270,42383
1711600200,40270,40330,40150,40165,52583
1711603800,40165,40230,40075,40230,97355
1711611000,40210,40240,40180,40215,19596
1711614600,40215,40275,40210,40210,16310
1711618200,40210,40290,40210,40280,13026
1711621800,40280,40295,40210,40225,13067
1711625400,40225,40230,40180,40225,18773
1711629000,40225,40305,40200,40280,19638
1711632600,40280,40365,40275,40335,27429
1711636200,40335,40405,40330,40385,17234
1711639800,40385,40395,40315,40355,14624
1711643400,40355,40355,40295,40305,11798
1711647000,40305,40345,40295,40315,6216
1711650600,40315,40385,40285,40385,6639
1711654200,40385,40390,40320,40350,10262
1711657800,40345,40385,40325,40385,2893
1711668600,40345,40440,40315,40425,51967
1711672200,40425,40430,40320,40330,38815
1711675800,40330,40485,40325,40485,40209
1711679400,40480,40500,40335,40350,25195
1711683000,40350,40380,40290,40340,45237
1711686600,40335,40460,40335,40445,42088
1711690200,40440,40565,40435,40550,81864
1711697400,40545,40550,40505,40530,10114
1711701000,40530,40575,40515,40560,5227
1711704600,40555,40610,40555,40585,7265
1711708200,40585,40600,40560,40565,3118
1711711800,40565,40580,40560,40575,1554
1711715400,40570,40605,40560,40570,3135
1711719000,40570,40575,40540,40565,2319
1711722600,40565,40570,40540,40570,1591
1711726200,40570,40570,40545,40545,1110
1711729800,40545,40585,40545,40575,3093
1711733400,40575,40575,40560,40570,294
1711737000,40570,40570,40565,40565,163
1711740600,40565,40575,40550,40550,925
1711744200,40555,40570,40545,40545,1513
1711927800,40730,40760,40435,40480,114880
1711931400,40475,40490,40305,40310,95642
1711935000,40310,40355,39755,39790,196497
1711938600,39785,39850,39695,39720,60928
1711942200,39720,40010,39720,39945,105132
1711945800,39945,39980,39855,39960,53874
1711949400,39960,39975,39820,39870,56720
1711956600,39940,40030,39920,40025,18547
1711960200,40020,40070,40015,40040,15363
1711963800,40035,40040,39995,40030,8243
1711967400,40030,40035,39960,39970,8098
1711971000,39970,39995,39895,39935,14801
1711974600,39935,39990,39915,39980,10887
1711978200,39980,40060,39950,40025,39812
1711981800,40025,40035,39920,39960,22785
1711985400,39960,39970,39895,39935,12036
1711989000,39935,39960,39840,39880,9747
1711992600,39880,39945,39870,39930,5921
1711996200,39925,39975,39920,39930,7112
1711999800,39930,40010,39905,39950,6801
1712003400,39955,39965,39950,39955,2727
1712014200,39905,40190,39820,40180,126730
1712017800,40185,40185,39880,40040,120355
1712021400,40045,40080,39860,39880,71007
1712025000,39880,39970,39850,39960,27018
1712028600,39955,39955,39730,39760,85417
1712032200,39760,39885,39750,39825,46686
1712035800,39820,39925,39790,39920,51198
1712043000,39900,39985,39890,39965,24339
1712046600,39965,39975,39880,39970,17517
1712050200,39965,39970,39870,39900,15044
1712053800,39905,39925,39855,39880,11635
1712057400,39880,39885,39815,39840,11904
1712061000,39840,39855,39605,39665,45729
1712064600,39665,39665,39440,39505,72035
1712068200,39505,39570,39475,39535,29922
1712071800,39535,39565,39480,39555,13738
1712075400,39555,39600,39540,39575,12556
1712079000,39580,39610,39550,39595,7945
1712082600,39595,39655,39585,39640,10482
1712086200,39640,39705,39630,39695,9375
1712089800,39695,39725,39665,39665,3826
1712100600,39600,39620,39245,39495,148674
1712104200,39495,39635,39315,39470,127195
1712107800,39470,39550,39385,39460,69634
1712111400,39455,39560,39450,39515,26158
1712115000,39515,39655,39470,39580,62084
1712118600,39580,39660,39535,39575,47512
1712122200,39570,39585,39470,39530,52411
1712129400,39555,39620,39535,39605,23175
1712133000,39600,39640,39560,39560,15002
1712136600,39560,39595,39535,39570,9609
1712140200,39570,39625,39540,39620,11467
1712143800,39620,39685,39605,39615,18837
1712147400,39615,39660,39590,39615,18910
1712151000,39615,39885,39615,39870,56086
1712154600,39870,40040,39865,40020,44433
1712158200,40020,40060,39940,40005,28634
1712161800,40005,40045,39920,40045,23094
1712165400,40050,40075,40015,40060,10503
1712169000,40060,40080,39935,39980,17503
1712172600,39980,40050,39960,40020,10867
1712176200,40025,40025,40005,40005,3073
1712187000,40000,40240,39950,40240,119582
1712190600,40235,40290,40040,40160,115965
1712194200,40165,40230,40050,40135,61761
1712197800,40135,40225,40130,40180,23251
1712201400,40180,40210,40090,40105,47100
1712205000,40105,40155,39825,39845,74785
1712208600,39845,39890,39820,39820,72758
1712215800,39890,39910,39840,39885,25055
1712219400,39880,39905,39840,39890,12810
1712223000,39890,39930,39885,39915,11940
1712226600,39915,39940,39880,39930,14007
1712230200,39935,39935,39865,39885,11873
1712233800,39880,39995,39880,39985,24190
1712237400,39985,40010,39935,39965,28970
1712241000,39965,40000,39910,39940,16771
1712244600,39940,39945,39890,39900,17355
1712248200,39900,39920,39875,39900,8808
1712251800,39900,39900,39545,39550,47278
1712255400,39550,39550,39215,39215,84473
1712259000,39215,39240,39065,39095,53839
1712262600,39100,39115,39080,39085,4235
1712273400,39185,39265,39100,39135,127625
1712277000,39135,39140,38915,38935,113712
1712280600,38935,38945,38790,38840,91882
1712284200,38840,38885,38775,38845,39063
1712287800,38850,39080,38850,39030,92901
1712291400,39030,39035,38915,38950,61085
1712295000,38945,39035,38895,38980,73566
1712302200,39050,39080,38995,39070,25241
1712305800,39070,39100,39020,39035,21306
1712309400,39035,39050,38980,39005,14202
1712313000,39005,39085,39000,39050,14116
1712316600,39045,39095,39025,39060,13480
1712320200,39055,39215,38915,39110,80273
1712323800,39120,39220,39055,39090,66138
1712327400,39090,39290,39080,39270,51775
1712331000,39270,39380,39235,39345,33068
1712334600,39345,39400,39310,39360,20562
1712338200,39365,39390,39215,39295,31098
1712341800,39300,39350,39245,39315,21024
1712345400,39310,39365,39285,39320,12933
1712349000,39320,39325,39295,39315,4378
1712532600,39425,39530,39330,39395,110276
1712536200,39395,39580,39310,39550,106863
1712539800,39550,39650,39525,39540,77794
1712543400,39545,39580,39405,39425,43078
1712547000,39425,39440,39240,39340,86866
1712550600,39335,39375,39280,39285,36785
1712554200,39290,39425,39220,39390,63888
1712561400,39395,39465,39350,39375,32193
1712565000,39375,39455,39365,39430,20395
1712568600,39430,39470,39420,39465,14888
1712572200,39470,39535,39445,39495,15379
1712575800,39495,39530,39440,39515,17516
1712579400,39515,39565,39500,39505,21692
1712583000,39505,39550,39420,39510,50321
1712586600,39505,39615,39505,39560,34022
1712590200,39560,39570,39435,39460,25279
1712593800,39465,39520,39460,39515,10164
1712597400,39515,39535,39470,39485,7818
1712601000,39490,39510,39440,39510,10140
1712604600,39515,39535,39435,39455,8047
1712608200,39455,39480,39445,39480,1763
1712619000,39520,39670,39505,39625,84681
1712622600,39625,39645,39515,39595,58838
1712626200,39600,39670,39490,39555,62875
1712629800,39555,39590,39485,39570,26000
1712633400,39575,39725,39540,39685,60449
1712637000,39685,39750,39660,39740,32621
1712640600,39735,39815,39705,39790,59393
1712647800,39755,39755,39655,39685,27549
1712651400,39685,39690,39610,39630,16186
1712655000,39625,39645,39560,39575,23039
1712658600,39575,39610,39475,39590,40588
1712662200,39590,39670,39580,39660,21993
1712665800,39660,39700,39620,39695,22559
1712669400,39695,39730,39500,39510,49102
1712673000,39510,39515,39290,39405,83316
1712676600,39410,39545,39365,39515,29772
1712680200,39515,39540,39450,39480,16571
1712683800,39480,39525,39435,39475,12847
1712687400,39475,39620,39445,39610,13991
1712691000,39615,39705,39530,39675,15583
1712694600,39680,39700,39660,39695,3828
1712705400,39625,39720,39565,39630,78190
1712709000,39635,39695,39550,39605,66676
1712712600,39610,39720,39580,39680,50350
1712716200,39680,39725,39670,39705,16485
1712719800,39700,39740,39630,39640,41254
1712723400,39645,39705,39610,39625,34318
1712727000,39630,39670,39530,39550,55751
1712734200,39585,39630,39580,39600,18890
1712737800,39595,39625,39580,39585,7775
1712741400,39590,39595,39520,39535,12563
1712745000,39535,39585,39515,39580,9379
1712748600,39580,39625,39565,39595,14408
1712752200,39595,39595,39080,39180,171632
1712755800,39180,39335,39145,39310,94066
1712759400,39305,39390,39220,39285,52548
1712763000,39290,39290,39130,39170,25878
1712766600,39165,39250,39065,39160,37473
1712770200,39160,39195,39030,39100,45471
1712773800,39100,39220,39040,39170,25603
1712777400,39175,39245,39120,39155,16625
1712781000,39155,39185,39120,39120,3313
1712791800,39050,39240,39025,39220,99381
1712795400,39220,39375,39190,39275,89963
1712799000,39275,39400,39270,39395,56121
1712802600,39390,39425,39370,39420,23689
1712806200,39420,39465,39400,39425,42679
1712809800,39425,39500,39375,39490,38031
1712813400,39490,39505,39375,39410,61895
1712820600,39450,39455,39375,39410,27281
1712824200,39410,39425,39280,39295,29219
1712827800,39300,39330,39205,39255,28698
1712831400,39255,39275,39210,39235,20940
1712835000,39235,39245,39165,39195,26653
1712838600,39195,39470,39185,39455,77856
1712842200,39455,39485,39100,39115,89329
1712845800,39115,39260,39100,39240,45501
1712849400,39240,39380,39230,39340,27678
1712853000,39345,39535,39335,39515,26540
1712856600,39520,39655,39495,39645,23757
1712860200,39650,39680,39635,39665,14526
1712863800,39665,39705,39620,39665,13931
1712867400,39660,39710,39650,39695,4482
1712878200,39740,39810,39540,39625,114140
1712881800,39620,39695,39480,39595,76424
1712885400,39590,39740,39590,39660,60487
1712889000,39665,39725,39640,39705,16692
1712892600,39705,39715,39590,39595,45370
1712896200,39590,39620,39550,39580,36030
1712899800,39580,39605,39525,39550,45405
1712907000,39565,39580,39520,39535,25812
1712910600,39530,39535,39410,39425,26447
1712914200,39430,39455,39375,39410,24176
1712917800,39415,39430,39285,39335,33629
1712921400,39340,39390,39295,39315,28150
1712925000,39315,39325,39015,39080,89660
1712928600,39080,39175,38905,39005,91058
1712932200,39000,39030,38865,39020,56011
1712935800,39020,39100,38945,38970,35902
1712939400,38970,38975,38830,38845,31724
1712943000,38845,38935,38800,38870,27840
1712946600,38870,38875,38790,38825,23883
1712950200,38825,38920,38810,38875,15826
1712953800,38875,38880,38850,38850,3990
1713137400,39020,39100,38830,38935,131038
1713141000,38935,39085,38835,39040,100297
1713144600,39040,39200,39020,39130,74461
1713148200,39130,39150,39035,39110,36821
1713151800,39110,39190,39095,39120,48463
1713155400,39120,39220,39080,39190,42584
1713159000,39190,39260,39150,39225,52397
1713166200,39240,39315,39200,39295,36611
1713169800,39300,39340,39255,39290,24008
1713173400,39290,39305,39230,39230,18620
1713177000,39230,39360,39230,39345,17484
1713180600,39350,39365,39315,39360,19006
1713184200,39360,39510,39335,39425,50181
1713187800,39425,39475,39215,39240,70023
1713191400,39245,39280,39085,39175,64754
1713195000,39175,39270,39090,39090,44132
1713198600,39090,39100,38835,38840,44810
1713202200,38840,38840,38660,38745,64439
1713205800,38745,38835,38630,38655,34523
1713209400,38655,38735,38650,38670,18582
1713213000,38670,38705,38640,38705,3964
1713223800,38670,38715,38525,38645,112293
1713227400,38645,38670,38480,38530,90745
1713231000,38530,38620,38425,38435,66550
1713234600,38435,38455,38370,38420,51548
1713238200,38420,38470,38340,38395,74447
1713241800,38390,38620,38345,38605,88112
1713245400,38605,38620,38395,38395,75499
1713252600,38430,38540,38380,38525,53419
1713256200,38520,38550,38460,38515,31626
1713259800,38515,38525,38390,38405,26664
1713263400,38405,38565,38385,38540,33855
1713267000,38540,38610,38515,38530,30731
1713270600,38530,38610,38490,38495,41760
1713274200,38495,38555,38300,38445,104784
1713277800,38440,38490,38390,38470,50064
1713281400,38470,38560,38420,38485,34826
1713285000,38480,38575,38455,38470,28230
1713288600,38475,38655,38355,38450,75394
1713292200,38450,38610,38445,38600,31928
1713295800,38595,38595,38440,38485,21236
1713299400,38490,38515,38490,38490,2690
1713310200,38610,38670,38385,38400,88148
1713313800,38400,38405,38185,38235,170023
1713317400,38240,38460,38180,38420,105043
1713321000,38420,38500,38405,38445,29314
1713324600,38440,38530,38355,38365,60483
1713328200,38360,38380,38225,38250,68011
1713331800,38250,38275,37840,37840,124481
1713339000,37935,38075,37920,38060,55917
1713342600,38060,38130,38035,38095,32301
1713346200,38095,38185,38085,38180,22649
1713349800,38180,38210,38100,38140,32866
1713353400,38140,38155,38050,38085,31718
1713357000,38080,38200,38075,38155,33390
1713360600,38155,38220,37935,38005,89025
1713364200,38005,38045,37880,37890,62389
1713367800,37890,37890,37695,37760,62933
1713371400,37760,37790,37625,37790,51394
1713375000,37795,37865,37745,37800,33342
1713378600,37805,37925,37710,37730,43520
1713382200,37735,37845,37710,37755,20186
1713385800,37755,37760,37705,37705,2377
1713396600,37735,37895,37660,37805,107343
1713400200,37805,37935,37700,37865,101118
1713403800,37865,38100,37785,38095,86679
1713407400,38095,38140,38070,38125,35557
1713411000,38130,38210,38095,38165,55191
1713414600,38165,38170,38030,38135,55640
1713418200,38135,38245,38070,38165,78328
1713425400,38195,38230,38055,38080,41336
1713429000,38080,38120,37975,37985,23387
1713432600,37985,38060,37970,38045,22024
1713436200,38045,38140,38040,38090,23094
1713439800,38090,38125,38000,38020,22685
1713443400,38025,38065,37905,37935,45448
1713447000,37935,37980,37730,37945,91812
1713450600,37945,38125,37945,38055,52126
1713454200,38060,38065,37945,38035,38443
1713457800,38030,38035,37725,37810,36562
1713461400,37810,37865,37715,37810,29719
1713465000,37810,37835,37735,37775,22993
1713468600,37780,37850,37745,37755,16731
1713472200,37755,37760,37735,37750,3184
1713483000,37730,37745,37360,37385,131088
1713486600,37390,37420,36990,37010,222898
1713490200,37010,37040,36750,36845,267813
1713493800,36845,37130,36710,37115,144311
1713497400,37110,37240,37025,37220,164432
1713501000,37215,37230,37025,37230,89676
1713504600,37225,37290,37045,37110,112295
1713511800,37265,37355,37185,37330,65155
1713515400,37335,37415,37240,37400,45966
1713519000,37400,37450,37335,37370,40949
1713522600,37370,37475,37335,37455,32730
1713526200,37455,37520,37435,37510,32153
1713529800,37515,37580,37465,37510,42835
1713533400,37510,37600,37290,37345,92489
1713537000,37345,37485,37320,37395,67762
1713540600,37395,37410,37090,37100,50614
1713544200,37100,37305,37080,37220,43407
1713547800,37215,37335,37120,37120,35063
1713551400,37120,37155,37030,37115,38515
1713555000,37115,37135,37020,37115,20780
1713558600,37115,37120,37090,37110,4603
1713742200,37230,37530,37205,37445,136534
1713745800,37445,37460,37065,37290,152245
1713749400,37290,37435,37110,37365,98573
1713753000,37365,37390,37280,37325,30200
1713756600,37325,37330,37180,37270,61926
1713760200,37270,37355,37190,37235,48904
1713763800,37230,37530,37215,37430,91593
1713771000,37390,37460,37330,37430,53378
1713774600,37435,37560,37410,37520,35677
1713778200,37525,37555,37490,37525,20843
1713781800,37525,37530,37455,37475,22665
1713785400,37475,37510,37390,37415,26312
1713789000,37415,37500,37400,37480,19177
1713792600,37480,37600,37385,37415,73659
1713796200,37410,37490,37360,37435,40549
1713799800,37435,37660,37425,37605,40408
1713803400,37605,37660,37565,37655,21399
1713807000,37655,37850,37645,37830,38132
1713810600,37835,37855,37740,37740,22700
1713814200,37745,37755,37670,37725,17898
1713817800,37730,37745,37725,37745,3561
1713828600,37740,37855,37640,37650,106983
1713832200,37650,37695,37510,37560,80990
1713835800,37555,37585,37420,37555,78151
1713839400,37555,37590,37505,37525,27121
1713843000,37525,37655,37515,37605,53092
1713846600,37605,37665,37530,37530,38273
1713850200,37530,37615,37515,37550,46754
1713857400,37580,37690,37580,37670,29302
1713861000,37670,37680,37600,37645,19512
1713864600,37650,37650,37565,37635,17213
1713868200,37630,37675,37620,37620,15051
1713871800,37620,37635,37530,37575,17871
1713875400,37580,37650,37580,37645,18055
1713879000,37645,37850,37615,37835,72261
1713882600,37835,37910,37830,37890,48386
1713886200,37895,37950,37820,37930,33415
1713889800,37930,37940,37840,37900,14709
1713893400,37905,37930,37880,37910,9199
1713897000,37910,37955,37895,37930,10845
1713900600,37930,37960,37885,37905,12045
1713904200,37905,37965,37900,37965,3518
1713915000,38020,38360,37985,38350,133369
1713918600,38345,38385,38245,38315,93160
1713922200,38315,38375,38190,38340,72596
1713925800,38340,38345,38290,38315,20598
1713929400,38315,38450,38315,38385,61403
1713933000,38380,38460,38375,38430,40519
1713936600,38435,38470,38380,38440,68262
1713943800,38395,38395,38270,38295,36766
1713947400,38290,38315,38240,38285,22104
1713951000,38290,38295,38220,38270,20210
1713954600,38270,38275,38195,38255,20555
1713958200,38255,38310,38235,38285,35773
1713961800,38280,38320,38115,38195,45267
1713965400,38195,38260,38120,38155,60740
1713969000,38160,38190,38030,38070,49771
1713972600,38075,38100,37990,38050,44645
1713976200,38045,38140,37995,38130,18739
1713979800,38130,38215,38085,38115,23156
1713983400,38115,38200,38080,38180,20230
1713987000,38175,38220,38040,38065,18399
1713990600,38070,38105,38050,38050,3997
1714001400,37940,38045,37880,37960,92463
1714005000,37960,38045,37890,37955,72261
1714008600,37955,37965,37735,37830,83637
1714012200,37830,37855,37780,37800,22231
1714015800,37800,37805,37680,37705,54593
1714019400,37705,37760,37625,37655,51021
1714023000,37655,37710,37600,37610,66747
1714030200,37610,37770,37610,37730,42496
1714033800,37730,37780,37725,37745,17893
1714037400,37745,37760,37695,37715,18657
1714041000,37715,37725,37630,37685,23370
1714044600,37680,37760,37680,37705,19220
1714048200,37710,37745,37250,37255,136409
1714051800,37260,37400,37125,37375,109937
1714055400,37375,37420,37310,37415,63662
1714059000,37415,37520,37350,37495,32787
1714062600,37495,37580,37470,37545,27419
1714066200,37545,37710,37525,37600,27845
1714069800,37595,37745,37575,37740,27071
1714073400,37740,37880,37635,37880,27783
1714077000,37880,37915,37830,37830,5412
1714087800,37850,37880,37605,37645,95840
1714091400,37645,37745,37565,37735,78215
1714095000,37740,37870,37725,37795,57371
1714098600,37800,37985,37740,37920,35884
1714102200,37920,38125,37860,38045,107208
1714105800,38045,38105,38015,38020,54851
1714109400,38020,38035,37900,37900,69386
1714116600,37995,38085,37695,37955,87771
1714120200,37960,37960,37800,37840,28663
1714123800,37840,37940,37835,37930,20284
1714127400,37925,37985,37845,37975,32552
1714131000,37975,38005,37880,37965,25713
1714134600,37970,38100,37915,37930,52739
1714138200,37935,38175,37900,38075,58459
1714141800,38075,38165,38050,38140,37128
1714145400,38145,38285,38130,38275,26272
1714149000,38280,38370,38270,38355,16131
1714152600,38360,38375,38320,38350,11608
1714156200,38350,38405,38325,38390,10960
1714159800,38390,38390,38330,38350,9916
1714163400,38350,38400,38350,38355,5185
1714347000,38350,38465,38300,38450,36176
1714350600,38455,38565,38455,38525,28333
1714354200,38520,38750,38520,38635,81078
1714357800,38635,38720,38615,38650,25177
1714361400,38650,38740,38410,38520,133652
1714365000,38515,38595,38375,38575,125290
1714368600,38575,38635,38440,38530,40044
1714375800,38380,38445,38230,38415,41096
1714379400,38415,38435,38305,38405,26805
1714383000,38405,38425,38345,38390,15043
1714386600,38390,38430,38370,38420,9941
1714390200,38420,38475,38415,38435,15483
1714393800,38440,38450,38380,38410,11095
1714397400,38410,38420,38315,38395,30584
1714401000,38395,38410,38320,38355,10737
1714404600,38355,38385,38290,38300,10694
1714408200,38305,38350,38235,38340,21707
1714411800,38340,38365,38300,38300,7261
1714415400,38300,38320,38175,38240,18290
1714419000,38245,38365,38225,38340,11902
1714422600,38335,38355,38315,38325,4006
1714433400,38375,38420,38270,38360,106013
1714437000,38365,38490,38280,38460,86357
1714440600,38460,38630,38445,38470,72440
1714444200,38470,38490,38380,38395,36124
1714447800,38395,38490,38340,38345,61398
1714451400,38345,38395,38255,38270,53770
1714455000,38275,38470,38190,38470,90340
1714462200,38490,38565,38460,38530,30925
1714465800,38535,38545,38470,38520,19500
1714469400,38520,38545,38475,38490,13276
1714473000,38485,38545,38470,38495,11137
1714476600,38500,38525,38445,38515,21096
1714480200,38515,38515,38385,38465,42382
1714483800,38470,38590,38455,38470,45859
1714487400,38465,38485,38280,38330,43159
1714491000,38330,38365,38290,38345,18735
1714494600,38345,38345,38195,38235,24517
1714498200,38235,38325,38230,38250,12512
1714501800,38250,38295,38200,38225,12355
1714505400,38225,38235,38110,38110,27797
1714509000,38115,38140,38095,38095,4944
1714519800,38070,38290,38045,38215,103523
1714523400,38215,38230,38040,38125,84092
1714527000,38120,38200,38090,38190,54979
1714530600,38195,38250,38180,38245,24475
1714534200,38245,38450,38245,38360,89744
1714537800,38365,38400,38320,38325,32398
1714541400,38325,38330,38175,38210,69031
1714548600,38210,38215,38110,38170,24382
1714552200,38170,38205,38110,38130,14353
1714555800,38130,38145,38085,38095,13124
1714559400,38090,38170,38070,38145,15797
1714563000,38145,38170,38105,38145,12847
1714566600,38150,38245,38140,38215,22199
1714570200,38215,38235,38035,38130,48587
1714573800,38135,38150,37985,38065,32564
1714577400,38065,38120,37980,38055,20868
1714581000,38050,38050,37940,37970,21640
1714584600,37970,38190,37955,38185,33331
1714588200,38190,38500,38040,38405,97620
1714591800,38405,38405,37815,37835,82384
1714595400,37835,37855,37750,37840,15512
1714606200,38000,38140,37950,38090,108096
1714609800,38090,38220,38055,38185,90711
1714613400,38190,38310,38115,38310,68770
1714617000,38305,38335,38280,38330,24173
1714620600,38325,38365,38225,38255,59572
1714624200,38255,38315,38220,38270,43947
1714627800,38275,38285,38185,38195,59785
1714635000,38180,38245,38170,38170,28775
1714638600,38175,38190,38095,38150,22636
1714642200,38145,38215,38140,38215,17074
1714645800,38220,38275,38195,38220,17108
1714649400,38220,38235,38165,38190,18993
1714653000,38190,38235,38095,38145,29907
1714656600,38145,38170,37770,37945,98416
1714660200,37945,37995,37840,37860,53751
1714663800,37865,37935,37790,37835,32652
1714667400,37835,37865,37785,37860,21536
1714671000,37860,37870,37735,37825,20998
1714674600,37825,37915,37815,37875,15792
1714678200,37875,37895,37810,37870,13664
1714681800,37870,37990,37865,37930,8515
1714692600,37995,38010,37815,37940,38764
1714696200,37940,38010,37900,37955,29698
1714699800,37955,37965,37885,37950,19929
1714703400,37950,37990,37920,37965,12351
1714707000,37960,37985,37895,37895,13888
1714710600,37900,37900,37805,37810,21867
1714714200,37805,37870,37800,37865,14089
1714721400,37870,37970,37860,37940,16929
1714725000,37940,37945,37875,37875,8507
1714728600,37875,37960,37870,37925,9107
1714732200,37925,37940,37900,37930,8228
1714735800,37930,37975,37885,37930,16184
1714739400,37930,38140,37930,38135,65618
1714743000,38130,38190,37990,38070,76889
1714746600,38070,38145,38025,38130,42816
1714750200,38135,38285,38120,38250,26003
1714753800,38250,38310,38245,38290,13831
1714757400,38295,38360,38270,38350,11582
1714761000,38350,38380,38320,38350,10150
1714764600,38350,38385,38330,38360,9018
1714768200,38360,38395,38340,38395,5096
1714951800,38495,38585,38460,38515,36826
1714955400,38515,38605,38470,38595,32785
1714959000,38595,38640,38570,38595,24232
1714962600,38595,38600,38550,38595,9262
1714966200,38600,38620,38590,38605,9164
1714969800,38605,38625,38580,38595,9188
1714973400,38590,38630,38580,38580,13121
1714980600,38620,38620,38545,38565,14817
1714984200,38565,38590,38535,38590,9077
1714987800,38585,38665,38580,38650,12839
1714991400,38655,38665,38630,38645,8218
1714995000,38650,38700,38645,38690,8985
1714998600,38695,38700,38615,38660,11734
1715002200,38660,38800,38630,38790,32262
1715005800,38790,38855,38760,38790,20517
1715009400,38790,38845,38760,38815,10421
1715013000,38815,38900,38795,38820,14133
1715016600,38815,38875,38805,38870,5389
1715020200,38875,38890,38810,38815,6213
1715023800,38810,38890,38795,38875,5614
1715027400,38875,38905,38865,38905,3179
1715038200,38910,38950,38730,38735,95655
1715041800,38740,38805,38540,38570,111625
1715045400,38565,38710,38545,38670,71183
1715049000,38675,38740,38670,38680,29810
1715052600,38680,38805,38675,38750,57943
1715056200,38750,38830,38680,38745,55207
1715059800,38745,38880,38710,38880,65888
1715067000,38865,38865,38750,38830,29109
1715070600,38830,38910,38830,38870,20014
1715074200,38870,38900,38855,38870,9956
1715077800,38870,38885,38720,38745,24798
1715081400,38740,38765,38690,38725,26174
1715085000,38730,38765,38690,38720,21689
1715088600,38720,38785,38620,38680,44063
1715092200,38675,38780,38650,38765,24606
1715095800,38765,38815,38750,38770,15968
1715099400,38770,38815,38720,38815,11576
1715103000,38810,38835,38685,38705,16263
1715106600,38700,38725,38670,38715,8185
1715110200,38720,38740,38695,38715,7815
1715113800,38720,38725,38700,38700,2836
1715124600,38720,38770,38450,38465,112300
1715128200,38465,38495,38395,38485,90129
1715131800,38485,38520,38280,38305,85632
1715135400,38305,38310,38215,38275,47090
1715139000,38275,38345,38240,38255,53987
1715142600,38260,38280,38160,38260,85976
1715146200,38265,38310,38195,38220,65242
1715153400,38280,38330,38260,38320,18590
1715157000,38325,38335,38250,38320,18780
1715160600,38325,38335,38280,38295,11858
1715164200,38295,38305,38210,38240,16652
1715167800,38245,38270,38190,38200,19898
1715171400,38200,38235,38155,38215,21342
1715175000,38215,38355,38210,38345,33138
1715178600,38345,38375,38305,38335,21356
1715182200,38335,38370,38310,38320,10269
1715185800,38320,38370,38290,38330,12643
1715189400,38325,38400,38325,38400,8138
1715193000,38400,38435,38355,38420,9378
1715196600,38420,38435,38380,38390,9240
1715200200,38395,38400,38380,38380,4149
1715211000,38360,38365,38110,38270,106344
1715214600,38275,38385,38230,38265,89397
1715218200,38260,38410,38260,38395,63361
1715221800,38400,38465,38390,38435,27847
1715225400,38440,38445,38325,38335,48573
1715229000,38335,38350,38175,38180,51209
1715232600,38180,38195,38020,38040,69490
1715239800,38050,38110,38050,38110,23154
1715243400,38110,38110,37975,37985,21829
1715247000,37985,38070,37980,38065,15217
1715250600,38065,38085,38025,38035,11917
1715254200,38030,38090,38020,38070,12297
1715257800,38060,38155,38060,38145,26159
1715261400,38140,38285,38115,38255,43748
1715265000,38255,38335,38255,38305,23610
1715268600,38310,38325,38260,38310,16447
1715272200,38310,38440,38290,38415,26063
1715275800,38415,38420,38350,38390,8075
1715279400,38390,38430,38380,38410,5142
1715283000,38405,38450,38380,38445,7250
1715286600,38450,38450,38430,38435,4924
1715297400,38450,38725,38425,38660,126972
1715301000,38660,38770,38375,38395,114997
1715304600,38395,38420,38275,38320,105350
1715308200,38320,38320,38130,38275,49302
1715311800,38275,38300,38130,38145,55897
1715315400,38145,38240,38135,38155,43619
1715319000,38155,38270,38145,38240,54244
1715326200,38315,38340,38270,38325,24353
1715329800,38330,38440,38315,38410,21162
1715333400,38410,38430,38390,38400,12663
1715337000,38405,38425,38355,38360,13421
1715340600,38360,38405,38330,38400,15941
1715344200,38405,38405,38320,38340,14872
1715347800,38335,38370,38160,38175,46789
1715351400,38180,38270,38140,38265,31517
1715355000,38270,38275,38175,38195,18779
1715358600,38200,38215,38110,38150,13572
1715362200,38150,38205,38140,38185,7621
1715365800,38185,38190,38150,38170,5397
1715369400,38175,38225,38170,38195,9305
1715373000,38195,38225,38190,38210,2805
1715556600,38245,38250,38050,38115,98425
1715560200,38110,38210,37965,38015,106172
1715563800,38010,38285,37990,38255,82295
1715567400,38260,38275,38190,38260,26160
1715571000,38260,38265,38060,38065,56648
1715574600,38065,38160,38060,38140,40963
1715578200,38135,38195,38120,38120,43586
1715585400,38100,38130,38065,38115,20113
1715589000,38115,38120,38060,38110,11653
1715592600,38110,38115,38050,38075,9619
1715596200,38075,38125,38060,38105,8277
1715599800,38105,38140,38070,38085,10039
1715603400,38085,38115,38065,38100,9409
1715607000,38095,38230,38010,38210,43766
1715610600,38210,38210,38100,38145,26608
1715614200,38150,38235,38130,38205,12839
1715617800,38205,38220,38105,38165,11018
1715621400,38170,38180,38140,38175,4252
1715625000,38175,38215,38170,38190,4652
1715628600,38190,38195,38145,38170,6991
1715632200,38170,38195,38150,38195,3090
1715643000,38280,38495,38235,38460,106803
1715646600,38460,38470,38175,38185,102779
1715650200,38190,38260,38140,38195,64157
1715653800,38200,38215,38100,38115,19812
1715657400,38115,38290,38080,38280,55437
1715661000,38280,38295,38215,38235,38706
1715664600,38240,38340,38200,38305,54304
1715671800,38270,38310,38260,38290,14856
1715675400,38285,38305,38245,38245,7155
1715679000,38245,38290,38235,38250,10124
1715682600,38250,38285,38240,38275,7661
1715686200,38275,38330,38260,38320,10061
1715689800,38325,38435,38180,38415,58887
1715693400,38420,38465,38335,38455,42559
1715697000,38460,38460,38325,38375,30298
1715700600,38375,38470,38350,38435,16949
1715704200,38440,38460,38410,38455,6467
1715707800,38460,38550,38455,38535,10258
1715711400,38535,38595,38525,38575,8681
1715715000,38575,38610,38565,38570,5633
1715718600,38570,38600,38555,38600,2449
1715729400,38650,38835,38600,38740,103804
1715733000,38740,38775,38465,38555,109237
1715736600,38560,38605,38455,38490,70205
1715740200,38490,38635,38475,38595,29151
1715743800,38595,38635,38400,38420,65149
1715747400,38415,38450,38360,38380,44044
1715751000,38375,38415,38340,38380,51215
1715758200,38355,38370,38315,38335,18886
1715761800,38340,38350,38290,38320,17118
1715765400,38320,38360,38315,38340,9537
1715769000,38340,38355,38300,38330,10589
1715772600,38330,38350,38275,38315,15611
1715776200,38320,38540,38310,38465,86324
1715779800,38465,38510,38395,38435,40885
1715783400,38435,38575,38430,38550,31621
1715787000,38550,38575,38525,38565,14181
1715790600,38570,38625,38550,38625,10836
1715794200,38620,38680,38590,38665,10907
1715797800,38665,38675,38630,38665,5631
1715801400,38660,38730,38655,38685,9952
1715805000,38685,38715,38680,38715,3128
1715815800,38755,38900,38570,38590,158729
1715819400,38595,38765,38520,38740,119074
1715823000,38740,38765,38585,38665,78210
1715826600,38665,38690,38615,38680,25571
1715830200,38675,38765,38670,38760,54831
1715833800,38760,38820,38725,38810,70396
1715837400,38815,38965,38800,38890,96916
1715844600,38870,38885,38810,38880,27588
1715848200,38880,38885,38825,38865,14439
1715851800,38865,38865,38820,38855,14188
1715855400,38855,38915,38840,38905,13452
1715859000,38900,38945,38890,38910,15568
1715862600,38910,38975,38895,38940,26043
1715866200,38935,38960,38825,38850,38584
1715869800,38850,38875,38725,38770,30485
1715873400,38770,38780,38680,38740,17508
1715877000,38740,38750,38645,38665,14149
1715880600,38665,38695,38575,38590,16270
1715884200,38595,38640,38575,38630,9622
1715887800,38630,38630,38535,38535,13281
1715891400,38540,38560,38530,38530,3097
1715902200,38630,38690,38570,38615,99221
1715905800,38615,38755,38535,38735,98606
1715909400,38740,38810,38690,38780,62064
1715913000,38785,38800,38705,38750,23387
1715916600,38755,38855,38720,38775,52087
1715920200,38775,38810,38690,38700,35703
1715923800,38700,38785,38680,38740,52281
1715931000,38750,38760,38690,38690,17657
1715934600,38690,38740,38680,38740,12038
1715938200,38745,38770,38720,38770,10902
1715941800,38770,38815,38765,38805,12580
1715945400,38805,38810,38770,38800,11241
1715949000,38795,38815,38765,38775,13033
1715952600,38780,38800,38660,38745,38156
1715956200,38745,38855,38610,38670,59301
1715959800,38670,38755,38640,38740,22483
1715963400,38735,38760,38710,38715,13578
1715967000,38715,38735,38645,38675,12103
1715970600,38675,38760,38665,38745,7987
1715974200,38745,38760,38705,38720,5565
1715977800,38715,38720,38675,38675,3694
1716161400,38785,39080,38700,39065,145246
1716165000,39060,39420,39030,39370,163394
1716168600,39370,39455,39250,39340,87066
1716172200,39345,39360,39225,39235,33484
1716175800,39235,39260,39130,39230,76137
1716179400,39225,39240,39020,39045,70860
1716183000,39045,39100,39020,39070,48219
1716190200,39100,39140,39065,39130,19580
1716193800,39135,39135,39080,39085,10962
1716197400,39085,39105,39070,39075,8179
1716201000,39080,39120,39070,39115,8575
1716204600,39115,39165,39105,39140,13924
1716208200,39140,39140,39070,39080,16248
1716211800,39080,39270,39050,39250,44346
1716215400,39255,39280,39170,39265,28174
1716219000,39265,39295,39240,39275,15536
1716222600,39270,39365,39265,39280,17596
1716226200,39280,39325,39180,39270,15832
1716229800,39270,39300,39255,39280,7378
1716233400,39275,39305,39250,39285,6241
1716237000,39285,39290,39225,39225,3443
1716247800,39275,39365,39230,39270,98996
1716251400,39270,39350,39145,39210,84847
1716255000,39210,39225,39095,39145,59520
1716258600,39145,39200,39105,39180,21063
1716262200,39180,39210,39045,39050,48257
1716265800,39050,39075,39005,39030,35876
1716269400,39035,39050,38900,38940,58428
1716276600,38985,39010,38960,38970,21608
1716280200,38970,38995,38950,38960,12701
1716283800,38955,38960,38910,38955,15853
1716287400,38950,38990,38950,38975,9243
1716291000,38980,39000,38950,38955,11018
1716294600,38955,38960,38810,38925,32893
1716298200,38925,38935,38810,38920,35659
1716301800,38915,38975,38890,38895,24181
1716305400,38900,38900,38810,38835,16823
1716309000,38835,38845,38755,38845,12547
1716312600,38845,38865,38830,38830,8917
1716316200,38830,38875,38810,38830,10768
1716319800,38835,38880,38830,38855,7543
1716323400,38860,38880,38850,38875,3021
1716334200,38900,38930,38680,38795,112909
1716337800,38795,38820,38645,38670,108616
1716341400,38670,38775,38630,38720,72004
1716345000,38720,38780,38705,38720,23992
1716348600,38720,38785,38670,38710,43773
1716352200,38710,38710,38595,38635,58178
1716355800,38635,38680,38590,38620,54180
1716363000,38610,38615,38540,38570,23411
1716366600,38570,38570,38515,38515,12233
1716370200,38520,38530,38460,38475,18608
1716373800,38475,38565,38460,38550,15994
1716377400,38545,38565,38520,38545,13450
1716381000,38545,38605,38540,38585,13763
1716384600,38585,38640,38540,38555,33086
1716388200,38555,38695,38540,38645,25382
1716391800,38645,38710,38575,38705,15121
1716395400,38705,38710,38665,38685,8432
1716399000,38685,38685,38505,38505,19516
1716402600,38505,38580,38465,38560,17023
1716406200,38560,38795,38545,38695,26008
1716409800,38695,38795,38665,38765,9657
1716420600,38850,38970,38625,38835,144533
1716424200,38835,38940,38760,38855,102906
1716427800,38855,38935,38820,38930,56541
1716431400,38925,39075,38900,39045,59184
1716435000,39040,39150,38990,39090,88216
1716438600,39085,39140,39060,39080,45005
1716442200,39080,39140,39025,39100,65554
1716449400,39090,39130,39070,39095,20103
1716453000,39100,39110,39005,39035,21934
1716456600,39035,39060,39020,39060,10536
1716460200,39055,39110,39055,39080,12477
1716463800,39080,39140,39075,39135,15536
1716467400,39135,39190,39095,39105,25325
1716471000,39110,39110,38805,38860,90105
1716474600,38860,38880,38675,38835,54094
1716478200,38835,38925,38830,38915,21075
1716481800,38915,38920,38750,38790,20019
1716485400,38790,38790,38485,38505,37290
1716489000,38505,38530,38435,38515,25516
1716492600,38515,38575,38500,38545,14284
1716496200,38550,38555,38530,38555,3076
1716507000,38455,38530,38360,38520,119044
1716510600,38525,38725,38480,38625,111249
1716514200,38630,38670,38590,38660,63661
1716517800,38655,38705,38645,38665,26836
1716521400,38665,38720,38625,38715,46891
1716525000,38710,38750,38675,38680,42625
1716528600,38680,38685,38565,38600,66123
1716535800,38590,38645,38565,38630,20306
1716539400,38630,38685,38625,38660,13525
1716543000,38660,38695,38645,38665,9041
1716546600,38665,38700,38665,38695,10643
1716550200,38695,38700,38620,38635,19402
1716553800,38630,38735,38625,38730,22114
1716557400,38725,38795,38650,38775,39917
1716561000,38775,38880,38720,38795,35656
1716564600,38795,38855,38725,38830,30261
1716568200,38835,38865,38780,38795,16248
1716571800,38790,38850,38750,38805,10961
1716575400,38805,38820,38730,38770,13065
1716579000,38770,38810,38765,38780,8346
1716582600,38780,38800,38775,38800,3828
1716766200,38760,38810,38695,38720,77174
1716769800,38720,38780,38670,38710,61447
1716773400,38715,38775,38700,38760,36712
1716777000,38760,38760,38670,38725,21071
1716780600,38720,38785,38695,38735,39565
1716784200,38730,38845,38730,38830,43498
1716787800,38825,38925,38800,38925,46945
1716795000,38900,38905,38860,38870,14489
1716798600,38870,38905,38870,38870,8084
1716802200,38870,38890,38865,38885,8245
1716805800,38885,38905,38885,38905,6144
1716809400,38900,38910,38880,38900,8123
1716813000,38895,38915,38845,38915,16466
1716816600,38915,38970,38880,38910,21909
1716820200,38910,38960,38910,38945,7416
1716823800,38945,38985,38945,38965,5441
1716827400,38970,38975,38935,38940,3233
1716831000,38935,38970,38935,38950,3008
1716834600,38950,38960,38950,38955,670
1716838200,38955,38960,38955,38955,761
1716841800,38955,38990,38955,38990,2172
1716852600,38950,39000,38810,38820,95235
1716856200,38815,38890,38790,38815,69996
1716859800,38810,38840,38755,38795,58260
1716863400,38790,38845,38755,38775,23878
1716867000,38775,38875,38770,38855,37801
1716870600,38860,38875,38790,38870,31801
1716874200,38870,38890,38815,38850,39051
1716881400,38870,38935,38870,38920,21573
1716885000,38925,38950,38915,38940,12247
1716888600,38935,38955,38845,38850,13278
1716892200,38850,38905,38845,38890,14144
1716895800,38890,38905,38860,38880,10991
1716899400,38875,38895,38840,38885,14979
1716903000,38885,38905,38765,38815,44140
1716906600,38815,38930,38770,38920,26443
1716910200,38920,38985,38905,38940,18074
1716913800,38940,38985,38910,38945,13873
1716917400,38940,38980,38905,38915,22010
1716921000,38910,38935,38815,38885,15918
1716924600,38885,38995,38870,38960,12326
1716928200,38960,38975,38950,38955,3234
1716939000,38920,39145,38860,39145,102653
1716942600,39140,39160,38770,38775,138019
1716946200,38775,38820,38675,38795,71769
1716949800,38790,38795,38725,38740,18909
1716953400,38740,38770,38660,38705,43134
1716957000,38705,38710,38605,38615,40836
1716960600,38610,38625,38480,38490,83169
1716967800,38545,38555,38460,38500,37145
1716971400,38500,38510,38445,38455,16826
1716975000,38455,38515,38425,38490,13848
1716978600,38495,38500,38410,38425,14640
1716982200,38425,38500,38425,38460,21307
1716985800,38460,38465,38335,38345,29048
1716989400,38350,38405,38275,38315,45270
1716993000,38320,38340,38220,38290,32634
1716996600,38285,38400,38280,38390,17876
1717000200,38385,38420,38335,38380,14154
1717003800,38380,38395,38325,38335,8673
1717007400,38330,38405,38325,38380,8463
1717011000,38380,38390,38230,38245,13856
1717014600,38245,38260,38165,38165,6135
1717025400,38045,38090,37720,37860,164550
1717029000,37855,37855,37610,37785,132355
1717032600,37780,37985,37755,37970,101983
1717036200,37970,38015,37905,38000,40548
1717039800,38000,38110,37995,38070,62161
1717043400,38075,38095,37950,37990,63021
1717047000,37990,38035,37890,38000,82553
1717054200,37945,38110,37945,38100,36628
1717057800,38100,38155,38085,38095,20106
1717061400,38090,38110,38050,38095,13559
1717065000,38095,38160,38085,38150,14414
1717068600,38150,38150,38095,38120,11982
1717072200,38120,38215,38110,38185,27582
1717075800,38185,38295,38165,38200,50436
1717079400,38200,38220,38120,38220,39170
1717083000,38215,38245,38160,38220,17745
1717086600,38220,38330,38220,38310,11652
1717090200,38315,38340,38235,38290,8772
1717093800,38285,38310,38180,38215,9033
1717097400,38220,38240,38075,38150,22268
1717101000,38150,38155,38100,38100,4726
1717111800,38055,38255,38050,38205,118308
1717115400,38210,38340,38145,38150,100639
1717119000,38150,38240,38105,38115,71407
1717122600,38115,38235,38080,38230,36295
1717126200,38235,38420,38230,38415,84220
1717129800,38415,38485,38350,38435,65834
1717133400,38435,38540,38430,38490,87114
1717140600,38430,38470,38390,38460,30630
1717144200,38460,38485,38395,38445,17853
1717147800,38445,38470,38405,38420,14902
1717151400,38425,38470,38400,38445,14181
1717155000,38440,38530,38435,38525,14593
1717158600,38525,38690,38520,38585,53487
1717162200,38590,38630,38295,38350,77758
1717165800,38345,38435,38270,38360,59058
1717169400,38360,38385,38295,38315,38549
1717173000,38320,38430,38310,38410,26726
1717176600,38415,38435,38370,38380,14813
1717180200,38385,38515,38360,38465,13897
1717183800,38460,38710,38455,38695,25931
1717187400,38700,38755,38685,38730,8759
1717371000,38770,38990,38730,38980,124073
1717374600,38975,39045,38895,38925,95736
1717378200,38930,38940,38840,38870,63751
1717381800,38865,38940,38795,38875,32901
1717385400,38870,38980,38825,38935,48255
1717389000,38935,39005,38905,38965,45868
1717392600,38965,39000,38920,38940,49299
1717399800,38880,38885,38740,38820,37619
1717403400,38820,38850,38775,38790,17809
1717407000,38790,38800,38740,38770,14198
1717410600,38765,38790,38750,38755,11940
1717414200,38755,38860,38755,38835,14323
1717417800,38830,38865,38800,38860,12960
1717421400,38860,38905,38690,38755,60598
1717425000,38760,38760,38565,38645,50328
1717428600,38640,38675,38510,38550,33251
1717432200,38550,38565,38430,38535,29450
1717435800,38535,38600,38515,38560,14427
1717439400,38560,38675,38550,38655,11221
1717443000,38660,38725,38605,38720,13797
1717446600,38720,38720,38690,38705,2991
1717457400,38685,38840,38620,38715,104434
1717461000,38720,38805,38585,38615,88406
1717464600,38620,38765,38585,38740,57590
1717468200,38740,38765,38700,38710,16804
1717471800,38710,38890,38710,38830,49649
1717475400,38830,38885,38790,38805,35610
1717479000,38810,38830,38745,38750,47098
1717486200,38650,38710,38590,38600,43941
1717489800,38600,38620,38430,38465,47423
1717493400,38465,38480,38335,38340,33983
1717497000,38340,38465,38330,38450,26765
1717500600,38445,38485,38385,38445,23666
1717504200,38445,38525,38435,38525,23385
1717507800,38530,38540,38420,38525,53017
1717511400,38525,38565,38345,38370,55112
1717515000,38370,38390,38290,38375,24730
1717518600,38375,38415,38300,38415,13716
1717522200,38415,38525,38335,38525,16934
1717525800,38525,38535,38365,38430,16207
1717529400,38425,38465,38360,38445,9274
1717533000,38445,38460,38435,38440,2678
1717543800,38460,38600,38345,38410,118346
1717547400,38405,38480,38345,38400,80610
1717551000,38400,38560,38340,38515,75770
1717554600,38515,38545,38450,38485,21157
1717558200,38485,38495,38380,38415,39611
1717561800,38410,38460,38365,38390,41348
1717565400,38390,38520,38360,38520,68837
1717572600,38490,38525,38470,38485,23298
1717576200,38480,38525,38480,38505,11667
1717579800,38510,38555,38490,38525,12419
1717583400,38525,38540,38450,38495,11900
1717587000,38495,38575,38495,38565,18617
1717590600,38565,38705,38535,38665,30004
1717594200,38660,38750,38605,38730,52976
1717597800,38735,38855,38710,38815,35144
1717601400,38815,38855,38790,38835,17422
1717605000,38835,38870,38830,38850,10909
1717608600,38850,38900,38835,38900,9255
1717612200,38895,38945,38890,38930,13897
1717615800,38925,38975,38905,38970,12842
1717619400,38965,38985,38960,38970,6254
1717630200,38985,39075,38860,38935,109628
1717633800,38935,39015,38865,38870,84720
1717637400,38875,38995,38830,38845,72330
1717641000,38845,38855,38750,38815,37046
1717644600,38810,38860,38700,38730,58989
1717648200,38730,38815,38715,38755,42446
1717651800,38760,38785,38715,38760,49155
1717659000,38795,38855,38775,38845,19180
1717662600,38850,38850,38745,38755,13058
1717666200,38755,38765,38705,38760,13230
1717669800,38760,38805,38745,38795,9120
1717673400,38795,38830,38765,38770,13991
1717677000,38775,38825,38725,38805,18821
1717680600,38800,38800,38680,38725,43124
1717684200,38730,38740,38625,38710,23996
1717687800,38705,38730,38620,38630,13329
1717691400,38635,38680,38540,38670,18324
1717695000,38670,38690,38550,38605,13001
1717698600,38605,38645,38585,38620,9426
1717702200,38620,38645,38560,38635,7191
1717705800,38635,38670,38630,38655,2470
1717716600,38630,38755,38580,38745,78850
1717720200,38740,38750,38620,38715,59259
1717723800,38715,38720,38560,38680,58336
1717727400,38680,38725,38655,38680,20864
1717731000,38685,38690,38620,38640,35657
1717734600,38640,38640,38590,38605,28523
1717738200,38610,38685,38590,38655,39830
1717745400,38630,38665,38605,38640,19195
1717749000,38640,38645,38585,38615,16006
1717752600,38615,38650,38605,38625,9729
1717756200,38625,38630,38580,38600,10169
1717759800,38600,38720,38600,38700,21204
1717763400,38705,38760,38545,38730,78480
1717767000,38730,38860,38680,38850,57447
1717770600,38850,38910,38710,38735,48193
1717774200,38740,38785,38720,38780,20591
1717777800,38780,38795,38705,38765,21469
1717781400,38765,38780,38590,38650,23407
1717785000,38650,38685,38585,38650,17884
1717788600,38650,38680,38615,38630,9886
1717792200,38630,38655,38620,38655,2788
1717975800,38660,38860,38635,38765,92916
1717979400,38765,38905,38760,38895,79267
1717983000,38895,38915,38840,38865,42171
1717986600,38865,38995,38860,38980,35932
1717990200,38980,39045,38870,38910,67179
1717993800,38910,39090,38890,39025,51923
1717997400,39025,39075,38995,39000,44806
1718004600,38900,38930,38865,38875,30174
1718008200,38870,38910,38810,38825,23411
1718011800,38825,38875,38820,38870,16928
1718015400,38870,38915,38860,38915,12799
1718019000,38915,38950,38905,38950,13329
1718022600,38950,38970,38825,38855,26899
1718026200,38860,39020,38840,39015,38833
1718029800,39015,39150,38995,39145,40596
1718033400,39150,39190,39135,39165,18662
1718037000,39165,39185,39100,39100,12655
1718040600,39105,39180,39090,39125,13164
1718044200,39125,39240,39110,39215,14231
1718047800,39220,39220,39165,39190,7267
1718051400,39190,39220,39185,39205,3175
1718062200,39180,39335,39130,39310,102948
1718065800,39310,39340,39150,39175,77344
1718069400,39170,39205,39120,39160,59787
1718073000,39160,39205,39135,39145,21805
1718076600,39150,39230,39100,39195,47355
1718080200,39195,39200,39140,39160,33846
1718083800,39155,39185,39080,39185,45067
1718091000,39175,39225,39165,39215,21758
1718094600,39215,39220,39110,39130,21672
1718098200,39130,39145,39050,39085,28999
1718101800,39080,39105,39005,39025,19116
1718105400,39025,39060,38985,39020,16100
1718109000,39020,39040,38950,39010,18835
1718112600,39010,39010,38850,38935,38092
1718116200,38935,39015,38910,38945,20011
1718119800,38940,38965,38865,38915,11897
1718123400,38910,38975,38895,38905,8239
1718127000,38905,39025,38900,39020,8731
1718130600,39025,39045,38880,38885,9432
1718134200,38880,38960,38800,38945,12472
1718137800,38940,38950,38925,38930,2429
1718148600,38895,38940,38840,38845,69223
1718152200,38845,38935,38810,38820,68837
1718155800,38820,38865,38800,38825,42900
1718159400,38820,38860,38800,38860,19229
1718163000,38865,38920,38860,38905,32671
1718166600,38910,38935,38880,38920,19485
1718170200,38920,38960,38870,38960,36684
1718177400,38970,38995,38950,38955,13502
1718181000,38955,38980,38945,38960,6218
1718184600,38955,39000,38935,38980,6947
1718188200,38980,39005,38970,38990,4376
1718191800,38990,38990,38955,38970,7536
1718195400,38975,39175,38965,39130,43079
1718199000,39130,39265,39115,39255,25684
1718202600,39255,39270,39160,39225,15825
1718206200,39225,39225,39180,39200,6338
1718209800,39200,39270,39200,39225,11641
1718213400,39225,39260,39135,39230,19309
1718217000,39230,39290,39145,39155,23293
1718220600,39155,39215,39095,39170,15839
1718224200,39165,39195,39165,39195,4411
1718238600,39080,39095,38870,38900,35252
1718242200,38905,38955,38900,38945,5430
1718245800,38825,38830,38725,38795,9185
1718249400,38795,38860,38750,38780,15563
1718253000,38780,38855,38780,38810,9085
1718256600,38810,38815,38695,38715,15707
1718263800,38810,38845,38780,38800,22645
1718267400,38800,38825,38755,38760,15289
1718271000,38755,38760,38670,38720,21863
1718274600,38720,38760,38690,38735,11817
1718278200,38740,38785,38720,38770,11902
1718281800,38765,38815,38725,38765,30279
1718285400,38765,38765,38495,38540,61811
1718289000,38540,38555,38450,38490,35172
1718292600,38490,38525,38375,38390,22095
1718296200,38390,38545,38390,38525,13698
1718299800,38525,38570,38510,38560,6856
1718303400,38555,38610,38540,38590,7311
1718307000,38590,38610,38550,38585,6877
1718310600,38585,38620,38585,38585,3239
1718321400,38600,38710,38510,38620,114840
1718325000,38625,38630,38535,38615,67976
1718328600,38610,38720,38610,38700,50124
1718332200,38695,38925,38695,38860,50725
1718335800,38860,39020,38830,38875,111771
1718339400,38875,38875,38800,38850,55163
1718343000,38845,38885,38815,38840,45428
1718350200,38765,38790,38530,38615,56174
1718353800,38610,38640,38510,38520,27472
1718357400,38515,38520,38290,38350,76058
1718361000,38350,38450,38305,38445,35664
1718364600,38450,38515,38330,38395,45647
1718368200,38395,38440,38365,38390,21294
1718371800,38390,38465,38275,38380,51465
1718375400,38385,38505,38325,38465,36595
1718379000,38470,38490,38340,38370,28624
1718382600,38370,38460,38355,38430,10218
1718386200,38430,38445,38375,38400,8983
1718389800,38400,38450,38390,38445,9707
1718393400,38445,38500,38425,38460,11601
1718397000,38455,38470,38435,38465,5138
1718580600,38415,38440,38050,38090,138395
1718584200,38085,38115,37930,37935,99250
1718587800,37935,38115,37930,38095,67482
1718591400,38090,38105,38035,38045,23904
1718595000,38045,38085,37935,37980,54612
1718598600,37980,38065,37920,38045,55953
1718602200,38045,38095,37950,38000,71066
1718609400,38100,38190,38090,38165,37834
1718613000,38165,38165,38070,38145,25930
1718616600,38145,38165,38075,38110,17490
1718620200,38110,38170,38105,38165,10502
1718623800,38165,38205,38150,38160,16797
1718627400,38155,38180,38120,38160,16334
1718631000,38160,38190,38100,38165,32177
1718634600,38170,38240,38165,38225,24162
1718638200,38225,38280,38185,38280,21519
1718641800,38280,38355,38270,38350,17106
1718645400,38350,38440,38345,38405,15445
1718649000,38405,38455,38390,38455,9829
1718652600,38450,38455,38380,38400,7666
1718656200,38405,38440,38395,38440,4196
1718667000,38420,38475,38360,38440,84707
1718670600,38435,38455,38300,38425,76235
1718674200,38420,38490,38355,38475,57062
1718677800,38475,38480,38400,38405,24300
1718681400,38405,38430,38360,38400,43349
1718685000,38400,38410,38350,38365,32452
1718688600,38365,38465,38355,38400,61030
1718695800,38430,38455,38360,38375,26559
1718699400,38375,38455,38365,38435,15963
1718703000,38435,38445,38400,38440,10971
1718706600,38440,38460,38405,38410,12825
1718710200,38405,38450,38385,38440,12430
1718713800,38435,38480,38330,38380,33777
1718717400,38385,38570,38350,38550,61762
1718721000,38545,38590,38480,38510,30305
1718724600,38505,38580,38480,38530,13883
1718728200,38530,38565,38515,38550,13086
1718731800,38555,38590,38505,38560,8167
1718735400,38560,38570,38515,38545,4544
1718739000,38545,38615,38540,38595,10090
1718742600,38600,38600,38575,38575,2367
1718753400,38620,38780,38610,38730,93606
1718757000,38725,38745,38625,38655,59195
1718760600,38655,38730,38640,38675,40454
1718764200,38675,38675,38570,38590,22449
1718767800,38595,38600,38520,38530,43144
1718771400,38530,38540,38420,38480,59275
1718775000,38480,38520,38440,38490,45824
1718782200,38470,38490,38430,38430,20064
1718785800,38430,38445,38395,38405,18860
1718789400,38410,38430,38395,38405,12683
1718793000,38405,38455,38405,38445,10985
1718796600,38445,38455,38420,38430,12243
1718800200,38430,38475,38420,38445,9202
1718803800,38450,38450,38320,38340,23013
1718807400,38340,38370,38315,38330,9719
1718811000,38330,38350,38310,38315,5680
1718814600,38315,38345,38295,38335,4105
1718818200,38335,38340,38330,38335,774
1718821800,38335,38350,38335,38345,1126
1718825400,38345,38370,38340,38370,1671
1718829000,38370,38400,38340,38340,2900
1718839800,38320,38460,38315,38355,65347
1718843400,38360,38360,38230,38250,75693
1718847000,38245,38305,38230,38295,47456
1718850600,38290,38350,38270,38340,22258
1718854200,38340,38510,38340,38495,63971
1718857800,38500,38605,38475,38545,64641
1718861400,38545,38610,38540,38605,47996
1718868600,38610,38660,38595,38600,31580
1718872200,38600,38655,38585,38650,16234
1718875800,38645,38675,38625,38665,10350
1718879400,38665,38670,38630,38645,10075
1718883000,38645,38650,38570,38615,14418
1718886600,38615,38620,38545,38585,19481
1718890200,38585,38715,38545,38590,50944
1718893800,38595,38660,38555,38605,26176
1718897400,38605,38655,38490,38490,22956
1718901000,38490,38545,38415,38440,27432
1718904600,38440,38595,38400,38575,19672
1718908200,38575,38580,38450,38515,13474
1718911800,38510,38575,38500,38555,10506
1718915400,38560,38595,38560,38590,3182
1718926200,38580,38735,38560,38725,95073
1718929800,38725,38770,38550,38675,95895
1718933400,38670,38750,38585,38590,64310
1718937000,38590,38605,38555,38565,20433
1718940600,38565,38620,38505,38605,45994
1718944200,38610,38625,38575,38595,25733
1718947800,38595,38610,38550,38600,46194
1718955000,38540,38550,38450,38465,35661
1718958600,38460,38480,38420,38480,22519
1718962200,38480,38500,38440,38450,16234
1718965800,38445,38530,38425,38510,16679
1718969400,38505,38505,38420,38440,15674
1718973000,38440,38480,38420,38425,14615
1718976600,38425,38490,38350,38475,52872
1718980200,38475,38590,38440,38515,35721
1718983800,38515,38600,38475,38570,20725
1718987400,38570,38585,38500,38530,11585
1718991000,38525,38555,38470,38530,9137
1718994600,38525,38540,38490,38505,5895
1718998200,38505,38515,38455,38480,10481
1719001800,38475,38495,38470,38495,3364
1719185400,38460,38615,38375,38610,102032
1719189000,38605,38725,38460,38610,134949
1719192600,38615,38755,38550,38660,86015
1719196200,38660,38715,38660,38710,21824
1719199800,38715,38835,38675,38825,72483
1719203400,38825,38880,38820,38835,60106
1719207000,38830,38870,38740,38740,56165
1719214200,38750,38810,38700,38800,30048
1719217800,38795,38805,38765,38785,12974
1719221400,38780,38785,38705,38765,22011
1719225000,38765,38835,38750,38815,17466
1719228600,38815,38855,38790,38845,13300
1719232200,38845,38855,38790,38820,14313
1719235800,38815,38965,38795,38880,61891
1719239400,38875,38950,38850,38935,29772
1719243000,38935,38935,38890,38910,9978
1719246600,38910,38920,38775,38785,16139
1719250200,38785,38790,38720,38730,18754
1719253800,38725,38825,38710,38780,10488
1719257400,38780,38785,38665,38690,12668
1719261000,38690,38720,38680,38705,4147
1719271800,38770,38910,38735,38845,100676
1719275400,38845,38915,38720,38885,87643
1719279000,38890,39010,38860,38985,86022
1719282600,38980,39100,38975,39090,41944
1719286200,39085,39095,39000,39005,60187
1719289800,39010,39125,39000,39125,53985
1719293400,39125,39200,39120,39155,76772
1719300600,39130,39130,39060,39115,29638
1719304200,39110,39165,39100,39160,16094
1719307800,39155,39175,39115,39145,10541
1719311400,39145,39180,39120,39150,12500
1719315000,39150,39150,39100,39125,11718
1719318600,39120,39140,39100,39115,11956
1719322200,39115,39130,39025,39120,42699
1719325800,39120,39160,39075,39160,22785
1719329400,39155,39180,39145,39175,12858
1719333000,39180,39235,39120,39230,19900
1719336600,39230,39320,39210,39320,14607
1719340200,39320,39335,39255,39330,9657
1719343800,39330,39335,39265,39320,9113
1719347400,39320,39320,39300,39310,2592
1719358200,39315,39380,39205,39325,100391
1719361800,39325,39530,39265,39525,97555
1719365400,39520,39725,39515,39720,100028
1719369000,39725,39785,39705,39740,43222
1719372600,39740,39775,39625,39675,94218
1719376200,39675,39710,39610,39680,48198
1719379800,39680,39710,39620,39620,60899
1719387000,39645,39685,39615,39640,24155
1719390600,39640,39670,39620,39660,10655
1719394200,39660,39685,39605,39620,14489
1719397800,39620,39620,39525,39535,21407
1719401400,39535,39580,39510,39515,19198
1719405000,39510,39510,39370,39425,44863
1719408600,39430,39520,39345,39440,59365
1719412200,39440,39510,39340,39415,29446
1719415800,39415,39560,39400,39535,21326
1719419400,39530,39540,39395,39425,16956
1719423000,39420,39425,39375,39420,7807
1719426600,39415,39425,39335,39385,9414
1719430200,39385,39480,39360,39405,14781
1719433800,39405,39435,39395,39420,3048
1719444600,39340,39430,39255,39300,116298
1719448200,39300,39335,39195,39235,97832
1719451800,39230,39295,39200,39285,52423
1719455400,39285,39330,39260,39290,23307
1719459000,39290,39320,39235,39245,44311
1719462600,39250,39320,39215,39285,40342
1719466200,39280,39405,39250,39405,76241
1719473400,39445,39460,39375,39395,23556
1719477000,39395,39480,39390,39465,18849
1719480600,39465,39490,39415,39445,13968
1719484200,39440,39465,39415,39435,8084
1719487800,39435,39485,39425,39440,14294
1719491400,39435,39515,39425,39485,21004
1719495000,39485,39670,39460,39645,54941
1719498600,39650,39665,39495,39505,34654
1719502200,39505,39555,39465,39545,16409
1719505800,39545,39570,39505,39560,8395
1719509400,39565,39580,39485,39505,10707
1719513000,39505,39600,39500,39580,11249
1719516600,39580,39605,39535,39595,6942
1719520200,39595,39600,39580,39580,2270
1719531000,39560,39680,39530,39635,98741
1719534600,39640,39770,39540,39755,115672
1719538200,39755,39795,39690,39725,66795
1719541800,39720,39730,39600,39625,28521
1719545400,39620,39695,39610,39660,45450
1719549000,39660,39665,39485,39485,51705
1719552600,39480,39670,39480,39620,65699
1719559800,39600,39655,39575,39650,20688
1719563400,39655,39690,39640,39665,19666
1719567000,39670,39700,39660,39675,13062
1719570600,39680,39700,39660,39670,8289
1719574200,39670,39710,39650,39685,12945
1719577800,39690,39720,39595,39620,30533
1719581400,39620,39960,39600,39900,66181
1719585000,39900,39950,39820,39875,43175
1719588600,39870,39955,39815,39875,28091
1719592200,39870,39890,39730,39790,22700
1719595800,39790,39805,39705,39720,11864
1719599400,39720,39745,39665,39680,11115
1719603000,39685,39800,39610,39795,18690
1719606600,39790,39830,39785,39830,3704
1719790200,39900,39955,39780,39895,99066
1719793800,39900,39930,39700,39715,87469
1719797400,39715,39745,39650,39690,53354
1719801000,39690,39715,39650,39695,22874
1719804600,39700,39725,39560,39605,60037
1719808200,39605,39610,39540,39570,41567
1719811800,39570,39685,39550,39665,55666
1719819000,39680,39680,39610,39670,28309
1719822600,39670,39695,39595,39610,23179
1719826200,39610,39685,39605,39665,13107
1719829800,39665,39720,39650,39705,12248
1719833400,39705,39750,39705,39720,15672
1719837000,39720,39780,39700,39775,16876
1719840600,39775,39820,39545,39600,64812
1719844200,39605,39610,39480,39540,44305
1719847800,39540,39595,39490,39595,17054
1719851400,39600,39615,39530,39560,12163
1719855000,39560,39565,39470,39475,11901
1719858600,39475,39520,39440,39475,11443
1719862200,39475,39540,39475,39510,13914
1719865800,39510,39530,39475,39475,3297
1719876600,39500,39590,39455,39540,84872
1719880200,39540,39850,39540,39845,125911
1719883800,39840,39940,39760,39770,99485
1719887400,39770,39775,39675,39685,38754
1719891000,39685,39960,39630,39945,92224
1719894600,39950,40125,39945,40055,128636
1719898200,40060,40195,40020,40110,88701
1719905400,40035,40050,39945,39945,38615
1719909000,39945,39970,39890,39915,24130
1719912600,39915,39945,39885,39935,15181
1719916200,39930,39935,39855,39880,12630
1719919800,39875,39935,39845,39925,16892
1719923400,39930,39955,39885,39950,19294
1719927000,39950,40040,39905,40025,53980
1719930600,40025,40100,39990,40095,26472
1719934200,40100,40125,40045,40085,16220
1719937800,40085,40220,40050,40215,13260
1719941400,40215,40240,40185,40205,9920
1719945000,40210,40270,40190,40255,9232
1719948600,40250,40265,40210,40265,10795
1719952200,40265,40270,40240,40245,2998
1719963000,40200,40405,40165,40330,126382
1719966600,40330,40435,40240,40395,93375
1719970200,40395,40455,40330,40440,51412
1719973800,40435,40475,40350,40460,35960
1719977400,40460,40540,40430,40510,70078
1719981000,40510,40660,40510,40655,59197
1719984600,40650,40710,40590,40600,81665
1719991800,40630,40635,40535,40550,28926
1719995400,40550,40630,40550,40625,17872
1719999000,40620,40650,40610,40630,12202
1720002600,40635,40645,40610,40620,9674
1720006200,40620,40645,40575,40585,13415
1720009800,40590,40605,40525,40555,18398
1720013400,40555,40610,40490,40550,46038
1720017000,40545,40615,40495,40580,26582
1720020600,40575,40725,40575,40720,18153
1720024200,40720,40730,40665,40675,11295
1720027800,40670,40680,40630,40675,3596
1720031400,40675,40695,40655,40665,2342
1720035000,40670,40670,40655,40670,1185
1720038600,40670,40695,40635,40695,3629
1720049400,40700,40875,40675,40755,111289
1720053000,40750,40790,40670,40745,80751
1720056600,40740,40760,40605,40670,58627
1720060200,40670,40725,40650,40720,21730
1720063800,40720,40945,40715,40940,83864
1720067400,40940,40965,40865,40925,61483
1720071000,40925,40975,40890,40890,56548
1720078200,40890,40910,40855,40905,22230
1720081800,40905,40925,40895,40900,8992
1720085400,40905,40925,40890,40895,6970
1720089000,40895,40905,40865,40900,8362
1720092600,40905,40910,40880,40900,7020
1720096200,40900,40925,40895,40910,8442
1720099800,40905,40910,40850,40850,7859
1720103400,40855,40905,40835,40895,10000
1720107000,40895,40905,40850,40870,3590
1720110600,40875,40880,40860,40865,1790
1720114200,40865,40880,40855,40875,1110
1720117800,40880,40885,40875,40880,392
1720121400,40875,40885,40875,40885,508
1720125000,40885,40910,40880,40910,1863
1720135800,40870,41125,40865,40915,116733
1720139400,40915,40965,40820,40960,93256
1720143000,40955,41075,40930,41055,78125
1720146600,41050,41060,40875,40880,35751
1720150200,40880,40915,40755,40910,95264
1720153800,40910,40910,40815,40835,45848
1720157400,40835,40890,40800,40860,51847
1720164600,40835,40870,40815,40845,17595
1720168200,40845,40890,40820,40890,12319
1720171800,40885,40910,40880,40905,10165
1720175400,40905,40940,40900,40915,11033
1720179000,40915,40945,40900,40940,12918
1720182600,40940,41065,40890,41030,58210
1720186200,41030,41040,40900,40950,47649
1720189800,40955,41025,40935,40955,23982
1720193400,40955,41040,40940,40995,11566
1720197000,40995,41020,40965,41010,8753
1720200600,41010,41030,40995,40995,4725
1720204200,40995,41035,40985,41010,4767
1720207800,41010,41080,41005,41020,10345
1720211400,41015,41030,41000,41030,3293
1720395000,40910,40960,40840,40890,89480
1720398600,40890,40910,40790,40890,70474
1720402200,40890,41020,40865,40995,55459
1720405800,41000,41030,40985,41000,22053
1720409400,41000,41115,40955,40980,61542
1720413000,40985,40995,40870,40885,46830
1720416600,40880,40935,40805,40850,70090
1720423800,40890,40970,40885,40965,25414
1720427400,40965,41000,40955,40995,16515
1720431000,40995,41010,40970,40975,10080
1720434600,40975,40980,40930,40965,10343
1720438200,40965,41000,40925,40935,12530
1720441800,40935,40980,40935,40975,9884
1720445400,40970,41065,40960,40985,31312
1720449000,40985,41010,40950,41010,15940
1720452600,41010,41020,40920,40935,10364
1720456200,40935,40965,40910,40925,8094
1720459800,40925,40960,40925,40950,4282
1720463400,40950,40960,40880,40925,11008
1720467000,40920,40940,40890,40930,7074
1720470600,40925,40955,40925,40955,2026
1720481400,40945,41255,40935,41235,116222
1720485000,41230,41265,41060,41255,118892
1720488600,41260,41390,41185,41385,108694
1720492200,41385,41475,41360,41465,41344
1720495800,41465,41705,41460,41675,113020
1720499400,41680,41785,41635,41755,81900
1720503000,41750,41770,41585,41620,91882
1720510200,41610,41625,41535,41545,34699
1720513800,41545,41580,41535,41565,19740
1720517400,41565,41565,41495,41510,15664
1720521000,41515,41580,41510,41535,14479
1720524600,41535,41550,41485,41490,11254
1720528200,41490,41565,41455,41560,20807
1720531800,41565,41570,41480,41490,29995
1720535400,41485,41570,41470,41515,22349
1720539000,41520,41560,41490,41545,10664
1720542600,41545,41545,41455,41495,10138
1720546200,41495,41520,41475,41475,6374
1720549800,41480,41515,41470,41485,4456
1720553400,41485,41535,41470,41530,7163
1720557000,41535,41550,41510,41545,2862
1720567800,41520,41575,41435,41445,95503
1720571400,41445,41730,41445,41710,104678
1720575000,41715,41760,41615,41650,73883
1720578600,41645,41650,41560,41620,28401
1720582200,41620,41660,41520,41630,57670
1720585800,41625,41830,41595,41820,70415
1720589400,41820,41960,41810,41940,94718
1720596600,41950,42060,41900,42055,41148
1720600200,42055,42205,42040,42170,43529
1720603800,42170,42200,42130,42165,23362
1720607400,42165,42180,42130,42140,11059
1720611000,42140,42230,42135,42230,17811
1720614600,42230,42240,42215,42225,11154
1720618200,42230,42305,42180,42255,34534
1720621800,42255,42345,42245,42335,29358
1720625400,42335,42430,42295,42415,20386
1720629000,42415,42475,42340,42380,24950
1720632600,42380,42430,42355,42425,8630
1720636200,42425,42465,42405,42425,7452
1720639800,42430,42500,42425,42455,10663
1720643400,42450,42490,42445,42480,3345
1720654200,42460,42470,42310,42355,111100
1720657800,42355,42370,42120,42160,112851
1720661400,42165,42300,42135,42200,71684
1720665000,42200,42250,42150,42235,25696
1720668600,42235,42320,42195,42320,66576
1720672200,42320,42380,42245,42375,44755
1720675800,42380,42470,42230,42365,101167
1720683000,42290,42320,42270,42305,19895
1720686600,42305,42315,42225,42255,13213
1720690200,42255,42280,42225,42250,9575
1720693800,42245,42255,42205,42215,10054
1720697400,42215,42295,42210,42260,13910
1720701000,42265,42395,41870,41965,175224
1720704600,41965,42035,41680,41730,87213
1720708200,41725,41895,41695,41720,64102
1720711800,41715,41735,41545,41630,45895
1720715400,41625,41650,41510,41570,29342
1720719000,41565,41570,41490,41525,14966
1720722600,41525,41610,41525,41540,16946
1720726200,41545,41615,41530,41595,10997
1720729800,41595,41630,41580,41625,4275
1720740600,41770,41780,41460,41620,184149
1720744200,41620,41655,41190,41395,149175
1720747800,41400,41460,41330,41390,66785
1720751400,41385,41420,41290,41310,25489
1720755000,41310,41405,41230,41235,69867
1720758600,41235,41300,41195,41205,44591
1720762200,41205,41295,41170,41170,76112
1720769400,41240,41280,41200,41270,30322
1720773000,41270,41320,41240,41285,16342
1720776600,41285,41300,41255,41275,8879
1720780200,41275,41285,41200,41210,10890
1720783800,41210,41245,41035,41060,27899
1720787400,41055,41225,41015,41190,57487
1720791000,41195,41380,41170,41335,58650
1720794600,41340,41430,41335,41410,29240
1720798200,41415,41430,41290,41345,19932
1720801800,41345,41390,41285,41380,14142
1720805400,41380,41480,41375,41420,12700
1720809000,41425,41425,41350,41385,11010
1720812600,41380,41380,41160,41185,21044
1720816200,41185,41205,41180,41190,4220
1720999800,41220,41365,41215,41360,24984
1721003400,41360,41385,41240,41260,25913
1721007000,41260,41315,41230,41305,15721
1721010600,41305,41305,41210,41235,7878
1721014200,41235,41250,41200,41245,5214
1721017800,41245,41280,41210,41215,7965
1721021400,41220,41255,41190,41220,9733
1721028600,41250,41320,41220,41300,10386
1721032200,41295,41335,41275,41335,8033
1721035800,41335,41355,41310,41345,6045
1721039400,41345,41380,41325,41375,6700
1721043000,41375,41400,41345,41365,9026
1721046600,41365,41385,41300,41370,11671
1721050200,41370,41375,41225,41270,29032
1721053800,41265,41395,41250,41305,19002
1721057400,41305,41330,41170,41215,20619
1721061000,41210,41210,41080,41165,19878
1721064600,41165,41165,41070,41145,11708
1721068200,41145,41200,41130,41165,7699
1721071800,41170,41195,41020,41155,11742
1721075400,41155,41175,41140,41165,2249
1721086200,41280,41405,41220,41350,100301
1721089800,41350,41525,41245,41335,118578
1721093400,41330,41460,41305,41410,57156
1721097000,41415,41445,41340,41355,18724
1721100600,41355,41430,41280,41290,46499
1721104200,41285,41345,41270,41325,38043
1721107800,41325,41345,41210,41240,40974
1721115000,41230,41240,41135,41190,26789
1721118600,41190,41255,41165,41230,18172
1721122200,41230,41265,41210,41260,11306
1721125800,41265,41280,41240,41260,7720
1721129400,41265,41275,41245,41265,7299
1721133000,41260,41385,41240,41340,27434
1721136600,41340,41410,41290,41390,40744
1721140200,41390,41450,41340,41400,23876
1721143800,41405,41425,41340,41360,16155
1721147400,41355,41390,41320,41370,9481
1721151000,41370,41440,41355,41435,7324
1721154600,41430,41500,41430,41485,10825
1721158200,41485,41560,41470,41550,12450
1721161800,41550,41565,41505,41505,3355
1721172600,41590,41595,41365,41455,89041
1721176200,41460,41475,41305,41365,85839
1721179800,41365,41375,41285,41305,51675
1721183400,41305,41430,41285,41325,30794
1721187000,41330,41365,41100,41150,97537
1721190600,41155,41190,41055,41115,75573
1721194200,41110,41220,41060,41080,55003
1721201400,40900,40910,40495,40530,109097
1721205000,40535,40570,40420,40490,61795
1721208600,40490,40545,40455,40520,17742
1721212200,40515,40565,40390,40395,30494
1721215800,40395,40450,40340,40435,28216
1721219400,40435,40475,40370,40400,25709
1721223000,40405,40465,40330,40415,46520
1721226600,40410,40470,40400,40425,26742
1721230200,40425,40425,40215,40245,31268
1721233800,40240,40305,40190,40230,22113
1721237400,40230,40275,40180,40190,10238
1721241000,40185,40265,40135,40245,14827
1721244600,40245,40275,40195,40245,12378
1721248200,40250,40255,40215,40255,2925
1721259000,40230,40305,40060,40205,123721
1721262600,40200,40395,40155,40380,107241
1721266200,40380,40425,40240,40280,74853
1721269800,40275,40355,40260,40320,26933
1721273400,40315,40350,40195,40300,70234
1721277000,40300,40300,40175,40220,44771
1721280600,40215,40285,40115,40240,71583
1721287800,40150,40280,40120,40280,34536
1721291400,40275,40360,40270,40310,24565
1721295000,40310,40315,40170,40205,19054
1721298600,40205,40270,40205,40260,11251
1721302200,40260,40300,40250,40280,9235
1721305800,40280,40340,40255,40305,19168
1721309400,40310,40350,40190,40315,42298
1721313000,40315,40315,39890,39900,84665
1721316600,39900,39995,39865,39975,37717
1721320200,39970,40165,39955,40110,29424
1721323800,40110,40160,39985,39995,17431
1721327400,39995,40025,39880,39940,15813
1721331000,39940,40120,39930,40060,15908
1721334600,40060,40070,40010,40025,2849
1721345400,40040,40220,39825,40175,123082
1721349000,40180,40215,40025,40135,90520
1721352600,40140,40160,39940,39950,68175
1721356200,39950,40110,39930,39955,38350
1721359800,39955,40000,39865,39990,60711
1721363400,39990,40105,39965,40010,47625
1721367000,40010,40135,40010,40040,59053
1721374200,39775,39820,39685,39735,51492
1721377800,39730,39795,39705,39715,23352
1721381400,39720,39885,39700,39875,23675
1721385000,39875,39995,39835,39990,22135
1721388600,39990,40035,39950,39955,19818
1721392200,39955,40015,39875,39905,16815
1721395800,39905,40000,39745,39750,46597
1721399400,39750,39815,39685,39685,42431
1721403000,39685,39825,39650,39720,29023
1721406600,39725,39735,39570,39625,23595
1721410200,39625,39685,39605,39635,14051
1721413800,39635,39750,39590,39725,12929
1721417400,39720,39730,39605,39635,12691
1721421000,39640,39655,39590,39590,3499
1721604600,39800,39955,39660,39675,98507
1721608200,39670,39760,39545,39755,116662
1721611800,39755,39825,39555,39585,81704
1721615400,39585,39730,39585,39700,36810
1721619000,39695,39715,39515,39540,56343
1721622600,39535,39655,39535,39565,46011
1721626200,39565,39625,39470,39485,59753
1721633400,39510,39675,39500,39665,28754
1721637000,39665,39735,39635,39675,26566
1721640600,39670,39705,39645,39675,12502
1721644200,39680,39740,39670,39700,12998
1721647800,39700,39790,39685,39790,11578
1721651400,39785,39860,39785,39855,17937
1721655000,39850,39960,39805,39895,51157
1721658600,39895,39975,39810,39820,35025
1721662200,39815,39830,39740,39750,23412
1721665800,39745,39830,39705,39790,16193
1721669400,39790,39900,39780,39870,13036
1721673000,39870,39925,39840,39900,9280
1721676600,39905,39965,39900,39920,8943
1721680200,39920,39935,39875,39875,2934
1721691000,39950,39955,39785,39915,80331
1721694600,39920,39920,39620,39795,108949
1721698200,39795,39825,39590,39670,67969
1721701800,39665,39675,39570,39590,27130
1721705400,39590,39640,39510,39595,51023
1721709000,39595,39675,39555,39645,38996
1721712600,39640,39660,39535,39540,48682
1721719800,39520,39560,39470,39480,32352
1721723400,39480,39590,39475,39585,15027
1721727000,39585,39635,39550,39635,11824
1721730600,39635,39680,39625,39665,12562
1721734200,39665,39675,39590,39600,12505
1721737800,39600,39605,39515,39530,16874
1721741400,39530,39640,39485,39610,35785
1721745000,39610,39620,39425,39560,33791
1721748600,39560,39635,39540,39580,17821
1721752200,39575,39615,39555,39580,11493
1721755800,39570,39620,39550,39585,9944
1721759400,39590,39605,39570,39590,5289
1721763000,39590,39590,39475,39495,12008
1721766600,39495,39495,39425,39425,4481
1721777400,39320,39500,39255,39410,111744
1721781000,39410,39640,39375,39520,108991
1721784600,39520,39570,39415,39485,70859
1721788200,39480,39505,39360,39385,31173
1721791800,39385,39390,39120,39170,83038
1721795400,39170,39260,39120,39210,60405
1721799000,39210,39255,39090,39120,64918
1721806200,39050,39110,38945,38955,41474
1721809800,38955,39070,38950,38990,22587
1721813400,38990,39070,38825,39045,48338
1721817000,39040,39050,38900,38970,20027
1721820600,38970,38970,38800,38810,25768
1721824200,38815,38840,38750,38780,29003
1721827800,38775,38790,38450,38470,79262
1721831400,38475,38490,38255,38305,58412
1721835000,38300,38410,38240,38310,28514
1721838600,38310,38390,38230,38355,21777
1721842200,38350,38395,38255,38265,11268
1721845800,38270,38275,38140,38145,18173
1721849400,38145,38255,38090,38160,21971
1721853000,38150,38175,38145,38175,3342
1721863800,38260,38300,38090,38155,131084
1721867400,38150,38200,37955,37960,136899
1721871000,37965,38155,37950,38150,102734
1721874600,38155,38220,37865,37985,78356
1721878200,37990,38155,37900,38050,109161
1721881800,38045,38085,37900,37910,64380
1721885400,37910,37975,37700,37730,106631
1721892600,37680,37745,37325,37550,88143
1721896200,37550,37820,37495,37530,75217
1721899800,37525,37600,37385,37485,38232
1721903400,37490,37585,37400,37505,30891
1721907000,37500,37560,37450,37490,20570
1721910600,37490,38020,37435,37990,85927
1721914200,37990,37990,37335,37705,117645
1721917800,37700,38025,37670,37950,69931
1721921400,37945,38225,37840,38205,50468
1721925000,38205,38305,38105,38150,40203
1721928600,38155,38200,38005,38065,24562
1721932200,38065,38125,37900,38080,21703
1721935800,38080,38090,37635,37680,26347
1721939400,37680,37710,37610,37710,4380
1721950200,37830,37910,37715,37765,98121
1721953800,37760,38045,37665,37865,133266
1721957400,37870,38100,37820,38045,94372
1721961000,38040,38065,37960,38045,30364
1721964600,38050,38080,37890,37955,57368
1721968200,37955,37970,37810,37900,52816
1721971800,37900,37900,37600,37695,86297
1721979000,37810,38035,37785,38020,38214
1721982600,38020,38120,38015,38020,32792
1721986200,38025,38095,38005,38090,13158
1721989800,38095,38165,38095,38165,20878
1721993400,38165,38220,38155,38165,22529
1721997000,38160,38205,37990,38065,44921
1722000600,38065,38160,37940,38035,59477
1722004200,38040,38085,37930,38055,35675
1722007800,38055,38220,38045,38195,25148
1722011400,38200,38270,38175,38225,16054
1722015000,38225,38230,38035,38155,23405
1722018600,38155,38245,38100,38240,19032
1722022200,38240,38260,38145,38240,12930
1722025800,38240,38240,38200,38200,2737
1722209400,38350,38530,38220,38515,104894
1722213000,38515,38715,38470,38660,113626
1722216600,38665,38670,38350,38410,79869
1722220200,38405,38475,38380,38450,21155
1722223800,38455,38630,38455,38615,50445
1722227400,38615,38650,38555,38600,38459
1722231000,38600,38670,38400,38445,79134
1722238200,38420,38490,38355,38485,29359
1722241800,38485,38500,38415,38455,18799
1722245400,38455,38530,38440,38525,13086
1722249000,38530,38535,38440,38505,11674
1722252600,38505,38525,38425,38500,12384
1722256200,38500,38560,38375,38395,20255
1722259800,38400,38485,38335,38400,45063
1722263400,38400,38415,38240,38265,33283
1722267000,38265,38450,38165,38390,28405
1722270600,38390,38495,38360,38360,13482
1722274200,38360,38420,38340,38395,10142
1722277800,38390,38405,38335,38400,7042
1722281400,38400,38430,38305,38375,8000
1722285000,38380,38385,38285,38285,3011
1722295800,38370,38370,38150,38265,80724
1722299400,38260,38345,38195,38220,69810
1722303000,38220,38255,38075,38095,61058
1722306600,38100,38210,38055,38145,28316
1722310200,38150,38295,38145,38295,43863
1722313800,38290,38440,38280,38415,50682
1722317400,38410,38525,38370,38490,63075
1722324600,38570,38725,38570,38620,44878
1722328200,38620,38700,38620,38630,14763
1722331800,38630,38660,38595,38650,10039
1722335400,38645,38675,38610,38625,7387
1722339000,38625,38640,38595,38615,7225
1722342600,38620,38675,38605,38640,14716
1722346200,38635,38700,38530,38585,39853
1722349800,38585,38590,38235,38310,59012
1722353400,38305,38325,38035,38090,43925
1722357000,38090,38105,37885,37995,39755
1722360600,37990,38175,37970,38125,17618
1722364200,38125,38150,38025,38080,11477
1722367800,38080,38180,37890,37985,20716
1722371400,37985,38055,37935,38010,4425
1722382200,38050,38150,37945,38095,85335
1722385800,38095,38220,38055,38180,68222
1722389400,38185,38420,38120,38360,67930
1722393000,38360,38460,38320,38395,16236
1722396600,38395,38720,38090,38510,143935
1722400200,38510,38710,38475,38590,78015
1722403800,38590,39225,38590,39225,215662
1722411000,39090,39100,38440,38660,132792
1722414600,38660,38715,38530,38585,35090
1722418200,38580,38605,38480,38535,23367
1722421800,38540,38565,38465,38500,16651
1722425400,38500,38540,38455,38505,17093
1722429000,38500,38700,38490,38595,30324
1722432600,38590,38775,38390,38750,61309
1722436200,38750,38840,38655,38760,39869
1722439800,38765,38820,38710,38770,23596
1722443400,38770,38795,38690,38725,10520
1722447000,38725,38830,38640,38775,16501
1722450600,38775,38950,38520,38560,32779
1722454200,38565,38785,38500,38735,23883
1722457800,38730,38740,38685,38705,3095
1722468600,38730,38765,38125,38185,146067
1722472200,38190,38285,37935,37945,146672
1722475800,37945,38125,37725,38090,129890
1722479400,38095,38150,38010,38060,48680
1722483000,38060,38170,37970,38000,78479
1722486600,38000,38125,37955,38070,61816
1722490200,38070,38160,37865,37950,75663
1722497400,37905,37950,37350,37520,92873
1722501000,37520,37635,37440,37575,39946
1722504600,37570,37745,37555,37745,21238
1722508200,37745,37850,37650,37830,28494
1722511800,37825,37920,37780,37890,27041
1722515400,37885,37960,37665,37720,49634
1722519000,37720,37850,37420,37425,74281
1722522600,37425,37475,37105,37175,86454
1722526200,37175,37245,36930,36995,44995
1722529800,37000,37005,36695,36765,40741
1722533400,36765,36780,36415,36610,59539
1722537000,36605,36730,36460,36720,27340
1722540600,36720,36870,36550,36590,34806
1722544200,36590,36710,36580,36710,8386
1722555000,36655,36670,36210,36245,179077
1722558600,36250,36490,36105,36315,176745
1722562200,36320,36650,36145,36275,140127
1722565800,36270,36390,36135,36315,64440
1722569400,36315,36430,36195,36365,95771
1722573000,36360,36385,36090,36095,83482
1722576600,36100,36120,35800,35920,138460
1722583800,35770,35800,35555,35620,87996
1722587400,35615,35765,35595,35625,38777
1722591000,35625,35660,35450,35495,38944
1722594600,35500,35665,35425,35580,34474
1722598200,35575,35680,35555,35605,21382
1722601800,35605,35630,34810,35230,135833
1722605400,35230,35370,34660,34715,112989
1722609000,34715,34795,34350,34415,86281
1722612600,34415,35075,34415,34915,85021
1722616200,34915,34975,34625,34875,44554
1722619800,34870,34890,34605,34790,24410
1722623400,34790,34845,34715,34830,16891
1722627000,34825,34990,34730,34910,18394
1722630600,34905,34910,34800,34800,4021
1722814200,34250,34285,33240,34145,215835
1722817800,34145,34210,33515,33695,221851
1722821400,33695,34290,33660,34275,169912
1722825000,34275,34350,33945,34035,90564
1722828600,34035,34090,33050,33050,169626
1722832200,33050,33315,31615,31615,238607
1722835800,31605,31605,30380,31290,213936
1722843000,31690,33170,31525,32960,219359
1722846600,32955,33015,32100,32585,109896
1722850200,32585,32870,32165,32420,86413
1722853800,32420,32670,32255,32415,43942
1722857400,32420,32470,31140,31435,111725
1722861000,31435,32165,31235,31840,101338
1722864600,31840,32995,31760,32395,150883
1722868200,32395,33290,32385,33140,116650
1722871800,33145,33845,33125,33710,71290
1722875400,33710,33715,33065,33360,45897
1722879000,33360,33510,33205,33360,18875
1722882600,33355,33380,32830,32990,25038
1722886200,32990,33360,32930,33285,16444
1722889800,33290,33355,33180,33355,3677
1722900600,33890,34175,33350,33915,100696
1722904200,33920,34915,33825,34425,175995
1722907800,34420,34490,33645,34390,167768
1722911400,34385,34460,33960,34455,58159
1722915000,34455,34830,34415,34415,115383
1722918600,34410,34420,33395,34165,182239
1722922200,34170,34520,34050,34235,167117
1722929400,33950,34100,32820,33305,136919
1722933000,33300,33670,32925,33215,79826
1722936600,33210,33325,32965,33195,39507
1722940200,33195,33510,33190,33500,33251
1722943800,33510,33590,33150,33380,41289
1722947400,33380,33390,33035,33180,37940
1722951000,33185,33560,32930,33325,77115
1722954600,33335,33780,33200,33315,45084
1722958200,33315,33775,33300,33625,31569
1722961800,33625,34010,33575,33820,22354
1722965400,33820,34030,33755,34020,12552
1722969000,34025,34050,33455,33655,23073
1722972600,33650,33745,33435,33535,17261
1722976200,33530,33545,33250,33385,3030
1722987000,33420,34190,33215,34190,132234
1722990600,34190,34675,34040,34480,164121
1722994200,34485,35850,34415,35450,247697
1722997800,35450,35585,35285,35405,48408
1723001400,35405,35725,35260,35680,102735
1723005000,35680,35830,35575,35680,75458
1723008600,35680,35710,34915,35065,147978
1723015800,34670,35090,34545,35030,74661
1723019400,35025,35495,34930,35490,41560
1723023000,35490,35595,35325,35400,30008
1723026600,35400,35510,35345,35385,15202
1723030200,35385,35410,35220,35305,21144
1723033800,35305,35485,35295,35460,14917
1723037400,35460,35535,35265,35380,41275
1723041000,35385,35685,35270,35455,38942
1723044600,35455,35550,35235,35400,33356
1723048200,35395,35415,34810,34905,29351
1723051800,34905,35145,34395,34525,30560
1723055400,34525,34825,34380,34620,24903
1723059000,34615,34660,34340,34375,15429
1723062600,34375,34415,34350,34350,2586
1723073400,33765,34815,33755,34455,129703
1723077000,34450,34785,34160,34630,112890
1723080600,34635,35215,34525,35135,75137
1723084200,35130,35285,35020,35210,33526
1723087800,35215,35385,34805,34960,91073
1723091400,34965,35010,34730,34870,50637
1723095000,34875,35000,34675,34765,62808
1723102200,34820,34820,34355,34560,61421
1723105800,34560,34985,34530,34890,31235
1723109400,34890,34970,34675,34845,23035
1723113000,34840,34925,34680,34730,21178
1723116600,34730,34875,34695,34780,15992
1723120200,34780,35415,34780,35350,62222
1723123800,35350,35465,34995,35450,57894
1723127400,35450,35580,35285,35520,30405
1723131000,35515,35700,35440,35650,21714
1723134600,35650,35660,35460,35650,16626
1723138200,35645,35760,35585,35660,8768
1723141800,35665,35705,35500,35545,12785
1723145400,35545,35690,35440,35665,11692
1723149000,35665,35700,35660,35700,1881
1723159800,35750,35920,35300,35355,135587
1723163400,35350,35490,35060,35235,100372
1723167000,35235,35480,35220,35370,52864
1723170600,35370,35585,35350,35410,25053
1723174200,35415,35510,34915,34915,54775
1723177800,34915,35030,34415,34930,88824
1723181400,34925,35180,34890,35035,79951
1723188600,35100,35280,35015,35215,32314
1723192200,35215,35565,35190,35385,36378
1723195800,35380,35440,35225,35325,24942
1723199400,35325,35330,35120,35150,27118
1723203000,35150,35170,34955,34980,31174
1723206600,34975,35065,34850,34985,30982
1723210200,34985,35160,34850,34930,55052
1723213800,34935,35135,34790,34990,42149
1723217400,34985,35070,34880,34945,15183
1723221000,34940,35245,34935,35245,11088
1723224600,35245,35275,35080,35120,8667
1723228200,35115,35200,35075,35165,5965
1723231800,35165,35305,35165,35275,8309
1723235400,35270,35290,35240,35290,1937
1723505400,35570,35875,35420,35790,95930
1723509000,35790,36020,35700,35875,84313
1723512600,35880,35935,35740,35755,45893
1723516200,35755,35870,35720,35860,15263
1723519800,35860,35995,35825,35935,41973
1723523400,35935,36140,35910,35995,56757
1723527000,35995,36220,35965,36220,65649
1723534200,36260,36290,36115,36145,26727
1723537800,36145,36145,36055,36110,12184
1723541400,36110,36160,35945,35950,14627
1723545000,35950,36000,35850,35960,19915
1723548600,35960,36075,35905,36020,14580
1723552200,36015,36190,36005,36100,32204
1723555800,36095,36290,36070,36270,35006
1723559400,36275,36335,36145,36295,17974
1723563000,36295,36330,36200,36285,9395
1723566600,36290,36370,36255,36325,7012
1723570200,36325,36335,36200,36295,9826
1723573800,36300,36360,36275,36335,4836
1723577400,36330,36465,36330,36405,8248
1723581000,36405,36425,36380,36425,1697
1723591800,36475,36670,36245,36280,99844
1723595400,36280,36490,36270,36435,71202
1723599000,36440,36660,36035,36155,115113
1723602600,36150,36190,36020,36125,33668
1723606200,36120,36325,36095,36240,52817
1723609800,36240,36270,36100,36220,35867
1723613400,36220,36490,36200,36380,61278
1723620600,36365,36410,36210,36210,24259
1723624200,36210,36320,36210,36305,11558
1723627800,36305,36320,36200,36215,7531
1723631400,36220,36260,36125,36170,11929
1723635000,36170,36225,36160,36175,12415
1723638600,36180,36395,36080,36270,43545
1723642200,36270,36300,35930,36060,49692
1723645800,36060,36095,35835,36055,33362
1723649400,36060,36200,35990,36035,18375
1723653000,36040,36195,36010,36170,11563
1723656600,36170,36225,36150,36215,5709
1723660200,36210,36290,36175,36230,4245
1723663800,36230,36345,36215,36300,7619
1723667400,36300,36305,36260,36305,1977
1723678200,36330,36595,36230,36540,79257
1723681800,36540,36780,36465,36530,84245
1723685400,36535,36805,36510,36775,54523
1723689000,36775,36840,36720,36790,20462
1723692600,36795,36870,36700,36740,33974
1723696200,36745,36780,36580,36665,31025
1723699800,36665,36720,36565,36650,41914
1723707000,36695,36715,36575,36585,15109
1723710600,36580,36655,36535,36650,9362
1723714200,36645,36700,36580,36610,8455
1723717800,36605,36685,36550,36680,11683
1723721400,36680,36710,36650,36660,8205
1723725000,36675,37370,36675,37355,78247
1723728600,37355,37570,37310,37500,57696
1723732200,37500,37590,37475,37475,21039
1723735800,37480,37670,37440,37665,17855
1723739400,37665,37670,37555,37625,11714
1723743000,37625,37685,37610,37650,6382
1723746600,37650,37665,37595,37650,5588
1723750200,37650,37675,37560,37655,7618
1723753800,37660,37700,37650,37700,2354
1723764600,37630,37785,37515,37760,87045
1723768200,37760,37795,37495,37735,88580
1723771800,37730,37875,37720,37765,45257
1723775400,37765,37865,37735,37845,18752
1723779000,37845,37910,37785,37785,42751
1723782600,37785,37895,37635,37840,54005
1723786200,37840,38130,37840,38090,88794
1723793400,38040,38050,37820,37830,34382
1723797000,37830,37875,37765,37855,17569
1723800600,37850,37905,37730,37745,14903
1723804200,37745,37765,37560,37580,25910
1723807800,37585,37610,37460,37510,23841
1723811400,37515,37540,37285,37495,43555
1723815000,37495,37780,37455,37695,50866
1723818600,37690,37720,37535,37665,24237
1723822200,37665,37760,37650,37735,11121
1723825800,37730,37840,37700,37715,8767
1723829400,37715,37740,37650,37700,5184
1723833000,37700,37710,37645,37665,4044
1723836600,37665,37685,37570,37645,7699
1723840200,37645,37675,37625,37625,1965
1724023800,37720,38035,37650,38030,84926
1724027400,38030,38110,37865,37890,64846
1724031000,37895,38055,37845,38025,30970
1724034600,38025,38045,37820,37900,25061
1724038200,37895,37900,37515,37670,83040
1724041800,37670,37670,37360,37380,68175
1724045400,37375,37465,37180,37180,78551
1724052600,37290,37490,37220,37335,39871
1724056200,37335,37385,37280,37325,14585
1724059800,37320,37455,37270,37435,13902
1724063400,37435,37490,37410,37445,9502
1724067000,37445,37455,37360,37450,8820
1724070600,37450,37550,37395,37455,13466
1724074200,37455,37580,37405,37540,34151
1724077800,37540,37665,37510,37640,18526
1724081400,37640,37690,37515,37625,14092
1724085000,37625,37690,37595,37665,6114
1724088600,37665,37745,37645,37720,5818
1724092200,37725,37815,37720,37795,8051
1724095800,37790,37850,37730,37830,7049
1724099400,37830,37870,37815,37815,2510
1724110200,37850,37930,37705,37915,66920
1724113800,37915,37975,37745,37930,75806
1724117400,37925,38085,37910,38005,59246
1724121000,38005,38275,38000,38170,44570
1724124600,38170,38225,38100,38170,44009
1724128200,38170,38200,37950,38185,50272
1724131800,38185,38205,38030,38080,57741
1724139000,38030,38090,37920,37925,25428
1724142600,37925,37990,37825,37970,22181
1724146200,37970,37970,37835,37880,10151
1724149800,37880,37950,37880,37905,6067
1724153400,37905,37940,37830,37855,7462
1724157000,37855,37915,37740,37775,18054
1724160600,37770,37985,37645,37695,40784
1724164200,37695,37745,37575,37670,28674
1724167800,37665,37745,37605,37660,15208
1724171400,37655,37675,37465,37575,15325
1724175000,37575,37710,37545,37675,5794
1724178600,37675,37715,37645,37645,3830
1724182200,37645,37690,37525,37560,5190
1724185800,37555,37620,37550,37620,2052
1724196600,37560,37795,37510,37665,63671
1724200200,37670,37875,37570,37720,63536
1724203800,37725,37790,37665,37785,36706
1724207400,37785,37865,37765,37850,14291
1724211000,37845,37965,37835,37925,43587
1724214600,37920,38005,37900,37970,29130
1724218200,37975,37980,37835,37970,36365
1724225400,37950,38175,37920,38060,31881
1724229000,38060,38100,38010,38050,10997
1724232600,38055,38125,38040,38080,7157
1724236200,38080,38235,38080,38195,12913
1724239800,38195,38210,38110,38150,10560
1724243400,38150,38165,37935,37985,20709
1724247000,37985,38185,37845,38000,52912
1724250600,38005,38145,37785,37895,41947
1724254200,37900,37900,37655,37785,23291
1724257800,37785,37895,37770,37775,12834
1724261400,37775,37875,37745,37835,8209
1724265000,37840,37895,37780,37880,8715
1724268600,37875,37975,37825,37965,5495
1724272200,37970,38095,37970,38015,4220
1724283000,37970,38180,37860,38155,63387
1724286600,38155,38310,38135,38295,64056
1724290200,38300,38395,38155,38160,51387
1724293800,38160,38195,38070,38080,23818
1724297400,38075,38120,37925,37965,51485
1724301000,37965,38125,37960,38090,23567
1724304600,38090,38230,38055,38230,33696
1724311800,38165,38290,38080,38280,24354
1724315400,38285,38350,38270,38305,14280
1724319000,38305,38345,38230,38330,10340
1724322600,38330,38380,38300,38365,9390
1724326200,38365,38405,38340,38360,10521
1724329800,38355,38495,38295,38490,21452
1724333400,38485,38645,38430,38535,50491
1724337000,38530,38530,38270,38290,27248
1724340600,38290,38350,38070,38305,31714
1724344200,38300,38355,38130,38210,16838
1724347800,38210,38215,37985,38145,20257
1724351400,38145,38190,38060,38065,10370
1724355000,38065,38165,37990,38115,13244
1724358600,38115,38150,38110,38135,2125
1724369400,38135,38360,38130,38290,68656
1724373000,38290,38310,38085,38205,55057
1724376600,38205,38205,38030,38105,42254
1724380200,38100,38255,38085,38230,17442
1724383800,38230,38410,38200,38375,37755
1724387400,38375,38405,38300,38360,24454
1724391000,38360,38415,38320,38410,32028
1724398200,38375,38445,38330,38395,16106
1724401800,38400,38510,38370,38470,10711
1724405400,38475,38565,38465,38520,10322
1724409000,38520,38560,38465,38480,10172
1724412600,38480,38505,38410,38425,10115
1724416200,38425,38505,38410,38470,9498
1724419800,38475,38675,38435,38610,51245
1724423400,38615,38645,38275,38385,46917
1724427000,38385,38465,38130,38170,29793
1724430600,38175,38310,38145,38275,17476
1724434200,38275,38320,38180,38225,6964
1724437800,38225,38350,38205,38340,6936
1724441400,38340,38395,38280,38350,8423
1724445000,38350,38360,38255,38255,2623
1724628600,37990,38170,37855,37875,79885
1724632200,37880,38000,37795,37980,52662
1724635800,37980,38070,37860,37920,36414
1724639400,37915,37950,37870,37930,12820
1724643000,37930,37990,37830,37965,34939
1724646600,37965,38040,37940,38020,23608
1724650200,38015,38090,38005,38040,39277
1724657400,38055,38200,38030,38150,17680
1724661000,38150,38195,38120,38170,9904
1724664600,38170,38215,38140,38210,7015
1724668200,38210,38220,38135,38165,10813
1724671800,38165,38195,38120,38165,5658
1724675400,38165,38200,38085,38135,10566
1724679000,38140,38275,38105,38145,30486
1724682600,38140,38145,37965,38095,25067
1724686200,38090,38095,37970,38075,13150
1724689800,38080,38115,38020,38025,5741
1724693400,38030,38040,37920,38035,8332
1724697000,38035,38100,38025,38040,3888
1724700600,38035,38065,37990,38005,4170
1724704200,38005,38015,37935,37935,2906
1724715000,37895,38065,37890,38010,49106
1724718600,38010,38080,37940,38035,40395
1724722200,38035,38060,37960,38045,23442
1724725800,38045,38115,38040,38080,14317
1724729400,38080,38175,38040,38145,30671
1724733000,38145,38245,38110,38200,23060
1724736600,38205,38345,38205,38300,44986
1724743800,38370,38495,38370,38475,25052
1724747400,38475,38535,38445,38460,13515
1724751000,38460,38460,38325,38370,11724
1724754600,38365,38395,38310,38325,11019
1724758200,38325,38405,38280,38320,13861
1724761800,38315,38320,38155,38250,20899
1724765400,38250,38335,38165,38325,32510
1724769000,38320,38370,38265,38275,16763
1724772600,38275,38345,38225,38295,10802
1724776200,38295,38350,38245,38340,6579
1724779800,38340,38375,38295,38315,3797
1724783400,38310,38340,38285,38310,3121
1724787000,38305,38315,38255,38275,4737
1724790600,38280,38285,38215,38215,2703
1724801400,38140,38320,38125,38140,54871
1724805000,38140,38270,38130,38170,37956
1724808600,38170,38260,38130,38180,31145
1724812200,38175,38255,38160,38180,13053
1724815800,38175,38270,38135,38270,24625
1724819400,38270,38350,38230,38320,29467
1724823000,38325,38375,38265,38375,26936
1724830200,38405,38445,38360,38375,11935
1724833800,38375,38395,38295,38330,8175
1724837400,38330,38440,38310,38425,8237
1724841000,38425,38425,38370,38370,6442
1724844600,38375,38385,38290,38380,10599
1724848200,38380,38500,38365,38490,17308
1724851800,38485,38580,38415,38490,31053
1724855400,38490,38500,38190,38215,29050
1724859000,38215,38255,38115,38165,17765
1724862600,38165,38255,38145,38180,8619
1724866200,38180,38205,37950,38015,15636
1724869800,38010,38235,38000,38205,10551
1724873400,38200,38260,37900,38090,19927
1724877000,38085,38250,38045,38150,6197
1724887800,37965,38185,37950,38150,70421
1724891400,38145,38310,38070,38155,58457
1724895000,38155,38270,38140,38205,26724
1724898600,38205,38330,38185,38300,14219
1724902200,38300,38405,38290,38380,30142
1724905800,38380,38380,38295,38305,20422
1724909400,38310,38395,38265,38350,43978
1724916600,38430,38525,38360,38405,25396
1724920200,38400,38515,38395,38515,13604
1724923800,38515,38565,38480,38495,13490
1724927400,38490,38495,38405,38450,13671
1724931000,38450,38545,38440,38530,13349
1724934600,38530,38680,38500,38645,36157
1724938200,38645,38760,38590,38715,43784
1724941800,38715,38780,38615,38700,24006
1724945400,38700,38835,38685,38785,16673
1724949000,38785,38835,38665,38680,9819
1724952600,38680,38715,38490,38505,12542
1724956200,38505,38525,38185,38285,36741
1724959800,38285,38395,38225,38385,13728
1724963400,38385,38400,38355,38390,2195
1724974200,38405,38480,38320,38415,56737
1724977800,38415,38595,38415,38540,52129
1724981400,38545,38620,38515,38585,37050
1724985000,38590,38640,38565,38580,12304
1724988600,38580,38600,38460,38465,32878
1724992200,38465,38535,38420,38455,26451
1724995800,38455,38745,38455,38710,71249
1725003000,38730,38890,38725,38855,35569
1725006600,38850,38885,38765,38790,13908
1725010200,38785,38815,38770,38790,5256
1725013800,38785,38845,38745,38805,8280
1725017400,38805,38925,38790,38885,14094
1725021000,38890,38935,38825,38905,17512
1725024600,38905,38975,38845,38880,32989
1725028200,38880,38950,38775,38810,26059
1725031800,38805,38890,38730,38825,16129
1725035400,38825,38895,38760,38850,10309
1725039000,38855,38875,38815,38850,5698
1725042600,38855,38990,38850,38980,10348
1725046200,38980,39055,38935,39030,12223
1725049800,39030,39070,39020,39050,3271
1725233400,39115,39150,38955,38990,69924
1725237000,38995,39010,38855,38870,56605
1725240600,38870,38875,38670,38720,52025
1725244200,38715,38735,38650,38675,22176
1725247800,38675,38700,38475,38590,88643
1725251400,38590,38705,38570,38700,29056
1725255000,38700,38745,38655,38690,36797
1725262200,38630,38830,38570,38810,24001
1725265800,38810,38850,38765,38805,11367
1725269400,38805,38810,38700,38735,8897
1725273000,38740,38795,38735,38775,5206
1725276600,38775,38860,38775,38860,7567
1725280200,38860,38870,38830,38855,6500
1725283800,38850,38865,38785,38820,10972
1725287400,38820,38890,38820,38870,8563
1725291000,38870,38890,38840,38880,3437
1725294600,38880,38885,38835,38880,1648
1725298200,38875,38880,38855,38865,444
1725301800,38860,38875,38860,38870,235
1725305400,38865,38885,38860,38875,657
1725309000,38870,38875,38765,38765,2149
1725319800,38730,38870,38685,38855,49349
1725323400,38855,38980,38805,38940,45341
1725327000,38940,38965,38725,38780,44615
1725330600,38785,38795,38595,38650,29898
1725334200,38650,38670,38580,38630,33531
1725337800,38630,38695,38590,38630,24533
1725341400,38630,38845,38600,38790,37437
1725348600,38810,38855,38645,38655,20430
1725352200,38660,38660,38415,38475,30372
1725355800,38475,38490,38410,38470,12994
1725359400,38480,38520,38440,38505,11869
1725363000,38505,38605,38505,38565,16003
1725366600,38565,38570,38380,38415,17022
1725370200,38410,38470,37985,38080,81633
1725373800,38075,38085,37840,38010,52740
1725377400,38015,38075,37945,37975,18938
1725381000,37980,37985,37875,37960,12872
1725384600,37955,37960,37745,37755,13882
1725388200,37755,37840,37630,37655,14519
1725391800,37655,37690,37435,37560,22473
1725395400,37560,37640,37555,37640,4785
1725406200,37505,37570,37260,37465,125490
1725409800,37465,37470,37105,37350,117609
1725413400,37345,37515,37290,37390,72651
1725417000,37390,37425,37230,37310,31132
1725420600,37305,37340,37185,37225,53217
1725424200,37225,37305,36870,37050,91717
1725427800,37055,37105,36915,37000,104563
1725435000,36945,37115,36925,37095,37727
1725438600,37095,37245,37095,37185,29508
1725442200,37180,37180,36890,36970,22584
1725445800,36970,37025,36890,36950,18209
1725449400,36950,36995,36895,36960,16271
1725453000,36955,36990,36830,36890,19253
1725456600,36895,37085,36670,36955,67353
1725460200,36955,37140,36915,36925,38317
1725463800,36930,36980,36830,36925,17723
1725467400,36925,37030,36840,36855,11705
1725471000,36850,36870,36725,36805,10335
1725474600,36800,36840,36610,36695,13300
1725478200,36700,36765,36565,36580,12828
1725481800,36580,36595,36525,36525,4957
1725492600,36410,36870,36190,36855,133425
1725496200,36855,36905,36690,36860,87079
1725499800,36865,37100,36795,36935,81450
1725503400,36935,37005,36850,36885,27999
1725507000,36890,36905,36595,36615,70958
1725510600,36610,36645,36430,36610,71980
1725514200,36615,36780,36585,36610,59934
1725521400,36700,36885,36695,36870,33221
1725525000,36870,36875,36645,36655,16161
1725528600,36655,36805,36655,36755,12725
1725532200,36750,36810,36735,36805,8040
1725535800,36800,36825,36490,36550,23828
1725539400,36550,36770,36515,36645,30077
1725543000,36645,37105,36595,37035,62037
1725546600,37035,37115,36775,36785,42948
1725550200,36790,36830,36665,36795,28228
1725553800,36795,36835,36675,36700,14793
1725557400,36695,36975,36690,36905,11702
1725561000,36900,37085,36870,36970,12833
1725564600,36965,37075,36860,36960,12664
1725568200,36960,37010,36960,36980,2270
1725579000,37000,37040,36620,36725,78443
1725582600,36725,36770,36475,36645,74957
1725586200,36640,36760,36575,36580,42205
1725589800,36575,36680,36520,36600,19720
1725593400,36605,36620,36420,36495,44805
1725597000,36495,36530,36335,36340,38154
1725600600,36335,36545,36235,36360,58662
1725607800,36140,36285,36070,36170,42304
1725611400,36170,36195,35965,36050,24850
1725615000,36050,36135,36005,36105,14976
1725618600,36110,36165,36030,36120,11428
1725622200,36125,36255,36085,36230,15918
1725625800,36240,36860,36100,36545,90755
1725629400,36545,36670,35855,35870,88528
1725633000,35865,35900,35115,35245,118496
1725636600,35245,35535,35240,35385,59027
1725640200,35380,35590,35280,35345,36384
1725643800,35345,35395,35160,35200,21116
1725647400,35200,35370,35160,35325,13095
1725651000,35325,35390,35195,35205,14930
1725654600,35205,35230,35155,35155,3590
1725838200,35270,35470,35155,35445,101765
1725841800,35440,35535,35240,35515,69361
1725845400,35515,35865,35465,35605,84333
1725849000,35605,35780,35585,35735,23346
1725852600,35735,35975,35655,35930,58131
1725856200,35930,36220,35905,36145,69362
1725859800,36140,36250,36070,36225,50515
1725867000,36350,36480,36320,36395,36407
1725870600,36390,36510,36330,36500,17109
1725874200,36495,36510,36375,36415,12927
1725877800,36415,36430,36320,36385,13749
1725881400,36385,36395,36095,36100,19387
1725885000,36100,36190,36065,36130,22142
1725888600,36135,36340,36105,36185,42786
1725892200,36185,36185,35955,36160,36666
1725895800,36160,36365,36155,36350,20009
1725899400,36350,36395,36305,36360,10237
1725903000,36360,36360,36155,36170,10659
1725906600,36175,36200,36075,36185,9531
1725910200,36190,36350,36115,36345,7600
1725913800,36345,36380,36325,36340,2387
1725924600,36395,36415,35995,36095,81051
1725928200,36095,36510,36045,36505,64742
1725931800,36505,36545,36170,36215,60220
1725935400,36210,36350,36180,36280,19762
1725939000,36285,36390,36235,36245,31972
1725942600,36245,36425,36190,36355,37863
1725946200,36350,36375,36110,36150,44381
1725953400,36245,36460,36240,36370,28217
1725957000,36375,36385,36110,36190,20873
1725960600,36190,36265,36120,36210,14924
1725964200,36210,36255,36110,36230,11581
1725967800,36230,36295,36125,36255,10494
1725971400,36255,36315,36195,36300,10604
1725975000,36300,36305,35865,36025,55448
1725978600,36025,36040,35870,35980,28833
1725982200,35985,35995,35605,35750,32283
1725985800,35745,35980,35735,35930,18203
1725989400,35925,36080,35920,36050,15582
1725993000,36050,36180,36040,36175,10020
1725996600,36175,36200,36080,36090,4885
1726000200,36085,36165,36085,36100,1994
1726011000,36050,36090,35740,35800,64152
1726014600,35805,36025,35800,35985,51505
1726018200,35985,36010,35720,35865,71497
1726021800,35865,35990,35805,35835,20938
1726025400,35835,35835,35535,35695,50783
1726029000,35700,35700,35255,35275,50959
1726032600,35280,35760,35255,35760,65935
1726039800,35900,35980,35820,35955,31233
1726043400,35960,35970,35765,35820,14296
1726047000,35820,35935,35795,35875,9959
1726050600,35880,36030,35875,36005,11173
1726054200,36000,36070,35980,36020,13475
1726057800,36015,36295,35915,36220,46163
1726061400,36220,36220,35450,35520,62858
1726065000,35520,35705,35410,35615,39846
1726068600,35620,36110,35615,36085,44481
1726072200,36090,36230,36000,36200,21286
1726075800,36205,36365,36185,36355,13625
1726079400,36360,36465,36320,36430,10459
1726083000,36425,36635,36390,36620,11476
1726086600,36620,36630,36520,36520,2631
1726101000,36725,36875,36455,36625,42001
1726104600,36630,36755,36615,36690,6291
1726108200,36620,36700,36590,36590,2367
1726111800,36555,36805,36505,36785,16547
1726115400,36780,36865,36725,36865,14476
1726119000,36860,36910,36795,36840,15843
1726126200,36680,36745,36415,36425,35342
1726129800,36430,36600,36415,36585,14194
1726133400,36590,36600,36490,36495,9140
1726137000,36495,36510,36395,36440,10147
1726140600,36440,36465,36365,36395,12182
1726144200,36395,36450,36215,36300,36704
1726147800,36295,36535,36140,36510,52450
1726151400,36510,36600,36425,36495,34907
1726155000,36495,36565,36405,36550,14428
1726158600,36555,36730,36540,36705,13396
1726162200,36710,36840,36685,36745,12588
1726165800,36750,36775,36565,36740,13412
1726169400,36740,36750,36655,36705,8216
1726173000,36705,36730,36660,36660,2677
1726183800,36640,36680,36320,36410,81944
1726187400,36405,36570,36390,36480,56610
1726191000,36475,36500,36265,36275,36729
1726194600,36275,36345,36245,36270,20506
1726198200,36270,36375,36205,36315,42481
1726201800,36320,36515,36235,36395,45703
1726205400,36395,36410,36280,36290,43460
1726212600,36450,36480,36235,36350,27841
1726216200,36350,36360,36245,36280,12264
1726219800,36280,36305,36250,36280,8013
1726223400,36280,36280,36145,36235,14255
1726227000,36230,36270,36185,36210,9041
1726230600,36210,36240,36060,36095,19402
1726234200,36090,36345,36075,36235,45130
1726237800,36240,36395,36165,36245,29913
1726241400,36250,36335,36195,36210,16917
1726245000,36210,36275,36195,36250,8457
1726248600,36250,36280,36175,36180,13850
1726252200,36180,36200,36120,36200,6886
1726255800,36200,36255,36175,36230,5518
1726259400,36230,36265,36185,36185,2593
1726529400,36450,36465,36135,36145,65976
1726533000,36150,36195,35770,35795,74520
1726536600,35795,35910,35585,35590,64151
1726540200,35590,35790,35565,35690,26540
1726543800,35690,35760,35600,35670,50795
1726547400,35670,35830,35610,35790,35699
1726551000,35790,36020,35740,36010,65203
1726558200,36020,36170,36005,36115,20910
1726561800,36115,36270,36110,36245,15849
1726565400,36245,36310,36225,36275,10409
1726569000,36275,36290,36150,36165,13623
1726572600,36165,36295,36150,36265,11868
1726576200,36270,36390,36265,36305,25491
1726579800,36310,36495,36245,36470,35402
1726583400,36475,36550,36360,36360,25370
1726587000,36360,36425,36260,36345,14547
1726590600,36340,36355,36140,36295,16739
1726594200,36295,36330,36140,36275,9078
1726597800,36275,36345,36220,36345,6203
1726601400,36345,36440,36305,36430,7027
1726605000,36430,36500,36420,36500,2432
1726615800,36440,36450,36225,36250,64796
1726619400,36250,36345,36185,36315,56852
1726623000,36310,36325,36165,36240,34468
1726626600,36235,36255,36135,36165,14886
1726630200,36165,36165,35930,35965,51072
1726633800,35965,36090,35895,36075,46157
1726637400,36075,36180,36015,36180,47578
1726644600,36220,36225,36110,36115,18338
1726648200,36120,36165,36090,36160,8724
1726651800,36160,36200,36145,36185,6313
1726655400,36185,36255,36165,36220,7370
1726659000,36225,36245,36190,36235,6818
1726662600,36235,36285,36230,36280,10363
1726666200,36275,36295,36120,36205,27455
1726669800,36205,36235,36145,36185,13840
1726673400,36185,36185,36095,36165,13318
1726677000,36170,36230,36150,36230,8208
1726680600,36235,36465,36040,36240,45255
1726684200,36245,36455,36075,36410,73892
1726687800,36410,36460,36310,36420,39826
1726691400,36425,36470,36415,36470,3193
1726702200,36485,37120,36480,36950,113423
1726705800,36950,37045,36750,36970,76459
1726709400,36970,37175,36950,37060,62054
1726713000,37055,37160,36955,37015,26250
1726716600,37010,37125,36940,37065,45630
1726720200,37070,37150,37005,37035,42441
1726723800,37035,37040,36885,36885,52549
1726731000,36855,37065,36800,36990,33831
1726734600,36990,37150,36965,37145,16695
1726738200,37150,37305,37135,37295,20659
1726741800,37300,37425,37295,37390,19937
1726745400,37390,37450,37340,37365,17873
1726749000,37370,37545,37370,37525,28110
1726752600,37525,37525,37355,37500,38271
1726756200,37500,37520,37360,37495,22730
1726759800,37500,37615,37475,37615,13252
1726763400,37610,37645,37570,37620,7379
1726767000,37620,37705,37540,37620,9751
1726770600,37620,37650,37500,37520,9026
1726774200,37520,37550,37465,37490,8002
1726777800,37490,37510,37475,37510,2157
1726788600,37590,37745,37525,37630,79400
1726792200,37630,37735,37570,37640,60179
1726795800,37635,37755,37605,37690,33270
1726799400,37690,37775,37515,37560,33634
1726803000,37565,37685,37530,37640,39614
1726806600,37640,37700,37535,37545,31801
1726810200,37545,37580,37435,37525,64232
1726817400,37790,38185,37780,37935,61002
1726821000,37935,38040,37860,37985,23146
1726824600,37990,38045,37960,38035,11423
1726828200,38040,38150,38025,38105,18375
1726831800,38100,38180,38055,38080,15998
1726835400,38080,38140,37975,38125,20015
1726839000,38125,38140,37875,37970,36386
1726842600,37970,38045,37915,37970,21626
1726846200,37965,38045,37935,38025,14410
1726849800,38025,38095,38000,38045,7958
1726853400,38050,38085,37925,37960,6961
1726857000,37950,38065,37930,38045,7014
1726860600,38045,38095,37960,38015,7948
1726864200,38015,38075,37980,37980,2345
1727047800,38085,38280,38080,38265,19351
1727051400,38265,38425,38260,38385,19540
1727055000,38380,38410,38280,38360,14068
1727058600,38365,38375,38315,38345,5806
1727062200,38350,38390,38315,38360,6987
1727065800,38360,38370,38255,38290,7893
1727069400,38295,38315,38180,38215,12259
1727076600,38020,38100,37955,37995,24295
1727080200,37995,38095,37910,38050,15834
1727083800,38050,38100,38010,38065,7560
1727087400,38065,38100,37960,38030,8170
1727091000,38035,38155,38015,38155,10125
1727094600,38155,38190,38105,38150,12478
1727098200,38150,38320,38105,38280,26471
1727101800,38280,38280,38130,38195,14505
1727105400,38195,38215,37960,37980,12675
1727109000,37980,38055,37955,38035,8111
1727112600,38035,38140,38025,38110,5364
1727116200,38110,38120,38035,38115,3340
1727119800,38115,38130,38070,38090,3709
1727123400,38090,38115,38085,38105,976
1727134200,38240,38275,37985,38135,70750
1727137800,38135,38225,37960,38135,66940
1727141400,38135,38145,37750,37760,65562
1727145000,37760,37825,37750,37765,16975
1727148600,37765,37865,37685,37810,48678
1727152200,37815,37910,37765,37820,32962
1727155800,37825,37870,37725,37815,38731
1727163000,37920,38090,37850,38080,30530
1727166600,38085,38095,37985,38015,13157
1727170200,38015,38055,37945,37955,10211
1727173800,37955,37965,37695,37790,24085
1727177400,37795,37865,37640,37735,23492
1727181000,37730,37855,37670,37785,20667
1727184600,37785,37875,37475,37535,46680
1727188200,37530,37730,37475,37700,26611
1727191800,37705,37840,37700,37725,15469
1727195400,37725,37765,37660,37730,10308
1727199000,37730,37790,37610,37625,6925
1727202600,37625,37700,37575,37690,6737
1727206200,37685,37725,37640,37665,7499
1727209800,37665,37710,37615,37615,2398
1727220600,37620,37875,37600,37770,60559
1727224200,37770,37775,37645,37775,46336
1727227800,37770,37865,37745,37850,31716
1727231400,37845,37885,37760,37790,16827
1727235000,37795,37820,37710,37765,30730
1727238600,37770,37890,37765,37855,28092
1727242200,37855,37870,37615,37665,46479
1727249400,37775,37870,37760,37795,21157
1727253000,37795,37850,37765,37825,7913
1727256600,37825,37930,37820,37920,12905
1727260200,37920,38030,37910,38005,13931
1727263800,38010,38040,37960,38005,11294
1727267400,38005,38010,37905,37935,12940
1727271000,37935,38050,37865,37970,25027
1727274600,37970,38040,37935,38010,11974
1727278200,38005,38010,37925,37980,9015
1727281800,37975,38000,37895,37940,6582
1727285400,37935,37970,37845,37970,8058
1727289000,37970,38020,37955,37985,4129
1727292600,37985,38110,37960,38080,7224
1727296200,38085,38110,38065,38100,2289
1727307000,38115,38350,38095,38320,66751
1727310600,38320,38440,38245,38430,53719
1727314200,38430,38610,38430,38580,54569
1727317800,38580,38590,38490,38520,21647
1727321400,38520,38660,38460,38580,55319
1727325000,38580,38610,38435,38595,51905
1727328600,38595,38735,38550,38660,98316
1727335800,38820,38995,38785,38965,43218
1727339400,38965,39110,38910,38960,26554
1727343000,38960,38980,38880,38925,12632
1727346600,38930,38985,38780,38850,18183
1727350200,38845,38875,38755,38860,15368
1727353800,38855,39090,38855,39040,32715
1727357400,39035,39170,38920,39090,41094
1727361000,39090,39120,38805,38975,36207
1727364600,38970,39170,38930,39125,18436
1727368200,39125,39275,39040,39175,21604
1727371800,39175,39370,39170,39355,11271
1727375400,39355,39375,39280,39295,8726
1727379000,39295,39385,39220,39365,9021
1727382600,39370,39400,39330,39335,2782
1727393400,39280,39340,39060,39125,79573
1727397000,39125,39320,39125,39270,59596
1727400600,39270,39305,38935,38990,75904
1727404200,38990,38990,38865,38955,25703
1727407800,38960,39335,38940,39315,67301
1727411400,39315,39835,39260,39660,143552
1727415000,39660,39900,39485,39845,118246
1727422200,38000,38060,37640,37985,126767
1727425800,37985,38325,37790,38240,47408
1727429400,38245,38400,38060,38065,34875
1727433000,38065,38245,37955,38140,25374
1727436600,38145,38205,38060,38065,17878
1727440200,38065,38190,37935,38140,31657
1727443800,38140,38290,38040,38200,35079
1727447400,38200,38225,38070,38115,16929
1727451000,38115,38115,37690,37875,26288
1727454600,37870,37920,37705,37765,16219
1727458200,37765,37765,37385,37395,19447
1727461800,37395,37545,37285,37490,14830
1727465400,37495,37540,37335,37405,12109
1727469000,37405,37425,37345,37425,3050
1727652600,37900,38465,37850,38055,129367
1727656200,38060,38220,37970,38200,87033
1727659800,38200,38235,37945,37990,66334
1727663400,37990,37995,37830,37915,29522
1727667000,37915,38125,37890,37980,63151
1727670600,37985,38035,37810,37910,42614
1727674200,37915,38005,37820,37930,80174
1727681400,37985,38260,37980,38200,35254
1727685000,38200,38205,38115,38170,14150
1727688600,38170,38260,38120,38195,11247
1727692200,38200,38205,37985,38005,13387
1727695800,38005,38100,37960,38075,14969
1727699400,38080,38100,38015,38030,10258
1727703000,38030,38175,37860,37890,43738
1727706600,37890,38085,37885,38020,19440
1727710200,38020,38040,37905,38000,13405
1727713800,37990,38010,37885,37895,8776
1727717400,37895,38040,37870,37925,10284
1727721000,37920,38075,37875,38050,9593
1727724600,38040,38185,38010,38175,9788
1727728200,38175,38225,38170,38220,3573
1727739000,38270,38440,38175,38435,68142
1727742600,38435,38645,38405,38630,67956
1727746200,38635,38640,38395,38490,54657
1727749800,38490,38550,38445,38485,15081
1727753400,38485,38740,38485,38685,59984
1727757000,38680,38725,38640,38685,25710
1727760600,38685,38790,38620,38770,50908
1727767800,38650,38660,38430,38475,31639
1727771400,38470,38545,38455,38525,14958
1727775000,38525,38545,38485,38540,6645
1727778600,38540,38610,38515,38555,8600
1727782200,38555,38650,38510,38555,14294
1727785800,38555,38650,38530,38565,14573
1727789400,38570,38570,37735,37865,132863
1727793000,37865,38050,37750,37980,61530
1727796600,37975,38085,37860,37910,27490
1727800200,37910,37915,37595,37710,47893
1727803800,37710,38255,37695,38240,31374
1727807400,38240,38260,38095,38140,15824
1727811000,38140,38140,37970,38030,12798
1727814600,38030,38040,38000,38010,2189
1727825400,37890,38205,37875,38070,69974
1727829000,38075,38170,37910,37980,61351
1727832600,37985,38085,37960,38035,37728
1727836200,38035,38040,37950,38010,17386
1727839800,38010,38135,37990,38000,39292
1727843400,37995,38015,37805,37830,59979
1727847000,37830,37865,37670,37750,77324
1727854200,37920,37980,37860,37965,28861
1727857800,37965,38015,37865,37910,18102
1727861400,37910,37945,37780,37850,14003
1727865000,37850,38150,37845,38125,42553
1727868600,38125,38235,38040,38155,27508
1727872200,38160,38345,38135,38235,28377
1727875800,38235,38345,38055,38280,51860
1727879400,38275,38525,38240,38515,44340
1727883000,38520,38695,38510,38610,29524
1727886600,38615,38620,38475,38610,16003
1727890200,38610,38675,38520,38610,10603
1727893800,38610,38740,38590,38680,10350
1727897400,38680,38735,38650,38715,7294
1727901000,38715,38745,38685,38715,2564
1727911800,38775,39035,38570,38615,109524
1727915400,38620,38825,38510,38725,85336
1727919000,38720,38740,38610,38685,52092
1727922600,38690,38750,38630,38685,22834
1727926200,38685,38720,38560,38655,40598
1727929800,38655,38690,38560,38620,32454
1727933400,38625,38670,38540,38600,62332
1727940600,38445,38485,38350,38385,36535
1727944200,38380,38490,38355,38475,15046
1727947800,38480,38515,38445,38475,9878
1727951400,38475,38555,38440,38530,9773
1727955000,38530,38540,38460,38505,10692
1727958600,38505,38520,38375,38390,15403
1727962200,38390,38730,38330,38440,65295
1727965800,38435,38590,38375,38515,36842
1727969400,38510,38685,38510,38665,13593
1727973000,38670,38680,38385,38445,17972
1727976600,38445,38590,38410,38545,9024
1727980200,38545,38585,38515,38540,5044
1727983800,38540,38635,38520,38610,7059
1727987400,38610,38610,38565,38610,1941
1727998200,38500,38710,38480,38675,63941
1728001800,38675,38705,38525,38630,56613
1728005400,38625,38765,38580,38750,38847
1728009000,38750,38800,38670,38680,20776
1728012600,38680,38720,38625,38675,29501
1728016200,38670,38710,38610,38645,26587
1728019800,38650,38670,38555,38560,38205
1728027000,38570,38660,38570,38620,16248
1728030600,38620,38650,38570,38645,9532
1728034200,38645,38700,38615,38675,9103
1728037800,38680,38760,38670,38740,11305
1728041400,38745,38875,38745,38820,18478
1728045000,38815,39510,38810,39400,92197
1728048600,39400,39505,39305,39360,61216
1728052200,39355,39545,39255,39400,43443
1728055800,39395,39495,39325,39465,20042
1728059400,39465,39590,39445,39500,14779
1728063000,39500,39535,39385,39485,11692
1728066600,39485,39585,39470,39580,6890
1728070200,39575,39650,39565,39575,7409
1728073800,39575,39580,39545,39555,2108
1728257400,39800,39805,39355,39385,93230
1728261000,39390,39550,39390,39465,65692
1728264600,39465,39505,39355,39395,47623
1728268200,39395,39580,39395,39485,24847
1728271800,39485,39525,39415,39500,34102
1728275400,39505,39595,39480,39560,28831
1728279000,39555,39590,39360,39370,60232
1728286200,39290,39305,38945,39075,46004
1728289800,39080,39100,38950,38955,20082
1728293400,38960,39060,38905,39050,20124
1728297000,39045,39085,38995,39050,10194
1728300600,39050,39050,38935,38995,13445
1728304200,38995,39035,38960,39005,11981
1728307800,39010,39160,38930,39120,33829
1728311400,39120,39130,38990,39040,20701
1728315000,39045,39055,38955,39040,8864
1728318600,39040,39095,39020,39045,4687
1728322200,39045,39055,38965,38970,4278
1728325800,38960,38970,38755,38830,14856
1728329400,38830,38945,38780,38910,7791
1728333000,38910,38950,38890,38920,2237
1728343800,38865,39120,38850,39085,73342
1728347400,39085,39140,39015,39085,47894
1728351000,39080,39090,38870,38880,60586
1728354600,38880,38905,38705,38870,41538
1728358200,38870,38940,38830,38870,32220
1728361800,38870,39000,38850,38875,37590
1728365400,38875,39000,38855,38960,48135
1728372600,38865,38980,38825,38880,31351
1728376200,38880,39170,38860,39165,28957
1728379800,39165,39230,39140,39205,17526
1728383400,39210,39280,39155,39260,17063
1728387000,39260,39335,39230,39310,16186
1728390600,39310,39335,39245,39295,16478
1728394200,39295,39450,39265,39400,34037
1728397800,39395,39515,39380,39425,23860
1728401400,39425,39490,39360,39430,14056
1728405000,39430,39455,39320,39355,9869
1728408600,39350,39445,39340,39385,7555
1728412200,39380,39460,39370,39400,4412
1728415800,39400,39455,39350,39365,5905
1728419400,39365,39405,39350,39405,1998
1728430200,39410,39495,39285,39300,67068
1728433800,39305,39425,39260,39330,49553
1728437400,39335,39360,39145,39205,38456
1728441000,39210,39270,39130,39255,22403
1728444600,39255,39320,39190,39290,36649
1728448200,39285,39410,39235,39330,36799
1728451800,39330,39400,39290,39290,45946
1728459000,39170,39335,39145,39245,26058
1728462600,39245,39300,39230,39285,8404
1728466200,39285,39350,39250,39315,9379
1728469800,39315,39330,39240,39250,8916
1728473400,39255,39320,39235,39295,7321
1728477000,39295,39335,39230,39320,10541
1728480600,39320,39540,39290,39505,39423
1728484200,39505,39655,39475,39640,19464
1728487800,39640,39700,39565,39620,14688
1728491400,39620,39625,39540,39600,8178
1728495000,39605,39660,39550,39655,9148
1728498600,39655,39685,39625,39665,5235
1728502200,39665,39705,39625,39640,5821
1728505800,39640,39700,39630,39700,2035
1728516600,39690,39700,39430,39515,64640
1728520200,39515,39545,39465,39495,37532
1728523800,39495,39525,39375,39425,35487
1728527400,39425,39470,39405,39420,15560
1728531000,39415,39420,39305,39420,38403
1728534600,39425,39450,39360,39405,31183
1728538200,39405,39545,39310,39310,60255
1728545400,39275,39275,39150,39210,23726
1728549000,39210,39230,39105,39140,10785
1728552600,39140,39225,39140,39205,9515
1728556200,39205,39265,39160,39245,9040
1728559800,39250,39320,39235,39290,13238
1728563400,39295,39310,38945,39110,56432
1728567000,39115,39170,38900,39170,43284
1728570600,39165,39300,39135,39205,26482
1728574200,39205,39295,39160,39260,10958
1728577800,39265,39400,39205,39380,12381
1728581400,39380,39400,39270,39335,8388
1728585000,39330,39355,39245,39305,5465
1728588600,39300,39400,39295,39395,6636
1728592200,39395,39425,39385,39425,2260
1728603000,39440,39605,39380,39565,90813
1728606600,39560,39665,39545,39645,55968
1728610200,39650,39685,39605,39640,33555
1728613800,39640,39660,39515,39540,18204
1728617400,39540,39695,39530,39690,35755
1728621000,39685,39695,39580,39620,26961
1728624600,39620,39670,39565,39610,35131
1728631800,39505,39625,39480,39555,16817
1728635400,39560,39575,39480,39505,9725
1728639000,39505,39520,39410,39515,13305
1728642600,39510,39625,39500,39560,11513
1728646200,39565,39635,39560,39595,8062
1728649800,39595,39725,39545,39650,23283
1728653400,39650,39950,39640,39885,35270
1728657000,39885,39930,39820,39890,18823
1728660600,39885,39890,39820,39845,10436
1728664200,39845,39850,39750,39775,7312
1728667800,39780,39880,39770,39865,6462
1728671400,39870,39910,39825,39905,4819
1728675000,39900,39905,39780,39780,5724
1728678600,39780,39790,39755,39755,2466
1728862200,39830,39835,39695,39725,11835
1728865800,39730,39730,39605,39615,12821
1728869400,39615,39675,39565,39670,12008
1728873000,39670,39805,39665,39790,12941
1728876600,39790,39800,39745,39760,6208
1728880200,39760,39805,39715,39725,7504
1728883800,39725,39730,39660,39670,8453
1728891000,39760,39855,39740,39825,11623
1728894600,39825,39830,39710,39745,7724
1728898200,39745,39785,39715,39760,5774
1728901800,39755,39820,39750,39800,5182
1728905400,39805,39910,39800,39900,8238
1728909000,39900,39975,39850,39960,8305
1728912600,39960,40125,39940,40085,23697
1728916200,40085,40105,39990,40040,12072
1728919800,40040,40110,40020,40095,4919
1728923400,40095,40135,40070,40090,3118
1728927000,40095,40140,40085,40130,2927
1728930600,40130,40160,40070,40110,3640
1728934200,40110,40140,40080,40095,3716
1728937800,40095,40150,40085,40150,1598
1728948600,40140,40185,40035,40115,67023
1728952200,40115,40145,39975,40030,52433
1728955800,40030,40295,40020,40260,59737
1728959400,40265,40305,40200,40210,17090
1728963000,40215,40250,40125,40160,34836
1728966600,40160,40200,40050,40055,26102
1728970200,40050,40100,39910,39910,57996
1728977400,39820,39885,39695,39720,24434
1728981000,39720,39815,39705,39765,14150
1728984600,39760,39785,39695,39770,9589
1728988200,39770,39875,39770,39865,9229
1728991800,39865,39930,39860,39870,12934
1728995400,39870,39880,39775,39845,14948
1728999000,39845,39860,39610,39615,28484
1729002600,39615,39615,39270,39370,61164
1729006200,39375,39415,39105,39220,42622
1729009800,39225,39285,39040,39055,17735
1729013400,39050,39110,38975,38990,16520
1729017000,38990,39015,38830,38910,13451
1729020600,38915,38970,38845,38950,9237
1729024200,38950,38980,38925,38980,2535
1729035000,39120,39275,38885,39245,92630
1729038600,39245,39340,39190,39220,49218
1729042200,39225,39270,39125,39135,39285
1729045800,39130,39215,39070,39180,22724
1729049400,39185,39280,39085,39200,43626
1729053000,39200,39290,39160,39200,33781
1729056600,39200,39300,39090,39190,50737
1729063800,39135,39270,39125,39225,23526
1729067400,39230,39245,39140,39170,12677
1729071000,39170,39225,39135,39225,8813
1729074600,39225,39270,39210,39260,7369
1729078200,39255,39260,39205,39250,8639
1729081800,39245,39395,39220,39330,19650
1729085400,39330,39435,39110,39395,42839
1729089000,39400,39440,39290,39380,20081
1729092600,39380,39405,39320,39390,8786
1729096200,39390,39415,39350,39365,5803
1729099800,39365,39500,39365,39495,7409
1729103400,39495,39520,39420,39485,6119
1729107000,39485,39490,39415,39435,4734
1729110600,39435,39455,39435,39450,1577
1729121400,39410,39435,39165,39310,61259
1729125000,39310,39340,38960,39000,57843
1729128600,39000,39065,38965,38975,32383
1729132200,38975,39010,38785,38990,27511
1729135800,38985,39055,38945,38960,25993
1729139400,38965,39050,38945,38980,19116
1729143000,38985,39190,38955,39100,59556
1729150200,39185,39280,39165,39265,22940
1729153800,39265,39335,39245,39265,12988
1729157400,39265,39265,39165,39245,9177
1729161000,39250,39270,39205,39215,7007
1729164600,39215,39265,39175,39225,9029
1729168200,39235,39440,39235,39380,34382
1729171800,39380,39385,39130,39190,45656
1729175400,39190,39295,39150,39275,16924
1729179000,39280,39365,39265,39330,9612
1729182600,39325,39330,39260,39260,6532
1729186200,39260,39305,39195,39200,5922
1729189800,39200,39260,39165,39210,4166
1729193400,39205,39240,39175,39210,3708
1729197000,39205,39250,39205,39250,1797
1729207800,39325,39325,39050,39055,58626
1729211400,39050,39145,38985,39010,45789
1729215000,39010,39100,39010,39090,29648
1729218600,39095,39160,39040,39070,14506
1729222200,39065,39090,38920,38945,31397
1729225800,38945,39025,38920,38980,22075
1729229400,38985,39050,38980,39010,28189
1729236600,39110,39195,39095,39180,13768
1729240200,39180,39200,39120,39165,8957
1729243800,39165,39185,39005,39180,15272
1729247400,39180,39260,39165,39255,12494
1729251000,39255,39290,39225,39245,10082
1729254600,39245,39250,39165,39185,14974
1729258200,39185,39250,39115,39190,28390
1729261800,39190,39200,39085,39135,14335
1729265400,39135,39150,39055,39080,7974
1729269000,39080,39190,39040,39160,8721
1729272600,39165,39190,39115,39165,4000
1729276200,39170,39180,39125,39165,3361
1729279800,39165,39190,39130,39175,3018
1729283400,39170,39195,39170,39195,2155
1729467000,39060,39125,38795,38900,61376
1729470600,38895,39080,38870,39015,54691
1729474200,39015,39145,38975,39135,27701
1729477800,39135,39140,39015,39050,16202
1729481400,39045,39130,39010,39090,24338
1729485000,39090,39130,39035,39070,17104
1729488600,39075,39075,39005,39020,24910
1729495800,39090,39220,39065,39165,16618
1729499400,39170,39215,39105,39125,7728
1729503000,39125,39170,39060,39145,8236
1729506600,39145,39155,38970,38985,13338
1729510200,38985,39045,38975,39025,8149
1729513800,39025,39100,38995,39075,9199
1729517400,39080,39165,39005,39020,26312
1729521000,39015,39020,38760,38760,27706
1729524600,38760,38950,38740,38905,14353
1729528200,38910,39040,38890,39025,5901
1729531800,39030,39060,38975,38990,4013
1729535400,38985,39050,38950,39035,2856
1729539000,39035,39075,38990,39070,3436
1729542600,39065,39160,39060,39145,2959
1729553400,39050,39055,38855,38950,53918
1729557000,38950,38950,38205,38450,132007
1729560600,38445,38515,38405,38430,38984
1729564200,38425,38480,38360,38455,15117
1729567800,38455,38520,38435,38480,25344
1729571400,38475,38490,38400,38480,24242
1729575000,38480,38545,38405,38430,46068
1729582200,38530,38605,38460,38500,21087
1729585800,38495,38520,38290,38295,17944
1729589400,38295,38350,38240,38265,14620
1729593000,38260,38355,38245,38330,10884
1729596600,38325,38360,38285,38320,9616
1729600200,38320,38340,38230,38300,12817
1729603800,38300,38420,38255,38255,29783
1729607400,38260,38335,38230,38265,12847
1729611000,38260,38300,38235,38255,6502
1729614600,38255,38370,38245,38365,7066
1729618200,38365,38420,38305,38320,6960
1729621800,38325,38360,38280,38360,3743
1729625400,38360,38420,38345,38360,4613
1729629000,38360,38375,38300,38300,1913
1729639800,38315,38545,38315,38510,58123
1729643400,38505,38515,38390,38400,44846
1729647000,38395,38450,38305,38325,31775
1729650600,38325,38395,38315,38325,9984
1729654200,38320,38320,37990,38120,58014
1729657800,38120,38200,38095,38140,27932
1729661400,38140,38150,38070,38070,32900
1729668600,38170,38205,38075,38170,18343
1729672200,38170,38175,38015,38125,13947
1729675800,38130,38160,38060,38060,9538
1729679400,38060,38080,38015,38050,10652
1729683000,38050,38085,37940,37980,20252
1729686600,37980,37995,37855,37905,22883
1729690200,37900,38020,37850,38015,33500
1729693800,38015,38045,37795,37810,21769
1729697400,37815,37935,37810,37855,13356
1729701000,37855,37925,37740,37765,13070
1729704600,37765,37805,37645,37670,12900
1729708200,37665,37835,37665,37815,9225
1729711800,37815,37910,37800,37900,6585
1729715400,37905,37920,37865,37865,1962
1729726200,37840,37905,37730,37850,58842
1729729800,37850,38355,37845,38265,76702
1729733400,38265,38310,38125,38150,41213
1729737000,38155,38270,38125,38265,14841
1729740600,38270,38300,38075,38095,37184
1729744200,38095,38240,38030,38160,32714
1729747800,38160,38235,38125,38155,34335
1729755000,38230,38310,38155,38195,18516
1729758600,38195,38200,38100,38110,10143
1729762200,38110,38160,38075,38140,7908
1729765800,38140,38145,38085,38120,7223
1729769400,38120,38185,38050,38050,10617
1729773000,38055,38165,37950,38040,27171
1729776600,38040,38170,37995,38005,36090
1729780200,38000,38070,37875,37935,27524
1729783800,37935,37955,37845,37915,16398
1729787400,37915,38040,37910,38005,8376
1729791000,38005,38035,37935,38015,5886
1729794600,38015,38110,38010,38090,5582
1729798200,38090,38125,38040,38100,4969
1729801800,38100,38100,38060,38095,2006
1729812600,38065,38070,37835,37840,58454
1729816200,37840,37940,37825,37905,42941
1729819800,37900,37920,37755,37795,39944
1729823400,37795,37895,37795,37855,17390
1729827000,37855,37915,37730,37825,33606
1729830600,37825,37875,37760,37860,27811
1729834200,37860,38010,37840,38010,35942
1729841400,37960,38160,37945,38135,24699
1729845000,38135,38225,38095,38220,12860
1729848600,38220,38225,38165,38180,7993
1729852200,38185,38195,38070,38115,11782
1729855800,38110,38240,38095,38215,11684
1729859400,38215,38250,38170,38215,11742
1729863000,38215,38350,38210,38340,26328
1729866600,38340,38380,38155,38160,20271
1729870200,38165,38235,38125,38230,12381
1729873800,38230,38235,38055,38085,9574
1729877400,38080,38110,37970,38090,15549
1729881000,38090,38105,38030,38060,6972
1729884600,38060,38115,38055,38090,4994
1729888200,38085,38100,38045,38060,2764
1730071800,37565,38690,37500,38580,176784
1730075400,38580,38670,38370,38565,89001
1730079000,38570,38630,38455,38480,44211
1730082600,38485,38630,38435,38570,18595
1730086200,38570,38645,38470,38595,44891
1730089800,38600,38770,38585,38680,40867
1730093400,38675,38695,38590,38665,44769
1730100600,38705,38760,38565,38655,25479
1730104200,38650,38670,38460,38470,17042
1730107800,38465,38490,38330,38375,18784
1730111400,38380,38395,38265,38375,17685
1730115000,38370,38370,38275,38320,11333
1730118600,38315,38480,38310,38435,16838
1730122200,38435,38540,38375,38515,23619
1730125800,38515,38635,38470,38635,15056
1730129400,38635,38730,38545,38685,18228
1730133000,38685,38690,38575,38640,7408
1730136600,38640,38675,38595,38645,3832
1730140200,38640,38675,38595,38650,4802
1730143800,38650,38665,38595,38630,3697
1730147400,38635,38650,38585,38635,2506
1730158200,38595,38675,38425,38665,69559
1730161800,38670,38910,38575,38870,71452
1730165400,38875,38925,38775,38835,43631
1730169000,38840,38970,38800,38910,23405
1730172600,38910,38915,38770,38840,36035
1730176200,38845,38920,38815,38865,29025
1730179800,38865,38970,38840,38970,33269
1730187000,39085,39160,38995,39075,29286
1730190600,39075,39200,39075,39160,24157
1730194200,39160,39210,39110,39140,14359
1730197800,39140,39150,39060,39085,10468
1730201400,39080,39165,39065,39150,10465
1730205000,39150,39165,39030,39045,13311
1730208600,39055,39070,38880,38955,46105
1730212200,38950,39105,38930,39095,19272
1730215800,39100,39160,39075,39110,13107
1730219400,39115,39235,39100,39190,11773
1730223000,39195,39240,39170,39230,6504
1730226600,39230,39290,39205,39275,5822
1730230200,39270,39275,39145,39185,7984
1730233800,39185,39220,39170,39220,1852
1730244600,39170,39325,39120,39315,62572
1730248200,39310,39340,39195,39290,51151
1730251800,39295,39410,39285,39410,37274
1730255400,39405,39455,39355,39435,23109
1730259000,39435,39435,39315,39320,32141
1730262600,39320,39365,39275,39350,28616
1730266200,39350,39490,39230,39490,61561
1730273400,39550,39730,39520,39590,36252
1730277000,39590,39655,39435,39650,30417
1730280600,39650,39665,39465,39505,17366
1730284200,39505,39505,39390,39415,18723
1730287800,39415,39505,39355,39425,19700
1730291400,39435,39500,39340,39355,20203
1730295000,39355,39470,39250,39455,36177
1730298600,39460,39465,39325,39415,18073
1730302200,39415,39445,39300,39315,11996
1730305800,39310,39455,39290,39435,10832
1730309400,39435,39435,39240,39340,11388
1730313000,39330,39380,39275,39320,4739
1730316600,39315,39335,39250,39300,9644
1730320200,39300,39310,39275,39275,1985
1730331000,39230,39275,39035,39090,70395
1730334600,39085,39175,39005,39105,56406
1730338200,39110,39170,39050,39125,32089
1730341800,39125,39215,39060,39060,26476
1730345400,39065,39160,38860,38885,66607
1730349000,38890,39075,38840,39040,52516
1730352600,39045,39195,39045,39060,63970
1730359800,38820,38940,38435,38515,61943
1730363400,38515,38670,38435,38655,24284
1730367000,38655,38700,38600,38645,15174
1730370600,38645,38785,38630,38760,14096
1730374200,38760,38795,38675,38735,12619
1730377800,38730,38785,38625,38730,18842
1730381400,38730,38730,38385,38400,42093
1730385000,38400,38420,38190,38255,36025
1730388600,38250,38315,38125,38270,21974
1730392200,38265,38395,38245,38275,10885
1730395800,38270,38280,38135,38235,11904
1730399400,38235,38320,38120,38265,13364
1730403000,38265,38395,38245,38355,11189
1730406600,38355,38380,38305,38350,3096
1730417400,38390,38430,38125,38365,85521
1730421000,38370,38450,38285,38325,60401
1730424600,38325,38325,38180,38210,43832
1730428200,38205,38220,38075,38200,31567
1730431800,38200,38275,38170,38210,41565
1730435400,38215,38260,38100,38130,36136
1730439000,38130,38165,37950,38125,92366
1730446200,38060,38300,38005,38300,31767
1730449800,38300,38360,38235,38345,15691
1730453400,38345,38345,38290,38335,8243
1730457000,38340,38385,38315,38380,8701
1730460600,38385,38415,38335,38365,9583
1730464200,38365,38370,38135,38350,39898
1730467800,38345,38620,38300,38585,44691
1730471400,38590,38680,38440,38665,35302
1730475000,38665,38745,38620,38735,21818
1730478600,38730,38790,38580,38655,21424
1730482200,38660,38660,38510,38565,12762
1730485800,38560,38645,38545,38575,6369
1730489400,38575,38620,38520,38590,7046
1730493000,38590,38600,38555,38600,2322
1730763000,38480,38490,38165,38295,62358
1730766600,38295,38510,38295,38470,41567
1730770200,38470,38600,38455,38490,36116
1730773800,38495,38595,38485,38590,16060
1730777400,38585,38635,38480,38610,34052
1730781000,38615,38640,38520,38570,31503
1730784600,38575,38645,38500,38555,34459
1730788200,38555,38675,38545,38660,22253
1730793600,38640,38680,38565,38645,14784
1730797200,38645,38675,38595,38615,10026
1730800800,38615,38645,38545,38625,7641
1730804400,38625,38650,38585,38590,5630
1730808000,38590,38650,38585,38645,6844
1730811600,38645,38660,38575,38580,7273
1730815200,38580,38845,38545,38840,26596
1730818800,38850,38975,38850,38955,32826
1730822400,38955,39110,38925,39105,18645
1730826000,39100,39105,39010,39035,8100
1730829600,39040,39040,38915,38980,9109
1730833200,38975,39055,38910,38940,7817
1730836800,38935,38965,38900,38940,7321
1730840400,38980,38980,38980,38980,1035
1730847600,38950,39010,38785,38805,18100
1730851200,38810,38990,38690,38960,101625
1730854800,38955,39085,38950,39085,72243
1730858400,39080,39715,39070,39695,119769
1730862000,39700,39855,39445,39555,165968
1730865600,39560,39580,39305,39345,111448
1730869200,39340,39475,39155,39455,105790
1730872800,39450,39785,39350,39700,77879
1730880000,39790,40175,39790,40105,69574
1730883600,40100,40115,39905,40080,38700
1730887200,40080,40140,39955,39985,30814
1730890800,39985,40035,39700,39800,32178
1730894400,39805,40130,39775,40110,34549
1730898000,40115,40120,39840,39935,35020
1730901600,39935,39980,39435,39545,69429
1730905200,39550,39735,39460,39610,55664
1730908800,39615,39705,39540,39680,22321
1730912400,39680,39800,39640,39795,11189
1730916000,39795,39940,39770,39925,10384
1730919600,39925,40005,39820,39855,12139
1730923200,39855,40030,39830,39990,10239
1730926800,40030,40030,40030,40030,1154
1730934000,39990,39995,39790,39830,21243
1730937600,39830,39935,39230,39315,138126
1730941200,39320,39405,39035,39360,89620
1730944800,39365,39430,39245,39420,33828
1730948400,39420,39510,39340,39375,45265
1730952000,39380,39400,39265,39335,36650
1730955600,39335,39410,39320,39405,37841
1730959200,39405,39425,39240,39240,43430
1730966400,39170,39390,39165,39385,32414
1730970000,39380,39415,39300,39305,22900
1730973600,39305,39345,39265,39340,11236
1730977200,39340,39365,39255,39325,9271
1730980800,39325,39370,39305,39325,11468
1730984400,39330,39390,39295,39310,13466
1730988000,39315,39505,39295,39485,32194
1730991600,39485,39530,39395,39480,27751
1730995200,39485,39495,39330,39470,15565
1730998800,39465,39535,39450,39530,8026
1731002400,39535,39560,39445,39480,7980
1731006000,39475,39620,39440,39615,13744
1731009600,39615,39700,39540,39680,15110
1731013200,39685,39685,39685,39685,1129
1731020400,39655,39945,39615,39845,26254
1731024000,39850,39930,39555,39700,95637
1731027600,39700,39710,39455,39470,51188
1731031200,39465,39545,39425,39515,29192
1731034800,39515,39545,39450,39510,24548
1731038400,39505,39515,39395,39450,29795
1731042000,39450,39575,39415,39520,38836
1731045600,39520,39685,39420,39500,54687
1731052800,39530,39530,39250,39250,35362
1731056400,39255,39310,39165,39165,20312
1731060000,39165,39170,38955,39015,31040
1731063600,39015,39140,38990,39115,18125
1731067200,39120,39145,39070,39110,11461
1731070800,39105,39170,39080,39120,12981
1731074400,39125,39185,39080,39150,19003
1731078000,39150,39175,39040,39145,20196
1731081600,39140,39210,39100,39125,14713
1731085200,39120,39185,39070,39170,8045
1731088800,39175,39190,39080,39130,8556
1731092400,39125,39220,39115,39165,4552
1731096000,39170,39185,39110,39165,4694
1731099600,39135,39135,39135,39135,1138
1731279600,39200,39375,39190,39360,18457
1731283200,39360,39625,39360,39535,93065
1731286800,39530,39540,39390,39445,39822
1731290400,39445,39450,39330,39415,32351
1731294000,39420,39480,39395,39435,25538
1731297600,39430,39550,39430,39495,32268
1731301200,39490,39555,39460,39490,29201
1731304800,39490,39600,39475,39550,36295
1731312000,39610,39705,39570,39630,25308
1731315600,39630,39665,39555,39595,12796
1731319200,39600,39625,39550,39555,6878
1731322800,39555,39625,39550,39610,8004
1731326400,39615,39795,39615,39740,21912
1731330000,39745,39790,39710,39745,12710
1731333600,39740,39775,39595,39630,24820
1731337200,39635,39815,39625,39800,19643
1731340800,39800,39820,39695,39735,11562
1731344400,39730,39755,39675,39680,4632
1731348000,39680,39690,39565,39680,8313
1731351600,39685,39695,39640,39695,2661
1731355200,39700,39725,39625,39630,4824
1731358800,39615,39615,39615,39615,1090
1731366000,39610,39735,39585,39720,14306
1731369600,39715,39825,39570,39735,92052
1731373200,39740,39880,39675,39805,49224
1731376800,39800,39850,39335,39480,72917
1731380400,39480,39605,39380,39385,48155
1731384000,39390,39455,39170,39225,73144
1731387600,39220,39310,39140,39280,46440
1731391200,39280,39435,39280,39410,45577
1731398400,39500,39540,39390,39495,23494
1731402000,39495,39525,39435,39445,12953
1731405600,39445,39460,39315,39365,14576
1731409200,39370,39425,39365,39410,8719
1731412800,39415,39460,39345,39365,12665
1731416400,39370,39510,39345,39510,12849
1731420000,39505,39540,39440,39485,17913
1731423600,39490,39495,39280,39295,22690
1731427200,39295,39300,39050,39065,24514
1731430800,39060,39155,39000,39010,14114
1731434400,39015,39200,38995,39180,9367
1731438000,39175,39280,39175,39245,5120
1731441600,39245,39335,39215,39305,5112
1731445200,39270,39270,39270,39270,824
1731452400,39195,39345,39185,39340,12891
1731456000,39345,39400,39060,39100,89786
1731459600,39100,39110,38820,38940,86054
1731463200,38940,39070,38875,39060,41426
1731466800,39060,39160,39025,39035,46427
1731470400,39030,39070,38850,38855,37582
1731474000,38860,38880,38615,38730,69983
1731477600,38725,38845,38610,38650,61395
1731484800,38720,38895,38655,38895,23738
1731488400,38890,38935,38835,38925,12802
1731492000,38925,38940,38805,38875,12259
1731495600,38880,38905,38795,38800,8175
1731499200,38800,38860,38770,38780,12203
1731502800,38780,38920,38720,38765,27164
1731506400,38760,38800,38620,38670,29412
1731510000,38670,38680,38490,38655,33910
1731513600,38650,38865,38650,38865,19359
1731517200,38860,38985,38850,38970,13063
1731520800,38970,38970,38890,38955,10425
1731524400,38955,38955,38825,38845,9204
1731528000,38840,38990,38805,38955,9117
1731531600,38985,38985,38985,38985,1059
1731538800,38920,39015,38895,38920,14947
1731542400,38920,39105,38825,39055,80414
1731546000,39055,39075,38745,38765,60672
1731549600,38760,38825,38630,38775,42095
1731553200,38770,38835,38740,38780,25251
1731556800,38775,38840,38710,38735,31907
1731560400,38735,38800,38580,38655,44228
1731564000,38660,38725,38505,38590,41283
1731571200,38660,38845,38625,38825,33670
1731574800,38820,38910,38810,38830,21244
1731578400,38830,38880,38810,38815,9062
1731582000,38815,38865,38765,38850,9669
1731585600,38845,38905,38830,38870,10264
1731589200,38875,38950,38850,38920,15822
1731592800,38915,38960,38790,38910,23784
1731596400,38910,39025,38850,38990,28128
1731600000,38995,39040,38915,38955,12968
1731603600,38960,38975,38815,38915,11256
1731607200,38910,38990,38885,38905,5353
1731610800,38905,39045,38905,39025,6356
1731614400,39030,39035,38915,38960,10340
1731618000,38980,38980,38980,38980,1560
1731625200,38910,38965,38770,38775,19088
1731628800,38775,39130,38750,39045,105272
1731632400,39040,39050,38775,38855,62671
1731636000,38850,38915,38805,38900,23072
1731639600,38900,38940,38860,38890,25757
1731643200,38890,38910,38830,38870,26701
1731646800,38870,38895,38770,38830,30860
1731650400,38830,38830,38605,38670,41520
1731657600,38570,38590,38435,38560,36577
1731661200,38560,38610,38490,38530,15528
1731664800,38535,38565,38460,38555,12066
1731668400,38560,38620,38540,38605,9859
1731672000,38605,38635,38565,38575,8435
1731675600,38575,38595,38440,38470,21445
1731679200,38470,38500,38325,38400,33459
1731682800,38395,38405,38055,38110,43660
1731686400,38110,38190,37995,38015,25190
1731690000,38015,38015,37860,37915,18933
1731693600,37910,37925,37770,37815,13489
1731697200,37815,38010,37810,37960,11631
1731700800,37955,38065,37945,38060,9685
1731704400,38035,38035,38035,38035,1058
1731884400,38090,38265,38005,38230,21727
1731888000,38230,38435,38135,38380,93854
1731891600,38380,38580,38335,38375,73293
1731895200,38375,38430,38300,38355,26086
1731898800,38355,38400,38240,38255,26496
1731902400,38250,38330,38230,38315,28817
1731906000,38315,38320,38230,38280,28447
1731909600,38280,38290,38195,38260,39212
1731916800,38195,38335,38160,38330,25300
1731920400,38330,38335,38175,38230,17500
1731924000,38230,38320,38220,38310,8045
1731927600,38310,38320,38180,38230,9786
1731931200,38225,38290,38220,38275,7442
1731934800,38275,38295,38140,38235,14287
1731938400,38230,38280,38165,38230,16718
1731942000,38235,38500,38215,38500,21662
1731945600,38500,38535,38355,38380,17422
1731949200,38380,38465,38360,38460,10835
1731952800,38455,38485,38310,38415,8610
1731956400,38410,38430,38315,38370,4239
1731960000,38365,38400,38335,38360,3792
1731963600,38315,38315,38315,38315,949
1731970800,38330,38380,38240,38370,11807
1731974400,38370,38520,38300,38340,71565
1731978000,38340,38410,38260,38400,34112
1731981600,38395,38490,38380,38475,25681
1731985200,38475,38575,38440,38510,31936
1731988800,38510,38585,38475,38520,28362
1731992400,38515,38515,38360,38400,33284
1731996000,38400,38455,38345,38420,34549
1732003200,38415,38455,37890,38120,58701
1732006800,38115,38185,37790,37900,56947
1732010400,37900,37955,37750,37940,24910
1732014000,37940,38010,37840,38005,17133
1732017600,38005,38080,38000,38045,16446
1732021200,38040,38040,37730,37740,31879
1732024800,37745,38005,37705,37905,48313
1732028400,37905,38125,37875,38080,28653
1732032000,38085,38260,38060,38195,23851
1732035600,38195,38280,38130,38250,17580
1732039200,38255,38385,38230,38375,9606
1732042800,38375,38380,38240,38265,7736
1732046400,38265,38335,38245,38265,7434
1732050000,38270,38270,38270,38270,965
1732057200,38360,38435,38290,38430,14539
1732060800,38435,38540,38405,38425,77664
1732064400,38420,38440,38210,38265,50467
1732068000,38265,38330,38220,38295,21590
1732071600,38290,38315,38185,38235,22392
1732075200,38240,38360,38225,38350,22829
1732078800,38355,38395,38270,38320,27426
1732082400,38320,38440,38290,38440,28375
1732089600,38480,38525,38385,38385,22284
1732093200,38385,38505,38350,38390,15362
1732096800,38390,38420,38325,38360,8930
1732100400,38355,38385,38300,38375,9032
1732104000,38375,38415,38350,38405,7958
1732107600,38405,38425,38340,38365,8464
1732111200,38370,38370,38025,38030,42503
1732114800,38030,38175,37850,38145,37457
1732118400,38145,38185,37910,38150,23158
1732122000,38145,38175,38010,38060,11840
1732125600,38055,38120,38000,38065,10130
1732129200,38065,38120,38005,38075,5081
1732132800,38075,38300,38060,38285,11414
1732136400,38280,38280,38280,38280,780
1732143600,38250,38320,38190,38315,12961
1732147200,38320,38385,38005,38055,78148
1732150800,38055,38155,38030,38075,38689
1732154400,38070,38105,37950,37985,22542
1732158000,37980,38115,37975,37985,31915
1732161600,37985,38060,37955,38025,26653
1732165200,38025,38140,38010,38085,29079
1732168800,38080,38080,37980,38040,37756
1732176000,38030,38055,37795,37885,43213
1732179600,37885,37890,37705,37850,32561
1732183200,37845,37895,37805,37885,15922
1732186800,37880,38035,37880,37995,20703
1732190400,38000,38135,37965,38010,23646
1732194000,38010,38155,38005,38060,25453
1732197600,38065,38185,37830,37960,56868
1732201200,37960,38155,37860,38145,49496
1732204800,38150,38265,38105,38190,25370
1732208400,38195,38305,38140,38260,14618
1732212000,38260,38340,38255,38295,7821
1732215600,38295,38305,38195,38220,5647
1732219200,38215,38255,38180,38190,4310
1732222800,38225,38225,38225,38225,1143
1732230000,38250,38260,38145,38200,14162
1732233600,38200,38335,38085,38290,84080
1732237200,38290,38390,38290,38360,40712
1732240800,38360,38520,38345,38460,33139
1732244400,38455,38490,38295,38370,38195
1732248000,38370,38430,38320,38330,34979
1732251600,38335,38415,38320,38340,32907
1732255200,38345,38400,38295,38340,38922
1732262400,38345,38495,38305,38315,26124
1732266000,38315,38320,38050,38175,38801
1732269600,38175,38210,38040,38180,19713
1732273200,38175,38215,38145,38200,9399
1732276800,38200,38290,38195,38275,13187
1732280400,38275,38330,38210,38235,15420
1732284000,38240,38515,38220,38490,33506
1732287600,38490,38530,38375,38530,33628
1732291200,38530,38535,38385,38465,20333
1732294800,38460,38540,38420,38525,11658
1732298400,38525,38585,38505,38550,10499
1732302000,38550,38575,38490,38565,7334
1732305600,38565,38575,38450,38570,9922
1732309200,38585,38585,38585,38585,1381
1732489200,38730,38855,38705,38760,18805
1732492800,38760,39065,38680,39045,98707
1732496400,39045,39080,38830,38845,56160
1732500000,38845,38895,38795,38840,29119
1732503600,38835,38835,38685,38735,33800
1732507200,38735,38885,38720,38855,30740
1732510800,38855,38980,38850,38940,35851
1732514400,38940,38940,38710,38740,64935
1732521600,38740,38795,38650,38730,24508
1732525200,38730,38785,38700,38730,11490
1732528800,38730,38765,38710,38730,6724
1732532400,38730,38740,38680,38710,6786
1732536000,38715,38735,38675,38705,8533
1732539600,38705,38865,38680,38840,19455
1732543200,38840,38875,38705,38725,35278
1732546800,38725,38850,38630,38835,33081
1732550400,38835,38860,38710,38725,16682
1732554000,38725,38760,38645,38750,10615
1732557600,38750,38840,38750,38825,9818
1732561200,38820,38840,38770,38810,10038
1732564800,38815,38815,38780,38805,3969
1732568400,38815,38815,38815,38815,856
1732575600,38710,38730,38445,38580,35502
1732579200,38580,38580,38200,38215,120975
1732582800,38215,38260,38025,38245,85127
1732586400,38245,38385,38225,38270,40804
1732590000,38270,38340,38230,38260,38730
1732593600,38260,38270,38160,38210,31603
1732597200,38210,38270,38170,38250,29473
1732600800,38250,38485,38205,38485,56221
1732608000,38395,38400,38230,38335,38686
1732611600,38340,38445,38335,38415,17425
1732615200,38415,38470,38345,38415,12476
1732618800,38415,38525,38400,38505,14028
1732622400,38500,38505,38405,38490,20843
1732626000,38485,38500,38380,38455,18183
1732629600,38455,38515,38380,38390,24182
1732633200,38390,38405,38285,38325,28170
1732636800,38325,38380,38295,38330,12789
1732640400,38330,38335,38255,38335,7753
1732644000,38335,38355,38300,38320,7896
1732647600,38315,38320,38260,38290,4887
1732651200,38295,38365,38285,38345,8940
1732654800,38325,38325,38325,38325,1139
1732662000,38370,38440,38250,38260,16115
1732665600,38260,38340,38200,38295,75382
1732669200,38300,38320,38075,38100,49634
1732672800,38095,38190,38085,38135,33806
1732676400,38130,38180,38080,38165,32250
1732680000,38165,38175,38065,38085,26863
1732683600,38085,38115,37995,38070,40876
1732687200,38075,38155,38030,38100,41255
1732694400,38105,38110,37905,38040,34168
1732698000,38040,38065,37890,37955,19277
1732701600,37960,37970,37900,37945,11542
1732705200,37940,37960,37885,37950,9197
1732708800,37950,38035,37905,38005,14407
1732712400,38015,38090,38010,38065,18177
1732716000,38060,38125,37965,38055,21610
1732719600,38050,38095,37840,37865,25849
1732723200,37865,37915,37730,37740,20844
1732726800,37735,37740,37645,37670,15866
1732730400,37670,37760,37640,37735,7435
1732734000,37735,37760,37680,37730,4848
1732737600,37735,37795,37715,37795,5961
1732741200,37800,37800,37800,37800,914
1732748400,37880,37945,37835,37905,17404
1732752000,37910,38090,37795,38050,87936
1732755600,38050,38390,38020,38295,79657
1732759200,38295,38375,38205,38325,42500
1732762800,38325,38470,38290,38370,42564
1732766400,38370,38490,38365,38460,36442
1732770000,38460,38485,38365,38370,32663
1732773600,38370,38400,38255,38380,47341
1732780800,38370,38435,38320,38410,15715
1732784400,38415,38430,38385,38425,8375
1732788000,38420,38440,38370,38390,9054
1732791600,38385,38390,38340,38365,6202
1732795200,38365,38370,38315,38340,6286
1732798800,38340,38350,38290,38300,7086
1732802400,38300,38415,38295,38390,11210
1732806000,38395,38400,38305,38325,9263
1732809600,38325,38350,38280,38290,6471
1732813200,38290,38320,38285,38295,1869
1732816800,38295,38300,38240,38285,3074
1732820400,38290,38300,38270,38290,646
1732824000,38290,38325,38285,38325,980
1732827600,38300,38300,38300,38300,622
1732834800,38240,38270,38150,38215,16313
1732838400,38220,38240,37985,38020,89684
1732842000,38015,38165,37985,38120,53288
1732845600,38115,38245,38115,38200,41127
1732849200,38200,38280,38150,38160,36665
1732852800,38160,38195,38115,38175,38942
1732856400,38175,38245,38175,38195,36820
1732860000,38195,38215,38145,38170,38322
1732867200,38090,38170,38070,38115,22096
1732870800,38115,38145,38070,38115,10631
1732874400,38115,38175,38050,38090,17652
1732878000,38085,38155,38030,38150,15710
1732881600,38150,38165,38095,38120,12770
1732885200,38120,38155,38000,38020,16640
1732888800,38015,38155,38015,38145,20439
1732892400,38145,38365,38135,38345,30503
1732896000,38345,38460,38345,38415,26214
1732899600,38420,38420,38255,38295,29048
1732903200,38290,38300,38255,38260,4271
1732906800,38260,38265,38205,38235,2361
1732910400,38235,38240,38165,38190,2880
1732914000,38175,38175,38175,38175,1010
1733094000,38190,38280,38150,38160,13572
1733097600,38165,38375,37950,37985,108110
1733101200,37985,38115,37960,38095,46937
1733104800,38095,38320,38085,38300,49217
1733108400,38300,38355,38235,38325,40473
1733112000,38325,38550,38315,38460,74094
1733115600,38460,38560,38390,38530,52325
1733119200,38535,38535,38415,38470,41496
1733126400,38440,38465,38380,38440,17149
1733130000,38440,38520,38405,38510,10063
1733133600,38505,38545,38470,38475,9214
1733137200,38480,38550,38480,38545,10047
1733140800,38545,38665,38535,38615,22324
1733144400,38615,38690,38560,38585,20302
1733148000,38585,38600,38490,38540,33720
1733151600,38540,38680,38470,38575,28141
1733155200,38575,38635,38500,38505,23077
1733158800,38510,38595,38500,38580,9874
1733162400,38585,38710,38565,38705,8589
1733166000,38705,38710,38635,38665,4531
1733169600,38670,38680,38610,38610,4309
1733173200,38620,38620,38620,38620,827
1733180400,38690,38725,38590,38665,17104
1733184000,38665,39065,38665,39030,114515
1733187600,39025,39185,38870,39155,66247
1733191200,39150,39225,39115,39125,39204
1733194800,39125,39365,39115,39335,46039
1733198400,39335,39430,39325,39380,44057
1733202000,39385,39425,39295,39325,48550
1733205600,39320,39360,39150,39150,61756
1733212800,39200,39420,39195,39315,40404
1733216400,39310,39320,39220,39245,17316
1733220000,39245,39285,39225,39230,8238
1733223600,39230,39235,39155,39210,13383
1733227200,39210,39230,39160,39175,9934
1733230800,39175,39215,38960,38965,29206
1733234400,38965,39060,38905,39000,39530
1733238000,38990,39075,38850,39060,38928
1733241600,39060,39180,38975,39025,30127
1733245200,39030,39185,39025,39170,10091
1733248800,39175,39200,39130,39195,8653
1733252400,39195,39295,39150,39290,6789
1733256000,39285,39295,39200,39245,5377
1733259600,39245,39245,39245,39245,826
1733266800,39210,39350,39170,39305,18983
1733270400,39310,39425,39150,39180,88226
1733274000,39180,39225,39080,39165,42460
1733277600,39170,39190,39040,39100,31105
1733281200,39105,39270,39035,39255,36878
1733284800,39255,39300,39215,39285,29186
1733288400,39285,39380,39260,39330,35835
1733292000,39335,39390,39215,39280,33338
1733299200,39360,39520,39350,39510,31840
1733302800,39505,39615,39480,39555,22218
1733306400,39560,39615,39540,39615,8756
1733310000,39620,39670,39605,39655,12748
1733313600,39655,39700,39645,39685,10405
1733317200,39685,39755,39660,39745,15473
1733320800,39740,39775,39610,39625,18140
1733324400,39625,39655,39515,39570,28792
1733328000,39570,39590,39495,39555,11113
1733331600,39550,39585,39475,39565,10635
1733335200,39570,39580,39440,39530,8159
1733338800,39530,39600,39505,39585,7569
1733342400,39590,39675,39585,39655,6652
1733346000,39630,39630,39630,39630,921
1733353200,39605,39685,39565,39650,17511
1733356800,39650,39660,39420,39440,64055
1733360400,39440,39600,39430,39525,39839
1733364000,39530,39570,39450,39490,22575
1733367600,39490,39520,39430,39470,26346
1733371200,39475,39475,39355,39450,35905
1733374800,39450,39455,39325,39430,40156
1733378400,39430,39485,39340,39390,43929
1733385600,39430,39565,39415,39545,21600
1733389200,39540,39560,39440,39505,12176
1733392800,39505,39555,39425,39430,14420
1733396400,39430,39465,39410,39425,7641
1733400000,39430,39535,39430,39525,10102
1733403600,39520,39635,39515,39620,17866
1733407200,39625,39635,39530,39555,22578
1733410800,39555,39610,39465,39485,18792
1733414400,39485,39550,39450,39500,16261
1733418000,39505,39525,39465,39485,5519
1733421600,39485,39500,39375,39405,9166
1733425200,39405,39450,39365,39425,5197
1733428800,39420,39445,39345,39355,5091
1733432400,39340,39340,39340,39340,748
1733439600,39325,39440,39310,39370,12449
1733443200,39375,39475,39085,39165,90446
1733446800,39160,39200,39045,39060,44105
1733450400,39055,39080,39000,39035,36509
1733454000,39035,39105,38990,39015,32040
1733457600,39015,39045,38935,39020,38568
1733461200,39020,39085,39000,39050,27402
1733464800,39045,39125,39030,39030,37337
1733472000,39110,39240,39095,39230,19965
1733475600,39225,39275,39200,39250,11096
1733479200,39260,39280,39220,39240,8252
1733482800,39245,39260,39210,39240,6273
1733486400,39240,39280,39225,39255,6581
1733490000,39260,39335,39155,39205,21299
1733493600,39210,39255,39145,39225,24424
1733497200,39225,39310,39185,39270,15649
1733500800,39270,39300,39215,39245,9693
1733504400,39250,39300,39205,39265,4864
1733508000,39260,39355,39255,39325,7100
1733511600,39325,39330,39275,39310,4107
1733515200,39310,39380,39300,39365,4687
1733518800,39350,39350,39350,39350,1102
1733698800,39375,39450,39315,39315,14681
1733702400,39315,39350,38975,39115,93971
1733706000,39120,39330,39120,39220,51379
1733709600,39220,39265,39140,39170,32365
1733713200,39175,39240,39150,39160,24602
1733716800,39165,39185,39080,39105,21609
1733720400,39100,39145,39060,39110,27038
1733724000,39110,39210,39110,39210,29361
1733731200,39320,39415,39310,39385,24844
1733734800,39380,39395,39315,39335,11887
1733738400,39340,39365,39305,39335,11060
1733742000,39335,39355,39280,39340,10231
1733745600,39340,39425,39325,39415,12952
1733749200,39415,39485,39410,39465,12942
1733752800,39465,39530,39415,39485,17052
1733756400,39485,39535,39350,39365,19604
1733760000,39365,39455,39285,39430,17255
1733763600,39425,39465,39385,39405,5276
1733767200,39405,39485,39380,39460,6705
1733770800,39460,39460,39330,39380,5830
1733774400,39385,39385,39290,39325,5855
1733778000,39310,39310,39310,39310,758
1733785200,39295,39435,39270,39370,15147
1733788800,39370,39480,39230,39305,70573
1733792400,39305,39375,39165,39225,41613
1733796000,39225,39235,39180,39220,18977
1733799600,39215,39310,39195,39280,22795
1733803200,39275,39380,39255,39360,20539
1733806800,39360,39410,39285,39305,33103
1733810400,39310,39405,39295,39400,30958
1733817600,39395,39475,39285,39320,22385
1733821200,39325,39365,39290,39360,10236
1733824800,39360,39385,39325,39355,7501
1733828400,39360,39460,39355,39450,8140
1733832000,39450,39480,39405,39475,8502
1733835600,39470,39490,39395,39430,8132
1733839200,39430,39480,39405,39440,14784
1733842800,39440,39490,39395,39460,14029
1733846400,39460,39490,39390,39445,11439
1733850000,39445,39505,39425,39465,5317
1733853600,39465,39485,39435,39445,4567
1733857200,39445,39470,39415,39430,4993
1733860800,39430,39430,39300,39305,5787
1733864400,39305,39305,39305,39305,792
1733871600,39290,39410,39285,39380,11990
1733875200,39380,39405,39250,39280,45299
1733878800,39285,39355,39215,39220,28319
1733882400,39225,39225,39140,39185,24581
1733886000,39185,39300,39150,39270,19568
1733889600,39270,39280,39225,39235,10147
1733893200,39280,39335,39260,39335,13075
1733896800,39365,39420,39330,39420,21133
1733904000,39380,39380,39305,39355,10978
1733907600,39355,39610,39235,39605,37872
1733911200,39605,39650,39575,39620,12990
1733914800,39620,39670,39620,39660,6049
1733918400,39655,39745,39655,39705,8894
1733922000,39710,39820,39690,39810,17188
1733925600,39810,39850,39725,39830,15693
1733929200,39830,39920,39790,39915,12379
1733932800,39915,40000,39910,40000,8618
1733936400,40000,40075,39990,40070,7152
1733940000,40065,40160,40060,40110,6856
1733943600,40110,40140,40050,40130,4278
1733947200,40130,40140,39980,40025,4447
1733950800,40050,40050,40050,40050,977
1733961600,39925,40090,39825,39995,24274
1733965200,40035,40100,39950,39995,13755
1733968800,39935,39970,39850,39970,11222
1733972400,39970,39995,39880,39920,8888
1733976000,39920,39950,39890,39900,6807
1733979600,39900,40000,39870,39995,12279
1733983200,39995,40040,39810,39810,13888
1733990400,39850,39890,39780,39795,23329
1733994000,39795,39845,39780,39805,10006
1733997600,39800,39835,39720,39755,14282
1734001200,39760,39800,39710,39715,12873
1734004800,39720,39735,39650,39680,12615
1734008400,39680,39705,39565,39615,28574
1734012000,39615,39780,39595,39740,25317
1734015600,39745,39765,39620,39725,17619
1734019200,39725,39765,39625,39625,10586
1734022800,39620,39715,39620,39715,6114
1734026400,39710,39795,39695,39710,7901
1734030000,39710,39725,39640,39665,5863
1734033600,39670,39720,39665,39680,4642
1734037200,39675,39675,39675,39675,831
1734044400,39650,39775,39635,39675,20748
1734048000,39675,39700,39480,39510,96545
1734051600,39505,39560,39335,39355,58894
1734055200,39360,39430,39235,39410,54008
1734058800,39410,39455,39360,39370,35253
1734062400,39375,39460,39360,39450,25846
1734066000,39450,39500,39400,39420,31840
1734069600,39420,39505,39400,39470,40186
1734076800,39495,39610,39485,39605,21141
1734080400,39605,39670,39580,39665,14120
1734084000,39665,39700,39655,39675,14494
1734087600,39675,39735,39675,39690,14182
1734091200,39695,39720,39650,39680,11024
1734094800,39685,39730,39605,39610,15400
1734098400,39610,39720,39580,39630,23087
1734102000,39630,39640,39475,39490,31353
1734105600,39490,39560,39455,39505,17179
1734109200,39505,39540,39440,39455,9001
1734112800,39460,39565,39450,39550,5407
1734116400,39550,39595,39545,39560,3058
1734120000,39565,39605,39555,39575,4002
1734123600,39575,39575,39575,39575,1205
1734303600,39600,39690,39510,39525,19073
1734307200,39530,39630,39470,39565,63110
1734310800,39565,39625,39445,39530,40099
1734314400,39530,39565,39505,39505,18227
1734318000,39505,39530,39365,39400,32090
1734321600,39400,39480,39380,39440,26107
1734325200,39440,39455,39380,39420,30963
1734328800,39425,39470,39395,39460,22898
1734336000,39430,39470,39385,39435,16533
1734339600,39440,39480,39415,39475,7570
1734343200,39475,39485,39430,39455,8345
1734346800,39450,39450,39405,39440,8412
1734350400,39440,39540,39420,39515,11301
1734354000,39510,39560,39500,39540,14125
1734357600,39545,39630,39510,39630,23127
1734361200,39635,39725,39615,39665,22730
1734364800,39670,39705,39610,39700,11535
1734368400,39700,39720,39655,39695,5118
1734372000,39695,39720,39670,39675,5035
1734375600,39670,39680,39620,39665,5040
1734379200,39665,39680,39585,39605,5177
1734382800,39640,39640,39640,39640,1485
1734390000,39625,39655,39570,39585,15634
1734393600,39580,39785,39555,39640,87522
1734397200,39640,39645,39540,39595,52461
1734400800,39600,39600,39485,39535,41350
1734404400,39535,39565,39480,39515,35137
1734408000,39510,39550,39385,39395,41861
1734411600,39395,39495,39380,39440,37032
1734415200,39435,39450,39340,39400,42499
1734422400,39350,39400,39295,39350,25913
1734426000,39345,39385,39330,39385,16757
1734429600,39385,39435,39360,39425,13490
1734433200,39425,39475,39405,39440,12827
1734436800,39440,39455,39395,39405,12615
1734440400,39405,39415,39340,39405,25740
1734444000,39405,39415,39270,39320,23551
1734447600,39325,39330,39210,39320,23287
1734451200,39315,39395,39280,39350,16265
1734454800,39350,39375,39300,39375,6267
1734458400,39370,39395,39295,39320,8068
1734462000,39315,39320,39280,39290,9822
1734465600,39290,39300,39230,39285,7534
1734469200,39275,39275,39275,39275,1552
1734476400,39330,39335,39215,39225,13420
1734480000,39215,39290,39140,39180,71054
1734483600,39180,39390,39120,39300,55968
1734487200,39305,39345,39235,39280,34600
1734490800,39285,39305,39105,39185,44350
1734494400,39190,39240,39145,39200,23339
1734498000,39205,39220,39145,39210,25881
1734501600,39210,39255,39090,39195,44407
1734508800,39240,39315,39200,39275,23539
1734512400,39270,39345,39260,39310,12228
1734516000,39310,39375,39310,39350,8452
1734519600,39345,39380,39345,39360,6274
1734523200,39365,39415,39345,39370,12334
1734526800,39375,39405,39325,39335,15446
1734530400,39340,39345,39290,39320,14773
1734534000,39320,39450,39310,39420,12624
1734537600,39425,39440,39315,39355,8902
1734541200,39355,39395,39300,39300,9823
1734544800,39300,39365,39285,39355,7326
1734548400,39345,39360,38800,38825,41299
1734552000,38825,38880,38365,38545,51780
1734555600,38470,38470,38470,38470,1273
1734562800,38410,38455,38200,38275,35629
1734566400,38280,38750,38255,38730,131924
1734570000,38730,38830,38615,38640,67392
1734573600,38635,38915,38590,38790,50558
1734577200,38795,38880,38705,38735,57134
1734580800,38735,38850,38725,38840,25355
1734584400,38840,38915,38780,38780,30760
1734588000,38785,39075,38750,39075,46722
1734595200,39190,39335,39125,39310,59503
1734598800,39310,39360,39140,39235,31264
1734602400,39235,39245,39095,39105,17975
1734606000,39105,39125,39050,39115,19205
1734609600,39110,39260,39110,39250,24309
1734613200,39250,39300,39220,39255,17774
1734616800,39255,39355,39155,39180,37041
1734620400,39180,39235,39010,39165,43072
1734624000,39160,39265,39065,39185,26892
1734627600,39180,39190,39055,39165,14828
1734631200,39160,39285,39075,39285,11289
1734634800,39280,39285,39090,39095,12007
1734638400,39095,39150,39015,39025,11875
1734642000,39010,39010,39010,39010,1216
1734649200,39070,39080,38940,38965,17195
1734652800,38960,39015,38790,38805,83815
1734656400,38810,39035,38795,38960,57566
1734660000,38960,38975,38860,38930,29166
1734663600,38935,38975,38765,38805,43904
1734667200,38810,38875,38750,38855,32184
1734670800,38855,38860,38730,38785,38304
1734674400,38785,38795,38690,38710,43740
1734681600,38710,38755,38500,38585,39503
1734685200,38590,38600,38460,38485,25367
1734688800,38485,38555,38440,38510,24224
1734692400,38505,38515,38390,38420,20860
1734696000,38420,38470,38345,38450,25546
1734699600,38450,38610,38430,38590,26731
1734703200,38590,38755,38545,38685,49812
1734706800,38695,39060,38690,38925,62329
1734710400,38925,39135,38915,39085,37361
1734714000,39085,39170,39060,39105,19070
1734717600,39105,39110,39020,39045,13613
1734721200,39040,39160,39010,39085,18384
1734724800,39085,39095,38850,38865,15599
1734728400,38885,38885,38885,38885,1437
1734908400,38935,39095,38915,39030,23904
1734912000,39035,39115,38840,39000,96987
1734915600,38995,39110,38950,39065,55594
1734919200,39065,39130,39005,39105,27667
1734922800,39105,39115,39015,39020,20999
1734926400,39025,39155,39020,39140,24856
1734930000,39140,39220,39140,39175,30600
1734933600,39170,39215,39150,39190,26496
1734940800,39190,39190,39020,39075,25472
1734944400,39080,39115,39050,39075,10077
1734948000,39075,39100,39020,39035,9486
1734951600,39040,39040,38970,39005,11977
1734955200,39010,39150,39010,39150,14308
1734958800,39145,39150,38975,38995,19294
1734962400,38995,39110,38945,39020,30550
1734966000,39015,39030,38875,38935,32076
1734969600,38930,39075,38920,39070,12744
1734973200,39070,39140,39050,39130,10164
1734976800,39130,39200,39105,39185,10207
1734980400,39185,39215,39170,39185,6664
1734984000,39185,39315,39125,39300,11103
1734987600,39305,39305,39305,39305,1100
1734994800,39290,39305,39225,39260,13822
1734998400,39265,39270,39120,39175,77276
1735002000,39175,39185,38995,39030,44392
1735005600,39030,39080,39000,39065,25198
1735009200,39070,39105,39035,39075,18625
1735012800,39075,39080,39020,39060,15482
1735016400,39060,39080,39020,39075,20885
1735020000,39080,39125,39035,39125,21448
1735027200,39115,39140,39070,39115,11412
1735030800,39115,39165,39110,39160,7337
1735034400,39155,39160,39120,39160,4756
1735038000,39160,39160,39105,39135,4729
1735041600,39130,39145,39110,39140,3697
1735045200,39135,39165,39130,39165,3683
1735048800,39165,39190,39085,39180,16469
1735052400,39180,39230,39180,39195,11260
1735056000,39195,39210,39165,39170,4808
1735059600,39170,39260,39165,39260,8335
1735063200,39260,39270,39225,39225,2351
1735066800,39225,39265,39225,39250,1011
1735070400,39255,39270,39235,39250,1147
1735074000,39280,39280,39280,39280,1005
1735081200,39275,39295,39225,39240,9611
1735084800,39235,39235,38935,38965,54721
1735088400,38965,39065,38960,39000,24708
1735092000,39000,39030,38970,39025,9996
1735095600,39020,39030,38970,38995,13524
1735099200,38995,39055,38970,39020,16996
1735102800,39025,39045,38990,39025,14679
1735106400,39025,39215,39005,39200,32395
1735113600,39165,39200,39080,39115,8250
1735117200,39115,39170,39110,39160,2821
1735120800,39160,39175,39150,39165,1347
1735124400,39165,39200,39160,39185,2456
1735128000,39185,39185,39160,39170,1526
1735131600,39170,39180,39160,39170,843
1735135200,39170,39170,39155,39160,298
1735138800,39160,39170,39100,39110,2286
1735142400,39110,39125,39105,39120,308
1735146000,39120,39130,39115,39130,230
1735149600,39125,39200,39125,39185,1729
1735153200,39195,39195,39165,39180,420
1735156800,39185,39190,39130,39165,842
1735160400,39150,39150,39150,39150,671
1735167600,39200,39215,39125,39130,11952
1735171200,39135,39370,39110,39305,84646
1735174800,39305,39350,39245,39285,33026
1735178400,39280,39430,39270,39420,30203
1735182000,39415,39445,39360,39445,29243
1735185600,39440,39550,39430,39525,36714
1735189200,39530,39600,39530,39575,35799
1735192800,39575,39600,39460,39485,45922
1735200000,39450,39500,39350,39360,22914
1735203600,39360,39445,39345,39390,12143
1735207200,39385,39445,39360,39435,6865
1735210800,39435,39470,39410,39450,6235
1735214400,39455,39485,39395,39465,9462
1735218000,39470,39510,39445,39510,9985
1735221600,39505,39560,39460,39520,19876
1735225200,39525,39660,39520,39655,21089
1735228800,39655,39705,39630,39700,8335
1735232400,39700,39735,39625,39640,10403
1735236000,39640,39670,39615,39650,7269
1735239600,39650,39670,39620,39670,4936
1735243200,39670,39720,39650,39700,4647
1735246800,39710,39710,39710,39710,1281
1735254000,39610,39710,39580,39705,18175
1735257600,39710,39935,39675,39920,92616
1735261200,39920,40085,39900,40040,74038
1735264800,40035,40210,40020,40190,64637
1735268400,40185,40265,40105,40215,55610
1735272000,40215,40380,40210,40265,69099
1735275600,40260,40455,40250,40415,72294
1735279200,40415,40415,40235,40235,67758
1735286400,40180,40235,40110,40135,29981
1735290000,40135,40240,40120,40195,13387
1735293600,40195,40220,40130,40195,7809
1735297200,40195,40220,40170,40195,4469
1735300800,40195,40305,40190,40300,10504
1735304400,40300,40325,40265,40265,11314
1735308000,40265,40285,40090,40095,30362
1735311600,40095,40110,39880,40020,47306
1735315200,40020,40120,39935,40000,27889
1735318800,39995,40025,39925,39990,14335
1735322400,39985,40145,39985,40130,8938
1735326000,40130,40235,40115,40235,8505
1735329600,40230,40235,40020,40125,10205
1735333200,40140,40140,40140,40140,1053
1735513200,40100,40335,40100,40325,18319
1735516800,40325,40360,40090,40115,86346
1735520400,40110,40120,39980,40100,53601
1735524000,40100,40100,40005,40035,29924
1735527600,40035,40050,39930,39935,32195
1735531200,39935,40000,39900,39905,33730
1735534800,39905,40005,39890,39980,39959
1735538400,39980,40005,39910,39990,45262
1735545600,39930,39930,39835,39915,17883
1735549200,39915,39965,39905,39920,8009
1735552800,39915,39960,39910,39945,4591
1735556400,39950,40000,39945,39955,5863
1735560000,39955,39960,39720,39760,23137
1735563600,39755,39770,39475,39500,36263
1735567200,39500,39660,39425,39430,41932
1735570800,39425,39455,39275,39425,52424
1735574400,39425,39530,39395,39500,23585
1735578000,39500,39655,39500,39630,17342
1735581600,39625,39685,39565,39600,11493
1735585200,39600,39630,39520,39620,6507
1735588800,39615,39660,39530,39530,6989
1735592400,39470,39470,39470,39470,1523
1735861500,39400,39430,39305,39360,9034
1735862400,39355,39380,39285,39360,21302
1735866000,39360,39390,39295,39295,15938
1735869600,39295,39355,39285,39325,11371
1735873200,39325,39330,39250,39295,10593
1735876800,39300,39360,39285,39300,7649
1735880400,39300,39300,39235,39260,11708
1735884000,39260,39375,39225,39375,12198
1735891200,39335,39415,39270,39290,20526
1735894800,39290,39380,39280,39345,8283
1735898400,39345,39350,39275,39295,9420
1735902000,39300,39320,39275,39310,6056
1735905600,39310,39350,39280,39345,5391
1735909200,39340,39365,39310,39325,5714
1735912800,39325,39535,39320,39465,20325
1735916400,39470,39540,39390,39505,19015
1735920000,39505,39580,39460,39550,11013
1735923600,39555,39580,39510,39555,3843
1735927200,39555,39625,39530,39600,4685
1735930800,39595,39635,39585,39600,2821
1735934400,39600,39620,39570,39585,5071
1735938000,39600,39600,39600,39600,781
1736118000,39660,39850,39610,39830,30097
1736121600,39835,40005,39555,39595,152130
1736125200,39595,39650,39405,39415,86462
1736128800,39415,39455,39330,39375,53794
1736132400,39375,39400,39260,39265,50671
1736136000,39260,39320,39235,39255,38807
1736139600,39255,39385,39235,39350,48790
1736143200,39350,39360,39245,39340,50082
1736150400,39360,39450,39345,39420,30679
1736154000,39425,39505,39425,39500,17518
1736157600,39500,39550,39480,39550,11240
1736161200,39545,39680,39505,39645,31700
1736164800,39650,39655,39570,39590,19666
1736168400,39595,39610,39485,39600,19745
1736172000,39600,39715,39455,39700,61791
1736175600,39700,39780,39685,39760,30720
1736179200,39760,39855,39740,39830,17271
1736182800,39830,39830,39710,39750,10560
1736186400,39750,39760,39625,39630,9613
1736190000,39635,39690,39590,39630,8563
1736193600,39630,39680,39600,39640,7036
1736197200,39670,39670,39670,39670,1103
1736204400,39790,39840,39685,39695,19604
1736208000,39700,40025,39630,39980,116602
1736211600,39980,40265,39925,40235,99751
1736215200,40235,40315,40180,40185,55772
1736218800,40180,40240,40095,40235,53749
1736222400,40240,40305,40210,40225,43116
1736226000,40220,40260,40055,40150,51901
1736229600,40150,40170,39995,39995,45453
1736236800,39995,40085,39915,40070,32667
1736240400,40075,40140,40020,40055,19961
1736244000,40055,40170,40030,40150,15459
1736247600,40145,40175,40065,40100,10749
1736251200,40100,40170,40075,40135,10835
1736254800,40135,40185,40080,40175,12696
1736258400,40175,40215,40050,40160,28684
1736262000,40155,40195,39785,39980,76250
1736265600,39980,40015,39835,39850,29388
1736269200,39850,39900,39765,39825,15245
1736272800,39830,39930,39825,39870,9515
1736276400,39870,39910,39795,39795,5675
1736280000,39795,39805,39640,39750,14539
1736283600,39730,39730,39730,39730,1188
1736290800,39785,39840,39755,39830,16213
1736294400,39835,39895,39710,39830,86970
1736298000,39825,39870,39725,39845,37918
1736301600,39845,40035,39845,40025,46228
1736305200,40020,40095,39965,40095,39026
1736308800,40095,40125,39995,40030,32425
1736312400,40030,40055,39965,40050,29603
1736316000,40050,40065,39905,39960,36118
1736323200,39960,40065,39935,39965,30118
1736326800,39960,39995,39925,39950,13472
1736330400,39955,40035,39950,40025,10520
1736334000,40020,40045,39770,39895,37793
1736337600,39895,39895,39745,39765,26466
1736341200,39765,39870,39765,39850,22818
1736344800,39845,39860,39720,39765,27263
1736348400,39765,39890,39745,39885,28485
1736352000,39890,40015,39835,40005,21750
1736355600,40005,40005,39750,39835,16434
1736359200,39835,39975,39830,39900,10996
1736362800,39895,40050,39870,39950,14270
1736366400,39950,39980,39905,39975,7124
1736370000,39945,39945,39945,39945,974
1736377200,39840,39900,39820,39850,17185
1736380800,39850,39935,39725,39805,86659
1736384400,39800,39800,39610,39655,57922
1736388000,39655,39715,39615,39635,27747
1736391600,39635,39635,39440,39455,46802
1736395200,39455,39495,39380,39485,52615
1736398800,39485,39585,39445,39580,47209
1736402400,39580,39670,39535,39560,53916
1736409600,39485,39605,39440,39560,24076
1736413200,39565,39575,39500,39530,10785
1736416800,39535,39585,39530,39575,8256
1736420400,39575,39580,39480,39505,11498
1736424000,39510,39525,39420,39505,11600
1736427600,39500,39565,39475,39495,14002
1736431200,39490,39505,39455,39485,8614
1736434800,39490,39510,39460,39470,5642
1736438400,39470,39515,39450,39515,3795
1736442000,39515,39530,39505,39515,1963
1736445600,39515,39530,39510,39525,984
1736449200,39525,39540,39515,39535,869
1736452800,39530,39545,39520,39535,1612
1736456400,39550,39550,39550,39550,784
1736463600,39390,39400,39280,39340,30151
1736467200,39340,39470,39240,39250,117595
1736470800,39255,39410,39170,39375,61004
1736474400,39380,39435,39310,39315,35048
1736478000,39315,39370,39195,39205,35364
1736481600,39205,39280,39180,39245,27766
1736485200,39245,39345,39200,39270,37054
1736488800,39275,39285,39200,39255,34660
1736496000,39280,39335,39120,39135,38745
1736499600,39130,39130,39005,39105,24126
1736503200,39110,39250,39095,39240,16362
1736506800,39240,39290,39205,39210,15547
1736510400,39210,39270,39160,39265,15813
1736514000,39265,39280,39040,39070,45842
1736517600,39070,39165,38985,39010,56782
1736521200,39010,39015,38675,38785,72702
1736524800,38785,38800,38635,38660,30671
1736528400,38665,38790,38655,38785,12960
1736532000,38780,38945,38740,38940,14562
1736535600,38940,38945,38805,38860,11449
1736539200,38865,38915,38750,38780,12299
1736542800,38790,38790,38790,38790,1323
1736809200,38800,38965,38710,38940,35072
1736812800,38940,39070,38725,38740,117447
1736816400,38735,38760,38400,38405,120122
1736820000,38405,38525,38330,38515,58111
1736823600,38520,38565,38345,38350,46378
1736827200,38350,38440,38315,38400,54781
1736830800,38405,38475,38355,38420,48349
1736834400,38420,38510,38400,38495,57465
1736841600,38540,38710,38510,38685,34232
1736845200,38685,38715,38635,38680,16891
1736848800,38680,38700,38645,38685,7423
1736852400,38680,38705,38585,38625,12822
1736856000,38625,38675,38525,38550,21899
1736859600,38555,38650,38460,38585,38575
1736863200,38590,38690,38500,38515,32838
1736866800,38515,38730,38515,38625,32188
1736870400,38625,38665,38495,38495,29148
1736874000,38490,38625,38470,38595,18877
1736877600,38595,38795,38590,38770,9767
1736881200,38770,38815,38605,38610,8570
1736884800,38610,38690,38525,38675,11424
1736888400,38720,38720,38720,38720,1034
1736895600,38755,38785,38680,38775,18518
1736899200,38780,38815,38490,38545,104704
1736902800,38550,38570,38415,38540,46961
1736906400,38535,38660,38525,38560,43914
1736910000,38560,38585,38475,38490,31057
1736913600,38490,38530,38460,38485,24880
1736917200,38480,38490,38320,38370,56007
1736920800,38370,38520,38340,38395,52568
1736928000,38330,38365,38230,38330,27198
1736931600,38325,38370,38300,38355,10625
1736935200,38355,38395,38325,38380,8167
1736938800,38380,38515,38370,38480,14865
1736942400,38485,38500,38410,38450,12926
1736946000,38445,38765,38440,38715,46791
1736949600,38715,38730,38555,38690,40098
1736953200,38685,38765,38655,38655,21932
1736956800,38660,38730,38585,38625,17187
1736960400,38625,38710,38615,38640,10206
1736964000,38645,38775,38645,38765,8915
1736967600,38765,38840,38760,38795,5891
1736971200,38795,38825,38770,38790,5096
1736974800,38775,38775,38775,38775,1216
1736982000,38805,38820,38690,38760,18583
1736985600,38760,38950,38645,38770,108423
1736989200,38765,38765,38575,38595,58188
1736992800,38590,38650,38485,38645,46293
1736996400,38640,38680,38570,38575,35136
1737000000,38575,38580,38515,38535,26702
1737003600,38535,38560,38430,38485,46026
1737007200,38485,38720,38480,38670,77438
1737014400,38775,38780,38630,38640,31186
1737018000,38640,38655,38560,38570,16066
1737021600,38570,38620,38525,38570,12483
1737025200,38565,38605,38535,38585,10892
1737028800,38585,38650,38545,38620,13653
1737032400,38615,38645,38545,38565,19400
1737036000,38565,38645,38520,38550,28993
1737039600,38545,38560,38425,38510,33324
1737043200,38510,38555,38380,38500,19933
1737046800,38495,38530,38445,38470,8647
1737050400,38465,38475,38370,38375,7248
1737054000,38375,38450,38350,38445,5801
1737057600,38450,38485,38380,38385,6268
1737061200,38330,38330,38330,38330,1735
1737068400,38425,38485,38375,38485,15796
1737072000,38485,38515,38085,38215,115590
1737075600,38210,38295,38060,38085,53058
1737079200,38085,38250,38080,38205,36913
1737082800,38210,38330,38140,38320,32077
1737086400,38320,38370,38290,38365,34188
1737090000,38365,38450,38325,38415,36703
1737093600,38415,38485,38395,38475,39099
1737100800,38470,38555,38395,38535,25952
1737104400,38535,38580,38495,38570,19006
1737108000,38575,38590,38535,38555,8514
1737111600,38560,38610,38540,38585,10254
1737115200,38580,38610,38545,38605,8768
1737118800,38600,38680,38600,38675,14548
1737122400,38680,38800,38665,38780,36670
1737126000,38780,38890,38735,38875,27605
1737129600,38870,38920,38840,38850,14801
1737133200,38850,38885,38795,38795,11354
1737136800,38795,38820,38770,38785,5132
1737140400,38785,38805,38770,38785,4084
1737144000,38780,38840,38745,38825,7701
1737147600,38840,38840,38840,38840,1714
1737327600,38770,38800,38690,38720,16539
1737331200,38720,38975,38720,38905,98280
1737334800,38905,39045,38880,39020,63363
1737338400,39020,39030,38910,39010,30184
1737342000,39005,39010,38830,38920,37052
1737345600,38925,38955,38895,38915,21932
1737349200,38920,38965,38890,38955,25526
1737352800,38955,38955,38855,38910,36273
1737360000,38915,38960,38850,38875,22138
1737363600,38870,38930,38850,38860,9548
1737367200,38860,38895,38835,38870,7562
1737370800,38865,38895,38840,38840,6788
1737374400,38840,38845,38780,38810,10176
1737378000,38810,39020,38765,39005,40081
1737381600,39005,39110,38960,39080,26865
1737385200,39080,39095,38950,39005,21019
1737388800,39010,39045,38965,38970,8585
1737392400,38970,38995,38825,38965,22531
1737396000,38960,38970,38940,38950,5040
1737399600,38950,38955,38940,38950,2202
1737403200,38945,38975,38935,38955,2727
1737406800,38950,38950,38950,38950,685
1737414000,39080,39205,39035,39170,34546
1737417600,39170,39250,38705,38715,152588
1737421200,38715,38985,38635,38915,102806
1737424800,38915,39000,38900,38915,25638
1737428400,38920,39060,38900,38980,37186
1737432000,38985,38995,38905,38910,24461
1737435600,38915,38965,38915,38955,24699
1737439200,38955,39035,38955,38960,32367
1737446400,39020,39075,38980,39060,20318
1737450000,39055,39120,39045,39115,16329
1737453600,39120,39150,39090,39095,10921
1737457200,39095,39095,39015,39020,14303
1737460800,39020,39070,39005,39050,11028
1737464400,39050,39075,39025,39065,10583
1737468000,39070,39110,38995,39030,30256
1737471600,39030,39090,38955,39075,25733
1737475200,39070,39160,39045,39150,17970
1737478800,39150,39235,39110,39230,13140
1737482400,39225,39265,39200,39235,8613
1737486000,39235,39255,39185,39230,6585
1737489600,39225,39270,39220,39265,6214
1737493200,39270,39270,39270,39270,1003
1737500400,39350,39390,39315,39335,21677
1737504000,39340,39585,39340,39565,108587
1737507600,39560,39645,39515,39640,57478
1737511200,39635,39650,39520,39540,32198
1737514800,39535,39655,39520,39615,34299
1737518400,39615,39655,39510,39650,45555
1737522000,39645,39705,39615,39650,41099
1737525600,39650,39675,39580,39580,40130
1737532800,39580,39610,39505,39545,22793
1737536400,39540,39620,39540,39600,11023
1737540000,39600,39660,39590,39645,9668
1737543600,39640,39670,39610,39670,12757
1737547200,39670,39735,39665,39700,18101
1737550800,39700,39765,39700,39760,10520
1737554400,39765,39845,39720,39805,26132
1737558000,39810,39875,39755,39835,21167
1737561600,39835,39950,39810,39935,14798
1737565200,39930,39935,39870,39870,5639
1737568800,39870,39920,39865,39885,4415
1737572400,39885,39910,39870,39895,3303
1737576000,39890,39890,39785,39805,6557
1737579600,39805,39805,39805,39805,1052
1737586800,39795,39800,39730,39795,15938
1737590400,39795,39900,39675,39770,97452
1737594000,39770,39900,39725,39830,47362
1737597600,39835,39880,39745,39860,38967
1737601200,39855,39930,39835,39920,40395
1737604800,39925,40005,39915,39985,38823
1737608400,39985,40040,39960,39995,38496
1737612000,39995,40040,39885,39885,41072
1737619200,39860,39875,39785,39795,21225
1737622800,39795,39860,39790,39845,9941
1737626400,39845,39855,39805,39835,6601
1737630000,39835,39900,39830,39870,7553
1737633600,39875,39880,39835,39850,5566
1737637200,39850,39855,39705,39730,20439
1737640800,39730,39825,39720,39815,18677
1737644400,39820,39855,39750,39805,12892
1737648000,39805,39840,39740,39795,17314
1737651600,39790,39820,39775,39785,3381
1737655200,39785,39845,39785,39845,2918
1737658800,39840,39845,39800,39830,2627
1737662400,39830,39900,39800,39895,6300
1737666000,39920,39920,39920,39920,1224
1737673200,39870,40030,39850,39980,19167
1737676800,39985,40190,39980,40170,84278
1737680400,40175,40190,39985,40115,48533
1737684000,40115,40325,40115,40315,44988
1737687600,40315,40405,40025,40130,87660
1737691200,40125,40140,39815,40000,88075
1737694800,40000,40040,39945,39990,41976
1737698400,39985,40040,39850,39940,46171
1737705600,40040,40070,39885,40015,26886
1737709200,40020,40165,39995,40140,22973
1737712800,40140,40180,40120,40145,15843
1737716400,40150,40200,40140,40180,10569
1737720000,40185,40330,40180,40330,16203
1737723600,40330,40350,40240,40285,19771
1737727200,40280,40615,40270,40555,50796
1737730800,40555,40590,40440,40470,30118
1737734400,40465,40585,40445,40510,18911
1737738000,40510,40615,40485,40545,15215
1737741600,40545,40590,40510,40515,7845
1737745200,40515,40580,40505,40545,6176
1737748800,40540,40575,40450,40455,8503
1737752400,40485,40485,40485,40485,1499
1737932400,40290,40360,40210,40210,26463
1737936000,40215,40280,39870,39940,145205
1737939600,39940,40010,39685,39745,100484
1737943200,39745,39770,39680,39735,44510
1737946800,39735,39850,39705,39815,47237
1737950400,39815,39865,39760,39765,33754
1737954000,39765,39790,39520,39570,61695
1737957600,39570,39645,39480,39480,55502
1737964800,39410,39450,39230,39260,61277
1737968400,39255,39255,39105,39125,43113
1737972000,39125,39125,38655,38825,78468
1737975600,38820,38980,38810,38870,57156
1737979200,38870,39020,38860,38965,33802
1737982800,38965,39080,38910,38985,44482
1737986400,38985,39170,38895,39165,68849
1737990000,39160,39195,39025,39085,60127
1737993600,39085,39115,38910,38965,30017
1737997200,38965,39045,38930,38955,16898
1738000800,38955,39020,38935,38955,17536
1738004400,38955,39080,38945,38985,18676
1738008000,38985,39110,38970,39015,16179
1738011600,39055,39055,39055,39055,1268
1738018800,39095,39170,39040,39165,22955
1738022400,39165,39165,38885,39050,116065
1738026000,39050,39350,39050,39130,110598
1738029600,39130,39375,39115,39280,56042
1738033200,39280,39345,39130,39160,40696
1738036800,39160,39190,39045,39080,37522
1738040400,39080,39110,38900,39040,56654
1738044000,39040,39095,39005,39070,42365
1738051200,39170,39230,39050,39200,39795
1738054800,39200,39220,39115,39195,22713
1738058400,39200,39245,39180,39210,19551
1738062000,39210,39235,39130,39155,19301
1738065600,39155,39205,39065,39180,18383
1738069200,39185,39215,39120,39205,15343
1738072800,39200,39235,38940,39080,42594
1738076400,39080,39360,39075,39290,45243
1738080000,39295,39320,39120,39205,36077
1738083600,39200,39290,39200,39240,18309
1738087200,39240,39310,39235,39275,10061
1738090800,39280,39430,39245,39425,11255
1738094400,39420,39430,39375,39410,6293
1738098000,39410,39410,39410,39410,943
1738105200,39410,39435,39330,39370,17618
1738108800,39370,39455,39195,39225,106983
1738112400,39225,39255,39140,39220,49772
1738116000,39215,39285,39210,39235,20603
1738119600,39235,39355,39140,39355,38683
1738123200,39350,39385,39315,39360,24888
1738126800,39365,39365,39245,39265,28802
1738130400,39270,39590,39270,39590,86908
1738137600,39555,39615,39425,39460,34289
1738141200,39460,39525,39430,39475,14546
1738144800,39480,39510,39470,39490,6892
1738148400,39490,39550,39475,39540,8400
1738152000,39535,39535,39415,39455,15426
1738155600,39455,39455,39320,39385,19838
1738159200,39380,39420,39280,39305,25608
1738162800,39305,39370,39220,39230,19680
1738166400,39235,39280,39205,39245,12845
1738170000,39245,39340,39240,39275,8623
1738173600,39280,39310,39120,39250,20426
1738177200,39245,39370,39180,39340,26512
1738180800,39335,39390,39235,39275,14050
1738184400,39260,39260,39260,39260,978
1738191600,39260,39345,39255,39290,14550
1738195200,39290,39455,39210,39330,99049
1738198800,39330,39480,39285,39455,50511
1738202400,39460,39520,39440,39455,33490
1738206000,39460,39605,39440,39560,33132
1738209600,39560,39580,39480,39480,25331
1738213200,39485,39490,39395,39460,36228
1738216800,39460,39510,39420,39420,28976
1738224000,39480,39550,39455,39540,17470
1738227600,39540,39540,39440,39450,16128
1738231200,39450,39480,39430,39445,10645
1738234800,39450,39515,39450,39470,10589
1738238400,39470,39490,39400,39420,21645
1738242000,39420,39460,39390,39460,17967
1738245600,39460,39540,39420,39485,29404
1738249200,39485,39495,39350,39410,33474
1738252800,39405,39640,39380,39620,29103
1738256400,39625,39625,39500,39565,15287
1738260000,39565,39655,39550,39635,9272
1738263600,39640,39670,39615,39665,5044
1738267200,39665,39710,39490,39580,23598
1738270800,39580,39580,39580,39580,953
1738278000,39630,39660,39585,39625,15171
1738281600,39630,39665,39530,39585,81301
1738285200,39585,39590,39445,39545,60286
1738288800,39545,39590,39525,39565,22962
1738292400,39565,39665,39550,39635,34728
1738296000,39635,39660,39575,39575,26354
1738299600,39575,39650,39550,39625,30545
1738303200,39625,39680,39570,39630,37978
1738310400,39645,39685,39610,39615,18863
1738314000,39620,39685,39585,39655,15287
1738317600,39655,39675,39645,39655,6842
1738321200,39650,39695,39650,39690,6690
1738324800,39695,39700,39665,39675,8097
1738328400,39670,39725,39660,39660,12739
1738332000,39660,39660,39545,39570,26469
1738335600,39570,39675,39550,39655,19714
1738339200,39660,39755,39635,39740,20315
1738342800,39740,39825,39665,39780,20635
1738346400,39785,39790,39480,39540,42312
1738350000,39545,39575,39385,39470,26632
1738353600,39465,39465,39335,39380,15152
1738357200,39355,39355,39355,39355,1142
1738537200,38615,38725,38560,38635,45669
1738540800,38630,38785,38400,38710,195422
1738544400,38710,38870,38625,38635,101961
1738548000,38640,38640,38375,38455,77005
1738551600,38450,38590,38390,38515,54836
1738555200,38520,38575,38415,38475,56622
1738558800,38475,38545,38400,38540,57431
1738562400,38540,38600,38430,38600,60263
1738569600,38625,38805,38615,38780,60668
1738573200,38780,38790,38605,38625,32186
1738576800,38625,38710,38610,38690,17615
1738580400,38695,38725,38600,38620,17214
1738584000,38625,38645,38510,38540,22111
1738587600,38545,38690,38545,38640,28011
1738591200,38640,38735,38540,38605,51640
1738594800,38600,39105,38470,39095,134600
1738598400,39090,39155,38970,38980,71159
1738602000,38985,39065,38800,38945,49750
1738605600,38940,39045,38870,39030,26101
1738609200,39030,39100,39005,39050,10516
1738612800,39050,39065,38915,38925,8295
1738616400,38900,38900,38900,38900,1028
1738623600,39255,39290,39205,39250,25289
1738627200,39250,39310,39080,39135,92087
1738630800,39135,39175,39065,39165,41409
1738634400,39160,39185,39070,39085,26559
1738638000,39085,39085,38925,38950,45761
1738641600,38950,39030,38940,38965,32925
1738645200,38965,38965,38575,38795,141890
1738648800,38795,38830,38725,38770,48854
1738656000,38820,38880,38690,38770,34242
1738659600,38770,38870,38770,38865,18649
1738663200,38860,38910,38830,38885,17365
1738666800,38885,38915,38835,38885,13695
1738670400,38885,38975,38885,38940,15616
1738674000,38940,38950,38890,38905,10789
1738677600,38900,39020,38865,39005,28233
1738681200,39010,39070,38985,39030,32510
1738684800,39030,39130,39025,39065,16595
1738688400,39065,39085,38965,39030,18510
1738692000,39030,39040,38980,39005,7242
1738695600,39000,39080,38990,39055,13083
1738699200,39060,39100,39030,39100,7223
1738702800,39110,39110,39110,39110,1144
1738710000,39005,39025,38950,38975,17127
1738713600,38980,39115,38895,38910,88302
1738717200,38910,38925,38805,38820,49740
1738720800,38820,38825,38680,38775,43451
1738724400,38770,38815,38740,38755,41987
1738728000,38755,38855,38720,38855,47041
1738731600,38855,38915,38800,38810,46222
1738735200,38815,38830,38740,38740,38817
1738742400,38770,38835,38700,38735,26994
1738746000,38735,38810,38640,38670,23199
1738749600,38670,38730,38650,38725,11184
1738753200,38725,38785,38710,38780,11774
1738756800,38780,38810,38745,38810,12469
1738760400,38805,38845,38780,38840,18239
1738764000,38840,38880,38710,38740,24611
1738767600,38745,38775,38565,38705,40175
1738771200,38705,38845,38665,38835,20713
1738774800,38840,38855,38755,38800,10420
1738778400,38805,38870,38790,38850,6358
1738782000,38850,38895,38850,38880,5999
1738785600,38875,38960,38875,38960,10352
1738789200,38960,38960,38960,38960,1087
1738796400,38940,38950,38870,38895,15551
1738800000,38900,39190,38890,39045,102209
1738803600,39040,39065,38870,38945,65741
1738807200,38940,38960,38845,38940,33200
1738810800,38945,39025,38880,39010,28095
1738814400,39010,39040,38960,39030,28591
1738818000,39030,39080,39000,39045,32758
1738821600,39045,39095,39025,39090,33799
1738828800,39070,39125,39010,39110,21421
1738832400,39110,39160,39085,39105,15319
1738836000,39110,39120,39030,39040,11895
1738839600,39040,39045,39000,39020,15676
1738843200,39025,39060,38990,39060,15453
1738846800,39055,39100,39000,39025,16020
1738850400,39025,39085,39005,39040,17686
1738854000,39040,39105,38990,39015,27765
1738857600,39020,39125,39010,39070,12079
1738861200,39070,39100,39030,39090,5396
1738864800,39090,39105,38960,38965,12887
1738868400,38960,38975,38830,38880,12448
1738872000,38875,38985,38870,38975,6250
1738875600,38975,38975,38975,38975,1177
1738882800,38980,38985,38890,38905,13836
1738886400,38905,38945,38750,38895,93488
1738890000,38895,39010,38890,38890,56349
1738893600,38890,38915,38845,38870,31959
1738897200,38865,38900,38820,38830,26994
1738900800,38830,38875,38810,38835,28532
1738904400,38835,38900,38830,38875,27912
1738908000,38870,38880,38800,38840,36763
1738915200,38870,38895,38840,38845,19001
1738918800,38840,38875,38825,38870,10144
1738922400,38870,38920,38865,38895,11760
1738926000,38895,38925,38865,38915,6717
1738929600,38910,38920,38885,38890,7314
1738933200,38890,38945,38815,38930,30715
1738936800,38930,38945,38865,38870,25522
1738940400,38870,38870,38515,38620,81764
1738944000,38620,38630,38365,38395,63642
1738947600,38390,38500,38345,38475,33473
1738951200,38475,38565,38395,38405,14331
1738954800,38400,38510,38380,38445,13375
1738958400,38440,38440,38370,38410,9486
1738962000,38385,38385,38385,38385,1234
1739142000,38550,38745,38535,38740,27304
1739145600,38740,38800,38605,38790,93352
1739149200,38785,38855,38730,38750,46529
1739152800,38750,38775,38710,38750,23107
1739156400,38750,38810,38710,38790,18622
1739160000,38785,38855,38780,38825,20902
1739163600,38825,38900,38825,38860,34366
1739167200,38855,38890,38760,38760,32310
1739174400,38820,38890,38810,38865,14529
1739178000,38860,38890,38820,38850,9065
1739181600,38850,38880,38845,38870,5224
1739185200,38865,38895,38835,38880,7225
1739188800,38880,38905,38860,38890,8460
1739192400,38890,38930,38880,38900,8204
1739196000,38900,38905,38785,38835,22564
1739199600,38835,38920,38825,38880,18618
1739203200,38880,38895,38840,38880,10545
1739206800,38880,38910,38855,38910,4500
1739210400,38905,38955,38900,38940,7769
1739214000,38940,38965,38915,38935,5337
1739217600,38935,38945,38880,38900,4158
1739221200,38925,38925,38925,38925,1068
1739228400,38840,38885,38815,38845,7742
1739232000,38845,38850,38765,38830,20146
1739235600,38830,38850,38810,38840,10805
1739239200,38840,38845,38785,38785,12797
1739242800,38785,38820,38780,38785,6307
1739246400,38785,38800,38785,38790,2581
1739250000,38795,38820,38795,38800,4141
1739253600,38800,38805,38785,38790,3589
1739260800,38785,38810,38760,38790,9647
1739264400,38785,38810,38765,38775,5032
1739268000,38780,38820,38770,38800,6098
1739271600,38800,38865,38800,38860,8184
1739275200,38860,38880,38835,38875,10174
1739278800,38875,38885,38820,38825,12014
1739282400,38820,38910,38810,38905,17994
1739286000,38905,39060,38890,39025,22492
1739289600,39025,39045,39000,39020,17204
1739293200,39020,39025,38965,38985,12516
1739296800,38985,39065,38975,39025,5086
1739300400,39020,39080,39020,39060,6705
1739304000,39060,39085,39050,39050,9059
1739307600,39075,39075,39075,39075,1131
1739314800,39080,39125,39035,39045,17773
1739318400,39040,39110,38850,38865,98312
1739322000,38865,38975,38825,38960,43276
1739325600,38960,38965,38850,38855,24054
1739329200,38855,38905,38800,38885,32709
1739332800,38885,38905,38850,38895,19632
1739336400,38890,38945,38875,38940,29062
1739340000,38940,39005,38940,39000,38177
1739347200,39010,39030,38965,38985,15272
1739350800,38985,38985,38895,38960,11813
1739354400,38960,39020,38935,39010,11774
1739358000,39015,39030,38990,39025,9417
1739361600,39025,39050,39005,39040,9239
1739365200,39035,39045,38780,38820,48733
1739368800,38820,38935,38760,38925,28913
1739372400,38925,39050,38850,39025,35847
1739376000,39025,39160,38950,39155,22867
1739379600,39150,39210,39115,39205,24125
1739383200,39205,39225,39145,39160,13111
1739386800,39160,39210,39130,39185,7310
1739390400,39185,39200,39135,39150,7666
1739394000,39175,39175,39175,39175,1245
1739401200,39200,39245,39175,39190,19103
1739404800,39190,39440,39110,39420,103176
1739408400,39420,39465,39355,39430,48367
1739412000,39430,39510,39375,39480,30335
1739415600,39475,39540,39465,39475,32794
1739419200,39475,39595,39475,39540,37531
1739422800,39545,39565,39505,39545,32270
1739426400,39545,39550,39440,39440,46674
1739433600,39415,39420,39295,39300,26160
1739437200,39300,39395,39270,39375,15392
1739440800,39370,39390,39320,39330,8139
1739444400,39330,39390,39275,39325,17209
1739448000,39325,39330,39260,39290,13932
1739451600,39290,39355,39255,39300,18656
1739455200,39300,39440,39285,39420,25519
1739458800,39425,39500,39380,39410,28272
1739462400,39410,39415,39325,39345,11251
1739466000,39340,39380,39315,39340,6010
1739469600,39345,39430,39285,39420,26542
1739473200,39420,39465,39400,39435,6168
1739476800,39435,39470,39420,39460,5379
1739480400,39470,39470,39470,39470,910
1739487600,39470,39510,39410,39510,24699
1739491200,39510,39580,39275,39300,99001
1739494800,39295,39300,39200,39255,56544
1739498400,39255,39295,39220,39265,26557
1739502000,39260,39315,39260,39265,27988
1739505600,39270,39270,39165,39195,37712
1739509200,39195,39205,39125,39140,35377
1739512800,39140,39180,39110,39110,30348
1739520000,39155,39200,39135,39185,22043
1739523600,39180,39225,39155,39160,10255
1739527200,39160,39180,39110,39160,9141
1739530800,39160,39195,39130,39195,7883
1739534400,39195,39215,39170,39210,9997
1739538000,39210,39240,39145,39150,18091
1739541600,39160,39205,39140,39200,11653
1739545200,39200,39210,39055,39080,18734
1739548800,39085,39100,38995,39065,12909
1739552400,39060,39080,39005,39075,5930
1739556000,39070,39135,39060,39125,6136
1739559600,39125,39145,39075,39100,5046
1739563200,39100,39135,39085,39115,3977
1739566800,39095,39095,39095,39095,1212
1739746800,39150,39180,39075,39080,14788
1739750400,39075,39235,38985,39095,84554
1739754000,39095,39180,39015,39175,35545
1739757600,39175,39205,39105,39120,21788
1739761200,39120,39205,39090,39195,26663
1739764800,39200,39220,39185,39200,25386
1739768400,39200,39210,39145,39150,31442
1739772000,39145,39205,39125,39200,25720
1739779200,39180,39195,39140,39150,13541
1739782800,39145,39195,39135,39180,10483
1739786400,39175,39200,39165,39175,5062
1739790000,39175,39205,39170,39180,6563
1739793600,39180,39200,39175,39180,3057
1739797200,39180,39185,39140,39175,6681
1739800800,39180,39180,39135,39155,6166
1739804400,39160,39180,39145,39160,5015
1739808000,39160,39185,39160,39170,5634
1739811600,39165,39180,39150,39170,3261
1739815200,39165,39175,39155,39160,1232
1739818800,39160,39170,39155,39160,813
1739822400,39160,39175,39155,39175,1612
1739826000,39165,39165,39165,39165,650
1739833200,39150,39165,39120,39150,14812
1739836800,39150,39335,39135,39320,110478
1739840400,39325,39385,39290,39340,50681
1739844000,39335,39350,39270,39335,25493
1739847600,39335,39480,39290,39480,46680
1739851200,39475,39500,39400,39420,26088
1739854800,39420,39445,39320,39325,33419
1739858400,39325,39335,39280,39300,31266
1739865600,39325,39355,39275,39300,15387
1739869200,39295,39310,39270,39285,8678
1739872800,39280,39310,39270,39290,8871
1739876400,39295,39300,39265,39275,7466
1739880000,39275,39300,39270,39275,7128
1739883600,39280,39290,39255,39290,10667
1739887200,39290,39295,39205,39235,22225
1739890800,39240,39265,39190,39260,18214
1739894400,39255,39290,39240,39265,13024
1739898000,39260,39290,39255,39270,6380
1739901600,39270,39280,39205,39235,9825
1739905200,39240,39245,39165,39245,11992
1739908800,39240,39285,39235,39265,5282
1739912400,39290,39290,39290,39290,1222
1739919600,39230,39275,39190,39205,17895
1739923200,39205,39275,39125,39270,78541
1739926800,39270,39285,38985,39180,85183
1739930400,39175,39180,39080,39120,25367
1739934000,39120,39120,39055,39095,22888
1739937600,39100,39140,39055,39100,22214
1739941200,39100,39165,39070,39150,23097
1739944800,39150,39185,39120,39170,25674
1739952000,39180,39180,39120,39140,11768
1739955600,39140,39155,39105,39115,6755
1739959200,39120,39125,39040,39045,14054
1739962800,39045,39050,38985,39005,15161
1739966400,39005,39050,39000,39030,8988
1739970000,39025,39030,38905,38905,19950
1739973600,38910,38940,38770,38790,30307
1739977200,38795,38875,38755,38820,29227
1739980800,38820,38945,38820,38910,15456
1739984400,38905,38940,38835,38920,7341
1739988000,38920,38970,38885,38915,7421
1739991600,38920,38995,38910,38980,5512
1739995200,38980,38995,38940,38985,6456
1739998800,38980,38980,38980,38980,942
1740006000,38850,38915,38825,38910,14093
1740009600,38915,38955,38760,38780,91050
1740013200,38785,38795,38635,38660,69009
1740016800,38660,38660,38495,38570,62011
1740020400,38575,38580,38495,38495,41646
1740024000,38495,38630,38450,38620,51000
1740027600,38620,38660,38560,38645,37985
1740031200,38650,38710,38570,38710,44355
1740038400,38730,38760,38700,38750,23064
1740042000,38750,38795,38720,38790,13210
1740045600,38795,38805,38775,38780,8357
1740049200,38775,38790,38710,38720,11319
1740052800,38725,38755,38705,38755,8259
1740056400,38750,38755,38670,38730,14103
1740060000,38725,38760,38520,38520,25222
1740063600,38520,38620,38385,38410,61532
1740067200,38405,38485,38385,38410,23926
1740070800,38410,38510,38400,38430,11425
1740074400,38430,38490,38400,38480,7579
1740078000,38475,38565,38470,38550,7146
1740081600,38550,38595,38530,38545,7252
1740085200,38545,38545,38545,38545,1094
1740092400,38530,38570,38505,38560,13534
1740096000,38555,38650,38485,38555,74360
1740099600,38555,38805,38445,38690,99361
1740103200,38690,38760,38620,38750,41008
1740106800,38750,38755,38605,38640,28141
1740110400,38640,38710,38600,38705,23645
1740114000,38705,38760,38695,38730,26948
1740117600,38735,38800,38725,38790,27008
1740124800,38805,38865,38760,38810,31704
1740128400,38815,38840,38785,38830,9035
1740132000,38835,38860,38830,38855,8312
1740135600,38855,38865,38805,38820,7024
1740139200,38820,38825,38785,38790,9522
1740142800,38790,38830,38750,38800,11496
1740146400,38805,38820,38570,38595,40171
1740150000,38595,38635,38495,38530,44110
1740153600,38530,38565,38490,38515,15581
1740157200,38515,38540,38325,38325,20177
1740160800,38330,38330,38150,38175,27728
1740164400,38180,38200,38050,38145,20989
1740168000,38145,38205,38135,38185,11608
1740171600,38100,38100,38100,38100,2827
1740351600,38255,38365,38215,38320,13226
1740355200,38325,38325,38105,38120,32520
1740358800,38120,38210,38080,38200,20957
1740362400,38195,38330,38195,38285,18207
1740366000,38285,38320,38240,38250,13839
1740369600,38245,38305,38225,38260,11712
1740373200,38265,38355,38250,38330,13558
1740376800,38330,38375,38325,38345,10786
1740384000,38355,38380,38160,38250,29169
1740387600,38250,38345,38235,38290,16602
1740391200,38290,38335,38265,38280,7606
1740394800,38285,38360,38270,38345,10089
1740398400,38345,38345,38280,38340,9478
1740402000,38340,38355,38320,38345,6916
1740405600,38345,38355,38025,38035,32339
1740409200,38035,38080,37870,37975,52212
1740412800,37975,38220,37970,38155,25934
1740416400,38155,38270,38150,38215,16584
1740420000,38210,38220,38160,38170,6874
1740423600,38170,38215,38125,38160,6171
1740427200,38165,38165,38065,38070,6621
1740430800,38050,38050,38050,38050,1344
1740438000,38040,38115,38005,38105,20975
1740441600,38100,38410,38075,38410,113670
1740445200,38410,38475,38330,38380,62022
1740448800,38385,38475,38320,38405,47796
1740452400,38405,38420,38295,38345,38489
1740456000,38345,38380,38230,38230,38788
1740459600,38230,38320,38215,38305,34993
1740463200,38305,38320,38150,38240,44949
1740470400,38055,38225,37995,38130,38366
1740474000,38135,38225,38080,38080,17751
1740477600,38085,38170,38070,38105,12055
1740481200,38105,38240,38090,38230,13961
1740484800,38230,38260,38170,38255,16035
1740488400,38250,38330,38250,38285,16882
1740492000,38280,38295,38040,38105,35835
1740495600,38110,38115,37670,37870,89949
1740499200,37875,37960,37710,37925,34667
1740502800,37920,37970,37830,37960,14865
1740506400,37965,38115,37965,38050,25643
1740510000,38045,38065,37915,38025,15787
1740513600,38025,38130,37945,37955,12469
1740517200,37955,37955,37955,37955,1026
1740524400,37970,38095,37950,38090,25353
1740528000,38080,38105,37795,37805,95177
1740531600,37805,37880,37725,37785,63821
1740535200,37785,37890,37735,37880,32100
1740538800,37880,37940,37800,37810,35928
1740542400,37810,37880,37780,37855,23965
1740546000,37855,38070,37855,38020,48582
1740549600,38025,38220,38020,38220,44608
1740556800,38205,38220,38110,38125,25845
1740560400,38125,38215,38120,38195,13306
1740564000,38190,38225,38155,38220,9367
1740567600,38220,38245,38190,38205,13152
1740571200,38205,38265,38200,38260,9393
1740574800,38255,38310,38170,38195,18859
1740578400,38195,38360,38110,38310,42385
1740582000,38315,38435,38295,38415,40980
1740585600,38420,38475,38340,38355,24483
1740589200,38355,38440,38200,38230,23050
1740592800,38230,38240,38000,38020,18930
1740596400,38015,38095,37920,38000,19517
1740600000,38005,38125,37985,38095,10704
1740603600,38060,38060,38060,38060,1048
1740610800,38175,38310,38145,38290,21718
1740614400,38285,38360,38115,38315,97635
1740618000,38315,38390,38160,38165,54892
1740621600,38160,38225,38090,38185,37145
1740625200,38190,38270,38130,38135,29648
1740628800,38135,38150,38075,38135,32044
1740632400,38135,38265,38120,38250,39960
1740636000,38250,38320,38235,38300,39412
1740643200,38250,38325,38170,38310,26338
1740646800,38315,38375,38290,38355,13241
1740650400,38355,38375,38320,38355,8028
1740654000,38355,38395,38350,38385,9757
1740657600,38385,38400,38340,38350,9663
1740661200,38350,38395,38195,38245,41464
1740664800,38245,38345,37995,38010,53967
1740668400,38005,38225,37840,38100,72567
1740672000,38110,38255,38020,38025,29307
1740675600,38030,38095,37965,38020,18721
1740679200,38025,38130,38025,38065,12470
1740682800,38070,38070,37735,37785,23651
1740686400,37790,37790,37585,37590,29161
1740690000,37585,37585,37585,37585,1269
1740697200,37650,37705,37610,37690,21867
1740700800,37685,37725,37240,37265,136509
1740704400,37265,37305,37085,37145,95575
1740708000,37145,37220,37060,37090,54423
1740711600,37095,37100,36840,37020,86440
1740715200,37020,37200,36940,37070,82608
1740718800,37065,37180,37050,37130,51737
1740722400,37130,37215,37045,37100,68630
1740729600,37230,37390,37190,37375,48199
1740733200,37380,37410,37295,37315,21207
1740736800,37315,37390,37310,37320,13147
1740740400,37325,37390,37320,37355,9654
1740744000,37350,37360,37210,37290,20692
1740747600,37290,37375,37250,37265,22060
1740751200,37270,37345,37040,37335,49448
1740754800,37335,37545,37290,37490,57697
1740758400,37490,37525,37325,37460,36418
1740762000,37460,37500,37205,37210,25335
1740765600,37205,37315,37105,37140,34983
1740769200,37135,37385,37120,37370,17498
1740772800,37375,37525,37345,37525,14779
1740776400,37550,37550,37550,37550,1945
1740956400,37685,37755,37620,37725,26750
1740960000,37725,37790,37370,37460,108080
1740963600,37465,37645,37415,37540,75196
1740967200,37535,37700,37500,37630,33432
1740970800,37630,37700,37570,37675,41980
1740974400,37675,37795,37670,37790,43843
1740978000,37790,37845,37760,37835,49962
1740981600,37835,37890,37745,37860,52629
1740988800,37820,37840,37635,37745,38639
1740992400,37740,37910,37715,37905,20306
1740996000,37905,38020,37885,37990,25093
1740999600,37985,38100,37975,38095,18195
1741003200,38095,38240,38080,38220,40439
1741006800,38220,38235,38145,38165,21009
1741010400,38165,38260,38025,38045,48965
1741014000,38045,38120,37855,37995,73922
1741017600,37995,38110,37935,37995,32447
1741021200,37995,38085,37930,37950,20637
1741024800,37950,37960,37695,37780,34658
1741028400,37780,37880,37605,37615,25179
1741032000,37615,37615,37095,37230,65745
1741035600,37300,37300,37300,37300,1320
1741042800,37325,37400,37305,37335,22041
1741046400,37335,37430,37220,37285,101534
1741050000,37280,37305,36810,36915,124015
1741053600,36920,37160,36910,37090,59411
1741057200,37095,37200,37020,37145,48209
1741060800,37145,37165,37000,37065,45249
1741064400,37070,37330,36990,37320,82791
1741068000,37325,37380,37240,37355,55652
1741075200,37310,37360,37150,37175,43376
1741078800,37175,37250,37085,37100,24050
1741082400,37090,37125,37015,37035,21947
1741086000,37035,37070,36885,36945,28172
1741089600,36945,36945,36685,36705,47852
1741093200,36700,36775,36590,36590,40303
1741096800,36590,36840,36515,36540,85555
1741100400,36540,36595,36260,36465,114243
1741104000,36460,36675,36355,36635,55140
1741107600,36640,36805,36585,36660,44153
1741111200,36660,37070,36635,37070,44701
1741114800,37070,37400,37065,37370,49966
1741118400,37365,37560,36885,36965,46518
1741122000,36940,36940,36940,36940,1096
1741129200,37200,37335,37190,37325,22043
1741132800,37330,37540,37170,37315,116765
1741136400,37320,37445,37220,37415,83769
1741140000,37420,37430,37290,37330,35693
1741143600,37325,37605,37275,37575,52834
1741147200,37570,37610,37440,37480,42916
1741150800,37475,37515,37355,37490,44902
1741154400,37495,37505,37350,37425,34628
1741161600,37410,37555,37335,37405,36534
1741165200,37410,37580,37360,37560,24993
1741168800,37560,37605,37450,37460,23097
1741172400,37460,37490,37360,37420,17270
1741176000,37420,37450,37335,37390,18695
1741179600,37390,37485,37240,37260,42204
1741183200,37260,37295,37090,37145,57766
1741186800,37150,37485,37150,37395,84801
1741190400,37395,37395,37140,37325,45307
1741194000,37325,37550,37310,37545,24784
1741197600,37545,37610,37430,37610,27397
1741201200,37605,37840,37585,37715,25719
1741204800,37720,37805,37660,37740,15613
1741208400,37700,37700,37700,37700,1128
1741215600,37620,37690,37620,37665,13192
1741219200,37660,37885,37620,37635,77685
1741222800,37640,37785,37580,37770,61113
1741226400,37770,37830,37725,37765,33837
1741230000,37765,37790,37670,37770,28301
1741233600,37770,37815,37715,37780,27532
1741237200,37785,37820,37690,37700,32781
1741240800,37695,37770,37680,37750,34236
1741248000,37610,37630,37340,37350,42848
1741251600,37350,37380,37220,37235,36283
1741255200,37235,37275,37060,37070,33068
1741258800,37070,37230,37025,37225,26645
1741262400,37230,37230,37090,37115,23630
1741266000,37115,37160,36965,37070,42434
1741269600,37080,37230,36985,37145,52798
1741273200,37145,37440,37100,37355,60631
1741276800,37360,37460,37105,37110,43256
1741280400,37110,37170,36920,37055,39070
1741284000,37055,37145,36930,36995,25994
1741287600,36995,37135,36835,36920,27953
1741291200,36925,37085,36895,36950,17733
1741294800,36905,36905,36905,36905,1143
1741302000,37065,37070,36950,37035,17038
1741305600,37040,37070,36850,36880,107812
1741309200,36880,37135,36860,37085,62090
1741312800,37085,37110,36915,36925,28925
1741316400,36925,36950,36870,36920,35669
1741320000,36925,36965,36840,36900,42126
1741323600,36905,36965,36820,36865,39340
1741327200,36865,36915,36770,36770,51687
1741334400,36860,36920,36775,36815,41658
1741338000,36810,36960,36790,36950,19700
1741341600,36955,36960,36890,36915,10964
1741345200,36915,37025,36895,36990,13400
1741348800,36985,37010,36850,36900,15749
1741352400,36900,37100,36630,36710,54935
1741356000,36705,37040,36580,36915,74487
1741359600,36915,37015,36555,36775,88381
1741363200,36775,36790,36465,36580,43287
1741366800,36580,36950,36495,36785,45538
1741370400,36790,37100,36780,37100,49124
1741374000,37105,37250,37025,37135,33511
1741377600,37135,37260,37050,37260,22299
1741381200,37260,37260,37260,37260,1466
1741561200,37000,37010,36870,36980,28583
1741564800,36975,37020,36695,36900,108505
1741568400,36895,37055,36860,37050,50917
1741572000,37050,37150,37025,37120,33711
1741575600,37120,37120,37005,37045,27568
1741579200,37040,37065,36930,36950,27507
1741582800,36950,37070,36950,37000,31899
1741586400,37005,37105,36985,37075,36796
1741593600,37010,37050,36670,36700,49800
1741597200,36700,36860,36660,36765,31114
1741600800,36770,36820,36665,36700,22669
1741604400,36705,36765,36640,36700,25818
1741608000,36700,36715,36535,36655,26028
1741611600,36655,36740,36540,36605,55294
1741615200,36600,36600,36335,36400,58740
1741618800,36405,36640,36405,36470,47896
1741622400,36465,36595,36400,36490,28541
1741626000,36490,36520,36345,36345,20530
1741629600,36345,36475,36235,36245,22328
1741633200,36245,36555,36165,36480,38397
1741636800,36485,36500,36415,36425,6156
1741640400,36400,36400,36400,36400,1093
1741647600,36285,36315,36190,36310,24489
1741651200,36315,36360,36025,36125,122109
1741654800,36130,36230,35975,36200,73294
1741658400,36205,36470,36150,36365,62272
1741662000,36370,36495,36355,36395,37560
1741665600,36395,36590,36350,36560,39675
1741669200,36560,36690,36505,36690,37536
1741672800,36690,36805,36670,36760,56218
1741680000,36730,36900,36665,36895,43222
1741683600,36895,36930,36775,36780,23048
1741687200,36780,36875,36725,36835,20147
1741690800,36835,36875,36720,36870,16139
1741694400,36870,36870,36610,36665,28892
1741698000,36670,36810,36585,36685,49396
1741701600,36680,36855,36295,36345,90134
1741705200,36345,36620,36310,36470,45630
1741708800,36470,36480,36255,36285,28785
1741712400,36285,36295,36105,36230,25662
1741716000,36220,36795,36215,36750,39059
1741719600,36750,36820,36510,36515,25119
1741723200,36520,36590,36480,36535,5283
1741726800,36515,36515,36515,36515,735
1741734000,36540,36730,36540,36730,13929
1741737600,36730,36955,36650,36895,78954
1741741200,36895,36925,36780,36885,32756
1741744800,36880,36900,36795,36860,26577
1741748400,36860,36870,36755,36765,19938
1741752000,36765,36875,36745,36865,19606
1741755600,36875,36920,36860,36915,13540
1741759200,36900,36905,36770,36800,24495
1741766400,36850,36930,36780,36885,20011
1741770000,36885,36955,36875,36945,12621
1741773600,36945,36975,36880,36940,14334
1741777200,36935,37035,36935,36980,11671
1741780800,36980,37210,36950,37190,38258
1741784400,37190,37220,36955,37055,41688
1741788000,37050,37095,36835,36855,44369
1741791600,36855,37090,36770,37085,30715
1741795200,37085,37195,37010,37055,22077
1741798800,37060,37215,36990,36995,16994
1741802400,37000,37220,36990,37175,9453
1741806000,37170,37175,37050,37095,9042
1741809600,37095,37100,37025,37025,2846
1741813200,37000,37000,37000,37000,1082
1741820400,37120,37195,37110,37130,7880
1741824000,37130,37330,37120,37215,28914
1741827600,37215,37255,37070,37150,17426
1741831200,37145,37215,37130,37170,6096
1741834800,37150,37170,37010,37030,10314
1741838400,36975,37050,36880,36935,9864
1741842000,36935,36955,36820,36920,10450
1741845600,36915,36950,36750,36750,14593
1741852800,36515,36650,36460,36645,34625
1741856400,36645,36775,36580,36765,22846
1741860000,36770,36790,36685,36730,20424
1741863600,36730,36745,36545,36605,36085
1741867200,36600,36670,36520,36605,32584
1741870800,36605,36695,36450,36495,48528
1741874400,36490,36755,36460,36580,55333
1741878000,36585,36650,36450,36480,40762
1741881600,36480,36600,36405,36470,26887
1741885200,36470,36510,36300,36330,19380
1741888800,36330,36570,36325,36560,14274
1741892400,36555,36615,36390,36450,17742
1741896000,36450,36520,36445,36515,4860
1741899600,36500,36500,36500,36500,684
1741906800,36500,36565,36430,36470,23906
1741910400,36470,36700,36275,36690,107992
1741914000,36690,36695,36545,36580,44026
1741917600,36580,36715,36565,36705,23993
1741921200,36705,36870,36690,36845,42439
1741924800,36845,36900,36790,36850,35952
1741928400,36845,36895,36840,36885,25896
1741932000,36885,36885,36795,36860,35848
1741939200,36835,36945,36780,36935,29939
1741942800,36940,36985,36925,36950,15978
1741946400,36950,37035,36880,37010,24077
1741950000,37010,37075,36960,37060,20666
1741953600,37060,37170,37045,37120,28609
1741957200,37120,37225,37070,37160,31752
1741960800,37155,37235,37055,37225,38995
1741964400,37230,37345,37230,37295,28661
1741968000,37295,37315,37185,37290,22879
1741971600,37290,37315,37220,37230,11139
1741975200,37230,37320,37215,37290,6625
1741978800,37285,37370,37280,37350,10011
1741982400,37350,37350,37260,37275,5537
1741986000,37270,37270,37270,37270,1335
1742166000,37275,37320,37235,37245,17769
1742169600,37240,37290,37115,37275,74852
1742173200,37270,37310,37210,37240,36926
1742176800,37240,37265,37165,37260,19475
1742180400,37255,37300,37205,37275,23408
1742184000,37275,37310,37255,37295,22508
1742187600,37290,37295,37220,37245,20765
1742191200,37245,37275,37160,37200,33648
1742198400,37250,37265,37180,37240,30195
1742202000,37235,37260,37185,37235,18399
1742205600,37235,37275,37230,37265,10534
1742209200,37260,37290,37230,37245,10726
1742212800,37245,37395,37215,37360,30618
1742216400,37360,37560,37320,37495,46669
1742220000,37495,37510,37385,37410,35348
1742223600,37410,37480,37370,37470,26734
1742227200,37465,37530,37440,37520,18580
1742230800,37520,37670,37495,37670,13746
1742234400,37665,37775,37655,37745,17823
1742238000,37745,37755,37685,37690,11689
1742241600,37690,37690,37650,37660,3765
1742245200,37670,37670,37670,37670,738
1742252400,37730,37745,37680,37695,12307
1742256000,37695,37715,37565,37670,76743
1742259600,37670,37755,37665,37690,38584
1742263200,37690,37755,37670,37735,23923
1742266800,37730,37740,37635,37690,28478
1742270400,37690,37750,37635,37660,33051
1742274000,37665,37680,37600,37630,28449
1742277600,37635,37640,37585,37620,28900
1742284800,37635,37750,37610,37705,29243
1742288400,37710,37740,37695,37700,10073
1742292000,37705,37710,37580,37640,18586
1742295600,37645,37660,37590,37650,12181
1742299200,37650,37675,37590,37600,10809
1742302800,37600,37600,37440,37440,41681
1742306400,37440,37510,37405,37485,29816
1742310000,37480,37490,37390,37445,20275
1742313600,37445,37585,37435,37520,20964
1742317200,37520,37545,37405,37520,18613
1742320800,37525,37580,37440,37565,11459
1742324400,37565,37575,37495,37535,8297
1742328000,37540,37565,37530,37545,2547
1742331600,37515,37515,37515,37515,978
1742338800,37530,37585,37515,37575,13289
1742342400,37575,37850,37550,37830,96393
1742346000,37835,37845,37770,37800,35093
1742349600,37800,37875,37790,37800,22542
1742353200,37800,37840,37730,37760,26115
1742356800,37760,37760,37610,37630,35505
1742360400,37625,37635,37570,37600,29917
1742364000,37600,37610,37470,37500,36820
1742371200,37405,37550,37395,37530,26778
1742374800,37530,37575,37495,37565,12838
1742378400,37565,37590,37535,37540,12667
1742382000,37540,37570,37515,37560,14653
1742385600,37560,37585,37465,37495,16347
1742389200,37500,37680,37470,37660,31823
1742392800,37660,37720,37590,37600,28374
1742396400,37600,37705,37595,37685,21216
1742400000,37685,37695,37590,37615,14548
1742403600,37615,37635,37545,37595,13511
1742407200,37590,37685,37515,37665,41192
1742410800,37660,37780,37585,37625,25316
1742414400,37625,37655,37600,37605,5445
1742418000,37615,37615,37615,37615,1054
1742425200,37625,37665,37600,37655,7730
1742428800,37655,37660,37565,37585,17408
1742432400,37585,37630,37555,37570,12950
1742436000,37565,37615,37560,37615,8141
1742439600,37610,37620,37600,37615,6712
1742443200,37610,37620,37595,37615,4384
1742446800,37610,37640,37600,37630,5904
1742450400,37630,37630,37555,37570,9369
1742457600,37575,37650,37550,37565,20432
1742461200,37560,37575,37455,37475,18754
1742464800,37475,37475,37195,37290,49142
1742468400,37290,37325,37235,37300,16533
1742472000,37295,37310,37240,37245,15276
1742475600,37240,37295,37160,37285,30626
1742479200,37285,37450,37280,37405,39845
1742482800,37405,37470,37340,37410,24562
1742486400,37405,37465,37320,37330,19634
1742490000,37335,37400,37310,37325,8620
1742493600,37320,37435,37285,37365,7857
1742497200,37365,37470,37360,37435,9482
1742500800,37430,37455,37415,37430,2791
1742504400,37450,37450,37450,37450,819
1742511600,37440,37440,37360,37365,12992
1742515200,37370,37680,37335,37645,97951
1742518800,37645,37725,37605,37715,50879
1742522400,37710,37720,37610,37630,25628
1742526000,37630,37650,37590,37610,28417
1742529600,37610,37685,37555,37555,26809
1742533200,37555,37570,37470,37495,36401
1742536800,37490,37500,37375,37400,37836
1742544000,37410,37480,37265,37320,36367
1742547600,37320,37325,37260,37315,17312
1742551200,37315,37365,37285,37305,15286
1742554800,37305,37320,37250,37275,12675
1742558400,37275,37320,37120,37125,26736
1742562000,37125,37210,37105,37185,38855
1742565600,37190,37205,37110,37190,29282
1742569200,37195,37235,37090,37160,29489
1742572800,37155,37335,37130,37335,28737
1742576400,37330,37385,37265,37335,14218
1742580000,37330,37355,37300,37315,6990
1742583600,37315,37365,37260,37345,14450
1742587200,37345,37365,37300,37305,4406
1742590800,37310,37310,37310,37310,1112
1742770800,37520,37555,37500,37550,18711
1742774400,37555,37585,37390,37525,80170
1742778000,37520,37525,37415,37435,30284
1742781600,37435,37465,37395,37445,17163
1742785200,37440,37480,37380,37415,21630
1742788800,37415,37440,37385,37405,18257
1742792400,37405,37445,37390,37420,21103
1742796000,37425,37430,37315,37350,27618
1742803200,37425,37480,37390,37430,21487
1742806800,37425,37435,37335,37360,14276
1742810400,37355,37465,37350,37455,10791
1742814000,37450,37500,37445,37460,13966
1742817600,37455,37475,37435,37455,8590
1742821200,37455,37560,37435,37545,23509
1742824800,37550,37680,37535,37665,25199
1742828400,37670,37715,37640,37710,18556
1742832000,37710,37740,37610,37640,22831
1742835600,37635,37665,37610,37660,8398
1742839200,37660,37700,37610,37690,15077
1742842800,37690,37740,37690,37725,10811
1742846400,37720,37735,37690,37695,3883
1742850000,37720,37720,37720,37720,1141
1742857200,37755,37770,37705,37720,17980
1742860800,37720,37870,37705,37825,92373
1742864400,37825,37835,37625,37650,57275
1742868000,37645,37685,37600,37640,22440
1742871600,37645,37670,37520,37540,29130
1742875200,37540,37550,37430,37515,40685
1742878800,37515,37575,37500,37545,22709
1742882400,37545,37580,37520,37580,28637
1742889600,37580,37650,37555,37630,27674
1742893200,37630,37670,37585,37660,13414
1742896800,37655,37715,37625,37715,12944
1742900400,37715,37770,37695,37765,19058
1742904000,37765,37780,37665,37675,17760
1742907600,37675,37700,37590,37620,25652
1742911200,37620,37660,37545,37650,22130
1742914800,37650,37680,37600,37630,13405
1742918400,37630,37720,37625,37710,13374
1742922000,37710,37755,37670,37705,8421
1742925600,37700,37760,37695,37745,8345
1742929200,37750,37825,37735,37815,11662
1742932800,37815,37830,37805,37810,3660
1742936400,37825,37825,37825,37825,1067
1742943600,37840,37900,37825,37865,18513
1742947200,37865,37905,37720,37800,100787
1742950800,37800,37805,37620,37695,55589
1742954400,37695,37705,37625,37700,23010
1742958000,37695,37765,37670,37765,32001
1742961600,37765,37860,37750,37845,38565
1742965200,37845,37970,37775,37795,64763
1742968800,37790,37850,37765,37800,46240
1742976000,37790,37810,37695,37720,26666
1742979600,37720,37730,37675,37675,14946
1742983200,37675,37750,37665,37745,13924
1742986800,37745,37775,37710,37760,11979
1742990400,37760,37790,37735,37780,11671
1742994000,37775,37780,37630,37635,29271
1742997600,37635,37695,37600,37670,29958
1743001200,37675,37710,37550,37580,23257
1743004800,37580,37590,37505,37525,20845
1743008400,37530,37570,37400,37440,16893
1743012000,37440,37510,37415,37420,9271
1743015600,37425,37500,37405,37460,10570
1743019200,37465,37475,37440,37450,3774
1743022800,37445,37445,37445,37445,1158
1743030000,37410,37485,37400,37430,18088
1743033600,37430,37590,37290,37425,100500
1743037200,37425,37450,37295,37295,66023
1743040800,37295,37420,37295,37405,27118
1743044400,37405,37415,37320,37355,22381
1743048000,37355,37470,37350,37450,30595
1743051600,37445,37450,37370,37405,31668
1743055200,37405,37515,37350,37410,65897
1743062400,37390,37460,37300,37455,34830
1743066000,37455,37485,37400,37475,14601
1743069600,37475,37520,37470,37475,12120
1743073200,37475,37525,37440,37520,13858
1743076800,37515,37530,37440,37445,16714
1743080400,37445,37450,37250,37410,46638
1743084000,37405,37530,37365,37520,41707
1743087600,37520,37530,37380,37390,21481
1743091200,37395,37515,37390,37400,15508
1743094800,37400,37455,37370,37380,10114
1743098400,37385,37465,37380,37405,5898
1743102000,37405,37485,37385,37400,7971
1743105600,37395,37425,37390,37415,1888
1743109200,37430,37430,37430,37430,1060
1743116400,37380,37395,37345,37390,15131
1743120000,37385,37395,37145,37150,88238
1743123600,37150,37155,37010,37015,58515
1743127200,37015,37065,37005,37025,28019
1743130800,37030,37085,36965,37005,33750
1743134400,37005,37010,36900,36965,41227
1743138000,36965,37015,36905,36990,36025
1743141600,36990,37155,36980,37010,61457
1743148800,36880,36890,36750,36865,43734
1743152400,36860,36885,36765,36795,16200
1743156000,36790,36865,36785,36815,10669
1743159600,36810,36840,36780,36825,10373
1743163200,36825,36845,36710,36720,20289
1743166800,36720,36830,36675,36700,48125
1743170400,36705,36725,36380,36415,66157
1743174000,36415,36560,36345,36430,38297
1743177600,36430,36505,36380,36390,21098
1743181200,36390,36395,36310,36370,17773
1743184800,36370,36420,36350,36395,10839
1743188400,36400,36425,36345,36380,11132
1743192000,36380,36385,36300,36305,5102
1743195600,36300,36300,36300,36300,1218
1743375600,36085,36160,36055,36130,23265
1743379200,36125,36145,35610,35795,174347
1743382800,35795,35960,35770,35805,73901
1743386400,35805,35805,35695,35705,32890
1743390000,35705,35730,35625,35670,43302
1743393600,35665,35775,35575,35685,51117
1743397200,35680,35750,35665,35735,45924
1743400800,35735,35770,35630,35700,74259
1743408000,35770,35895,35755,35835,39254
1743411600,35830,35830,35695,35725,24793
1743415200,35720,35760,35655,35665,22896
1743418800,35665,35695,35550,35635,24085
1743422400,35630,35755,35595,35745,18735
1743426000,35750,35785,35470,35655,51339
1743429600,35655,35835,35645,35745,43493
1743433200,35750,35965,35750,35890,38088
1743436800,35890,35935,35800,35860,19187
1743440400,35855,35970,35845,35870,14110
1743444000,35865,36080,35865,35995,18422
1743447600,35990,36150,35990,36060,19943
1743451200,36055,36055,36000,36010,5237
1743454800,36020,36020,36020,36020,1043
1743462000,36000,36005,35895,35980,23132
1743465600,35980,36085,35755,35850,118217
1743469200,35845,35940,35750,35885,55847
1743472800,35885,35910,35825,35845,24509
1743476400,35845,35900,35705,35715,36310
1743480000,35710,35775,35575,35740,62049
1743483600,35740,35800,35615,35620,46123
1743487200,35620,35680,35595,35620,42104
1743494400,35555,35685,35530,35665,25984
1743498000,35665,35730,35660,35665,16810
1743501600,35670,35680,35415,35495,43544
1743505200,35500,35505,35285,35370,34155
1743508800,35365,35405,35325,35385,21347
1743512400,35390,35470,35320,35420,40185
1743516000,35415,35605,35125,35580,76733
1743519600,35580,35715,35565,35715,43852
1743523200,35715,35860,35615,35700,38306
1743526800,35700,35740,35580,35585,17117
1743530400,35590,35595,35445,35545,15166
1743534000,35535,35760,35510,35745,18603
1743537600,35750,35755,35665,35730,4638
1743541200,35720,35720,35720,35720,1186
1743548400,35860,35880,35770,35770,16622
1743552000,35770,35785,35460,35505,105287
1743555600,35505,35695,35490,35630,49959
1743559200,35635,35695,35590,35645,25456
1743562800,35645,35720,35605,35690,29555
1743566400,35690,35790,35665,35775,33522
1743570000,35780,35815,35650,35665,44277
1743573600,35660,35775,35650,35760,33570
1743580800,35705,35715,35570,35610,33227
1743584400,35605,35680,35575,35605,14502
1743588000,35605,35625,35475,35495,30868
1743591600,35495,35515,35420,35430,17854
1743595200,35430,35435,35315,35425,25573
1743598800,35425,35625,35370,35570,39188
1743602400,35565,35775,35545,35750,50447
1743606000,35745,35870,35690,35830,37263
1743609600,35830,36035,35820,36005,22370
1743613200,36010,36100,35855,35910,18616
1743616800,35905,35950,35760,35775,21022
1743620400,35780,36035,35780,35980,21294
1743624000,35980,36500,34810,34830,84766
1743627600,34830,34830,34830,34830,1455
1743634800,34035,34135,33390,33790,71600
1743638400,33785,34840,33780,34545,230066
1743642000,34550,34830,34535,34755,90971
1743645600,34760,34880,34635,34735,53654
1743649200,34735,34745,34410,34575,59193
1743652800,34575,34720,34555,34635,55787
1743656400,34635,34720,34505,34560,55881
1743660000,34565,34835,34560,34835,70742
1743667200,34780,34835,34645,34730,42086
1743670800,34725,34740,34490,34500,41409
1743674400,34505,34525,34185,34355,51967
1743678000,34360,34490,34270,34295,35549
1743681600,34290,34460,34090,34115,46338
1743685200,34110,34360,34020,34135,67178
1743688800,34125,34175,33900,33910,70887
1743692400,33905,34140,33755,34040,55998
1743696000,34035,34260,33985,34020,38226
1743699600,34020,34120,33915,33955,23656
1743703200,33955,34110,33865,34090,18225
1743706800,34090,34110,33845,33895,21409
1743710400,33895,33900,33635,33635,11235
1743714000,33615,33615,33615,33615,885
1743721200,33960,33995,33780,33975,31304
1743724800,33980,34360,33835,34010,160209
1743728400,34005,34135,33800,33810,85286
1743732000,33810,33990,33805,33855,52069
1743735600,33855,33860,33475,33575,83308
1743739200,33580,33625,33295,33370,88507
1743742800,33365,33880,33315,33875,116730
1743746400,33875,34000,33760,33760,85863
1743753600,33550,33655,33465,33545,77626
1743757200,33545,33605,33375,33400,44199
1743760800,33400,33415,32410,32530,172614
1743764400,32530,32660,32210,32570,114202
1743768000,32565,32780,32430,32680,88987
1743771600,32680,32970,32540,32830,105022
1743775200,32830,32845,31965,32355,106438
1743778800,32355,32855,32280,32395,126495
1743782400,32405,32510,32105,32245,59475
1743786000,32240,32575,32080,32550,44973
1743789600,32555,32640,32145,32275,35877
1743793200,32275,32680,32155,32225,43259
1743796800,32225,32360,32115,32235,18435
1743800400,32230,32230,32230,32230,1422
1743980400,30805,31145,30730,31075,20370
1743984000,31080,31660,30650,31495,252673
1743987600,31495,31945,31400,31880,152444
1743991200,31880,31995,31520,31650,77894
1743994800,31650,31775,31275,31720,84176
1743998400,31720,31830,31320,31425,86761
1744002000,31430,31855,31425,31510,119728
1744005600,31510,31660,30960,30960,123179
1744012800,30935,31415,30905,31110,103086
1744016400,31110,31330,30790,31160,60009
1744020000,31155,31755,31140,31545,80616
1744023600,31550,31775,31450,31550,57851
1744027200,31550,31850,31475,31755,75152
1744030800,31755,31910,31195,31880,114152
1744034400,31880,33430,31780,32465,203176
1744038000,32465,32715,31835,32230,143342
1744041600,32225,32290,31860,31910,57773
1744045200,31910,32680,31905,32675,68174
1744048800,32680,32750,32220,32250,49612
1744052400,32245,32375,32025,32225,42932
1744056000,32225,32635,32185,32515,15007
1744059600,32535,32535,32535,32535,666
1744066800,32700,32845,32580,32640,38504
1744070400,32640,33140,32385,32880,181836
1744074000,32875,33300,32760,33210,121989
1744077600,33210,33230,33000,33020,42083
1744081200,33020,33050,32680,32745,64266
1744084800,32745,32920,32640,32915,66747
1744088400,32920,33080,32715,32995,84265
1744092000,32995,33110,32875,33100,96475
1744099200,33185,33230,32880,33030,52125
1744102800,33025,33030,32745,32745,27039
1744106400,32745,32925,32685,32800,27743
1744110000,32805,33445,32800,33390,52253
1744113600,33390,33510,33320,33425,50656
1744117200,33425,33870,33385,33840,87552
1744120800,33835,33925,33415,33420,72210
1744124400,33425,33580,33245,33510,60700
1744128000,33510,33590,32895,32910,58474
1744131600,32910,33010,32355,32810,70291
1744135200,32810,32875,32485,32495,50176
1744138800,32495,32530,31820,32220,64722
1744142400,32225,32345,31995,32095,23687
1744146000,32135,32135,32135,32135,720
1744153200,31905,32270,31865,32230,31239
1744156800,32235,32325,31725,32075,137815
1744160400,32070,32190,31820,32180,78280
1744164000,32180,32320,32030,32065,47334
1744167600,32070,32085,31775,31835,55606
1744171200,31835,32020,31275,31460,148220
1744174800,31460,31775,31375,31770,101435
1744178400,31770,32055,31745,31825,92904
1744185600,32310,32580,31955,32270,80924
1744189200,32270,32375,32030,32065,39211
1744192800,32070,32205,31780,32025,61072
1744196400,32030,32030,31385,31530,124246
1744200000,31525,31565,31115,31400,87257
1744203600,31400,32040,31350,31890,135576
1744207200,31890,32140,31485,31500,118790
1744210800,31500,31920,31495,31720,75318
1744214400,31725,32055,31635,31975,39162
1744218000,31975,34365,31795,34350,169656
1744221600,34355,34870,34165,34170,104519
1744225200,34170,34880,34110,34850,65817
1744228800,34855,35140,34740,35110,23106
1744232400,35050,35050,35050,35050,1037
1744239600,35075,35080,34785,34810,41331
1744243200,34810,34970,34235,34445,159763
1744246800,34440,34540,34140,34380,73291
1744250400,34375,34480,34330,34405,38349
1744254000,34400,34455,34255,34445,43595
1744257600,34440,34515,34325,34460,50318
1744261200,34460,34510,34330,34495,60689
1744264800,34500,34700,34435,34635,103334
1744272000,34255,34265,33915,33970,56259
1744275600,33970,34020,33760,33860,43309
1744279200,33865,34030,33840,33865,27268
1744282800,33870,33955,33820,33870,23550
1744286400,33870,33930,33570,33740,53708
1744290000,33745,33870,33490,33505,74153
1744293600,33500,33660,33370,33400,64977
1744297200,33400,33540,32925,32985,52990
1744300800,32985,33105,32460,33060,83550
1744304400,33050,33360,32720,33265,58551
1744308000,33265,33510,33030,33335,36046
1744311600,33340,33470,33025,33390,36305
1744315200,33400,33500,33310,33415,9072
1744318800,33430,33430,33430,33430,883
1744326000,33380,33405,33020,33060,32227
1744329600,33060,33065,32650,32905,147957
1744333200,32905,33145,32775,33120,77018
1744336800,33120,33200,32935,33145,44658
1744340400,33150,33435,33120,33210,57508
1744344000,33210,33385,33130,33190,47487
1744347600,33190,33520,33090,33485,76102
1744351200,33485,33710,33485,33515,78721
1744358400,33170,33230,32695,32800,74584
1744362000,32795,33105,32690,33090,37006
1744365600,33090,33260,32990,33215,31782
1744369200,33215,33240,32905,33050,31100
1744372800,33055,33310,33050,33095,37769
1744376400,33100,33290,32835,33130,93243
1744380000,33145,33245,32875,33045,77992
1744383600,33045,33250,32940,33175,47839
1744387200,33175,33515,33110,33460,29527
1744390800,33460,33720,33340,33670,33438
1744394400,33670,33690,33515,33530,19922
1744398000,33530,33745,33525,33660,20674
1744401600,33655,33735,33645,33730,4115
1744405200,33720,33720,33720,33720,913
1744585200,33980,34090,33945,33975,25718
1744588800,33980,34350,33980,34070,106992
1744592400,34070,34150,33905,34045,53625
1744596000,34045,34195,34030,34195,29515
1744599600,34195,34215,34090,34155,26490
1744603200,34160,34295,34160,34275,33284
1744606800,34275,34290,34155,34155,32931
1744610400,34155,34170,34010,34165,45185
1744617600,34200,34245,34105,34180,24565
1744621200,34175,34250,34055,34140,20602
1744624800,34140,34205,34120,34200,10641
1744628400,34200,34285,34130,34145,17461
1744632000,34145,34370,34130,34360,20379
1744635600,34360,34455,34260,34345,45009
1744639200,34350,34505,34305,34410,43051
1744642800,34410,34445,34045,34055,39999
1744646400,34055,34240,33980,34135,33486
1744650000,34140,34360,34115,34335,25360
1744653600,34335,34440,34330,34395,7810
1744657200,34395,34470,34275,34305,13776
1744660800,34305,34340,34170,34295,4740
1744664400,34310,34310,34310,34310,622
1744671600,34220,34360,34170,34350,21106
1744675200,34350,34495,34295,34420,65151
1744678800,34415,34455,34345,34365,29310
1744682400,34365,34380,34290,34300,19203
1744686000,34305,34410,34275,34380,24140
1744689600,34385,34440,34335,34360,23699
1744693200,34365,34385,34320,34345,22316
1744696800,34345,34355,34280,34355,26970
1744704000,34425,34450,34320,34385,23199
1744707600,34385,34405,34320,34365,12059
1744711200,34360,34395,34330,34365,9084
1744714800,34370,34400,34240,34265,17643
1744718400,34265,34340,34210,34340,18876
1744722000,34340,34575,34335,34535,39350
1744725600,34535,34600,34375,34480,63068
1744729200,34480,34610,34470,34570,27271
1744732800,34570,34640,34475,34495,14735
1744736400,34490,34555,34425,34470,14819
1744740000,34470,34570,34435,34545,6921
1744743600,34540,34610,34470,34495,11314
1744747200,34495,34500,34455,34475,2020
1744750800,34480,34480,34480,34480,697
1744758000,34305,34325,34250,34250,17124
1744761600,34255,34305,34090,34120,62436
1744765200,34120,34225,34105,34140,33163
1744768800,34140,34180,34035,34070,26739
1744772400,34070,34100,34005,34015,17705
1744776000,34010,34025,33940,33965,26332
1744779600,33970,33975,33680,33755,69052
1744783200,33755,33970,33750,33920,50284
1744790400,33780,34360,33770,34175,65501
1744794000,34175,34270,34130,34150,26126
1744797600,34145,34225,34115,34150,17642
1744801200,34150,34210,34125,34175,15516
1744804800,34170,34270,34150,34175,21282
1744808400,34170,34240,34050,34050,42346
1744812000,34050,34205,34020,34200,33838
1744815600,34195,34350,34155,34185,24081
1744819200,34190,34190,34105,34130,11506
1744822800,34125,34215,33795,33795,25350
1744826400,33795,33935,33730,33735,16149
1744830000,33740,33885,33600,33840,24745
1744833600,33845,33910,33800,33820,5614
1744837200,33810,33810,33810,33810,765
1744844400,33970,34080,33910,34045,25720
1744848000,34035,34305,33950,34100,97504
1744851600,34100,34220,34090,34200,38887
1744855200,34200,34265,34190,34250,19710
1744858800,34250,34310,34175,34255,28476
1744862400,34250,34310,34230,34270,20140
1744866000,34270,34390,34220,34340,36546
1744869600,34340,34430,34290,34430,44936
1744876800,34430,34435,34330,34335,22193
1744880400,34335,34495,34320,34480,17025
1744884000,34475,34495,34285,34320,22208
1744887600,34320,34375,34270,34375,17582
1744891200,34380,34520,34370,34420,32816
1744894800,34420,34600,34365,34555,50751
1744898400,34555,34595,34365,34395,39966
1744902000,34395,34585,34390,34490,26638
1744905600,34490,34710,34450,34655,48027
1744909200,34655,34680,34545,34660,12851
1744912800,34660,34740,34630,34635,11342
1744916400,34635,34640,34450,34470,12288
1744920000,34465,34555,34455,34540,3273
1744923600,34515,34515,34515,34515,834
1744930800,34450,34520,34420,34505,13268
1744934400,34510,34560,34270,34540,56347
1744938000,34540,34680,34530,34590,31255
1744941600,34590,34650,34585,34625,12649
1744945200,34625,34680,34620,34650,14034
1744948800,34645,34690,34620,34665,17497
1744952400,34665,34790,34665,34745,32407
1744956000,34745,34830,34680,34830,30264
1744963200,34730,34785,34700,34765,6893
1744966800,34760,34785,34755,34780,1302
1744970400,34780,34825,34775,34800,3030
1744974000,34800,34800,34660,34695,8328
1744977600,34695,34730,34675,34715,4476
1744981200,34715,34730,34700,34715,2056
1744984800,34715,34765,34715,34750,2214
1744988400,34750,34750,34625,34625,3321
1744992000,34625,34710,34625,34705,2350
1744995600,34705,34765,34630,34670,5196
1744999200,34665,34695,34665,34685,321
1745002800,34685,34695,34660,34680,822
1745006400,34675,34675,34645,34650,1132
1745010000,34660,34660,34660,34660,667
1745190000,34470,34555,34450,34540,16629
1745193600,34535,34630,34370,34380,73906
1745197200,34385,34465,34315,34410,43661
1745200800,34410,34445,34240,34285,29884
1745204400,34280,34330,34245,34310,28190
1745208000,34315,34365,34280,34305,20912
1745211600,34310,34370,34270,34355,21812
1745215200,34350,34400,34255,34260,33766
1745222400,34190,34245,34155,34215,13452
1745226000,34215,34245,34180,34220,9073
1745229600,34225,34320,34220,34320,8405
1745233200,34320,34360,34210,34255,16487
1745236800,34250,34350,34230,34300,11137
1745240400,34295,34365,34200,34205,27603
1745244000,34200,34220,34075,34145,32093
1745247600,34145,34170,33960,33970,22414
1745251200,33970,34100,33970,33985,15128
1745254800,33985,34025,33860,33875,12776
1745258400,33875,34025,33860,33955,10190
1745262000,33955,34195,33955,34145,16577
1745265600,34145,34170,34120,34125,4997
1745269200,34125,34125,34125,34125,706
1745276400,34070,34245,34065,34210,21737
1745280000,34210,34375,34135,34200,76168
1745283600,34200,34330,34175,34290,37866
1745287200,34285,34315,34225,34235,16833
1745290800,34240,34250,34130,34195,27460
1745294400,34195,34295,34185,34280,22847
1745298000,34285,34300,34210,34235,29129
1745301600,34235,34300,34185,34280,35272
1745308800,34320,34410,34285,34385,21495
1745312400,34390,34455,34370,34445,12160
1745316000,34440,34485,34375,34405,16900
1745319600,34410,34410,34320,34360,13084
1745323200,34365,34500,34355,34500,13948
1745326800,34500,34635,34485,34590,36480
1745330400,34595,34670,34560,34655,28221
1745334000,34655,34825,34630,34800,30921
1745337600,34800,34960,34800,34840,28318
1745341200,34840,34950,34615,34635,36304
1745344800,34635,34880,34630,34860,13135
1745348400,34865,34875,34750,34850,18523
1745352000,34850,34905,34825,34835,4494
1745355600,34815,34815,34815,34815,731
1745362800,35185,35400,35175,35285,36044
1745366400,35285,35285,34835,34900,112166
1745370000,34900,34920,34710,34780,48623
1745373600,34780,34895,34755,34880,24216
1745377200,34880,34985,34850,34970,27404
1745380800,34970,35005,34885,34910,31907
1745384400,34915,34940,34810,34905,30402
1745388000,34905,34955,34820,34910,41742
1745395200,35000,35125,34970,35085,24256
1745398800,35085,35150,35065,35135,13473
1745402400,35135,35210,35115,35190,15968
1745406000,35190,35200,35055,35055,15356
1745409600,35060,35185,35045,35175,14264
1745413200,35180,35490,35100,35370,93679
1745416800,35370,35490,35245,35425,56874
1745420400,35425,35520,35105,35240,59889
1745424000,35235,35355,35115,35340,26201
1745427600,35335,35430,35235,35400,17246
1745431200,35400,35445,35340,35375,10992
1745434800,35375,35405,35235,35335,17161
1745438400,35330,35505,35330,35440,8179
1745442000,35440,35440,35440,35440,809
1745449200,35380,35420,35305,35310,15738
1745452800,35310,35325,35140,35180,73465
1745456400,35180,35275,35160,35200,36568
1745460000,35195,35280,35175,35185,21176
1745463600,35185,35230,35145,35165,20844
1745467200,35160,35165,35045,35065,34394
1745470800,35070,35100,34985,35015,27428
1745474400,35015,35110,35015,35025,33451
1745481600,34950,34965,34790,34870,29066
1745485200,34870,34965,34860,34950,14810
1745488800,34955,35125,34950,35105,21034
1745492400,35105,35140,35000,35080,25961
1745496000,35080,35120,35010,35080,19002
1745499600,35080,35225,35045,35215,26725
1745503200,35215,35340,35180,35325,33680
1745506800,35330,35415,35320,35360,23855
1745510400,35360,35480,35335,35465,17400
1745514000,35465,35480,35425,35475,8131
1745517600,35470,35550,35460,35465,13860
1745521200,35460,35585,35375,35560,16008
1745524800,35565,35670,35550,35590,10146
1745528400,35550,35550,35550,35550,883
1745535600,35590,35600,35490,35500,18061
1745539200,35505,35680,35460,35615,92784
1745542800,35615,35635,35430,35545,50489
1745546400,35540,35625,35510,35595,27055
1745550000,35595,35780,35565,35770,52375
1745553600,35765,35875,35670,35685,49632
1745557200,35685,35760,35650,35675,38153
1745560800,35670,35780,35640,35780,51506
1745568000,35695,35750,35655,35665,18354
1745571600,35670,35700,35560,35690,18076
1745575200,35685,35740,35480,35505,27002
1745578800,35505,35615,35500,35570,15356
1745582400,35570,35660,35545,35630,17175
1745586000,35630,35845,35600,35735,38985
1745589600,35735,35860,35655,35820,37537
1745593200,35820,35860,35765,35800,16380
1745596800,35795,35910,35795,35880,10736
1745600400,35880,35990,35710,35760,23688
1745604000,35765,35965,35760,35935,11303
1745607600,35935,36010,35910,35995,10700
1745611200,35995,36080,35970,36015,7326
1745614800,36035,36035,36035,36035,1127
1745794800,35950,35990,35905,35985,16509
1745798400,35990,36100,35910,35925,88047
1745802000,35930,36040,35900,36000,37080
1745805600,35990,36010,35860,35875,24713
1745809200,35875,35905,35825,35870,23983
1745812800,35870,35920,35850,35855,19143
1745816400,35860,35900,35800,35845,29511
1745820000,35845,35910,35805,35905,39426
1745827200,35875,35920,35820,35915,13374
1745830800,35915,35965,35865,35935,13145
1745834400,35935,35955,35880,35895,11179
1745838000,35895,35980,35870,35965,10613
1745841600,35965,36010,35900,36000,10035
1745845200,36000,36070,35925,35930,27736
1745848800,35935,35980,35830,35880,29379
1745852400,35880,35925,35765,35865,30288
1745856000,35865,35870,35770,35800,13881
1745859600,35800,35845,35705,35840,12428
1745863200,35840,35880,35825,35850,7290
1745866800,35850,35990,35840,35920,8549
1745870400,35915,35925,35875,35910,2712
1745874000,35875,35875,35875,35875,697
1745881200,35930,35980,35900,35965,6926
1745884800,35970,35985,35880,35925,12983
1745888400,35920,35985,35880,35970,11470
1745892000,35970,36020,35965,35990,10212
1745895600,35990,36130,35985,36125,11272
1745899200,36120,36140,36070,36105,7904
1745902800,36100,36120,36030,36060,8393
1745906400,36055,36090,36035,36070,5806
1745913600,36115,36125,36055,36115,9335
1745917200,36110,36225,36100,36215,13800
1745920800,36215,36225,36065,36120,14649
1745924400,36120,36120,36030,36050,10471
1745928000,36050,36080,35935,35945,14806
1745931600,35945,36040,35855,35970,28093
1745935200,35980,36085,35920,36040,26306
1745938800,36040,36055,35925,36005,10526
1745942400,36010,36090,35925,35950,8721
1745946000,35945,36155,35930,36135,10074
1745949600,36140,36165,36070,36105,7348
1745953200,36105,36160,36075,36090,9839
1745956800,36085,36120,36015,36035,4262
1745960400,36080,36080,36080,36080,733
1745967600,36025,36035,35945,35960,15028
1745971200,35960,36045,35820,35890,79794
1745974800,35895,35960,35845,35865,27497
1745978400,35865,35940,35860,35885,13896
1745982000,35885,35940,35845,35915,23543
1745985600,35910,35960,35900,35955,21603
1745989200,35955,36025,35945,36015,27394
1745992800,36015,36080,35990,36025,40112
1746000000,36120,36160,36045,36045,18847
1746003600,36040,36135,36040,36115,10167
1746007200,36120,36130,36060,36110,6302
1746010800,36110,36140,36030,36060,11875
1746014400,36065,36075,35740,35810,37130
1746018000,35810,35840,35630,35635,44901
1746021600,35640,35860,35625,35845,32872
1746025200,35845,35980,35840,35940,32634
1746028800,35945,35970,35865,35950,10582
1746032400,35950,36075,35865,36045,15687
1746036000,36045,36200,36015,36040,19610
1746039600,36040,36250,36040,36145,14373
1746043200,36150,36325,36120,36275,13553
1746046800,36255,36255,36255,36255,787
1746054000,36225,36290,36215,36220,12974
1746057600,36225,36355,36105,36135,81138
1746061200,36130,36215,36060,36195,36397
1746064800,36195,36290,36185,36245,20088
1746068400,36245,36400,36235,36355,45687
1746072000,36355,36445,36345,36435,36608
1746075600,36435,36575,36420,36440,43500
1746079200,36440,36570,36420,36550,39565
1746086400,36600,36685,36545,36675,20420
1746090000,36680,36795,36650,36785,19216
1746093600,36785,36805,36705,36755,15710
1746097200,36755,36835,36710,36805,17713
1746100800,36810,36860,36680,36765,23857
1746104400,36770,36825,36665,36685,41225
1746108000,36690,36995,36690,36980,39726
1746111600,36985,37070,36850,36890,29279
1746115200,36885,36940,36825,36890,14475
1746118800,36890,37015,36880,36945,9827
1746122400,36950,37065,36945,36980,12250
1746126000,36985,37045,36830,36855,9494
1746129600,36855,36900,36710,36745,14151
1746133200,36745,36745,36745,36745,876
1746140400,36740,36765,36645,36650,19309
1746144000,36655,37010,36650,36970,100386
1746147600,36965,36975,36705,36715,59678
1746151200,36715,36760,36645,36710,32233
1746154800,36715,36800,36660,36790,24482
1746158400,36785,36935,36755,36930,45638
1746162000,36935,36950,36850,36915,34389
1746165600,36915,36915,36810,36810,34962
1746172800,36855,36880,36690,36695,21616
1746176400,36695,36745,36670,36720,13055
1746180000,36725,36780,36705,36755,10479
1746183600,36755,36760,36675,36715,7637
1746187200,36715,36940,36680,36925,30152
1746190800,36925,36930,36685,36775,36963
1746194400,36770,36975,36750,36965,30278
1746198000,36965,37015,36910,36965,20395
1746201600,36965,37110,36945,37040,26775
1746205200,37040,37090,36955,37045,11106
1746208800,37040,37170,37040,37125,9735
1746212400,37120,37225,37085,37195,12898
1746216000,37200,37240,37195,37215,4830
1746219600,37225,37225,37225,37225,1210
1746399600,37065,37070,36970,37040,10809
1746403200,37040,37155,37025,37155,17485
1746406800,37160,37165,36940,36950,17712
1746410400,36950,36995,36930,36975,7569
1746414000,36975,37010,36950,36995,6443
1746417600,36990,37000,36920,36930,5789
1746421200,36935,37035,36930,37030,8026
1746424800,37030,37080,37025,37050,8096
1746432000,37015,37050,36950,36985,11573
1746435600,36985,37030,36950,37000,8374
1746439200,36995,37050,36975,37040,6225
1746442800,37045,37070,37015,37040,7379
1746446400,37040,37090,37040,37070,9011
1746450000,37065,37125,37030,37105,18480
1746453600,37105,37235,37105,37215,27241
1746457200,37210,37235,37140,37235,13420
1746460800,37235,37300,37230,37265,7736
1746464400,37265,37285,37230,37275,3814
1746468000,37270,37340,37250,37250,4749
1746471600,37250,37260,37130,37165,7257
1746475200,37165,37175,37105,37135,4591
1746478800,37135,37135,37135,37135,607
1746486000,37110,37155,37095,37110,7208
1746489600,37110,37205,37090,37160,22634
1746493200,37160,37185,37095,37130,18982
1746496800,37130,37145,37095,37115,13654
1746500400,37115,37140,37095,37110,12086
1746504000,37115,37130,37105,37130,8369
1746507600,37135,37135,37090,37110,11543
1746511200,37110,37165,37110,37130,10298
1746518400,37025,37035,36820,36885,26471
1746522000,36885,36890,36765,36835,16914
1746525600,36830,36925,36795,36915,11796
1746529200,36915,36955,36830,36870,17734
1746532800,36870,36905,36805,36845,9335
1746536400,36850,36910,36740,36780,22889
1746540000,36780,36985,36745,36930,25512
1746543600,36920,36980,36875,36885,9002
1746547200,36885,37030,36830,36835,19148
1746550800,36835,36895,36755,36760,9115
1746554400,36760,36870,36745,36870,8999
1746558000,36870,36870,36740,36755,6263
1746561600,36755,36755,36630,36685,6830
1746565200,36700,36700,36700,36700,678
1746572400,37095,37100,36965,36975,22034
1746576000,36975,37030,36775,36835,88489
1746579600,36840,36860,36755,36845,44778
1746583200,36845,36860,36785,36820,25090
1746586800,36820,36895,36800,36870,24860
1746590400,36870,36920,36845,36905,21421
1746594000,36905,36930,36820,36835,25413
1746597600,36830,36875,36755,36780,33108
1746604800,36835,36930,36815,36890,20515
1746608400,36885,36920,36830,36850,8157
1746612000,36845,36860,36810,36850,8837
1746615600,36850,36875,36815,36830,9826
1746619200,36830,36855,36760,36775,13731
1746622800,36775,36775,36640,36730,28712
1746626400,36730,36810,36700,36725,18850
1746630000,36725,36805,36690,36790,14123
1746633600,36785,36830,36725,36820,10899
1746637200,36820,36885,36765,36800,23937
1746640800,36800,36905,36590,36880,39279
1746644400,36880,37080,36730,36955,49420
1746648000,36960,37005,36890,36895,4133
1746651600,36965,36965,36965,36965,706
1746658800,36840,36960,36835,36950,17890
1746662400,36950,37030,36700,36865,110625
1746666000,36865,37000,36795,36920,65591
1746669600,36920,37075,36920,37065,30957
1746673200,37065,37125,37035,37035,33425
1746676800,37035,37075,36995,37070,31634
1746680400,37075,37095,37040,37075,24363
1746684000,37075,37135,37035,37135,30941
1746691200,37160,37325,37140,37320,28364
1746694800,37320,37425,37320,37405,19052
1746698400,37410,37455,37375,37435,14767
1746702000,37435,37450,37360,37380,13961
1746705600,37380,37435,37275,37335,27622
1746709200,37335,37345,37205,37250,28087
1746712800,37250,37375,37175,37275,37656
1746716400,37275,37620,37250,37575,47858
1746720000,37580,37675,37570,37655,15931
1746723600,37655,37660,37545,37555,10974
1746727200,37550,37635,37540,37595,6971
1746730800,37600,37690,37465,37480,20742
1746734400,37480,37515,37450,37485,4420
1746738000,37475,37475,37475,37475,843
1746745200,37400,37480,37380,37455,28376
1746748800,37455,37535,37285,37305,81480
1746752400,37305,37460,37280,37445,35585
1746756000,37445,37535,37435,37470,27805
1746759600,37465,37490,37405,37450,29420
1746763200,37445,37535,37410,37510,30669
1746766800,37510,37590,37485,37565,44870
1746770400,37565,37585,37455,37520,39837
1746777600,37550,37555,37390,37390,19009
1746781200,37390,37485,37390,37480,11661
1746784800,37480,37570,37475,37565,13841
1746788400,37565,37675,37470,37525,37434
1746792000,37520,37605,37515,37570,11037
1746795600,37575,37620,37490,37560,18094
1746799200,37555,37590,37360,37440,29701
1746802800,37445,37485,37400,37480,18243
1746806400,37480,37485,37325,37345,12415
1746810000,37345,37460,37305,37455,13144
1746813600,37450,37475,37400,37455,5500
1746817200,37455,37500,37420,37465,8170
1746820800,37470,37495,37445,37485,3346
1746824400,37445,37445,37445,37445,935
1747004400,37760,37840,37730,37740,21491
1747008000,37735,37750,37580,37580,75798
1747011600,37580,37685,37575,37615,38303
1747015200,37615,37625,37510,37510,22928
1747018800,37505,37525,37440,37475,30490
1747022400,37470,37630,37445,37620,38811
1747026000,37615,37700,37600,37690,35707
1747029600,37690,37710,37635,37700,40143
1747036800,38200,38370,38155,38340,69722
1747040400,38345,38490,38340,38485,24717
1747044000,38485,38615,38425,38605,33714
1747047600,38600,38610,38410,38435,27051
1747051200,38435,38540,38430,38480,14973
1747054800,38475,38530,38375,38445,42140
1747058400,38450,38640,38435,38570,43695
1747062000,38575,38640,38525,38565,23943
1747065600,38565,38720,38555,38715,12927
1747069200,38710,38790,38705,38740,13177
1747072800,38745,38780,38695,38705,7930
1747076400,38710,38765,38655,38755,11247
1747080000,38755,38790,38730,38735,5297
1747083600,38740,38740,38740,38740,1027
1747090800,38600,38660,38550,38555,24220
1747094400,38550,38565,38320,38335,101216
1747098000,38340,38395,38275,38280,48462
1747101600,38280,38330,38255,38315,28011
1747105200,38315,38330,38260,38280,29303
1747108800,38280,38405,38265,38350,37320
1747112400,38355,38370,38300,38330,32764
1747116000,38330,38340,38200,38200,48433
1747123200,38185,38190,38025,38040,32916
1747126800,38040,38120,38025,38120,14460
1747130400,38120,38145,38095,38095,13498
1747134000,38095,38135,38075,38105,13228
1747137600,38105,38255,38090,38210,26906
1747141200,38210,38335,38160,38315,30976
1747144800,38320,38415,38305,38355,24294
1747148400,38350,38445,38330,38405,20256
1747152000,38410,38450,38350,38430,10981
1747155600,38430,38505,38420,38430,10490
1747159200,38430,38470,38400,38450,6037
1747162800,38450,38475,38355,38360,10478
1747166400,38360,38370,38310,38315,4409
1747170000,38315,38315,38315,38315,1106
1747177200,38300,38395,38295,38350,15822
1747180800,38350,38385,38010,38025,84695
1747184400,38025,38035,37880,38000,57512
1747188000,38000,38025,37880,37895,24077
1747191600,37900,37980,37865,37925,32268
1747195200,37930,38055,37910,38045,31636
1747198800,38045,38160,38030,38140,36925
1747202400,38140,38175,38090,38140,36850
1747209600,38170,38200,38025,38030,24476
1747213200,38030,38030,37880,37925,29267
1747216800,37920,37975,37885,37930,10880
1747220400,37935,38035,37935,38020,13571
1747224000,38020,38080,37975,38015,14180
1747227600,38010,38050,37775,37845,35845
1747231200,37845,37870,37735,37785,34186
1747234800,37785,37785,37655,37715,24249
1747238400,37720,37770,37695,37725,8777
1747242000,37725,37745,37595,37690,13470
1747245600,37690,37725,37660,37695,7965
1747249200,37695,37745,37660,37720,7998
1747252800,37715,37730,37675,37685,3288
1747256400,37650,37650,37650,37650,907
1747263600,37680,37785,37665,37785,16515
1747267200,37785,37875,37695,37735,71928
1747270800,37735,37820,37685,37690,33810
1747274400,37695,37745,37665,37705,20920
1747278000,37700,37740,37640,37720,25189
1747281600,37720,37795,37715,37795,18729
1747285200,37800,37840,37725,37775,30530
1747288800,37770,37830,37715,37715,36778
1747296000,37685,37725,37590,37600,21268
1747299600,37600,37685,37595,37680,10671
1747303200,37680,37685,37640,37675,7272
1747306800,37670,37745,37670,37695,11217
1747310400,37695,37760,37620,37695,18439
1747314000,37700,37750,37640,37700,24226
1747317600,37700,37745,37640,37705,21110
1747321200,37705,37815,37695,37780,15349
1747324800,37780,37835,37725,37830,8483
1747328400,37835,37850,37775,37780,7291
1747332000,37780,37780,37705,37735,6841
1747335600,37735,37780,37660,37775,9931
1747339200,37780,37820,37765,37790,3517
1747342800,37815,37815,37815,37815,927
1747350000,37790,37825,37735,37765,12593
1747353600,37760,37790,37520,37535,74463
1747357200,37535,37645,37485,37570,47187
1747360800,37570,37715,37560,37710,25488
1747364400,37710,37715,37620,37665,27027
1747368000,37665,37800,37650,37775,29972
1747371600,37775,37790,37720,37745,23576
1747375200,37745,37805,37740,37770,30623
1747382400,37830,37890,37825,37855,18133
1747386000,37855,37880,37830,37860,7030
1747389600,37860,37935,37840,37910,9308
1747393200,37910,37930,37890,37930,10658
1747396800,37930,37935,37795,37805,13390
1747400400,37805,37840,37765,37825,19084
1747404000,37825,37910,37740,37865,33551
1747407600,37865,37910,37850,37905,8707
1747411200,37900,37945,37890,37915,5734
1747414800,37910,37990,37895,37930,10026
1747418400,37930,37960,37920,37940,3699
1747422000,37945,37995,37935,37985,5704
1747425600,37990,37990,37820,37820,4795
1747429200,37810,37810,37810,37810,1028
1747609200,37615,37675,37575,37620,19584
1747612800,37620,37660,37510,37630,88959
1747616400,37630,37665,37560,37565,30845
1747620000,37560,37665,37535,37625,26053
1747623600,37620,37625,37465,37480,32540
1747627200,37480,37510,37455,37500,19932
1747630800,37495,37520,37465,37495,21071
1747634400,37495,37535,37390,37390,34145
1747641600,37410,37450,37320,37335,22422
1747645200,37330,37370,37290,37330,13069
1747648800,37330,37330,37250,37310,14083
1747652400,37310,37370,37305,37350,8786
1747656000,37345,37360,37285,37325,11086
1747659600,37325,37490,37245,37465,40126
1747663200,37460,37560,37430,37445,33247
1747666800,37445,37525,37430,37505,17650
1747670400,37505,37590,37500,37580,10065
1747674000,37575,37620,37545,37550,9351
1747677600,37550,37555,37490,37535,5664
1747681200,37535,37610,37460,37595,8679
1747684800,37600,37600,37530,37585,3497
1747688400,37585,37585,37585,37585,774
1747695600,37660,37735,37660,37730,19113
1747699200,37735,37940,37735,37835,87164
1747702800,37835,37835,37670,37715,51809
1747706400,37715,37745,37665,37710,21129
1747710000,37710,37715,37615,37655,29071
1747713600,37655,37655,37580,37640,19301
1747717200,37635,37700,37485,37500,36651
1747720800,37500,37545,37470,37530,36395
1747728000,37460,37560,37460,37525,16745
1747731600,37530,37535,37485,37505,9295
1747735200,37510,37555,37490,37550,6858
1747738800,37555,37620,37535,37600,10610
1747742400,37595,37640,37585,37630,11176
1747746000,37630,37675,37595,37615,23549
1747749600,37610,37655,37560,37575,23011
1747753200,37570,37625,37545,37625,11162
1747756800,37625,37705,37580,37695,9678
1747760400,37695,37715,37620,37640,6965
1747764000,37640,37650,37500,37530,12159
1747767600,37530,37625,37480,37620,10226
1747771200,37625,37625,37570,37610,2602
1747774800,37615,37615,37615,37615,691
1747782000,37600,37625,37560,37625,12428
1747785600,37625,37670,37485,37485,72488
1747789200,37485,37510,37425,37460,31438
1747792800,37460,37510,37450,37460,14190
1747796400,37460,37485,37420,37465,20196
1747800000,37465,37475,37400,37415,19941
1747803600,37415,37435,37330,37335,28664
1747807200,37335,37360,37260,37260,36234
1747814400,37340,37365,37295,37335,15883
1747818000,37335,37370,37225,37230,16551
1747821600,37235,37240,37140,37225,15982
1747825200,37230,37280,37200,37255,11133
1747828800,37250,37250,37160,37175,13895
1747832400,37175,37285,37140,37235,24806
1747836000,37240,37335,37185,37265,28867
1747839600,37260,37335,37250,37305,15853
1747843200,37300,37370,37280,37310,9852
1747846800,37315,37320,36840,37035,56473
1747850400,37040,37055,36935,36945,18015
1747854000,36950,36990,36850,36915,17085
1747857600,36920,36920,36815,36845,6089
1747861200,36845,36845,36845,36845,920
1747868400,36925,36960,36880,36900,16925
1747872000,36905,37095,36830,37075,90673
1747875600,37080,37110,36975,36975,46042
1747879200,36980,37050,36925,36935,27114
1747882800,36930,36970,36905,36940,31717
1747886400,36935,36940,36860,36935,25055
1747890000,36935,37035,36890,37030,32480
1747893600,37025,37025,36950,37020,37990
1747900800,36920,37005,36845,36970,25933
1747904400,36965,36980,36895,36930,10535
1747908000,36925,36940,36855,36900,12515
1747911600,36900,36980,36760,36765,19148
1747915200,36765,36835,36700,36835,33501
1747918800,36835,37005,36810,36990,39849
1747922400,36990,37045,36925,37015,38803
1747926000,37020,37105,37010,37090,27693
1747929600,37095,37165,37040,37050,17517
1747933200,37050,37210,37040,37185,12808
1747936800,37180,37200,37150,37185,5842
1747940400,37185,37210,37030,37055,12372
1747944000,37060,37100,37030,37095,6587
1747947600,37135,37135,37135,37135,816
1747954800,37075,37125,37040,37125,13504
1747958400,37125,37305,37115,37280,69873
1747962000,37280,37385,37230,37245,36957
1747965600,37250,37300,37235,37245,16022
1747969200,37245,37275,37200,37210,22280
1747972800,37205,37215,37130,37155,32727
1747976400,37155,37230,37145,37190,31038
1747980000,37185,37205,37115,37185,36478
1747987200,37210,37315,37205,37210,22610
1747990800,37210,37240,37130,37220,16028
1747994400,37225,37245,37190,37240,8523
1747998000,37240,37250,36605,36640,87643
1748001600,36640,36705,36455,36545,75850
1748005200,36550,36750,36460,36710,58920
1748008800,36710,36795,36675,36725,33724
1748012400,36730,36865,36700,36760,28641
1748016000,36765,36860,36760,36825,16075
1748019600,36825,36930,36800,36900,16882
1748023200,36900,36940,36815,36855,13259
1748026800,36855,36905,36810,36860,18962
1748030400,36860,36860,36790,36850,4468
1748034000,36880,36880,36880,36880,1088
1748214000,37200,37250,37180,37230,19477
1748217600,37225,37435,37165,37420,77053
1748221200,37420,37505,37370,37415,38887
1748224800,37420,37420,37270,37290,28964
1748228400,37285,37445,37280,37440,29656
1748232000,37435,37500,37420,37470,23953
1748235600,37465,37540,37450,37485,27628
1748239200,37485,37585,37475,37585,40903
1748246400,37580,37640,37540,37550,15078
1748250000,37550,37630,37540,37620,7892
1748253600,37620,37665,37605,37640,7929
1748257200,37635,37655,37615,37630,5351
1748260800,37630,37640,37590,37600,7530
1748264400,37605,37640,37585,37590,8507
1748268000,37590,37595,37540,37555,9496
1748271600,37560,37600,37515,37600,7915
1748275200,37600,37615,37580,37600,2357
1748278800,37595,37595,37570,37580,953
1748282400,37575,37585,37570,37585,320
1748286000,37585,37590,37580,37585,244
1748289600,37590,37610,37585,37600,801
1748293200,37610,37610,37610,37610,729
1748300400,37540,37570,37510,37550,10718
1748304000,37550,37560,37420,37545,50372
1748307600,37545,37550,37425,37435,24938
1748311200,37430,37485,37425,37480,13799
1748314800,37475,37500,37440,37455,17508
1748318400,37455,37510,37440,37495,13867
1748322000,37490,37775,37490,37715,57803
1748325600,37715,37820,37690,37820,35214
1748332800,37890,37915,37850,37885,25935
1748336400,37885,37975,37875,37950,20298
1748340000,37950,38035,37920,38000,15534
1748343600,38000,38070,37965,38060,13809
1748347200,38060,38110,38035,38100,18916
1748350800,38095,38145,37985,38120,30844
1748354400,38120,38255,38115,38215,27817
1748358000,38220,38305,38185,38290,14883
1748361600,38290,38370,38290,38325,10756
1748365200,38320,38375,38315,38370,6921
1748368800,38365,38385,38315,38320,5565
1748372400,38315,38360,38270,38360,10216
1748376000,38355,38375,38335,38340,4608
1748379600,38330,38330,38330,38330,890
1748386800,38220,38285,38160,38165,22333
1748390400,38165,38190,37955,38000,79114
1748394000,38000,38075,37910,37960,44071
1748397600,37960,38005,37905,37995,20361
1748401200,37995,38025,37835,37860,46242
1748404800,37860,37885,37790,37810,32424
1748408400,37810,37875,37795,37820,27399
1748412000,37820,37835,37700,37700,40784
1748419200,37750,37775,37660,37675,18501
1748422800,37675,37770,37655,37770,12219
1748426400,37770,37880,37750,37865,12395
1748430000,37870,37870,37785,37830,11234
1748433600,37825,37915,37810,37875,15553
1748437200,37875,37990,37870,37895,28383
1748440800,37895,37920,37810,37880,20192
1748444400,37880,37915,37850,37870,11036
1748448000,37870,37945,37865,37885,8425
1748451600,37890,37930,37880,37885,4133
1748455200,37880,37910,37790,37875,10337
1748458800,37875,37930,37795,37860,14114
1748462400,37865,37940,37815,37940,7880
1748466000,37930,37930,37930,37930,848
1748473200,38255,38270,38120,38165,40924
1748476800,38165,38335,38120,38325,121919
1748480400,38325,38385,38155,38365,66499
1748484000,38365,38430,38275,38390,37010
1748487600,38390,38420,38330,38355,28815
1748491200,38355,38375,38275,38355,25185
1748494800,38355,38465,38340,38445,40245
1748498400,38445,38460,38405,38405,47701
1748505600,38365,38395,38190,38200,37255
1748509200,38205,38240,38165,38200,14626
1748512800,38195,38205,38070,38120,26102
1748516400,38120,38140,38050,38090,15516
1748520000,38090,38095,37970,37990,33702
1748523600,37990,38065,37825,37865,52015
1748527200,37865,37920,37720,37920,53148
1748530800,37920,37960,37725,37755,29325
1748534400,37755,37900,37715,37880,21731
1748538000,37875,37910,37840,37850,15156
1748541600,37850,37905,37845,37875,14896
1748545200,37875,37935,37850,37920,12701
1748548800,37915,37950,37900,37925,3860
1748552400,37910,37910,37910,37910,879
1748559600,37850,37880,37770,37805,24109
1748563200,37810,37905,37755,37895,80651
1748566800,37890,37945,37780,37930,45969
1748570400,37930,37950,37890,37915,19860
1748574000,37920,37925,37830,37910,27725
1748577600,37910,37970,37865,37960,32984
1748581200,37955,38120,37955,38070,44999
1748584800,38075,38115,37910,37960,65662
1748592000,38000,38045,37940,37945,20977
1748595600,37945,38005,37900,37905,11812
1748599200,37905,37915,37845,37905,12865
1748602800,37905,37945,37860,37870,8910
1748606400,37870,37905,37610,37730,53597
1748610000,37735,37810,37630,37660,29996
1748613600,37660,37835,37660,37740,23577
1748617200,37740,37815,37650,37690,22552
1748620800,37685,37715,37390,37435,34199
1748624400,37435,37535,37415,37490,13288
1748628000,37495,37630,37490,37595,13018
1748631600,37590,37780,37590,37695,17621
1748635200,37695,37735,37655,37680,5245
1748638800,37680,37680,37680,37680,897
1748818800,37610,37640,37560,37620,18032
1748822400,37620,37630,37450,37480,70552
1748826000,37480,37550,37400,37430,40444
1748829600,37435,37455,37370,37375,20324
1748833200,37375,37400,37320,37375,31065
1748836800,37375,37460,37360,37450,23238
1748840400,37455,37500,37430,37495,24155
1748844000,37490,37505,37455,37490,35540
1748851200,37390,37530,37380,37515,20370
1748854800,37510,37515,37430,37480,12524
1748858400,37480,37510,37430,37485,10748
1748862000,37490,37560,37465,37525,12960
1748865600,37530,37560,37455,37490,12131
1748869200,37490,37595,37375,37395,31983
1748872800,37390,37580,37275,37545,42846
1748876400,37545,37645,37540,37605,20689
1748880000,37605,37670,37585,37655,9782
1748883600,37660,37680,37630,37655,6790
1748887200,37655,37765,37635,37755,10580
1748890800,37755,37820,37750,37805,10116
1748894400,37800,37845,37780,37780,3885
1748898000,37780,37780,37780,37780,967
1748905200,37720,37730,37605,37620,13809
1748908800,37620,37655,37510,37615,60641
1748912400,37615,37740,37590,37715,38749
1748916000,37715,37720,37525,37550,30741
1748919600,37555,37630,37505,37590,32719
1748923200,37590,37600,37480,37500,22309
1748926800,37500,37530,37480,37520,17516
1748930400,37520,37530,37435,37510,28662
1748937600,37450,37490,37380,37465,20857
1748941200,37465,37490,37440,37465,8605
1748944800,37460,37555,37450,37555,9370
1748948400,37555,37575,37520,37555,8228
1748952000,37560,37605,37535,37595,9623
1748955600,37595,37670,37565,37615,19813
1748959200,37610,37740,37610,37730,23702
1748962800,37725,37775,37715,37765,14175
1748966400,37765,37785,37740,37755,10180
1748970000,37755,37790,37750,37760,8821
1748973600,37765,37770,37705,37760,7568
1748977200,37760,37790,37725,37755,7068
1748980800,37755,37755,37720,37725,4953
1748984400,37725,37725,37725,37725,829
1748991600,37730,37750,37680,37710,16706
1748995200,37715,37875,37700,37750,90748
1748998800,37745,37820,37730,37785,34433
1749002400,37790,37840,37765,37795,19594
1749006000,37795,37845,37780,37780,15078
1749009600,37780,37805,37745,37770,23463
1749013200,37770,37825,37740,37815,24430
1749016800,37820,37845,37735,37780,33207
1749024000,37850,37865,37785,37790,16315
1749027600,37790,37840,37775,37785,9207
1749031200,37785,37840,37750,37795,16532
1749034800,37795,37820,37765,37815,9353
1749038400,37810,37815,37620,37675,30517
1749042000,37675,37730,37635,37680,18869
1749045600,37675,37675,37485,37615,38854
1749049200,37615,37640,37495,37530,18043
1749052800,37530,37540,37480,37535,7492
1749056400,37535,37600,37535,37600,6797
1749060000,37600,37615,37555,37570,3657
1749063600,37570,37610,37565,37570,6085
1749067200,37570,37575,37525,37550,3245
1749070800,37540,37540,37540,37540,839
1749078000,37530,37580,37510,37575,12011
1749081600,37575,37715,37525,37625,61880
1749085200,37630,37735,37625,37690,35230
1749088800,37685,37695,37595,37600,25246
1749092400,37600,37655,37545,37580,37614
1749096000,37575,37590,37530,37555,23978
1749099600,37555,37595,37530,37555,20315
1749103200,37555,37650,37510,37525,43594
1749110400,37640,37660,37580,37585,14708
1749114000,37590,37595,37535,37545,9231
1749117600,37545,37565,37460,37500,12035
1749121200,37500,37540,37465,37500,10759
1749124800,37495,37615,37405,37560,34881
1749128400,37560,37610,37305,37350,41242
1749132000,37350,37620,37350,37595,52936
1749135600,37595,37635,37570,37625,18870
1749139200,37620,37660,37440,37460,19358
1749142800,37460,37580,37445,37545,12503
1749146400,37545,37565,37420,37520,20682
1749150000,37520,37535,37345,37495,26926
1749153600,37495,37520,37430,37455,6503
1749157200,37450,37450,37450,37450,769
1749164400,37550,37580,37515,37550,13956
1749168000,37555,37730,37555,37700,70467
1749171600,37705,37760,37650,37715,32569
1749175200,37715,37750,37695,37735,13719
1749178800,37735,37740,37660,37660,19837
1749182400,37660,37705,37635,37700,23159
1749186000,37695,37770,37670,37690,23598
1749189600,37690,37795,37655,37770,33139
1749196800,37745,37795,37730,37785,11330
1749200400,37790,37855,37770,37850,12870
1749204000,37850,37860,37820,37820,7852
1749207600,37820,37895,37805,37875,12209
1749211200,37880,38070,37840,38015,34374
1749214800,38020,38160,38005,38105,30618
1749218400,38115,38115,38025,38060,19414
1749222000,38060,38115,37965,38020,19905
1749225600,38020,38045,37940,37960,11278
1749229200,37960,37975,37915,37975,7948
1749232800,37975,38015,37970,38000,7594
1749236400,37995,38040,37970,37990,7071
1749240000,37990,38040,37985,38010,2423
1749243600,38010,38010,38010,38010,857
1749423600,37970,38050,37955,38035,11716
1749427200,38035,38185,38025,38170,68153
1749430800,38165,38175,38055,38145,32276
1749434400,38145,38180,38080,38170,17676
1749438000,38170,38180,38095,38165,20867
1749441600,38165,38170,38100,38110,14436
1749445200,38110,38110,38060,38090,21285
1749448800,38090,38115,38055,38105,25069
1749456000,38100,38140,38080,38130,12878
1749459600,38130,38140,38090,38135,6263
1749463200,38130,38150,38110,38140,5433
1749466800,38140,38225,38135,38205,17470
1749470400,38205,38210,38175,38195,5586
1749474000,38190,38280,38190,38265,21945
1749477600,38270,38335,38225,38250,19646
1749481200,38255,38265,38185,38200,11347
1749484800,38200,38245,38175,38225,4881
1749488400,38225,38280,38215,38265,3475
1749492000,38265,38285,38235,38280,3133
1749495600,38280,38295,38205,38225,7686
1749499200,38225,38240,38195,38230,1805
1749502800,38220,38220,38220,38220,819
1749510000,38285,38315,38250,38270,14091
1749513600,38275,38360,38225,38245,56893
1749517200,38245,38470,38240,38460,57072
1749520800,38465,38485,38425,38445,22510
1749524400,38450,38500,38420,38465,18977
1749528000,38465,38470,38420,38445,14996
1749531600,38440,38450,38140,38185,89240
1749535200,38190,38250,38155,38230,37858
1749542400,38220,38250,38135,38155,15603
1749546000,38160,38225,38150,38215,5720
1749549600,38210,38260,38210,38235,6221
1749553200,38240,38250,38180,38245,8721
1749556800,38250,38255,38210,38240,5389
1749560400,38245,38260,38185,38190,14192
1749564000,38185,38290,38175,38240,13300
1749567600,38245,38305,38150,38295,16156
1749571200,38295,38365,38290,38355,8191
1749574800,38350,38385,38300,38305,4428
1749578400,38310,38385,38245,38360,12016
1749582000,38365,38405,38335,38380,6307
1749585600,38380,38405,38365,38385,2383
1749589200,38380,38380,38380,38380,767
1749596400,38350,38425,38345,38425,11894
1749600000,38425,38530,38285,38295,83187
1749603600,38295,38415,38290,38395,31145
1749607200,38395,38415,38340,38340,14393
1749610800,38340,38395,38320,38365,14270
1749614400,38365,38400,38345,38390,10421
1749618000,38390,38455,38375,38390,16036
1749621600,38355,38440,38340,38440,28985
1749628800,38475,38570,38465,38550,19039
1749632400,38555,38565,38525,38540,5134
1749636000,38540,38595,38525,38590,7774
1749639600,38590,38625,38560,38600,8368
1749643200,38605,38750,38530,38665,29247
1749646800,38660,38680,38570,38655,15746
1749650400,38655,38665,38560,38565,8669
1749654000,38565,38580,38505,38510,9901
1749657600,38510,38530,38445,38500,7630
1749661200,38495,38545,38480,38480,2943
1749664800,38475,38490,38315,38375,10077
1749668400,38370,38390,38295,38340,8192
1749672000,38340,38420,38335,38380,2881
1749675600,38380,38380,38380,38380,744
1749686400,38290,38400,38110,38165,23297
1749690000,38160,38215,38090,38150,10072
1749693600,38150,38170,38115,38125,3478
1749697200,38115,38210,38105,38195,4023
1749700800,38190,38215,38165,38190,4374
1749704400,38190,38205,38165,38190,5014
1749708000,38185,38185,38120,38175,8512
1749715200,38085,38085,37950,38055,28161
1749718800,38055,38085,38000,38035,12655
1749722400,38030,38055,37980,38020,10052
1749726000,38020,38020,37960,37970,8538
1749729600,37970,38070,37950,38065,17260
1749733200,38070,38120,38030,38100,21108
1749736800,38095,38260,38095,38230,20842
1749740400,38230,38275,38115,38145,18376
1749744000,38145,38205,38125,38170,11389
1749747600,38170,38210,38165,38185,4034
1749751200,38190,38205,38140,38180,4521
1749754800,38180,38200,38150,38180,4196
1749758400,38175,38190,38145,38165,2080
1749762000,38180,38180,38180,38180,904
1749769200,38010,38110,37960,37970,26848
1749772800,37980,38100,37565,37600,199228
1749776400,37600,37760,37505,37745,82385
1749780000,37745,37750,37465,37560,52154
1749783600,37565,37730,37535,37720,35936
1749787200,37725,37725,37630,37710,32034
1749790800,37710,37740,37665,37730,33019
1749794400,37725,37825,37715,37780,47392
1749801600,37880,37990,37870,37890,31864
1749805200,37890,37975,37860,37970,23214
1749808800,37970,38045,37935,38040,17872
1749812400,38040,38100,37995,38040,22126
1749816000,38040,38065,37995,38030,14224
1749819600,38030,38115,37950,37960,28240
1749823200,37970,38080,37940,38075,35204
1749826800,38075,38145,38050,38110,26204
1749830400,38110,38140,38080,38115,11544
1749834000,38110,38110,38040,38065,10610
1749837600,38065,38085,37860,37950,29996
1749841200,37950,37965,37850,37920,19478
1749844800,37920,37935,37890,37920,4506
1749848400,37955,37955,37955,37955,1325
1750028400,38070,38075,38000,38030,15371
1750032000,38030,38180,38020,38110,85794
1750035600,38110,38160,38035,38155,43159
1750039200,38150,38220,38140,38210,21641
1750042800,38210,38240,38180,38225,25389
1750046400,38220,38320,38220,38285,30511
1750050000,38285,38310,38210,38210,26144
1750053600,38210,38360,38205,38360,44171
1750060800,38400,38430,38365,38420,19448
1750064400,38415,38435,38325,38330,10984
1750068000,38325,38370,38310,38365,8269
1750071600,38365,38390,38285,38390,12889
1750075200,38390,38425,38365,38385,10543
1750078800,38385,38480,38345,38455,22920
1750082400,38460,38570,38440,38560,20002
1750086000,38560,38605,38530,38565,14478
1750089600,38565,38590,38500,38525,7579
1750093200,38525,38560,38505,38515,5341
1750096800,38520,38555,38505,38525,3311
1750100400,38520,38535,38470,38515,11724
1750104000,38510,38575,38510,38560,3671
1750107600,38560,38560,38560,38560,1062
1750114800,38435,38475,38325,38330,21393
1750118400,38330,38515,38305,38510,63844
1750122000,38510,38555,38425,38545,47584
1750125600,38545,38560,38450,38525,28279
1750129200,38525,38540,38475,38485,20271
1750132800,38485,38535,38435,38510,22565
1750136400,38515,38520,38430,38480,23302
1750140000,38485,38540,38465,38505,29418
1750147200,38430,38445,38360,38405,26268
1750150800,38410,38430,38315,38335,13495
1750154400,38335,38350,38260,38290,11380
1750158000,38295,38365,38285,38360,9535
1750161600,38355,38385,38325,38350,13639
1750165200,38345,38425,38310,38420,20872
1750168800,38425,38455,38390,38390,14304
1750172400,38390,38435,38365,38405,8978
1750176000,38405,38450,38340,38350,10353
1750179600,38350,38370,38210,38235,17012
1750183200,38230,38275,38205,38275,10431
1750186800,38275,38300,38195,38225,12091
1750190400,38230,38245,38205,38225,3117
1750194000,38230,38230,38230,38230,723
1750201200,38245,38315,38235,38310,12467
1750204800,38315,38600,38305,38550,76917
1750208400,38550,38735,38545,38690,49968
1750212000,38695,38815,38690,38775,33676
1750215600,38775,38795,38735,38790,24807
1750219200,38785,38840,38735,38790,31420
1750222800,38785,38840,38780,38805,27000
1750226400,38805,38890,38785,38845,47416
1750233600,38840,38955,38740,38750,33280
1750237200,38745,38815,38710,38725,16335
1750240800,38725,38735,38595,38605,21658
1750244400,38605,38710,38590,38650,15703
1750248000,38650,38680,38590,38605,11413
1750251600,38605,38665,38560,38635,23547
1750255200,38640,38800,38605,38750,29516
1750258800,38750,38750,38660,38665,10954
1750262400,38660,38700,38640,38655,5438
1750266000,38650,38685,38585,38660,6639
1750269600,38665,38775,38555,38595,23166
1750273200,38595,38690,38570,38640,16067
1750276800,38645,38705,38640,38690,2325
1750280400,38670,38670,38670,38670,749
1750287600,38670,38825,38670,38810,17041
1750291200,38810,38840,38530,38605,78733
1750294800,38610,38610,38460,38555,48033
1750298400,38555,38590,38525,38565,12692
1750302000,38570,38615,38560,38585,16545
1750305600,38585,38600,38525,38555,13473
1750309200,38555,38560,38470,38480,23760
1750312800,38480,38545,38475,38510,36808
1750320000,38500,38570,38495,38550,12461
1750323600,38555,38625,38555,38605,11514
1750327200,38605,38690,38580,38665,13030
1750330800,38665,38675,38605,38630,11951
1750334400,38625,38635,38510,38530,12906
1750338000,38535,38555,38430,38455,19385
1750341600,38450,38495,38440,38485,10908
1750345200,38485,38490,38360,38365,14663
1750348800,38365,38425,38360,38385,4341
1750352400,38390,38430,38385,38430,1543
1750356000,38430,38470,38430,38440,1737
1750359600,38440,38480,38430,38460,1308
1750363200,38455,38490,38455,38485,1122
1750366800,38450,38450,38450,38450,676
1750374000,38520,38540,38420,38440,15391
1750377600,38440,38610,38395,38575,71153
1750381200,38575,38620,38325,38405,59499
1750384800,38410,38440,38385,38425,19090
1750388400,38420,38510,38415,38500,26889
1750392000,38500,38515,38410,38455,24633
1750395600,38455,38485,38435,38475,20249
1750399200,38480,38490,38350,38350,49570
1750406400,38460,38505,38385,38405,24193
1750410000,38405,38455,38390,38450,11362
1750413600,38450,38460,38410,38425,6832
1750417200,38420,38590,38410,38540,25115
1750420800,38540,38580,38525,38560,16325
1750424400,38565,38585,38445,38460,22024
1750428000,38460,38525,38270,38295,40735
1750431600,38295,38395,38235,38320,25794
1750435200,38320,38370,38295,38330,11867
1750438800,38330,38380,38225,38325,13259
1750442400,38320,38385,38305,38315,6457
1750446000,38315,38350,38280,38305,12580
1750449600,38300,38375,38295,38375,3961
1750453200,38395,38395,38395,38395,1239
1750633200,38180,38290,38160,38195,18122
1750636800,38195,38235,38000,38175,108008
1750640400,38175,38245,38130,38180,40981
1750644000,38180,38225,38130,38205,22527
1750647600,38200,38240,38200,38230,23267
1750651200,38230,38340,38230,38305,32297
1750654800,38310,38335,38275,38320,21817
1750658400,38320,38400,38295,38400,29242
1750665600,38485,38585,38475,38540,20356
1750669200,38545,38575,38485,38510,12729
1750672800,38505,38535,38460,38470,10256
1750676400,38470,38475,38360,38430,13294
1750680000,38430,38455,38420,38450,8285
1750683600,38450,38520,38410,38520,17385
1750687200,38520,38545,38455,38460,21901
1750690800,38460,38505,38410,38415,11575
1750694400,38410,38425,38215,38285,27456
1750698000,38285,38605,38275,38565,25830
1750701600,38565,38575,38535,38560,6690
1750705200,38560,38605,38535,38585,9319
1750708800,38585,38620,38570,38600,3752
1750712400,38625,38625,38625,38625,873
1750719600,38800,38830,38765,38770,19508
1750723200,38770,38970,38665,38690,111088
1750726800,38685,38860,38635,38855,43127
1750730400,38855,38865,38640,38690,35512
1750734000,38690,38755,38650,38740,23415
1750737600,38735,38775,38705,38770,19227
1750741200,38765,38835,38745,38775,30518
1750744800,38770,38820,38680,38810,42311
1750752000,38700,38740,38635,38715,24190
1750755600,38720,38790,38710,38715,9652
1750759200,38710,38730,38665,38685,11216
1750762800,38690,38720,38640,38695,13463
1750766400,38690,38715,38660,38675,8132
1750770000,38670,38710,38625,38630,20144
1750773600,38630,38675,38595,38640,16671
1750777200,38645,38695,38615,38640,12286
1750780800,38640,38685,38635,38665,5055
1750784400,38665,38735,38655,38730,6819
1750788000,38730,38755,38710,38730,3263
1750791600,38730,38780,38725,38755,7543
1750795200,38755,38770,38745,38765,1991
1750798800,38750,38750,38750,38750,859
1750806000,38700,38865,38695,38860,17535
1750809600,38860,38910,38720,38770,71519
1750813200,38775,38855,38725,38840,39578
1750816800,38840,38840,38675,38730,32022
1750820400,38730,38790,38715,38750,20214
1750824000,38745,38855,38745,38845,25839
1750827600,38845,38910,38830,38870,27919
1750831200,38870,38930,38855,38930,27604
1750838400,38960,39050,38910,39045,23687
1750842000,39050,39085,39035,39040,15140
1750845600,39045,39100,39020,39090,11274
1750849200,39090,39135,39065,39110,12164
1750852800,39110,39125,39050,39085,9954
1750856400,39085,39105,39015,39055,15805
1750860000,39060,39085,39020,39035,15149
1750863600,39035,39040,38955,38975,14274
1750867200,38975,38985,38925,38950,6438
1750870800,38955,38970,38890,38915,6882
1750874400,38910,38920,38880,38890,5106
1750878000,38895,38950,38895,38935,5379
1750881600,38935,38970,38915,38965,2546
1750885200,38960,38960,38960,38960,863
1750892400,39010,39050,38980,39025,17037
1750896000,39025,39310,39025,39235,93197
1750899600,39235,39365,39200,39295,45913
1750903200,39295,39345,39275,39280,22312
1750906800,39280,39445,39275,39415,33498
1750910400,39415,39475,39410,39470,28119
1750914000,39470,39580,39440,39515,55586
1750917600,39515,39575,39460,39510,60486
1750924800,39475,39515,39445,39485,20238
1750928400,39490,39525,39450,39520,8341
1750932000,39525,39570,39510,39540,8404
1750935600,39540,39555,39510,39515,7087
1750939200,39515,39540,39445,39450,14579
1750942800,39455,39500,39380,39430,20015
1750946400,39430,39570,39430,39560,18742
1750950000,39560,39625,39530,39615,14337
1750953600,39610,39655,39610,39645,7266
1750957200,39645,39695,39635,39685,4978
1750960800,39685,39750,39680,39710,10610
1750964400,39710,39780,39705,39750,9447
1750968000,39750,39810,39740,39795,3636
1750971600,39805,39805,39805,39805,1102
1750978800,39890,39965,39880,39930,19598
1750982400,39930,40200,39890,40170,111522
1750986000,40170,40230,40150,40170,49012
1750989600,40165,40265,40155,40215,30807
1750993200,40215,40285,40180,40205,35009
1750996800,40205,40240,40135,40145,31615
1751000400,40140,40195,40070,40095,40334
1751004000,40095,40205,40065,40185,52288
1751011200,40205,40230,40160,40200,20480
1751014800,40200,40255,40170,40255,8254
1751018400,40255,40335,40250,40310,13351
1751022000,40310,40430,40305,40430,14788
1751025600,40425,40445,40325,40360,15690
1751029200,40360,40430,40345,40415,16067
1751032800,40415,40525,40415,40485,23593
1751036400,40485,40635,40480,40625,15640
1751040000,40625,40645,40600,40625,7828
1751043600,40620,40620,40450,40510,15168
1751047200,40510,40540,40355,40385,15252
1751050800,40385,40565,40375,40535,11246
1751054400,40540,40565,40510,40560,3596
1751058000,40580,40580,40580,40580,962
1751238000,40550,40675,40550,40610,20840
1751241600,40605,40850,40530,40790,101286
1751245200,40790,40870,40720,40785,58786
1751248800,40780,40860,40770,40790,27163
1751252400,40785,40810,40745,40745,31158
1751256000,40750,40800,40585,40620,39717
1751259600,40620,40620,40390,40440,70526
1751263200,40440,40535,40345,40445,72737
1751270400,40460,40470,40310,40350,25827
1751274000,40350,40385,40320,40345,7985
1751277600,40345,40365,40320,40320,5501
1751281200,40325,40385,40295,40365,9541
1751284800,40365,40380,40320,40380,6276
1751288400,40375,40425,40310,40330,19078
1751292000,40330,40375,40310,40350,12812
1751295600,40350,40375,40295,40325,10150
1751299200,40325,40365,40325,40335,4675
1751302800,40340,40360,40235,40300,9987
1751306400,40295,40345,40230,40275,6809
1751310000,40280,40335,40235,40285,9251
1751313600,40290,40295,40220,40265,3381
1751317200,40230,40230,40230,40230,746
1751324400,40250,40340,40250,40325,14341
1751328000,40325,40360,40045,40125,105747
1751331600,40130,40150,40020,40070,49780
1751335200,40070,40115,40020,40105,24738
1751338800,40100,40105,39975,40085,41096
1751342400,40085,40175,40030,40140,42141
1751346000,40140,40140,39990,39995,33852
1751349600,39995,40005,39890,39890,69139
1751356800,39840,39860,39665,39720,41993
1751360400,39715,39730,39590,39650,18150
1751364000,39650,39725,39645,39705,9283
1751367600,39710,39725,39630,39655,9565
1751371200,39650,39665,39595,39660,11667
1751374800,39660,39780,39655,39735,20012
1751378400,39740,39765,39660,39680,17171
1751382000,39680,39730,39600,39670,17960
1751385600,39675,39750,39670,39690,9130
1751389200,39690,39775,39685,39765,5540
1751392800,39760,39800,39725,39740,4910
1751396400,39735,39740,39620,39670,14458
1751400000,39670,39675,39575,39580,4350
1751403600,39570,39570,39570,39570,1026
1751410800,39500,39520,39430,39460,23472
1751414400,39470,39695,39445,39665,104255
1751418000,39665,39760,39580,39585,66535
1751421600,39585,39635,39555,39630,30167
1751425200,39625,39740,39600,39735,33423
1751428800,39740,39955,39730,39925,52301
1751432400,39930,39930,39765,39780,43460
1751436000,39780,39810,39725,39790,47606
1751443200,39760,39760,39675,39730,16939
1751446800,39730,39800,39715,39765,11074
1751450400,39765,39765,39685,39700,6957
1751454000,39705,39790,39705,39760,7876
1751457600,39760,39765,39565,39635,26800
1751461200,39635,39685,39620,39630,17485
1751464800,39630,39760,39615,39725,22882
1751468400,39725,39750,39680,39685,11397
1751472000,39680,39720,39665,39685,6013
1751475600,39680,39705,39660,39675,3367
1751479200,39680,39720,39660,39670,4044
1751482800,39670,39720,39640,39710,5814
1751486400,39710,39745,39700,39740,2061
1751490000,39745,39745,39745,39745,886
1751497200,39760,39810,39730,39805,14712
1751500800,39805,39850,39665,39830,67160
1751504400,39825,39875,39720,39750,43632
1751508000,39750,39770,39685,39735,21482
1751511600,39735,39830,39715,39785,25841
1751515200,39785,39810,39715,39765,25880
1751518800,39765,39770,39680,39705,29466
1751522400,39705,39765,39650,39720,51292
1751529600,39765,39795,39755,39755,11335
1751533200,39760,39785,39745,39755,5610
1751536800,39760,39765,39730,39745,3729
1751540400,39745,39765,39735,39765,3237
1751544000,39765,40040,39755,39930,36945
1751547600,39930,40030,39905,39990,24346
1751551200,39995,40095,39990,40075,18812
1751554800,40075,40100,40030,40035,11664
1751558400,40030,40075,40005,40060,6538
1751562000,40055,40080,40040,40065,2575
1751565600,40070,40120,40060,40115,2842
1751569200,40115,40125,40095,40120,1757
1751572800,40120,40120,40070,40115,2029
1751576400,40115,40115,40115,40115,838
1751583600,39960,40000,39935,39960,16585
1751587200,39965,40005,39710,39860,82413
1751590800,39865,39940,39845,39850,36858
1751594400,39845,39875,39780,39825,24316
1751598000,39825,39840,39730,39760,20686
1751601600,39760,39835,39690,39835,33824
1751605200,39835,39865,39805,39845,30422
1751608800,39845,39845,39770,39770,31240
1751616000,39750,39765,39610,39620,22237
1751619600,39620,39690,39610,39685,11739
1751623200,39690,39745,39640,39680,11712
1751626800,39675,39715,39660,39710,5858
1751630400,39710,39725,39695,39705,4354
1751634000,39710,39810,39690,39795,17178
1751637600,39800,39810,39755,39785,6517
1751641200,39785,39800,39745,39775,4884
1751644800,39775,39780,39725,39725,2927
1751648400,39725,39730,39685,39705,2520
1751652000,39705,39750,39705,39735,1268
1751655600,39740,39750,39720,39740,816
1751659200,39745,39750,39720,39720,1232
1751662800,39760,39760,39760,39760,943
1751842800,39760,39850,39730,39740,14185
1751846400,39740,39835,39665,39690,71103
1751850000,39685,39690,39535,39625,48161
1751853600,39620,39670,39580,39635,21030
1751857200,39635,39655,39605,39650,14510
1751860800,39645,39690,39580,39585,21766
1751864400,39585,39600,39560,39580,20716
1751868000,39580,39600,39530,39540,27742
1751875200,39595,39630,39570,39590,13979
1751878800,39590,39695,39585,39690,8518
1751882400,39690,39760,39675,39720,12004
1751886000,39725,39775,39710,39770,8190
1751889600,39765,39810,39750,39765,11695
1751893200,39765,39915,39750,39845,22513
1751896800,39850,39855,39755,39780,15781
1751900400,39780,39795,39730,39765,9820
1751904000,39765,39815,39490,39565,37199
1751907600,39560,39725,39500,39530,18909
1751911200,39530,39560,39360,39540,14965
1751914800,39540,39545,39405,39460,11130
1751918400,39455,39460,39345,39365,4942
1751922000,39355,39355,39355,39355,839
1751929200,39405,39525,39405,39510,20900
1751932800,39510,39820,39495,39750,98441
1751936400,39755,39795,39585,39610,49315
1751940000,39610,39770,39595,39760,24882
1751943600,39765,39785,39685,39700,22353
1751947200,39705,39715,39625,39700,25510
1751950800,39700,39740,39660,39735,20742
1751954400,39735,39820,39690,39820,42941
1751961600,39850,39885,39825,39825,19057
1751965200,39825,39865,39810,39815,6963
1751968800,39815,39865,39805,39850,5589
1751972400,39850,39890,39840,39875,5911
1751976000,39870,39875,39825,39845,7075
1751979600,39845,39955,39840,39920,16709
1751983200,39920,40050,39865,40005,27326
1751986800,40005,40035,39930,40010,12344
1751990400,40015,40045,39955,40005,8317
1751994000,40010,40020,39965,40010,4981
1751997600,40005,40020,39975,39980,2592
1752001200,39980,39995,39945,39980,5737
1752004800,39985,39990,39955,39960,1705
1752008400,39960,39960,39960,39960,1020
1752015600,39955,39985,39915,39945,12669
1752019200,39950,39995,39625,39645,85130
1752022800,39650,39715,39575,39665,42713
1752026400,39665,39710,39660,39665,13606
1752030000,39665,39725,39665,39715,15593
1752033600,39710,39795,39705,39785,20443
1752037200,39785,39825,39765,39805,22080
1752040800,39800,39840,39730,39800,26915
1752048000,39830,39865,39800,39800,12697
1752051600,39800,39855,39770,39845,8813
1752055200,39840,39845,39795,39820,5302
1752058800,39825,39865,39815,39845,4680
1752062400,39840,39875,39820,39845,6779
1752066000,39845,39955,39815,39935,19854
1752069600,39935,39940,39770,39805,19596
1752073200,39805,39835,39735,39815,12814
1752076800,39810,39835,39785,39825,3272
1752080400,39820,39850,39795,39845,5821
1752084000,39845,39890,39845,39885,2900
1752087600,39885,39925,39870,39915,5906
1752091200,39920,39945,39900,39920,2405
1752094800,39905,39905,39905,39905,715
1752102000,39860,39880,39795,39800,10080
1752105600,39805,39805,39595,39630,81111
1752109200,39630,39660,39545,39615,40221
1752112800,39615,39645,39575,39630,18868
1752116400,39630,39630,39565,39580,22817
1752120000,39575,39670,39555,39575,35391
1752123600,39580,39595,39540,39590,30553
1752127200,39590,39705,39570,39640,49549
1752134400,39675,39715,39650,39705,10624
1752138000,39705,39730,39670,39685,6085
1752141600,39680,39695,39660,39660,3626
1752145200,39660,39700,39660,39680,3892
1752148800,39680,39685,39605,39625,9497
1752152400,39625,39690,39590,39615,11646
1752156000,39615,39715,39605,39690,13869
1752159600,39690,39745,39660,39745,8017
1752163200,39740,39745,39695,39700,4206
1752166800,39700,39755,39695,39750,3085
1752170400,39745,39750,39710,39720,3161
1752174000,39720,39730,39675,39705,4942
1752177600,39705,39710,39675,39710,2347
1752181200,39730,39730,39730,39730,853
1752188400,39740,39900,39740,39890,21639
1752192000,39890,39960,39545,39725,142006
1752195600,39725,39755,39565,39575,51601
1752199200,39575,39650,39545,39590,25656
1752202800,39590,39670,39575,39630,21655
1752206400,39630,39645,39580,39610,20476
1752210000,39610,39685,39525,39530,28907
1752213600,39535,39590,39490,39510,37856
1752220800,39380,39425,39310,39390,25872
1752224400,39390,39420,39310,39325,14850
1752228000,39325,39360,39270,39280,15257
1752231600,39285,39380,39275,39365,10196
1752235200,39360,39400,39310,39390,8746
1752238800,39385,39490,39375,39490,21132
1752242400,39485,39515,39440,39480,15747
1752246000,39480,39530,39430,39480,11446
1752249600,39475,39515,39435,39510,6726
1752253200,39510,39530,39480,39530,3759
1752256800,39525,39555,39515,39530,6093
1752260400,39530,39565,39495,39505,5309
1752264000,39505,39505,39460,39485,3522
1752267600,39465,39465,39465,39465,1047
1752447600,39360,39425,39315,39395,19291
1752451200,39400,39480,39310,39395,80865
1752454800,39395,39450,39285,39435,41858
1752458400,39435,39475,39410,39425,15448
1752462000,39425,39545,39415,39540,22239
1752465600,39545,39590,39540,39565,20575
1752469200,39565,39605,39470,39485,27886
1752472800,39485,39500,39410,39410,32913
1752480000,39485,39490,39345,39380,18883
1752483600,39380,39385,39340,39365,7058
1752487200,39365,39370,39330,39355,6059
1752490800,39360,39385,39330,39340,8976
1752494400,39335,39365,39310,39330,6416
1752498000,39325,39400,39300,39325,18761
1752501600,39325,39420,39310,39405,14225
1752505200,39405,39505,39400,39495,14516
1752508800,39495,39530,39480,39505,6917
1752512400,39505,39545,39505,39515,3942
1752516000,39520,39535,39505,39525,2965
1752519600,39525,39535,39480,39515,5221
1752523200,39520,39530,39490,39505,1896
1752526800,39505,39505,39505,39505,669
1752534000,39555,39570,39490,39520,12421
1752537600,39520,39565,39400,39440,74462
1752541200,39440,39645,39370,39615,65390
1752544800,39615,39625,39410,39455,47122
1752548400,39450,39510,39430,39435,20690
1752552000,39430,39555,39415,39510,23147
1752555600,39515,39615,39505,39605,27564
1752559200,39605,39675,39600,39655,30826
1752566400,39640,39705,39620,39665,12968
1752570000,39665,39685,39645,39685,5158
1752573600,39685,39750,39670,39710,9970
1752577200,39705,39735,39690,39715,6226
1752580800,39715,39785,39690,39725,16643
1752584400,39725,39820,39680,39695,23460
1752588000,39695,39785,39650,39650,19006
1752591600,39655,39710,39640,39665,13267
1752595200,39665,39685,39600,39605,9585
1752598800,39610,39725,39605,39720,5453
1752602400,39720,39750,39630,39630,5850
1752606000,39630,39680,39610,39615,6145
1752609600,39610,39615,39570,39595,3383
1752613200,39600,39600,39600,39600,627
1752620400,39600,39685,39590,39685,11784
1752624000,39685,39745,39510,39735,87191
1752627600,39735,39770,39615,39660,52126
1752631200,39655,39670,39605,39635,18166
1752634800,39635,39760,39635,39735,23024
1752638400,39735,39910,39735,39850,53063
1752642000,39850,39915,39650,39720,71558
1752645600,39720,39745,39590,39590,37797
1752652800,39630,39660,39590,39625,17203
1752656400,39625,39640,39570,39595,8962
1752660000,39595,39600,39560,39580,6696
1752663600,39580,39610,39560,39600,7167
1752667200,39600,39650,39585,39640,10672
1752670800,39640,39660,39520,39535,21585
1752674400,39535,39570,39420,39460,33520
1752678000,39460,39530,39130,39445,77724
1752681600,39445,39495,39380,39480,19403
1752685200,39475,39500,39450,39455,7173
1752688800,39455,39565,39440,39560,5483
1752692400,39560,39600,39545,39560,5848
1752696000,39560,39565,39535,39545,2227
1752699600,39550,39550,39550,39550,613
1752706800,39475,39520,39405,39435,15351
1752710400,39430,39530,39350,39500,73980
1752714000,39505,39610,39490,39555,42805
1752717600,39555,39625,39520,39620,18214
1752721200,39625,39780,39580,39775,34736
1752724800,39770,39775,39680,39715,23170
1752728400,39715,39830,39690,39800,40774
1752732000,39800,39935,39800,39935,50697
1752739200,39870,39905,39830,39880,16989
1752742800,39880,39885,39855,39865,5772
1752746400,39865,39880,39830,39835,7416
1752750000,39835,39850,39800,39825,8040
1752753600,39825,39950,39820,39880,16275
1752757200,39885,39970,39820,39935,20366
1752760800,39935,39950,39855,39925,14057
1752764400,39925,40015,39915,40005,13449
1752768000,40005,40035,40005,40030,6521
1752771600,40030,40080,40015,40075,6501
1752775200,40075,40110,40055,40090,6273
1752778800,40090,40105,40025,40050,6734
1752782400,40055,40065,40040,40050,2452
1752786000,40065,40065,40065,40065,914
1752793200,40060,40135,40050,40100,16303
1752796800,40095,40095,39880,39885,81340
1752800400,39885,39930,39765,39815,48468
1752804000,39815,39815,39750,39790,26506
1752807600,39790,39825,39755,39825,23835
1752811200,39820,39855,39735,39805,28155
1752814800,39810,39830,39775,39790,21178
1752818400,39790,39850,39780,39835,25882
1752825600,39860,39865,39795,39820,12930
1752829200,39820,39845,39805,39820,4551
1752832800,39820,39825,39750,39765,7772
1752836400,39770,39785,39745,39755,5402
1752840000,39755,39770,39715,39750,7857
1752843600,39745,39785,39720,39730,12737
1752847200,39730,39765,39680,39690,17969
1752850800,39685,39740,39680,39735,8727
1752854400,39735,39745,39665,39675,8540
1752858000,39680,39680,39630,39645,7626
1752861600,39645,39675,39630,39660,3869
1752865200,39665,39710,39660,39695,4731
1752868800,39700,39710,39685,39705,2297
1752872400,39730,39730,39730,39730,1150
1753052400,39815,39835,39765,39820,7617
1753056000,39820,39850,39715,39750,18830
1753059600,39750,39795,39735,39770,8934
1753063200,39770,39805,39760,39790,4358
1753066800,39790,39810,39785,39805,3875
1753070400,39810,39845,39810,39835,5516
1753074000,39840,39860,39810,39815,7213
1753077600,39815,39830,39800,39830,5775
1753084800,39840,39860,39775,39795,7066
1753088400,39795,39815,39770,39780,2913
1753092000,39780,39780,39740,39755,3360
1753095600,39750,39785,39745,39770,3086
1753099200,39770,39770,39710,39710,4499
1753102800,39715,39820,39670,39805,15832
1753106400,39810,39925,39795,39910,17563
1753110000,39915,39925,39870,39890,8939
1753113600,39890,39895,39850,39885,6119
1753117200,39880,39905,39865,39880,2297
1753120800,39880,39900,39850,39855,2616
1753124400,39855,39860,39785,39800,5737
1753128000,39800,39830,39785,39825,1893
1753131600,39820,39820,39820,39820,587
1753138800,39780,39820,39765,39790,11103
1753142400,39790,40270,39790,39890,146039
1753146000,39885,39985,39855,39930,42156
1753149600,39930,39945,39795,39810,19218
1753153200,39805,39830,39610,39700,45598
1753156800,39705,39730,39580,39655,48337
1753160400,39655,39715,39640,39700,24389
1753164000,39700,39760,39665,39745,27982
1753171200,39740,39805,39695,39750,14442
1753174800,39750,39755,39700,39700,7668
1753178400,39700,39745,39685,39725,9645
1753182000,39730,39790,39695,39760,15590
1753185600,39760,39770,39680,39700,10511
1753189200,39700,39705,39450,39475,35338
1753192800,39480,39605,39460,39585,28660
1753196400,39580,39600,39525,39530,12887
1753200000,39535,39580,39510,39550,9131
1753203600,39550,39605,39545,39575,7033
1753207200,39575,39625,39545,39620,4250
1753210800,39620,39640,39600,39605,4881
1753214400,39600,39625,39585,39620,2059
1753218000,39605,39605,39605,39605,780
1753225200,40350,40450,40250,40385,42426
1753228800,40385,40765,40260,40755,196584
1753232400,40755,40885,40705,40880,92808
1753236000,40880,41080,40810,41065,70647
1753239600,41065,41130,41020,41065,44672
1753243200,41065,41215,41010,41180,48539
1753246800,41180,41360,41165,41290,74113
1753250400,41290,41325,41185,41220,85050
1753257600,41105,41280,41100,41270,31497
1753261200,41270,41375,41265,41350,18995
1753264800,41350,41355,41225,41230,12329
1753268400,41230,41240,41150,41230,15859
1753272000,41230,41355,41210,41345,16066
1753275600,41345,41510,41330,41430,40867
1753279200,41430,41500,41390,41485,24254
1753282800,41485,41725,41460,41695,33389
1753286400,41695,41745,41630,41665,18422
1753290000,41670,41690,41560,41650,14374
1753293600,41645,41705,41630,41635,4624
1753297200,41635,41650,41595,41650,8574
1753300800,41650,41700,41630,41685,4214
1753304400,41715,41715,41715,41715,989
1753311600,41675,41765,41605,41750,22539
1753315200,41750,41870,41620,41810,108691
1753318800,41810,42005,41795,41995,70357
1753322400,41990,42025,41935,41975,36343
1753326000,41980,42080,41810,41845,63292
1753329600,41845,41910,41790,41885,39700
1753333200,41880,41905,41780,41890,41110
1753336800,41885,41965,41825,41870,53025
1753344000,41855,41860,41745,41755,26233
1753347600,41755,41795,41725,41750,8592
1753351200,41750,41750,41665,41675,11030
1753354800,41675,41690,41610,41635,13215
1753358400,41635,41705,41615,41645,11825
1753362000,41645,41675,41585,41645,18362
1753365600,41645,41705,41530,41695,20400
1753369200,41695,41725,41665,41700,10384
1753372800,41700,41705,41660,41690,4627
1753376400,41685,41740,41680,41725,4157
1753380000,41725,41765,41675,41725,5865
1753383600,41720,41730,41595,41605,6269
1753387200,41600,41675,41585,41650,2587
1753390800,41660,41660,41660,41660,689
1753398000,41650,41730,41630,41690,12409
1753401600,41690,41745,41590,41705,75769
1753405200,41705,41715,41565,41585,30607
1753408800,41590,41630,41565,41575,19283
1753412400,41575,41595,41490,41505,25114
1753416000,41505,41570,41430,41440,37490
1753419600,41440,41485,41425,41460,25181
1753423200,41460,41500,41365,41365,43034
1753430400,41335,41450,41305,41380,26074
1753434000,41380,41450,41375,41425,8294
1753437600,41425,41480,41400,41460,7378
1753441200,41455,41455,41340,41355,8458
1753444800,41355,41430,41355,41410,7261
1753448400,41405,41425,41245,41375,25905
1753452000,41370,41385,41315,41340,14897
1753455600,41335,41390,41310,41360,13147
1753459200,41360,41410,41360,41400,5352
1753462800,41400,41400,41370,41370,2893
1753466400,41370,41385,41350,41350,2149
1753470000,41350,41380,41340,41375,3491
1753473600,41380,41380,41345,41365,1979
1753477200,41375,41375,41375,41375,899
1753657200,41595,41610,41435,41465,20388
1753660800,41465,41470,41065,41180,113276
1753664400,41185,41245,41145,41165,34509
1753668000,41165,41205,41100,41190,25499
1753671600,41190,41205,41050,41050,34893
1753675200,41055,41105,41005,41005,33586
1753678800,41010,41105,41005,41085,40059
1753682400,41085,41085,40910,40910,42538
1753689600,40955,40960,40855,40920,20702
1753693200,40920,40980,40915,40975,6802
1753696800,40975,41025,40960,40965,8908
1753700400,40960,40980,40920,40930,8121
1753704000,40925,40935,40830,40840,13765
1753707600,40845,40855,40680,40725,28131
1753711200,40725,40770,40675,40740,18247
1753714800,40735,40750,40690,40735,10394
1753718400,40735,40770,40720,40725,5159
1753722000,40730,40740,40675,40710,7540
1753725600,40710,40750,40685,40735,3859
1753729200,40730,40800,40720,40795,5382
1753732800,40790,40820,40780,40805,2250
1753736400,40805,40805,40805,40805,883
1753743600,40875,40875,40770,40815,14550
1753747200,40815,40830,40645,40700,72410
1753750800,40695,40750,40645,40700,35410
1753754400,40700,40735,40615,40695,25172
1753758000,40695,40710,40625,40645,22282
1753761600,40645,40670,40570,40595,25919
1753765200,40595,40640,40560,40620,22894
1753768800,40620,40810,40610,40810,52988
1753776000,40880,40890,40810,40880,21517
1753779600,40875,40940,40865,40930,10101
1753783200,40935,40960,40880,40885,11759
1753786800,40885,40905,40820,40870,9798
1753790400,40870,40875,40840,40875,6220
1753794000,40875,40910,40755,40775,21487
1753797600,40780,40790,40635,40645,27898
1753801200,40650,40715,40595,40690,21473
1753804800,40685,40690,40625,40675,7435
1753808400,40675,40690,40615,40655,10142
1753812000,40650,40670,40635,40655,5585
1753815600,40650,40665,40580,40650,7145
1753819200,40645,40665,40630,40655,1432
1753822800,40660,40660,40660,40660,788
1753830000,40690,40765,40675,40750,12249
1753833600,40750,40755,40555,40590,70232
1753837200,40590,40680,40580,40650,33660
1753840800,40650,40695,40620,40675,11117
1753844400,40675,40710,40625,40670,18003
1753848000,40670,40725,40640,40650,17117
1753851600,40645,40645,40580,40620,25631
1753855200,40620,40680,40610,40665,26688
1753862400,40660,40705,40625,40640,10342
1753866000,40640,40670,40625,40665,4410
1753869600,40665,40700,40655,40690,6137
1753873200,40685,40750,40675,40735,6800
1753876800,40740,40775,40695,40760,13491
1753880400,40760,40785,40720,40740,8998
1753884000,40745,40765,40710,40720,8873
1753887600,40715,40725,40660,40725,8510
1753891200,40725,40755,40705,40720,3788
1753894800,40720,40760,40700,40735,4032
1753898400,40735,40765,40585,40595,13842
1753902000,40595,40665,40485,40650,24451
1753905600,40655,40745,40645,40735,7649
1753909200,40735,40735,40735,40735,668
1753916400,40795,40850,40730,40735,16462
1753920000,40735,40905,40685,40835,70981
1753923600,40835,41000,40775,40935,39221
1753927200,40935,41050,40925,41015,22524
1753930800,41015,41050,40930,41015,27982
1753934400,41015,41085,40955,41085,22651
1753938000,41090,41115,41050,41100,24702
1753941600,41095,41200,41050,41200,41910
1753948800,41110,41290,41070,41275,32633
1753952400,41275,41280,41160,41220,15710
1753956000,41215,41245,41165,41165,8802
1753959600,41165,41195,41130,41135,9162
1753963200,41140,41210,41125,41135,11259
1753966800,41140,41165,40890,40975,35233
1753970400,40980,41015,40805,40810,28114
1753974000,40810,40895,40780,40835,21149
1753977600,40840,40880,40800,40810,8552
1753981200,40810,40820,40590,40615,24830
1753984800,40615,40765,40575,40720,14263
1753988400,40720,40800,40700,40760,17725
1753992000,40765,40810,40730,40805,9070
1753995600,40800,40800,40800,40800,730
1754002800,40770,40790,40715,40720,21190
1754006400,40720,40880,40580,40770,104131
1754010000,40770,40955,40760,40930,45801
1754013600,40930,40990,40895,40990,23100
1754017200,40990,41010,40885,40890,26539
1754020800,40890,40930,40840,40840,23195
1754024400,40840,40855,40770,40855,32198
1754028000,40850,40870,40810,40860,32774
1754035200,40680,40690,40500,40570,36718
1754038800,40570,40580,40510,40535,11793
1754042400,40535,40555,40435,40455,16693
1754046000,40450,40535,40435,40525,10825
1754049600,40525,40525,40325,40340,34421
1754053200,40340,40340,39905,39970,78106
1754056800,39965,40105,39730,39980,82709
1754060400,39980,40135,39950,40115,31965
1754064000,40115,40140,39950,39965,19688
1754067600,39965,40000,39930,39955,17842
1754071200,39955,40040,39895,39955,14418
1754074800,39955,40035,39915,40000,15963
1754078400,39995,40005,39910,39910,2936
1754082000,39905,39905,39905,39905,1124
1754262000,39870,39875,39785,39870,18131
1754265600,39865,40075,39740,39935,105128
1754269200,39940,40095,39880,40010,55233
1754272800,40010,40140,40000,40115,28351
1754276400,40115,40300,40080,40285,39317
1754280000,40285,40300,40155,40180,33613
1754283600,40180,40255,40160,40240,23957
1754287200,40240,40325,40240,40320,37322
1754294400,40360,40430,40330,40425,18410
1754298000,40420,40460,40370,40375,11378
1754301600,40375,40410,40350,40350,10970
1754305200,40350,40375,40315,40335,11467
1754308800,40335,40400,40320,40355,9378
1754312400,40355,40485,40300,40470,24010
1754316000,40475,40490,40390,40450,17717
1754319600,40445,40530,40430,40515,11110
1754323200,40520,40535,40490,40510,6010
1754326800,40510,40550,40490,40510,6318
1754330400,40505,40560,40505,40535,3894
1754334000,40535,40590,40525,40585,5630
1754337600,40580,40640,40580,40620,4515
1754341200,40620,40620,40620,40620,809
1754348400,40510,40555,40485,40530,14584
1754352000,40525,40595,40420,40465,63580
1754355600,40470,40525,40415,40500,29970
1754359200,40500,40575,40500,40575,17628
1754362800,40575,40640,40540,40570,23409
1754366400,40570,40600,40505,40545,22555
1754370000,40545,40575,40500,40555,18956
1754373600,40555,40650,40515,40650,35207
1754380800,40600,40605,40535,40585,13396
1754384400,40585,40585,40515,40555,7270
1754388000,40560,40640,40555,40635,8002
1754391600,40635,40650,40610,40640,5949
1754395200,40640,40675,40555,40640,13175
1754398800,40640,40670,40585,40630,13145
1754402400,40640,40650,40340,40430,40491
1754406000,40430,40515,40410,40475,18295
1754409600,40475,40555,40465,40525,11690
1754413200,40520,40610,40515,40605,6649
1754416800,40600,40610,40500,40525,5602
1754420400,40525,40575,40515,40530,4817
1754424000,40530,40560,40490,40520,2556
1754427600,40535,40535,40535,40535,782
1754434800,40495,40515,40425,40430,10539
1754438400,40435,40630,40420,40615,56898
1754442000,40610,40780,40550,40770,36759
1754445600,40770,40825,40750,40785,26827
1754449200,40780,40840,40755,40815,20263
1754452800,40815,40845,40725,40725,22564
1754456400,40725,40820,40690,40795,27078
1754460000,40795,40860,40790,40805,28287
1754467200,40810,40840,40710,40715,15680
1754470800,40715,40750,40705,40735,7513
1754474400,40730,40740,40660,40715,11055
1754478000,40715,40750,40710,40715,8137
1754481600,40715,40725,40650,40675,7919
1754485200,40670,40725,40630,40675,19503
1754488800,40670,40765,40600,40735,25386
1754492400,40740,40845,40705,40825,16145
1754496000,40820,40865,40790,40825,7335
1754499600,40830,40880,40825,40845,5765
1754503200,40840,40885,40830,40840,3761
1754506800,40845,40905,40840,40855,5639
1754510400,40860,40875,40770,40805,5589
1754514000,40795,40795,40795,40795,696
1754521200,40700,40730,40645,40645,15219
1754524800,40645,41080,40630,41050,82989
1754528400,41055,41150,40960,41120,47217
1754532000,41125,41160,41060,41065,19793
1754535600,41065,41120,41060,41100,25225
1754539200,41100,41115,40950,40980,31206
1754542800,40980,41075,40950,41020,35014
1754546400,41020,41070,40960,41000,37606
1754553600,41010,41215,41010,41185,26933
1754557200,41185,41310,41170,41305,18537
1754560800,41300,41345,41265,41275,16559
1754564400,41275,41310,41245,41255,11427
1754568000,41255,41275,41190,41260,13524
1754571600,41260,41325,41235,41265,19191
1754575200,41270,41285,41085,41105,28551
1754578800,41105,41160,41060,41095,15707
1754582400,41090,41145,41015,41080,13291
1754586000,41080,41115,41035,41085,8408
1754589600,41085,41100,41005,41065,6707
1754593200,41065,41100,41010,41100,6808
1754596800,41095,41180,41095,41165,4066
1754600400,41170,41170,41170,41170,685
1754607600,41200,41275,41155,41210,20083
1754611200,41210,41830,41205,41825,131276
1754614800,41825,41925,41800,41830,70137
1754618400,41830,41965,41815,41960,26764
1754622000,41960,42025,41930,42000,34460
1754625600,42000,42025,41815,41845,38486
1754629200,41850,41890,41750,41765,40357
1754632800,41770,41900,41735,41820,47119
1754640000,41830,41955,41815,41915,21156
1754643600,41920,41975,41895,41955,9901
1754647200,41955,42120,41950,42115,15009
1754650800,42115,42165,42075,42140,16976
1754654400,42145,42145,42005,42050,15715
1754658000,42055,42200,42005,42180,21719
1754661600,42185,42290,42155,42265,30408
1754665200,42265,42340,42210,42295,22016
1754668800,42290,42370,42280,42340,8505
1754672400,42335,42375,42300,42345,6559
1754676000,42345,42390,42325,42375,3824
1754679600,42375,42375,42260,42290,7298
1754683200,42295,42340,42285,42285,3551
1754686800,42285,42285,42285,42285,879
1754866800,42260,42275,42180,42255,8642
1754870400,42255,42390,42230,42370,22143
1754874000,42375,42490,42365,42455,19230
1754877600,42455,42465,42410,42425,5366
1754881200,42425,42455,42325,42335,8433
1754884800,42335,42415,42300,42405,10232
1754888400,42405,42410,42335,42355,6330
1754892000,42360,42395,42325,42375,5863
1754899200,42280,42320,42225,42250,15327
1754902800,42245,42320,42240,42315,5694
1754906400,42315,42325,42265,42300,5407
1754910000,42295,42305,42275,42290,5279
1754913600,42295,42345,42280,42305,6832
1754917200,42305,42390,42295,42375,11078
1754920800,42380,42390,42330,42360,8000
1754924400,42355,42385,42320,42370,7985
1754928000,42370,42410,42310,42315,6242
1754931600,42315,42325,42275,42295,4173
1754935200,42300,42325,42265,42315,5098
1754938800,42310,42315,42225,42300,6052
1754942400,42305,42310,42270,42280,1070
1754946000,42280,42280,42280,42280,571
1754953200,42245,42335,42185,42210,15730
1754956800,42210,42790,42210,42775,125034
1754960400,42775,42950,42645,42845,66364
1754964000,42850,42920,42800,42905,26150
1754967600,42905,42990,42880,42940,32098
1754971200,42940,43000,42925,42990,33412
1754974800,42995,43000,42715,42750,81796
1754978400,42750,42810,42605,42640,52802
1754985600,42725,42750,42600,42710,24142
1754989200,42705,42775,42705,42760,8640
1754992800,42760,42775,42720,42750,5259
1754996400,42755,42825,42735,42820,7988
1755000000,42815,43200,42800,43080,47265
1755003600,43085,43200,43025,43075,39907
1755007200,43080,43310,43040,43280,29588
1755010800,43285,43375,43250,43320,18773
1755014400,43320,43350,43265,43330,6387
1755018000,43330,43330,43265,43290,5361
1755021600,43290,43310,43240,43240,3931
1755025200,43245,43290,43240,43270,4845
1755028800,43270,43315,43250,43290,2538
1755032400,43295,43295,43295,43295,793
1755039600,43300,43325,43170,43205,19575
1755043200,43200,43280,43015,43215,94262
1755046800,43220,43350,43200,43330,56882
1755050400,43330,43345,43245,43330,22079
1755054000,43330,43410,43275,43375,31629
1755057600,43380,43455,43290,43295,34056
1755061200,43295,43340,43175,43255,45591
1755064800,43255,43380,43215,43370,41320
1755072000,43450,43480,43360,43425,25003
1755075600,43420,43420,43275,43295,16159
1755079200,43295,43320,43230,43245,11433
1755082800,43245,43310,43220,43230,10553
1755086400,43235,43235,43090,43145,22155
1755090000,43145,43225,43135,43180,16647
1755093600,43185,43215,43045,43075,21581
1755097200,43075,43130,43045,43060,11221
1755100800,43065,43130,43065,43095,4809
1755104400,43095,43130,43070,43105,3676
1755108000,43105,43160,43095,43125,3746
1755111600,43120,43160,43090,43145,4111
1755115200,43140,43170,43085,43100,1655
1755118800,43100,43100,43100,43100,497
1755126000,43070,43140,43035,43075,12592
1755129600,43075,43200,42835,42870,109175
1755133200,42865,42905,42640,42675,61843
1755136800,42675,42740,42640,42740,21996
1755140400,42740,42740,42595,42650,29874
1755144000,42645,42720,42635,42640,24336
1755147600,42645,42740,42630,42700,29852
1755151200,42700,42715,42605,42630,37847
1755158400,42670,42710,42520,42540,22093
1755162000,42540,42645,42535,42630,9519
1755165600,42630,42690,42620,42665,7319
1755169200,42665,42740,42655,42735,7539
1755172800,42730,42750,42555,42630,26274
1755176400,42630,42815,42580,42800,25510
1755180000,42805,42890,42780,42820,20741
1755183600,42820,42835,42735,42795,12890
1755187200,42790,42815,42715,42795,7142
1755190800,42795,42830,42785,42820,3271
1755194400,42825,42830,42755,42805,3027
1755198000,42805,42870,42795,42835,4663
1755201600,42830,42830,42740,42790,5138
1755205200,42800,42800,42800,42800,664
1755212400,42770,42860,42755,42775,13600
1755216000,42780,42975,42725,42890,84295
1755219600,42890,42960,42820,42940,34529
1755223200,42945,43075,42940,43040,23517
1755226800,43040,43185,43020,43165,26296
1755230400,43160,43295,43160,43260,40173
1755234000,43260,43375,43255,43360,37688
1755237600,43360,43470,43270,43470,46522
1755244800,43440,43490,43315,43335,24807
1755248400,43335,43380,43310,43325,8947
1755252000,43325,43425,43305,43420,8635
1755255600,43420,43430,43365,43385,6002
1755259200,43385,43450,43345,43405,16309
1755262800,43405,43480,43240,43305,24368
1755266400,43300,43375,43250,43345,17396
1755270000,43345,43420,43300,43380,14272
1755273600,43380,43415,43350,43400,4831
1755277200,43400,43495,43385,43485,5688
1755280800,43485,43490,43430,43450,5347
1755284400,43450,43470,43415,43455,5772
1755288000,43460,43460,43385,43395,3929
1755291600,43370,43370,43370,43370,946
1755471600,43515,43545,43375,43455,17669
1755475200,43455,43710,43380,43540,104267
1755478800,43545,43710,43510,43665,39898
1755482400,43665,43800,43650,43780,25959
1755486000,43780,43840,43725,43805,23042
1755489600,43805,43805,43645,43745,29202
1755493200,43745,43810,43740,43765,21332
1755496800,43765,43770,43670,43720,27573
1755504000,43715,43720,43615,43690,16807
1755507600,43685,43745,43660,43730,10352
1755511200,43730,43800,43720,43790,10196
1755514800,43790,43810,43735,43785,9114
1755518400,43785,43830,43780,43820,11266
1755522000,43815,43935,43815,43855,21924
1755525600,43860,43925,43840,43915,14599
1755529200,43915,43920,43860,43870,7342
1755532800,43870,43885,43785,43800,7568
1755536400,43800,43830,43765,43770,7844
1755540000,43770,43815,43755,43810,6810
1755543600,43805,43845,43775,43805,6713
1755547200,43805,43805,43775,43795,2809
1755550800,43775,43775,43775,43775,746
1755558000,43775,43860,43765,43820,11391
1755561600,43820,43880,43485,43490,91653
1755565200,43495,43730,43415,43710,61798
1755568800,43705,43750,43620,43620,16984
1755572400,43620,43645,43525,43615,20671
1755576000,43615,43695,43595,43650,17291
1755579600,43650,43690,43590,43605,15974
1755583200,43605,43605,43515,43565,26681
1755590400,43605,43705,43585,43705,13195
1755594000,43700,43820,43685,43760,16577
1755597600,43765,43765,43660,43705,12173
1755601200,43700,43730,43675,43730,8626
1755604800,43725,43735,43670,43680,7599
1755608400,43680,43695,43540,43595,22122
1755612000,43600,43665,43460,43475,24918
1755615600,43475,43530,43440,43480,14470
1755619200,43480,43495,43345,43375,9741
1755622800,43370,43410,43310,43395,7433
1755626400,43390,43395,43340,43355,4893
1755630000,43355,43400,43330,43390,4727
1755633600,43385,43415,43355,43365,2078
1755637200,43365,43365,43365,43365,779
1755644400,43385,43410,43215,43225,18384
1755648000,43220,43230,42880,42940,109445
1755651600,42940,43035,42805,42830,56889
1755655200,42830,42890,42760,42865,27006
1755658800,42865,42875,42715,42740,32601
1755662400,42740,42900,42720,42880,32537
1755666000,42880,42915,42830,42915,26407
1755669600,42915,42950,42825,42920,38128
1755676800,42970,43005,42920,42990,20041
1755680400,42985,43000,42915,42925,7519
1755684000,42920,42935,42855,42915,9667
1755687600,42910,42935,42875,42900,7485
1755691200,42900,42930,42855,42890,8239
1755694800,42890,42920,42565,42590,32766
1755698400,42595,42725,42560,42605,38137
1755702000,42605,42785,42595,42680,19241
1755705600,42675,42800,42675,42735,8416
1755709200,42730,42790,42695,42745,8357
1755712800,42750,42780,42705,42750,5627
1755716400,42750,42875,42750,42830,6709
1755720000,42830,42845,42790,42840,2024
1755723600,42845,42845,42845,42845,761
1755730800,42775,42845,42735,42800,12606
1755734400,42790,42920,42640,42650,76087
1755738000,42650,42760,42590,42745,39136
1755741600,42740,42750,42625,42655,15379
1755745200,42655,42690,42605,42605,16369
1755748800,42605,42655,42585,42620,17842
1755752400,42615,42635,42555,42630,22729
1755756000,42625,42670,42610,42615,24330
1755763200,42630,42685,42570,42570,14442
1755766800,42570,42615,42505,42565,14400
1755770400,42560,42640,42530,42640,7901
1755774000,42635,42655,42575,42595,8440
1755777600,42590,42595,42520,42575,10010
1755781200,42570,42645,42525,42590,24143
1755784800,42590,42750,42555,42700,24108
1755788400,42695,42730,42605,42630,17366
1755792000,42630,42640,42575,42590,7045
1755795600,42585,42675,42520,42640,10158
1755799200,42640,42680,42615,42665,3629
1755802800,42665,42680,42625,42650,3711
1755806400,42655,42665,42620,42665,1223
1755810000,42650,42650,42650,42650,717
1755817200,42615,42705,42590,42650,11286
1755820800,42655,42725,42315,42625,96536
1755824400,42625,42680,42525,42615,30770
1755828000,42615,42705,42570,42570,17871
1755831600,42570,42600,42530,42540,14944
1755835200,42540,42575,42515,42560,15954
1755838800,42560,42615,42540,42600,16913
1755842400,42600,42630,42550,42575,21961
1755849600,42670,42740,42665,42740,16893
1755853200,42740,42765,42700,42765,9400
1755856800,42765,42775,42675,42730,10611
1755860400,42735,42755,42680,42695,6864
1755864000,42690,42715,42670,42700,6326
1755867600,42700,42800,42680,42740,17836
1755871200,42745,43110,42745,42990,85919
1755874800,42990,43015,42845,42850,27899
1755878400,42855,42915,42845,42865,9456
1755882000,42865,42945,42855,42925,9349
1755885600,42925,42980,42915,42955,5180
1755889200,42955,42975,42920,42965,4993
1755892800,42965,43020,42960,42990,3920
1755896400,42925,42925,42925,42925,1212
1756076400,43140,43170,42960,43075,30221
1756080000,43075,43200,42850,42870,97292
1756083600,42875,42930,42790,42915,37986
1756087200,42915,42945,42810,42820,25849
1756090800,42825,42830,42665,42720,33825
1756094400,42720,42780,42710,42750,20466
1756098000,42750,42820,42715,42805,22212
1756101600,42805,42820,42740,42770,26555
1756108800,42730,42750,42635,42640,14137
1756112400,42635,42650,42600,42645,10843
1756116000,42650,42665,42595,42635,7236
1756119600,42635,42655,42620,42630,4317
1756123200,42630,42655,42580,42645,9014
1756126800,42645,42715,42630,42665,17978
1756130400,42670,42695,42595,42625,11091
1756134000,42625,42665,42600,42630,8638
1756137600,42635,42640,42585,42585,4036
1756141200,42585,42605,42545,42595,5186
1756144800,42595,42610,42565,42580,2986
1756148400,42585,42595,42525,42530,5338
1756152000,42525,42565,42510,42515,2166
1756155600,42515,42515,42515,42515,725
1756162800,42650,42680,42615,42640,12837
1756166400,42635,42700,42115,42285,123388
1756170000,42285,42395,42245,42315,40068
1756173600,42315,42370,42280,42290,13392
1756177200,42290,42415,42250,42410,27483
1756180800,42410,42460,42360,42385,21670
1756184400,42385,42440,42375,42415,22233
1756188000,42410,42450,42255,42300,36833
1756195200,42235,42270,42160,42220,24323
1756198800,42220,42280,42205,42270,9150
1756202400,42275,42345,42260,42320,8823
1756206000,42320,42325,42255,42275,6661
1756209600,42280,42365,42230,42350,10989
1756213200,42350,42420,42325,42405,16904
1756216800,42405,42490,42405,42430,14355
1756220400,42435,42435,42330,42380,10767
1756224000,42385,42390,42350,42375,3205
1756227600,42380,42385,42345,42365,3939
1756231200,42365,42450,42365,42410,5480
1756234800,42405,42505,42400,42485,7198
1756238400,42485,42530,42480,42520,3704
1756242000,42505,42505,42505,42505,997
1756249200,42510,42530,42440,42470,11582
1756252800,42470,42495,42250,42350,68871
1756256400,42350,42425,42310,42410,31649
1756260000,42410,42555,42385,42510,21874
1756263600,42510,42615,42500,42555,21775
1756267200,42560,42570,42465,42490,21089
1756270800,42490,42500,42390,42445,22815
1756274400,42445,42560,42445,42500,30288
1756281600,42470,42470,42330,42380,17789
1756285200,42375,42420,42370,42420,7242
1756288800,42420,42450,42400,42415,5073
1756292400,42420,42440,42390,42415,5880
1756296000,42415,42475,42385,42410,10113
1756299600,42410,42430,42350,42415,16207
1756303200,42415,42495,42405,42445,13952
1756306800,42445,42490,42430,42475,10003
1756310400,42480,42485,42415,42470,6798
1756314000,42470,42495,42445,42495,3091
1756317600,42495,42555,42495,42520,4280
1756321200,42525,42575,42485,42555,4287
1756324800,42555,42595,42355,42485,11016
1756328400,42465,42465,42465,42465,1062
1756335600,42385,42425,42335,42345,18150
1756339200,42350,42720,42275,42645,117725
1756342800,42640,42710,42560,42690,33143
1756346400,42690,42755,42670,42710,15259
1756350000,42715,42830,42710,42810,24621
1756353600,42810,42810,42705,42795,19461
1756357200,42790,42830,42765,42815,17926
1756360800,42815,42930,42795,42930,32891
1756368000,42985,43045,42915,42925,21817
1756371600,42930,42960,42825,42850,13952
1756375200,42845,42860,42760,42785,11046
1756378800,42785,42800,42725,42780,11607
1756382400,42775,42860,42750,42835,13634
1756386000,42835,42925,42800,42840,22388
1756389600,42845,42960,42820,42945,18542
1756393200,42945,43010,42905,42935,13235
1756396800,42935,42990,42910,42915,7389
1756400400,42915,42940,42875,42935,5602
1756404000,42940,42965,42935,42935,2962
1756407600,42935,42950,42915,42915,3882
1756411200,42915,42930,42890,42910,2608
1756414800,42910,42910,42910,42910,746
1756422000,42910,42920,42765,42790,16450
1756425600,42795,42820,42620,42680,83540
1756429200,42680,42715,42645,42715,27052
1756432800,42710,42740,42630,42700,19116
1756436400,42700,42800,42700,42740,20421
1756440000,42735,42780,42665,42675,18778
1756443600,42680,42755,42660,42750,18509
1756447200,42745,42810,42665,42690,40482
1756454400,42660,42660,42350,42350,36096
1756458000,42350,42440,42345,42435,14792
1756461600,42435,42440,42390,42405,7905
1756465200,42400,42440,42390,42405,7988
1756468800,42405,42485,42390,42420,13748
1756472400,42415,42430,42140,42175,33955
1756476000,42175,42225,42025,42115,40516
1756479600,42110,42225,42085,42120,25708
1756483200,42120,42195,42115,42150,10223
1756486800,42145,42150,42080,42135,8090
1756490400,42130,42135,42075,42100,5063
1756494000,42095,42145,42065,42095,8892
1756497600,42095,42115,42080,42095,2597
1756501200,42110,42110,42110,42110,1209
1756681200,42250,42325,42215,42320,17646
1756684800,42320,42465,42210,42345,82196
1756688400,42350,42355,41870,41940,76761
1756692000,41940,41960,41800,41805,35026
1756695600,41805,41985,41775,41980,38454
1756699200,41980,42065,41940,42040,28527
1756702800,42040,42155,42020,42145,29060
1756706400,42150,42250,42105,42250,37825
1756713600,42265,42360,42265,42330,21088
1756717200,42325,42350,42280,42345,8966
1756720800,42345,42355,42310,42350,6842
1756724400,42350,42390,42320,42355,9355
1756728000,42355,42410,42355,42395,9209
1756731600,42395,42400,42285,42370,10447
1756735200,42370,42400,42365,42400,4235
1756738800,42395,42395,42365,42370,3018
1756742400,42375,42375,42335,42340,2300
1756746000,42345,42355,42335,42350,686
1756749600,42345,42360,42345,42360,296
1756753200,42360,42365,42355,42365,483
1756756800,42365,42380,42355,42375,678
1756760400,42400,42400,42400,42400,927
1756767600,42375,42405,42295,42330,10748
1756771200,42325,42420,42245,42390,67861
1756774800,42385,42490,42285,42285,47123
1756778400,42290,42305,42220,42280,23785
1756782000,42285,42430,42245,42390,20933
1756785600,42390,42400,42230,42230,24779
1756789200,42230,42270,42090,42225,40604
1756792800,42220,42355,42215,42350,26730
1756800000,42150,42160,42045,42125,32004
1756803600,42125,42150,42080,42105,9108
1756807200,42100,42130,41965,41980,17180
1756810800,41985,42000,41915,41915,17164
1756814400,41915,41915,41685,41810,32098
1756818000,41810,42070,41745,42035,40307
1756821600,42040,42105,41955,41975,33051
1756825200,41975,41995,41810,41835,16968
1756828800,41835,41935,41835,41925,8826
1756832400,41930,42055,41900,42020,7904
1756836000,42015,42045,41950,42010,4984
1756839600,42010,42110,42010,42085,8787
1756843200,42080,42175,42075,42165,5551
1756846800,42185,42185,42185,42185,906
1756854000,42115,42140,42045,42080,13643
1756857600,42080,42255,42030,42225,64558
1756861200,42225,42300,42100,42280,42518
1756864800,42280,42295,42145,42155,14654
1756868400,42150,42190,41990,42010,33778
1756872000,42015,42080,41890,41930,38134
1756875600,41925,41965,41870,41930,31216
1756879200,41930,42030,41875,42015,33887
1756886400,42055,42170,42055,42145,21620
1756890000,42145,42185,42100,42170,13944
1756893600,42165,42175,42135,42150,7993
1756897200,42155,42210,42150,42165,9880
1756900800,42170,42220,42115,42125,13243
1756904400,42130,42220,42120,42135,20325
1756908000,42140,42180,42070,42130,24247
1756911600,42125,42130,42015,42035,12896
1756915200,42030,42075,41995,42015,7485
1756918800,42010,42060,41950,41960,5453
1756922400,41960,41975,41920,41940,4784
1756926000,41940,42125,41930,42120,7746
1756929600,42115,42140,42105,42125,2562
1756933200,42110,42110,42110,42110,647
1756940400,42085,42105,42050,42060,10141
1756944000,42060,42490,42020,42455,101482
1756947600,42455,42485,42280,42330,39367
1756951200,42325,42545,42325,42500,29514
1756954800,42500,42535,42410,42445,20834
1756958400,42450,42605,42445,42575,25809
1756962000,42580,42620,42550,42555,26121
1756965600,42550,42640,42530,42630,35925
1756972800,42625,42675,42560,42575,21204
1756976400,42575,42590,42510,42545,8309
1756980000,42550,42630,42530,42535,10648
1756983600,42535,42570,42495,42520,6395
1756987200,42520,42570,42495,42535,11514
1756990800,42530,42635,42505,42615,17780
1756994400,42620,42805,42565,42800,30154
1756998000,42800,42880,42795,42855,22181
1757001600,42855,42870,42825,42835,6376
1757005200,42840,42880,42835,42855,3428
1757008800,42860,42865,42840,42860,2701
1757012400,42860,42895,42830,42880,5021
1757016000,42885,42920,42855,42910,3601
1757019600,42925,42925,42925,42925,987
1757026800,42945,43030,42935,43020,18425
1757030400,43025,43235,42920,42945,109363
1757034000,42945,42985,42875,42955,32089
1757037600,42960,42965,42855,42935,18854
1757041200,42935,43020,42885,42915,22338
1757044800,42915,42925,42785,42830,24868
1757048400,42830,43000,42830,42995,24158
1757052000,42995,43075,42965,43070,33738
1757059200,43045,43105,43000,43040,17671
1757062800,43040,43105,42995,43095,10849
1757066400,43095,43105,43065,43090,6212
1757070000,43085,43150,43085,43095,8767
1757073600,43095,43175,42860,43125,36559
1757077200,43125,43210,43085,43195,31273
1757080800,43195,43195,42610,42625,76393
1757084400,42625,42815,42585,42740,37948
1757088000,42745,42860,42740,42850,16550
1757091600,42850,42855,42755,42785,9196
1757095200,42785,42880,42775,42865,6123
1757098800,42860,42920,42845,42910,6710
1757102400,42910,42935,42890,42905,2325
1757106000,42890,42890,42890,42890,946
1757286000,43705,43775,43500,43515,31886
1757289600,43515,43855,43335,43810,122789
1757293200,43805,43845,43670,43805,43806
1757296800,43805,43810,43570,43630,31428
1757300400,43630,43685,43625,43635,19053
1757304000,43635,43675,43555,43665,22244
1757307600,43665,43710,43580,43625,23874
1757311200,43625,43720,43620,43655,41009
1757318400,43605,43705,43535,43695,23492
1757322000,43700,43835,43680,43835,13238
1757325600,43830,43870,43800,43820,12447
1757329200,43820,43830,43790,43795,7144
1757332800,43795,43820,43755,43810,6981
1757336400,43805,43880,43800,43845,16993
1757340000,43840,44010,43780,43965,28793
1757343600,43970,44030,43955,44025,14989
1757347200,44025,44040,43965,44010,7267
1757350800,44010,44015,43940,43950,6902
1757354400,43950,44010,43930,43965,3958
1757358000,43965,43995,43895,43975,9538
1757361600,43980,43985,43940,43945,2124
1757365200,43950,43950,43950,43950,1084
1757372400,43900,43940,43865,43865,17828
1757376000,43865,44195,43820,44135,94885
1757379600,44130,44140,43725,43755,67517
1757383200,43755,43805,43675,43740,24114
1757386800,43740,43760,43630,43720,28692
1757390400,43720,43720,43645,43670,18173
1757394000,43665,43665,43450,43545,48330
1757397600,43545,43570,43435,43550,36326
1757404800,43575,43605,43260,43295,43358
1757408400,43290,43330,43225,43235,14073
1757412000,43235,43300,43220,43240,8716
1757415600,43240,43280,43190,43215,8313
1757419200,43215,43315,43215,43240,9340
1757422800,43235,43250,43125,43150,21972
1757426400,43155,43255,43070,43180,29222
1757430000,43180,43275,43180,43225,11911
1757433600,43230,43345,43220,43340,5929
1757437200,43340,43465,43340,43450,8906
1757440800,43455,43515,43445,43475,7500
1757444400,43470,43515,43450,43485,3538
1757448000,43485,43615,43480,43600,4187
1757451600,43580,43580,43580,43580,702
1757458800,43470,43555,43460,43500,14762
1757462400,43500,43730,43475,43655,67381
1757466000,43655,43710,43535,43605,30169
1757469600,43600,43710,43575,43680,14967
1757473200,43680,43785,43680,43780,17505
1757476800,43780,43795,43720,43765,12272
1757480400,43805,43845,43760,43805,15308
1757484000,43790,43880,43745,43880,23723
1757491200,43880,43930,43690,43715,19979
1757494800,43715,43840,43690,43825,11576
1757498400,43820,43850,43785,43800,5434
1757502000,43805,43870,43770,43830,7874
1757505600,43825,43960,43770,43940,15570
1757509200,43940,44010,43855,43935,20932
1757512800,43940,43990,43925,43940,12637
1757516400,43945,44020,43920,44000,9510
1757520000,44000,44005,43890,43935,4427
1757523600,43935,43950,43850,43905,3788
1757527200,43905,43935,43865,43915,2776
1757530800,43915,43930,43815,43895,3747
1757534400,43900,43935,43860,43900,2310
1757538000,43875,43875,43875,43875,762
1757545200,43980,43990,43870,43935,7652
1757548800,43925,44235,43860,44225,29546
1757552400,44230,44255,44060,44245,16678
1757556000,44240,44320,44210,44290,6171
1757559600,44285,44395,44275,44365,5799
1757563200,44380,44395,44095,44115,10664
1757566800,44110,44295,44005,44295,13819
1757570400,44295,44470,44290,44430,12941
1757577600,44270,44385,44265,44310,26766
1757581200,44310,44360,44300,44340,11345
1757584800,44340,44395,44330,44355,9600
1757588400,44360,44390,44315,44330,9450
1757592000,44330,44455,44265,44455,27651
1757595600,44450,44560,44365,44535,30042
1757599200,44535,44540,44440,44520,22058
1757602800,44520,44575,44505,44550,11400
1757606400,44545,44555,44470,44495,6456
1757610000,44495,44535,44470,44535,6428
1757613600,44535,44550,44490,44535,4642
1757617200,44535,44535,44495,44500,5235
1757620800,44500,44565,44480,44555,3439
1757624400,44520,44520,44520,44520,1215
1757631600,44570,44650,44515,44625,25866
1757635200,44620,44725,44370,44370,122181
1757638800,44375,44440,44315,44410,38346
1757642400,44405,44515,44350,44500,21966
1757646000,44505,44540,44455,44520,19804
1757649600,44515,44630,44510,44545,33039
1757653200,44540,44605,44525,44570,25756
1757656800,44570,44575,44480,44480,32996
1757664000,44425,44485,44330,44485,23699
1757667600,44485,44580,44470,44545,14677
1757671200,44545,44555,44475,44500,8466
1757674800,44495,44500,44415,44460,10509
1757678400,44455,44465,44370,44395,11954
1757682000,44395,44475,44390,44440,15766
1757685600,44435,44435,44385,44415,13023
1757689200,44415,44430,44375,44415,10132
1757692800,44415,44490,44390,44475,8076
1757696400,44470,44480,44445,44475,3047
1757700000,44475,44550,44460,44530,5951
1757703600,44535,44535,44410,44420,7488
1757707200,44415,44465,44400,44430,3073
1757710800,44435,44435,44435,44435,653
1757977200,44640,44705,44630,44695,16760
1757980800,44700,44805,44415,44425,108515
1757984400,44425,44710,44375,44685,65246
1757988000,44685,44740,44640,44730,27920
1757991600,44735,44825,44630,44665,40825
1757995200,44665,44795,44625,44780,29631
1757998800,44785,44800,44720,44755,23620
1758002400,44755,44785,44585,44640,47447
1758009600,44590,44675,44555,44650,19511
1758013200,44650,44690,44600,44610,11239
1758016800,44610,44640,44595,44615,8206
1758020400,44615,44660,44615,44640,11217
1758024000,44640,44680,44615,44650,13919
1758027600,44645,44655,44485,44525,26355
1758031200,44520,44565,44470,44485,14631
1758034800,44480,44485,44425,44465,11987
1758038400,44465,44490,44455,44465,9993
1758042000,44465,44490,44460,44485,10174
1758045600,44485,44500,44465,44490,8362
1758049200,44490,44525,44465,44505,12438
1758052800,44505,44525,44490,44510,3922
1758056400,44540,44540,44540,44540,903
1758063600,44495,44580,44455,44540,17401
1758067200,44540,44590,44365,44535,91700
1758070800,44535,44795,44535,44735,51286
1758074400,44740,44790,44705,44755,22295
1758078000,44755,44780,44665,44765,21715
1758081600,44760,44760,44565,44600,38289
1758085200,44605,44625,44485,44575,35611
1758088800,44570,44635,44560,44610,27013
1758096000,44650,44675,44470,44550,18393
1758099600,44550,44560,44515,44545,5686
1758103200,44540,44550,44465,44485,8164
1758106800,44480,44535,44465,44525,7520
1758110400,44525,44580,44515,44575,5763
1758114000,44575,44655,44545,44640,14222
1758117600,44645,44660,44550,44570,12180
1758121200,44575,44605,44520,44575,7689
1758124800,44575,44575,44490,44510,4541
1758128400,44515,44565,44505,44540,3711
1758132000,44540,44630,44345,44575,47462
1758135600,44575,44715,44545,44595,23065
1758139200,44600,44680,44590,44650,3523
1758142800,44640,44640,44640,44640,619
1758150000,44750,44795,44715,44715,14489
1758153600,44720,44815,44575,44715,96785
1758157200,44715,44970,44705,44945,57921
1758160800,44945,45125,44940,45095,36017
1758164400,45095,45195,45070,45140,42596
1758168000,45140,45210,45115,45205,32710
1758171600,45200,45280,45080,45130,47298
1758175200,45135,45210,45050,45210,50971
1758182400,45250,45475,45215,45470,37446
1758186000,45470,45485,45390,45435,13429
1758189600,45435,45500,45430,45475,10595
1758193200,45475,45605,45470,45545,20653
1758196800,45545,45580,45500,45505,13076
1758200400,45505,45560,45435,45535,29021
1758204000,45535,45710,45535,45640,26592
1758207600,45645,45710,45605,45645,13117
1758211200,45640,45710,45640,45690,4868
1758214800,45690,45690,45580,45590,6734
1758218400,45590,45635,45580,45625,4093
1758222000,45625,45630,45525,45570,7311
1758225600,45575,45615,45565,45595,3027
1758229200,45635,45635,45635,45635,1196
1758236400,45625,45670,45555,45555,16604
1758240000,45555,45640,45345,45395,86720
1758243600,45395,45570,45370,45405,48070
1758247200,45400,45485,45365,45435,18122
1758250800,45430,45465,45045,45130,89437
1758254400,45130,45185,44240,44815,217717
1758258000,44810,44975,44700,44780,82822
1758261600,44775,44835,44695,44725,50512
1758268800,44840,45060,44825,45030,29213
1758272400,45030,45100,44980,45025,16028
1758276000,45030,45050,44980,45020,8600
1758279600,45015,45050,44995,45040,4779
1758283200,45040,45085,45025,45065,7311
1758286800,45060,45105,44840,45005,25020
1758290400,45005,45075,44945,44995,19605
1758294000,44995,45030,44900,44980,12814
1758297600,44975,45035,44975,45020,5179
1758301200,45020,45060,45010,45035,2955
1758304800,45030,45035,44990,45020,3070
1758308400,45025,45055,45000,45000,6969
1758312000,45000,45055,44995,45045,2185
1758315600,45055,45055,45055,45055,1111
1758495600,45070,45095,44990,45005,14956
1758499200,45005,45460,44980,45295,114127
1758502800,45295,45470,45255,45415,47985
1758506400,45415,45515,45400,45450,26526
1758510000,45450,45510,45390,45500,34752
1758513600,45500,45535,45350,45370,36512
1758517200,45375,45390,45290,45305,34137
1758520800,45305,45315,45240,45315,38763
1758528000,45240,45240,45170,45185,16085
1758531600,45185,45260,45120,45240,14441
1758535200,45240,45270,45170,45180,9999
1758538800,45180,45235,45145,45230,14554
1758542400,45230,45285,45220,45255,6847
1758546000,45250,45365,45220,45365,17058
1758549600,45360,45360,45270,45340,15965
1758553200,45335,45345,45270,45280,14071
1758556800,45275,45480,45275,45460,19778
1758560400,45460,45480,45430,45435,4683
1758564000,45435,45500,45420,45490,5956
1758567600,45490,45490,45460,45465,4419
1758571200,45460,45490,45440,45475,2695
1758574800,45500,45500,45500,45500,878
1758582000,45500,45530,45485,45490,5089
1758585600,45485,45495,45395,45440,12020
1758589200,45435,45490,45425,45475,6433
1758592800,45480,45625,45470,45620,11438
1758596400,45615,45655,45530,45530,9263
1758600000,45530,45580,45450,45515,10655
1758603600,45515,45605,45485,45575,8874
1758607200,45575,45590,45530,45550,7032
1758614400,45530,45615,45520,45570,9775
1758618000,45570,45585,45550,45565,4761
1758621600,45565,45575,45510,45545,4817
1758625200,45550,45560,45500,45525,4972
1758628800,45520,45545,45485,45505,4736
1758632400,45505,45580,45470,45540,11386
1758636000,45540,45570,45500,45525,8505
1758639600,45520,45525,45445,45445,9039
1758643200,45450,45470,45415,45435,9900
1758646800,45435,45435,45255,45305,15124
1758650400,45305,45320,45260,45295,5768
1758654000,45295,45330,45260,45310,7251
1758657600,45310,45330,45285,45325,2256
1758661200,45330,45330,45330,45330,588
1758668400,45360,45375,45215,45240,16132
1758672000,45245,45255,45035,45175,80937
1758675600,45170,45225,44970,45055,48021
1758679200,45060,45110,45010,45085,15449
1758682800,45085,45250,45070,45230,23630
1758686400,45230,45295,45190,45270,19706
1758690000,45275,45340,45225,45295,21206
1758693600,45295,45440,45285,45420,33804
1758700800,45470,45485,45430,45460,11071
1758704400,45460,45520,45450,45475,7766
1758708000,45480,45485,45415,45475,7370
1758711600,45475,45495,45435,45470,5447
1758715200,45470,45525,45450,45520,7163
1758718800,45520,45600,45450,45545,23786
1758722400,45540,45560,45490,45495,13712
1758726000,45495,45520,45325,45335,12921
1758729600,45330,45410,45265,45380,15845
1758733200,45380,45475,45375,45395,6103
1758736800,45390,45445,45350,45440,4013
1758740400,45440,45445,45315,45370,10044
1758744000,45370,45435,45370,45425,2941
1758747600,45415,45415,45415,45415,612
1758754800,45370,45405,45365,45385,8980
1758758400,45385,45510,45260,45325,85780
1758762000,45330,45565,45265,45560,46171
1758765600,45555,45580,45410,45475,25710
1758769200,45480,45505,45410,45485,20055
1758772800,45485,45550,45375,45420,30444
1758776400,45420,45525,45390,45505,27541
1758780000,45505,45545,45455,45455,26429
1758787200,45455,45465,45390,45405,12480
1758790800,45410,45435,45365,45390,12383
1758794400,45395,45400,45335,45355,8407
1758798000,45350,45350,45140,45160,22096
1758801600,45160,45190,45070,45115,23037
1758805200,45120,45205,45015,45150,33432
1758808800,45155,45355,45140,45330,28932
1758812400,45335,45415,45230,45385,27831
1758816000,45385,45390,45320,45350,8124
1758819600,45350,45375,45250,45250,12694
1758823200,45260,45355,45140,45330,12077
1758826800,45330,45390,45285,45370,6751
1758830400,45370,45390,45335,45365,2670
1758834000,45370,45370,45370,45370,872
1758841200,45370,45385,45325,45380,15481
1758844800,45380,45445,45185,45380,103687
1758848400,45380,45515,45310,45475,42127
1758852000,45480,45490,45365,45410,27653
1758855600,45410,45425,45190,45260,44549
1758859200,45260,45360,45150,45215,59309
1758862800,45220,45295,45155,45205,41308
1758866400,45200,45285,45050,45050,68101
1758873600,45130,45155,45030,45030,20517
1758877200,45030,45095,44980,45015,12919
1758880800,45020,45030,44925,44950,12416
1758884400,44950,45055,44945,45035,12157
1758888000,45035,45170,45015,45150,23350
1758891600,45150,45215,45095,45200,24472
1758895200,45200,45215,44935,44980,34675
1758898800,44980,45085,44950,45020,16579
1758902400,45020,45170,45015,45165,11661
1758906000,45160,45160,45060,45100,5853
1758909600,45095,45145,45080,45125,4166
1758913200,45125,45150,45105,45130,4313
1758916800,45130,45225,45120,45220,5433
1758920400,45210,45210,45210,45210,850
1759100400,45220,45250,45180,45215,12945
1759104000,45220,45245,44980,44985,95672
1759107600,44990,45085,44925,45060,48876
1759111200,45060,45065,44930,44985,23930
1759114800,44985,45115,44960,45080,28202
1759118400,45080,45135,45040,45080,21283
1759122000,45080,45085,44955,44965,27119
1759125600,44960,45135,44940,45130,48359
1759132800,45080,45215,45075,45210,18496
1759136400,45205,45205,45100,45100,9160
1759140000,45100,45175,45085,45155,7265
1759143600,45160,45165,45115,45160,6223
1759147200,45160,45215,45140,45185,8497
1759150800,45180,45275,45160,45240,19323
1759154400,45240,45275,45215,45230,13181
1759158000,45235,45235,45040,45085,17192
1759161600,45085,45130,45055,45070,5916
1759165200,45070,45100,45040,45095,4006
1759168800,45095,45155,45090,45145,3148
1759172400,45145,45180,45060,45170,6189
1759176000,45175,45180,45110,45110,3277
1759179600,45130,45130,45130,45130,659
1759186800,45125,45155,45075,45115,12119
1759190400,45115,45135,44930,44970,88266
1759194000,44965,45060,44785,45040,74907
1759197600,45040,45075,45010,45055,23338
1759201200,45055,45175,45015,45140,28575
1759204800,45135,45185,45095,45110,21017
1759208400,45105,45160,45060,45070,24675
1759212000,45070,45070,44910,44930,55342
1759219200,44835,44850,44620,44735,40395
1759222800,44735,44745,44675,44730,11819
1759226400,44730,44750,44700,44735,8345
1759230000,44730,44760,44720,44730,7423
1759233600,44730,44745,44680,44725,14415
1759237200,44725,44735,44625,44695,22580
1759240800,44695,44730,44620,44700,21768
1759244400,44695,44805,44690,44785,17968
1759248000,44790,44865,44755,44780,13559
1759251600,44780,44790,44700,44735,8489
1759255200,44735,44810,44715,44800,4284
1759258800,44805,44880,44790,44845,6331
1759262400,44845,44855,44810,44835,3010
1759266000,44880,44880,44880,44880,735
1759273200,44835,44870,44775,44840,12871
1759276800,44845,44940,44515,44730,119222
1759280400,44725,44785,44450,44455,60293
1759284000,44450,44530,44415,44470,34686
1759287600,44475,44550,44420,44520,34891
1759291200,44520,44645,44520,44560,39666
1759294800,44560,44680,44515,44635,33390
1759298400,44630,44700,44540,44540,43317
1759305600,44415,44565,44370,44565,27731
1759309200,44560,44670,44555,44635,15327
1759312800,44635,44690,44590,44605,10493
1759316400,44605,44735,44605,44725,9464
1759320000,44720,44740,44640,44695,15786
1759323600,44695,44835,44685,44765,24293
1759327200,44765,44865,44740,44750,21832
1759330800,44750,44805,44730,44745,12700
1759334400,44750,44835,44745,44770,7235
1759338000,44765,44805,44760,44800,5149
1759341600,44800,44865,44790,44835,8939
1759345200,44835,44865,44820,44830,7927
1759348800,44825,44835,44795,44825,3933
1759352400,44850,44850,44850,44850,1167
1759359600,44855,44950,44850,44950,15666
1759363200,44950,45195,44770,44805,130532
1759366800,44805,44910,44725,44890,47358
1759370400,44890,44895,44730,44815,28211
1759374000,44815,44965,44775,44965,31379
1759377600,44960,45080,44915,45060,38475
1759381200,45060,45160,45030,45100,39154
1759384800,45100,45105,44990,45070,36594
1759392000,45025,45085,44985,45020,16749
1759395600,45020,45020,44930,44975,15519
1759399200,44975,45070,44970,45065,9910
1759402800,45065,45145,45060,45120,11163
1759406400,45120,45220,45090,45185,16821
1759410000,45185,45230,45120,45150,22807
1759413600,45145,45165,44955,44960,28533
1759417200,44960,45090,44950,45085,18815
1759420800,45080,45090,45030,45080,5674
1759424400,45075,45075,45020,45045,6709
1759428000,45045,45130,45045,45095,3825
1759431600,45100,45125,45070,45095,5869
1759435200,45095,45110,45055,45070,5823
1759438800,45050,45050,45050,45050,1049
1759446000,45030,45155,45030,45150,11194
1759449600,45155,45650,45120,45620,114314
1759453200,45625,45810,45580,45675,68880
1759456800,45675,45760,45610,45635,25757
1759460400,45630,45720,45625,45685,23093
1759464000,45685,45770,45640,45660,26404
1759467600,45660,45825,45660,45790,33410
1759471200,45790,45960,45765,45940,52461
1759478400,45990,46075,45940,46025,25900
1759482000,46030,46165,46015,46145,16289
1759485600,46150,46155,46055,46060,9015
1759489200,46060,46080,45970,46010,12923
1759492800,46005,46010,45945,45960,9544
1759496400,45960,46130,45955,46070,20793
1759500000,46070,46220,46005,46165,30222
1759503600,46165,46195,46080,46175,15968
1759507200,46175,46200,46155,46165,4582
1759510800,46160,46160,45905,45975,13597
1759514400,45980,46085,45925,46060,8214
1759518000,46060,46075,46005,46020,6445
1759521600,46025,46090,46015,46080,2554
1759525200,46085,46085,46085,46085,1004
1759705200,48145,48305,47640,47645,54476
1759708800,47645,47845,47340,47690,154982
1759712400,47690,47955,47615,47795,69225
1759716000,47790,48020,47775,47900,32327
1759719600,47900,48045,47840,47870,45246
1759723200,47875,48010,47650,48005,62249
1759726800,48010,48220,47965,48105,52510
1759730400,48110,48195,48015,48190,59943
1759737600,48125,48350,48085,48210,44451
1759741200,48215,48375,48145,48355,20413
1759744800,48355,48370,48245,48350,12326
1759748400,48350,48530,48290,48510,20804
1759752000,48510,48525,48310,48390,33003
1759755600,48390,48560,48385,48435,29469
1759759200,48435,48620,48345,48600,27920
1759762800,48600,48720,48585,48660,18059
1759766400,48655,48700,48620,48690,5916
1759770000,48690,48725,48615,48665,6700
1759773600,48660,48690,48620,48680,3244
1759777200,48680,48700,48580,48580,6244
1759780800,48580,48625,48535,48575,3638
1759784400,48595,48595,48595,48595,712
1759791600,48510,48540,48385,48415,18676
1759795200,48415,48590,48090,48315,116590
1759798800,48320,48460,48230,48300,49473
1759802400,48300,48435,48230,48420,27372
1759806000,48425,48460,48275,48370,30778
1759809600,48370,48385,48185,48305,32686
1759813200,48300,48315,48020,48065,50745
1759816800,48060,48120,47940,47940,46051
1759824000,48020,48110,47885,48080,30712
1759827600,48075,48125,48070,48120,9721
1759831200,48120,48130,48070,48070,7635
1759834800,48070,48115,48030,48110,10477
1759838400,48110,48200,48100,48185,14868
1759842000,48180,48240,48155,48220,20201
1759845600,48215,48235,48085,48135,18430
1759849200,48135,48165,47830,47895,41454
1759852800,47895,48010,47855,47945,14149
1759856400,47945,48015,47935,47940,6706
1759860000,47945,48045,47910,48030,5300
1759863600,48030,48040,47965,48015,5639
1759867200,48015,48050,48005,48045,2257
1759870800,48070,48070,48070,48070,722
1759878000,47990,48025,47940,47940,12909
1759881600,47940,48240,47930,48125,90145
1759885200,48125,48165,47965,47980,44125
1759888800,47980,48110,47955,48030,20876
1759892400,48030,48105,47965,48025,19520
1759896000,48030,48035,47840,47865,25488
1759899600,47870,47920,47825,47905,28728
1759903200,47900,47940,47760,47760,39090
1759910400,48005,48035,47890,47975,20453
1759914000,47980,48085,47980,48015,14138
1759917600,48015,48070,47955,48040,12545
1759921200,48035,48055,47925,47970,11595
1759924800,47970,47970,47900,47925,11255
1759928400,47930,48025,47875,48005,18104
1759932000,48005,48080,48005,48030,15187
1759935600,48035,48110,48035,48050,8838
1759939200,48055,48130,48035,48080,5178
1759942800,48080,48100,48060,48085,2716
1759946400,48085,48130,48030,48040,4182
1759950000,48040,48145,48020,48125,6408
1759953600,48130,48230,48115,48210,5267
1759957200,48170,48170,48170,48170,906
1759964400,48160,48210,48105,48205,14748
1759968000,48200,48475,48090,48465,93918
1759971600,48465,48535,48315,48485,66776
1759975200,48490,48515,48335,48425,26132
1759978800,48430,48495,48365,48395,24686
1759982400,48400,48525,48395,48460,29801
1759986000,48465,48600,48445,48555,33335
1759989600,48560,48805,48550,48795,65834
1759996800,48760,48770,48530,48545,29525
1760000400,48550,48695,48440,48635,20784
1760004000,48635,48685,48625,48665,6435
1760007600,48660,48785,48655,48760,11348
1760011200,48765,48945,48760,48890,23970
1760014800,48890,48940,48750,48780,35786
1760018400,48780,48850,48685,48765,22595
1760022000,48765,48790,48615,48765,12145
1760025600,48765,48775,48575,48590,7791
1760029200,48585,48605,48480,48595,13393
1760032800,48595,48615,48505,48595,6986
1760036400,48600,48675,48585,48675,5404
1760040000,48670,48685,48550,48565,3871
1760043600,48540,48540,48540,48540,753
1760050800,48545,48690,48540,48665,25944
1760054400,48665,48780,48265,48425,116437
1760058000,48425,48435,48225,48290,49369
1760061600,48290,48290,48135,48175,26250
1760065200,48175,48185,48060,48145,30772
1760068800,48145,48220,48020,48040,34627
1760072400,48040,48240,48020,48225,36788
1760076000,48220,48265,47525,47620,73088
1760083200,47450,47900,47385,47795,50807
1760086800,47790,47810,47440,47450,33460
1760090400,47450,47570,47390,47530,20222
1760094000,47530,47640,47525,47600,16819
1760097600,47600,47710,47580,47645,11266
1760101200,47645,47755,47580,47610,17980
1760104800,47605,47625,47320,47380,32151
1760108400,47380,47385,46505,46725,115291
1760112000,46720,46755,46415,46425,36487
1760115600,46420,46485,46260,46355,28149
1760119200,46350,46390,46090,46125,16055
1760122800,46125,46240,45870,45980,26145
1760126400,45980,45990,45125,45245,17773
1760130000,45240,45240,45240,45240,1399
1760310000,46560,46700,46415,46590,26154
1760313600,46590,46665,46360,46485,45889
1760317200,46485,46730,46405,46710,26612
1760320800,46705,46745,46600,46600,14342
1760324400,46600,46710,46450,46475,13729
1760328000,46475,46555,46425,46545,10210
1760331600,46545,46645,46510,46620,10462
1760335200,46620,46740,46575,46620,13444
1760342400,46805,46900,46670,46765,22526
1760346000,46765,46795,46715,46730,7320
1760349600,46730,46765,46650,46675,7674
1760353200,46675,46730,46495,46620,19718
1760356800,46620,46730,46575,46675,10077
1760360400,46675,46875,46615,46865,26520
1760364000,46860,46890,46745,46760,20888
1760367600,46760,46965,46740,46960,14441
1760371200,46960,47050,46930,47040,15977
1760374800,47040,47060,46935,46985,5513
1760378400,46985,47060,46935,46945,4743
1760382000,46950,47040,46920,47015,5268
1760385600,47015,47050,47005,47030,2458
1760389200,46985,46985,46985,46985,842
1760396400,47050,47255,46985,47240,23429
1760400000,47240,47925,47235,47630,154836
1760403600,47630,47895,47440,47830,71015
1760407200,47830,47845,47535,47535,27879
1760410800,47530,47560,47290,47310,38902
1760414400,47310,47315,46680,46885,122309
1760418000,46880,47015,46590,46805,82908
1760421600,46810,46905,46710,46790,53470
1760428800,46670,46940,46640,46915,33178
1760432400,46920,46960,46815,46815,11469
1760436000,46815,46820,46490,46625,24486
1760439600,46620,46825,46605,46775,23303
1760443200,46775,46780,46570,46690,18220
1760446800,46685,46805,46570,46800,32378
1760450400,46795,47015,46770,46960,30391
1760454000,46960,47180,46905,47145,25255
1760457600,47150,47300,47095,47225,14881
1760461200,47225,47290,47155,47235,8580
1760464800,47240,47260,47190,47210,4475
1760468400,47210,47235,46855,46985,17039
1760472000,46990,47025,46860,46945,4348
1760475600,47000,47000,47000,47000,779
1760482800,47080,47120,47035,47060,14579
1760486400,47060,47315,46955,47290,83788
1760490000,47285,47375,47165,47340,32161
1760493600,47340,47525,47325,47510,33266
1760497200,47515,47595,47385,47445,34295
1760500800,47445,47680,47430,47620,36852
1760504400,47625,47835,47625,47745,56652
1760508000,47750,47810,47650,47810,43555
1760515200,47860,48080,47850,47970,38851
1760518800,47965,48170,47960,48140,18041
1760522400,48135,48195,48105,48130,11270
1760526000,48130,48200,48080,48175,13311
1760529600,48175,48265,48110,48200,24063
1760533200,48200,48200,47980,48135,29126
1760536800,48140,48285,48140,48205,20788
1760540400,48205,48235,47865,47955,25130
1760544000,47955,48125,47925,47940,16987
1760547600,47945,47985,47605,47970,31167
1760551200,47970,48045,47925,48035,8582
1760554800,48030,48050,47930,48010,7413
1760558400,48010,48050,47975,48035,3302
1760562000,48050,48050,48050,48050,698
1760569200,48070,48180,48025,48175,14581
1760572800,48175,48240,47980,48070,69241
1760576400,48075,48155,48010,48060,33578
1760580000,48060,48155,48025,48150,18859
1760583600,48150,48220,48060,48175,30574
1760587200,48170,48330,48170,48325,30388
1760590800,48325,48365,48230,48305,36341
1760594400,48305,48435,48240,48420,45618
1760601600,48480,48490,48320,48355,20750
1760605200,48360,48470,48360,48445,9967
1760608800,48445,48490,48410,48455,7180
1760612400,48450,48510,48425,48475,7496
1760616000,48475,48520,48380,48475,14283
1760619600,48475,48540,48305,48330,28956
1760623200,48335,48470,48235,48320,28507
1760626800,48320,48405,48140,48175,25788
1760630400,48175,48245,47845,48120,34194
1760634000,48125,48215,47990,48095,20806
1760637600,48095,48115,47775,48015,25704
1760641200,48015,48065,47865,48025,15456
1760644800,48025,48055,47890,47975,4638
1760648400,48045,48045,48045,48045,637
1760655600,47740,47815,47680,47800,18966
1760659200,47795,47975,47705,47915,64070
1760662800,47915,48185,47890,47925,46987
1760666400,47930,47970,47820,47860,26493
1760670000,47860,47885,47615,47760,48994
1760673600,47760,47800,47640,47660,26925
1760677200,47660,47685,47530,47580,35407
1760680800,47580,47655,47505,47550,37928
1760688000,47195,47455,47115,47415,45455
1760691600,47415,47635,47400,47500,23888
1760695200,47505,47720,47440,47685,25269
1760698800,47690,48070,47655,47965,45353
1760702400,47965,48100,47940,47995,24565
1760706000,47995,48210,47875,48080,40059
1760709600,48080,48295,47960,47995,48393
1760713200,47995,48160,47880,48110,27495
1760716800,48115,48230,48080,48130,14325
1760720400,48130,48200,48030,48185,12110
1760724000,48185,48270,48185,48210,7796
1760727600,48220,48295,48215,48250,7432
1760731200,48250,48280,48225,48255,2614
1760734800,48295,48295,48295,48295,1037
1760914800,48390,48520,48355,48510,19014
1760918400,48505,48865,48330,48775,97801
1760922000,48775,49000,48770,48955,45167
1760925600,48955,49075,48900,49035,30004
1760929200,49040,49070,48900,48930,27178
1760932800,48930,49070,48915,49000,28338
1760936400,48995,49150,48975,49140,28176
1760940000,49135,49350,49055,49300,52844
1760947200,49335,49345,49095,49135,22153
1760950800,49140,49320,49100,49300,15883
1760954400,49300,49380,49270,49280,14691
1760958000,49275,49425,49265,49395,10495
1760961600,49395,49450,49340,49440,13218
1760965200,49440,49645,49415,49600,36974
1760968800,49605,49795,49580,49785,23700
1760972400,49780,49780,49665,49690,14180
1760976000,49690,49730,49675,49705,5204
1760979600,49705,49760,49705,49720,4262
1760983200,49715,49755,49680,49715,2933
1760986800,49710,49720,49655,49670,4925
1760990400,49665,49730,49645,49690,3627
1760994000,49620,49620,49620,49620,935
1761001200,49820,49865,49740,49850,15907
1761004800,49845,49855,49500,49845,80143
1761008400,49845,49970,49760,49930,42101
1761012000,49930,50010,49860,49930,26488
1761015600,49930,49990,49540,49705,58893
1761019200,49705,49765,49280,49470,87613
1761022800,49475,49640,49185,49390,87931
1761026400,49395,49420,49165,49165,49923
1761033600,49200,49305,49125,49245,27243
1761037200,49250,49435,49245,49395,16160
1761040800,49395,49530,49375,49485,15968
1761044400,49485,49595,49475,49560,15618
1761048000,49560,49575,49455,49520,11279
1761051600,49520,49550,49210,49265,44154
1761055200,49270,49550,49245,49530,29110
1761058800,49530,49535,49395,49455,13707
1761062400,49450,49535,49365,49390,9239
1761066000,49385,49455,49330,49450,8184
1761069600,49450,49475,49415,49425,3230
1761073200,49420,49425,49340,49360,4869
1761076800,49365,49385,49315,49370,2034
1761080400,49385,49385,49385,49385,645
1761087600,49350,49360,49255,49265,10778
1761091200,49270,49335,48695,48720,108667
1761094800,48720,49030,48665,48995,53494
1761098400,49000,49175,48990,49120,25946
1761102000,49115,49410,49055,49380,47041
1761105600,49380,49480,49320,49450,44618
1761109200,49450,49460,49280,49370,32085
1761112800,49370,49990,49195,49305,67896
1761120000,49300,49305,49005,49055,29371
1761123600,49055,49155,48955,49140,19272
1761127200,49135,49155,49065,49070,7003
1761130800,49070,49095,48900,48935,20261
1761134400,48935,49030,48925,49000,10745
1761138000,49000,49165,48965,49120,22873
1761141600,49120,49155,48825,49005,29112
1761145200,49010,49035,48750,48830,23070
1761148800,48830,48855,48445,48750,36405
1761152400,48750,48785,48450,48550,20338
1761156000,48550,48690,48470,48680,11225
1761159600,48680,48830,48640,48815,9851
1761163200,48820,48850,48765,48775,3239
1761166800,48815,48815,48815,48815,769
1761174000,48700,48770,48650,48695,17532
1761177600,48695,48755,48450,48670,75326
1761181200,48665,48815,48610,48715,35565
1761184800,48715,48775,48625,48715,17772
1761188400,48715,48780,48635,48705,18342
1761192000,48710,48735,48525,48525,25443
1761195600,48530,48710,48475,48710,29407
1761199200,48705,48735,48645,48665,28071
1761206400,48760,48825,48725,48810,16030
1761210000,48810,48860,48710,48770,12765
1761213600,48765,48845,48745,48845,7135
1761217200,48840,48860,48680,48685,10137
1761220800,48685,48710,48590,48680,15604
1761224400,48680,48995,48595,48935,26922
1761228000,48935,48965,48815,48905,19962
1761231600,48905,49010,48870,48975,12821
1761235200,48970,49015,48950,48985,7468
1761238800,48985,49075,48910,49060,11027
1761242400,49070,49080,49020,49065,5452
1761246000,49060,49075,48970,48990,5177
1761249600,48990,49030,48970,48975,1942
1761253200,48985,48985,48985,48985,605
1761260400,49125,49170,49095,49160,13150
1761264000,49155,49320,49005,49220,71035
1761267600,49220,49385,49210,49370,33745
1761271200,49375,49415,49305,49330,21929
1761274800,49330,49490,49295,49405,25773
1761278400,49400,49470,49380,49385,20001
1761282000,49385,49445,49280,49325,34189
1761285600,49320,49390,49305,49320,30613
1761292800,49215,49330,49195,49310,18648
1761296400,49310,49440,49300,49425,10624
1761300000,49425,49445,49375,49390,6587
1761303600,49385,49425,49375,49390,5487
1761307200,49390,49590,49325,49465,24957
1761310800,49470,49665,49470,49620,26960
1761314400,49625,49645,49435,49485,18579
1761318000,49485,49620,49465,49580,14613
1761321600,49585,49595,49505,49535,5800
1761325200,49535,49585,49510,49580,3408
1761328800,49580,49590,49555,49590,2855
1761332400,49585,49595,49530,49540,5435
1761336000,49545,49570,49510,49550,2638
1761339600,49555,49555,49555,49555,789
1761519600,50010,50125,50005,50080,23926
1761523200,50070,50440,50005,50125,109023
1761526800,50125,50550,50065,50490,69091
1761530400,50490,50495,50365,50420,21085
1761534000,50420,50460,50280,50355,24664
1761537600,50350,50430,50255,50425,29924
1761541200,50425,50525,50395,50500,35179
1761544800,50490,50630,50480,50590,42864
1761552000,50630,50685,50490,50585,21513
1761555600,50585,50590,50505,50565,8474
1761559200,50565,50570,50530,50540,5881
1761562800,50540,50565,50420,50455,11636
1761566400,50450,50490,50425,50445,10672
1761570000,50445,50505,50390,50460,20029
1761573600,50460,50485,50380,50385,17413
1761577200,50385,50455,50380,50415,8278
1761580800,50420,50475,50405,50460,4864
1761584400,50465,50470,50405,50455,3199
1761588000,50455,50460,50405,50425,2931
1761591600,50425,50505,50410,50480,5049
1761595200,50475,50565,50450,50550,2800
1761598800,50520,50520,50520,50520,641
1761606000,50560,50565,50375,50395,14133
1761609600,50395,50495,50235,50455,74271
1761613200,50455,50485,50295,50300,30027
1761616800,50305,50495,50270,50455,22768
1761620400,50460,50530,50365,50505,20122
1761624000,50500,50500,50225,50250,31334
1761627600,50255,50265,50150,50215,36230
1761631200,50210,50480,50190,50465,43543
1761638400,50380,50430,50280,50345,18273
1761642000,50345,50385,50345,50375,6413
1761645600,50370,50455,50370,50435,8542
1761649200,50435,50520,50410,50495,13231
1761652800,50495,50515,50450,50470,9361
1761656400,50470,50610,50460,50545,23183
1761660000,50550,50580,50510,50525,13066
1761663600,50520,50540,50460,50530,10034
1761667200,50530,50785,50530,50715,21237
1761670800,50715,50765,50685,50760,6602
1761674400,50760,50810,50725,50745,5199
1761678000,50745,50775,50685,50695,7125
1761681600,50700,50705,50660,50690,2585
1761685200,50665,50665,50665,50665,810
1761692400,50700,50750,50665,50740,13924
1761696000,50740,50950,50685,50890,97384
1761699600,50890,51315,50855,51275,87353
1761703200,51280,51380,51220,51345,35360
1761706800,51340,51340,51195,51300,28802
1761710400,51300,51330,51125,51260,31136
1761714000,51255,51535,51250,51370,65526
1761717600,51365,51495,51330,51330,43675
1761724800,51365,51555,51315,51340,32246
1761728400,51340,51350,51205,51235,17972
1761732000,51235,51415,51220,51355,13996
1761735600,51355,51390,51310,51345,7696
1761739200,51340,51355,51260,51275,8689
1761742800,51275,51300,51145,51220,18716
1761746400,51220,51245,51120,51175,17626
1761750000,51175,51280,51170,51180,10558
1761753600,51180,51245,51125,51225,9645
1761757200,51225,51250,51170,51225,4866
1761760800,51225,51295,50815,51085,35094
1761764400,51090,51140,50875,51125,20217
1761768000,51120,51195,50970,51040,8783
1761771600,51045,51045,51045,51045,712
1761778800,50960,51185,50930,51180,16808
1761782400,51180,51580,51135,51250,131358
1761786000,51255,51375,51065,51320,62782
1761789600,51315,51470,51275,51345,22386
1761793200,51340,51725,51285,51650,49879
1761796800,51645,51700,51045,51120,114049
1761800400,51125,51605,51020,51545,70124
1761804000,51545,51565,51280,51460,53847
1761811200,51550,51770,51535,51760,36781
1761814800,51760,51880,51640,51690,22938
1761818400,51690,51835,51660,51780,14544
1761822000,51780,51850,51760,51775,11264
1761825600,51775,51790,51515,51540,25460
1761829200,51540,51795,51400,51690,38176
1761832800,51695,51755,51490,51585,31840
1761836400,51585,51655,51495,51510,14267
1761840000,51510,51660,51495,51630,10586
1761843600,51625,51630,51500,51610,8207
1761847200,51605,51610,51455,51490,5280
1761850800,51490,51495,51310,51325,11916
1761854400,51320,51560,51295,51530,8166
1761858000,51550,51550,51550,51550,610
1761865200,51545,51760,51530,51750,14151
1761868800,51755,52450,51740,52230,117132
1761872400,52225,52280,51750,51995,84443
1761876000,51990,52080,51885,52060,31600
1761879600,52065,52300,51955,52240,38468
1761883200,52235,52360,52130,52315,43576
1761886800,52315,52445,52280,52315,48228
1761890400,52315,52530,52215,52470,56971
1761897600,52600,52640,52480,52530,26921
1761901200,52530,52570,52415,52440,11948
1761904800,52440,52490,52415,52435,8397
1761908400,52435,52610,52365,52595,14150
1761912000,52590,52675,52465,52480,18842
1761915600,52475,52525,52380,52415,20066
1761919200,52420,52520,52335,52505,22429
1761922800,52505,52535,52360,52370,19308
1761926400,52370,52380,52175,52190,19021
1761930000,52190,52235,52085,52195,12403
1761933600,52195,52295,52195,52285,8548
1761937200,52280,52390,52250,52290,11975
1761940800,52285,52305,52225,52305,3668
1761944400,52270,52270,52270,52270,1025
1762124400,52465,52510,52415,52415,7262
1762128000,52415,52450,52255,52315,15529
1762131600,52315,52320,52220,52255,10543
1762135200,52260,52290,52180,52235,9204
1762138800,52235,52275,52160,52270,6650
1762142400,52265,52330,52220,52300,8393
1762146000,52305,52365,52260,52340,7700
1762149600,52340,52385,52265,52290,6563
1762156800,52260,52410,52220,52355,13766
1762160400,52360,52470,52345,52420,7618
1762164000,52425,52490,52410,52455,5867
1762167600,52460,52500,52455,52465,5073
1762171200,52460,52490,52430,52465,5262
1762174800,52465,52555,52430,52545,8084
1762178400,52545,52640,52330,52365,22976
1762182000,52365,52400,52230,52345,24706
1762185600,52345,52505,52310,52490,12084
1762189200,52485,52595,52440,52585,6576
1762192800,52580,52610,52555,52560,3506
1762196400,52565,52580,52505,52550,3658
1762200000,52550,52560,52505,52520,3535
1762203600,52575,52575,52575,52575,762
1762210800,52360,52470,52350,52445,15642
1762214400,52445,52480,52080,52470,95001
1762218000,52470,52695,52410,52585,59596
1762221600,52585,52590,52330,52345,26701
1762225200,52340,52480,52185,52185,33366
1762228800,52190,52260,52110,52215,40761
1762232400,52215,52225,51780,51885,59283
1762236000,51885,51905,51510,51510,77071
1762243200,51550,51595,51280,51485,45837
1762246800,51490,51540,51190,51205,23437
1762250400,51200,51455,51150,51385,23559
1762254000,51385,51465,51365,51425,12986
1762257600,51430,51435,51310,51360,14278
1762261200,51355,51385,51230,51270,15083
1762264800,51265,51570,51210,51570,31399
1762268400,51570,51575,51380,51455,20505
1762272000,51450,51515,51335,51450,16077
1762275600,51450,51455,51300,51325,9688
1762279200,51325,51340,51215,51280,6774
1762282800,51275,51320,51175,51220,5450
1762286400,51225,51310,51210,51210,6237
1762290000,51200,51200,51200,51200,775
1762297200,51000,51030,50685,50700,26896
1762300800,50695,50695,50165,50255,176243
1762304400,50260,50290,49330,49515,174427
1762308000,49515,49555,49120,49545,94337
1762311600,49545,50200,49525,50050,117182
1762315200,50050,50170,49760,50000,76419
1762318800,50000,50315,49885,50055,78598
1762322400,50055,50530,49925,50530,62839
1762329600,50450,50610,50355,50580,39265
1762333200,50580,50655,50415,50530,22152
1762336800,50530,50570,50320,50320,15826
1762340400,50320,50445,50295,50415,14735
1762344000,50410,50555,50375,50545,13734
1762347600,50540,50855,50520,50840,25500
1762351200,50835,51015,50665,51005,33280
1762354800,51015,51145,50955,51135,35754
1762358400,51135,51255,51010,51195,17448
1762362000,51195,51300,51185,51250,9248
1762365600,51250,51350,51225,51350,6628
1762369200,51345,51360,51275,51340,6806
1762372800,51340,51385,51260,51275,6040
1762376400,51205,51205,51205,51205,1009
1762383600,51265,51280,51090,51160,16041
1762387200,51165,51310,50690,50950,104540
1762390800,50950,50995,50735,50830,50760
1762394400,50830,50930,50625,50925,35996
1762398000,50920,51005,50835,50975,28313
1762401600,50970,51065,50905,51005,26900
1762405200,51010,51040,50890,50925,28548
1762408800,50925,50965,50780,50860,44198
1762416000,50750,50815,50540,50665,36492
1762419600,50665,50870,50665,50845,19266
1762423200,50850,50980,50825,50910,11471
1762426800,50910,50955,50855,50875,11188
1762430400,50885,51045,50855,51015,16445
1762434000,51015,51030,50910,50930,10294
1762437600,50930,50955,50540,50540,40786
1762441200,50540,50620,50180,50195,65119
1762444800,50200,50335,50040,50085,40917
1762448400,50085,50325,50040,50265,19727
1762452000,50260,50395,50065,50350,15352
1762455600,50350,50565,50340,50480,14132
1762459200,50485,50495,50250,50250,8546
1762462800,50215,50215,50215,50215,834
1762470000,50230,50280,50120,50145,18025
1762473600,50145,50460,50095,50200,91321
1762477200,50205,50210,49805,49995,74621
1762480800,49995,50020,49810,49895,29719
1762484400,49900,49930,49710,49825,38499
1762488000,49825,49980,49670,49960,44035
1762491600,49960,50160,49955,50155,47746
1762495200,50155,50370,50135,50310,51663
1762502400,50440,50485,50300,50465,27942
1762506000,50465,50505,50320,50345,17437
1762509600,50340,50410,50215,50340,17347
1762513200,50340,50345,50015,50245,27661
1762516800,50245,50275,50025,50060,21665
1762520400,50060,50185,49975,50145,21905
1762524000,50145,50185,49805,50040,39961
1762527600,50050,50110,49770,49775,39691
1762531200,49770,49845,49570,49620,30467
1762534800,49620,49825,49520,49820,21593
1762538400,49820,50025,49805,49960,14415
1762542000,49955,50385,49935,50375,17754
1762545600,50375,50400,50225,50385,10632
1762549200,50400,50400,50400,50400,1168
1762729200,50760,50920,50740,50845,22317
1762732800,50840,50845,50465,50635,77185
1762736400,50630,50905,50585,50880,38723
1762740000,50880,50965,50765,50775,29433
1762743600,50780,50890,50735,50750,28345
1762747200,50750,50940,50700,50885,27639
1762750800,50890,50990,50870,50950,30565
1762754400,50950,51055,50905,51050,33928
1762761600,51050,51090,50890,51070,22261
1762765200,51070,51220,51035,51195,17175
1762768800,51200,51210,51065,51085,11376
1762772400,51080,51110,50975,51065,14699
1762776000,51060,51060,50915,50975,15496
1762779600,50975,51030,50935,51005,9567
1762783200,51005,51065,50880,50940,21848
1762786800,50945,51060,50775,50790,21836
1762790400,50790,50890,50745,50880,19359
1762794000,50880,51115,50865,51090,13601
1762797600,51095,51155,51075,51110,5603
1762801200,51110,51230,51105,51200,6011
1762804800,51205,51300,51190,51290,6834
1762808400,51270,51270,51270,51270,842
1762815600,51340,51460,51305,51440,15087
1762819200,51440,51550,51280,51390,71379
1762822800,51390,51405,51185,51195,44608
1762826400,51190,51215,51100,51210,25026
1762830000,51210,51255,51070,51145,26363
1762833600,51145,51160,50815,50870,37785
1762837200,50865,50910,50650,50680,56538
1762840800,50680,51155,50605,51155,53709
1762848000,51025,51115,50960,50995,24334
1762851600,50995,51070,50955,50990,12520
1762855200,50985,51065,50970,51035,6339
1762858800,51040,51085,50940,50975,8128
1762862400,50970,51010,50915,50915,7946
1762866000,50925,50960,50815,50865,12178
1762869600,50870,51005,50845,50990,15226
1762873200,50985,50990,50770,50860,19412
1762876800,50860,51025,50845,50975,10894
1762880400,50965,51140,50965,51115,7448
1762884000,51115,51185,51090,51180,4931
1762887600,51180,51180,51110,51145,3824
1762891200,51150,51175,51100,51160,3325
1762894800,51115,51115,51115,51115,845
1762902000,51135,51160,50845,50875,17539
1762905600,50870,51015,50580,50915,94154
1762909200,50920,51060,50850,51000,40474
1762912800,50995,51065,50850,50880,19681
1762916400,50880,50880,50680,50715,32654
1762920000,50715,50945,50700,50930,33875
1762923600,50925,51055,50865,51020,31370
1762927200,51015,51150,51000,51120,29476
1762934400,51130,51230,51045,51180,21819
1762938000,51185,51325,51155,51320,12317
1762941600,51320,51390,51275,51315,15822
1762945200,51315,51330,51250,51285,7671
1762948800,51285,51375,51270,51360,11264
1762952400,51360,51435,51340,51370,9350
1762956000,51365,51370,51180,51265,22671
1762959600,51265,51345,51175,51245,21282
1762963200,51245,51310,51110,51160,16092
1762966800,51165,51275,51120,51255,6548
1762970400,51255,51295,51195,51265,3988
1762974000,51265,51275,51160,51195,3086
1762977600,51195,51285,51150,51270,4486
1762981200,51265,51265,51265,51265,1036
1762988400,51120,51165,51000,51000,15295
1762992000,51000,51260,50980,51075,65567
1762995600,51070,51370,51045,51225,53746
1762999200,51220,51280,51100,51125,23307
1763002800,51130,51235,51075,51230,22179
1763006400,51230,51330,51165,51295,25034
1763010000,51295,51365,51215,51250,29379
1763013600,51250,51340,51160,51300,27112
1763020800,51230,51270,51150,51155,19738
1763024400,51150,51160,50885,50960,26881
1763028000,50965,51050,50955,50980,12935
1763031600,50975,51030,50880,50920,14892
1763035200,50920,50945,50855,50890,12205
1763038800,50885,50910,50780,50795,13792
1763042400,50800,50825,50580,50685,32500
1763046000,50680,50830,50350,50430,39835
1763049600,50430,50455,50275,50360,23872
1763053200,50355,50420,50245,50270,15322
1763056800,50275,50300,50020,50125,21916
1763060400,50135,50250,50035,50100,11974
1763064000,50100,50200,50035,50075,12271
1763067600,50100,50100,50100,50100,1021
1763074800,50170,50180,50020,50065,24281
1763078400,50060,50620,50045,50605,106560
1763082000,50605,50755,50440,50465,52297
1763085600,50465,50565,50365,50430,26913
1763089200,50435,50600,50365,50525,32414
1763092800,50530,50555,50340,50405,32850
1763096400,50405,50475,50280,50395,38085
1763100000,50395,50445,50295,50320,35752
1763107200,50215,50290,50105,50275,38020
1763110800,50280,50375,50185,50220,18561
1763114400,50215,50350,50185,50245,12046
1763118000,50240,50240,49865,49950,31118
1763121600,49945,49955,49695,49825,34791
1763125200,49820,49895,49735,49845,22996
1763128800,49845,50240,49760,50180,53146
1763132400,50180,50545,50070,50505,54639
1763136000,50510,50720,50400,50670,29112
1763139600,50670,50765,50565,50640,16392
1763143200,50635,50650,50395,50505,16366
1763146800,50505,50565,50420,50535,8442
1763150400,50530,50555,50395,50450,8826
1763154000,50440,50440,50440,50440,1348
1763334000,50300,50410,50200,50200,13722
1763337600,50200,50430,49875,50305,94032
1763341200,50305,50335,50080,50085,48696
1763344800,50090,50190,50025,50155,24907
1763348400,50160,50300,50105,50250,24658
1763352000,50260,50305,50215,50250,18142
1763355600,50250,50385,50235,50285,27018
1763359200,50285,50415,50260,50270,25130
1763366400,50320,50505,50315,50405,24142
1763370000,50400,50405,50260,50300,10845
1763373600,50295,50305,50100,50150,19067
1763377200,50150,50270,50125,50200,14060
1763380800,50205,50205,50065,50145,14998
1763384400,50145,50155,50000,50105,15777
1763388000,50105,50400,50025,50330,31814
1763391600,50330,50355,50180,50230,30175
1763395200,50230,50460,50035,50445,28172
1763398800,50445,50450,50210,50210,13927
1763402400,50215,50220,49950,49955,16375
1763406000,49955,49970,49515,49520,20223
1763409600,49515,49810,49495,49725,16979
1763413200,49800,49800,49800,49800,1072
1763420400,49825,49835,49725,49755,15838
1763424000,49760,49975,49285,49320,103940
1763427600,49320,49525,49130,49470,78132
1763431200,49465,49525,49220,49235,36823
1763434800,49235,49295,48940,49000,63201
1763438400,49000,49005,48680,48940,87956
1763442000,48940,49015,48780,48820,49667
1763445600,48820,48940,48510,48510,61107
1763452800,48540,48910,48535,48760,51678
1763456400,48760,48915,48705,48840,26071
1763460000,48840,48955,48760,48940,17594
1763463600,48935,48970,48805,48840,16765
1763467200,48835,48835,48580,48640,28457
1763470800,48645,48840,48635,48790,19416
1763474400,48785,48905,48575,48585,42641
1763478000,48580,48715,48405,48505,62784
1763481600,48505,48905,48415,48860,36495
1763485200,48860,49065,48635,49015,26079
1763488800,49015,49115,48930,48950,14749
1763492400,48950,49055,48905,49045,8609
1763496000,49045,49065,48855,48865,8793
1763499600,48880,48880,48880,48880,1360
1763506800,48935,48950,48795,48865,16483
1763510400,48860,48995,48270,48840,138080
1763514000,48840,49085,48705,48915,61557
1763517600,48915,49155,48915,49100,31644
1763521200,49100,49155,48655,48715,45022
1763524800,48715,48815,48590,48645,50390
1763528400,48650,48790,48440,48670,49426
1763532000,48670,48735,48565,48640,41816
1763539200,48755,48875,48670,48715,26249
1763542800,48715,48985,48670,48980,22793
1763546400,48975,49050,48920,49040,14478
1763550000,49040,49100,48990,49050,16240
1763553600,49045,49140,49015,49100,13793
1763557200,49100,49160,48960,49160,20481
1763560800,49160,49500,49055,49485,35807
1763564400,49485,49530,49205,49235,32611
1763568000,49235,49265,49090,49185,23068
1763571600,49185,49210,48955,49180,16702
1763575200,49175,49320,49105,49225,10629
1763578800,49230,49270,49075,49205,7662
1763582400,49210,49435,49175,49320,7865
1763586000,49305,49305,49305,49305,1035
1763593200,49990,50285,49975,50270,30613
1763596800,50270,50615,50210,50230,137635
1763600400,50225,50405,50115,50210,52656
1763604000,50210,50260,50045,50180,33333
1763607600,50180,50295,49675,49800,65774
1763611200,49795,49950,49720,49915,46896
1763614800,49920,50090,49875,49955,39800
1763618400,49960,49970,49755,49920,45943
1763625600,49870,49890,49690,49690,24040
1763629200,49695,49730,49590,49635,19086
1763632800,49640,49845,49615,49825,15695
1763636400,49825,49835,49710,49760,13189
1763640000,49760,49925,49705,49920,14212
1763643600,49920,50095,49830,50050,29772
1763647200,50060,50120,49895,50110,35969
1763650800,50110,50230,49965,49985,31855
1763654400,49985,49985,48875,48925,60696
1763658000,48920,49130,48525,48685,65485
1763661600,48685,49110,48470,48595,42128
1763665200,48595,48820,48505,48805,20825
1763668800,48805,48810,48435,48475,18572
1763672400,48455,48455,48455,48455,1005
1763679600,48520,48695,48315,48395,30716
1763683200,48390,48945,48285,48770,112629
1763686800,48770,49050,48715,48890,65500
1763690400,48890,48915,48670,48690,33614
1763694000,48695,48920,48620,48660,52711
1763697600,48665,48720,48510,48710,54778
1763701200,48705,48785,48635,48685,34663
1763704800,48685,48825,48645,48780,43180
1763712000,48410,48810,48360,48795,43794
1763715600,48790,48815,48395,48405,30758
1763719200,48405,48415,48025,48380,50490
1763722800,48385,48510,48285,48355,26940
1763726400,48360,48690,48140,48570,51033
1763730000,48575,48770,48510,48740,25328
1763733600,48740,48770,48490,48645,38617
1763737200,48645,48710,48190,48280,66802
1763740800,48275,48785,48140,48785,43072
1763744400,48785,48850,48670,48700,21054
1763748000,48700,49035,48455,48890,26090
1763751600,48890,49075,48815,48860,14761
1763755200,48860,48955,48800,48825,10944
1763758800,48800,48800,48800,48800,1059
1763938800,48905,49050,48875,48960,10399
1763942400,48960,48960,48670,48800,28901
1763946000,48800,48940,48750,48880,18597
1763949600,48880,49115,48850,49110,16136
1763953200,49110,49135,48940,49070,11572
1763956800,49075,49120,48940,48945,12174
1763960400,48945,49080,48915,49020,9834
1763964000,49025,49030,48940,49015,6942
1763971200,49050,49165,48915,49145,15714
1763974800,49140,49170,48740,48830,27508
1763978400,48830,48855,48650,48730,16329
1763982000,48730,48885,48695,48840,10586
1763985600,48840,48905,48780,48890,11965
1763989200,48890,48995,48880,48900,9439
1763992800,48895,49215,48890,49135,31590
1763996400,49140,49375,49140,49255,35141
1764000000,49255,49365,49255,49285,10206
1764003600,49290,49430,49225,49420,8960
1764007200,49425,49510,49400,49485,8410
1764010800,49485,49520,49450,49480,4928
1764014400,49480,49620,49480,49615,6520
1764018000,49600,49600,49600,49600,766
1764025200,49600,49730,49495,49505,18627
1764028800,49500,49505,48810,49050,97952
1764032400,49045,49100,48915,48980,34946
1764036000,48980,49095,48825,48990,26625
1764039600,48990,49000,48535,48625,41424
1764043200,48630,48790,48610,48775,30586
1764046800,48770,48815,48585,48650,32623
1764050400,48650,48740,48600,48600,30052
1764057600,48665,48755,48505,48560,21445
1764061200,48560,48655,48420,48565,17267
1764064800,48560,48675,48480,48650,12702
1764068400,48645,48665,48610,48660,8585
1764072000,48660,48875,48650,48685,21778
1764075600,48680,48800,48645,48760,15698
1764079200,48760,48810,48260,48610,47335
1764082800,48610,48855,48385,48750,44058
1764086400,48745,48880,48690,48855,15887
1764090000,48850,49010,48850,48925,12474
1764093600,48925,48975,48910,48955,5545
1764097200,48950,48980,48865,48970,4450
1764100800,48975,49165,48975,49135,7509
1764104400,49105,49105,49105,49105,860
1764111600,49000,49065,48980,49035,11057
1764115200,49030,49420,48980,49405,72218
1764118800,49405,49670,49400,49655,63771
1764122400,49650,49750,49615,49665,26404
1764126000,49670,49780,49635,49670,25760
1764129600,49670,49730,49480,49525,29066
1764133200,49520,49690,49515,49645,24134
1764136800,49645,49690,49510,49675,34212
1764144000,49720,49720,49560,49565,18167
1764147600,49570,49580,49490,49545,11604
1764151200,49545,49660,49545,49630,8989
1764154800,49630,49675,49535,49555,8618
1764158400,49550,49575,49405,49500,23886
1764162000,49500,49650,49495,49650,11982
1764165600,49650,49865,49605,49675,25838
1764169200,49680,49905,49615,49895,25723
1764172800,49895,50035,49880,50020,14517
1764176400,50025,50130,50015,50085,10617
1764180000,50085,50160,50020,50145,10482
1764183600,50145,50190,50115,50150,5726
1764187200,50150,50200,50110,50115,5501
1764190800,50105,50105,50105,50105,868
1764198000,50090,50110,49965,49980,12268
1764201600,49980,50350,49950,50220,69840
1764205200,50215,50305,50155,50255,32024
1764208800,50265,50280,50110,50125,14859
1764212400,50130,50180,50050,50150,22435
1764216000,50150,50160,50075,50135,14768
1764219600,50135,50265,50115,50215,20176
1764223200,50215,50225,50125,50130,23832
1764230400,50145,50170,50030,50070,14692
1764234000,50070,50130,50030,50045,9798
1764237600,50045,50140,50040,50130,5256
1764241200,50135,50195,50125,50130,6423
1764244800,50135,50165,50115,50120,4480
1764248400,50120,50125,50045,50050,8378
1764252000,50050,50075,49990,50060,6364
1764255600,50060,50080,50045,50075,3375
1764259200,50070,50100,50025,50070,3637
1764262800,50075,50085,50035,50050,1509
1764266400,50055,50060,50030,50035,587
1764270000,50040,50045,50030,50035,276
1764273600,50030,50070,50015,50070,754
1764277200,50070,50070,50070,50070,681
1764284400,50100,50235,50065,50215,9152
1764288000,50220,50280,50045,50125,50698
1764291600,50125,50235,50020,50100,29204
1764295200,50100,50175,50090,50165,11835
1764298800,50160,50200,50080,50155,15036
1764302400,50160,50215,50080,50160,15093
1764306000,50160,50275,50160,50235,17070
1764309600,50235,50270,50215,50250,18748
1764316800,50235,50240,50105,50115,12267
1764320400,50115,50190,50115,50175,7509
1764324000,50175,50195,50160,50175,3894
1764327600,50175,50210,50160,50195,3515
1764331200,50200,50250,50175,50175,6730
1764334800,50180,50185,50115,50120,11338
1764338400,50125,50190,50085,50145,11377
1764342000,50140,50205,50120,50145,9303
1764345600,50145,50210,50125,50200,8178
1764349200,50200,50240,50175,50230,4561
1764352800,50235,50250,50220,50235,1906
1764356400,50235,50295,50235,50285,1676
1764360000,50285,50345,50280,50290,3577
1764363600,50285,50285,50285,50285,719
1764543600,50240,50315,50200,50310,11617
1764547200,50310,50385,49565,49650,96917
1764550800,49645,49660,49320,49495,75883
1764554400,49495,49510,49325,49375,26012
1764558000,49375,49415,49300,49370,23993
1764561600,49365,49410,49285,49295,26156
1764565200,49295,49320,49225,49315,31313
1764568800,49310,49365,49245,49300,32162
1764576000,49260,49430,49240,49405,17890
1764579600,49405,49455,49265,49265,11917
1764583200,49265,49325,49255,49280,10164
1764586800,49275,49310,49195,49210,13438
1764590400,49210,49220,49065,49100,17125
1764594000,49100,49250,49075,49240,11909
1764597600,49240,49495,49185,49475,25028
1764601200,49475,49580,49370,49535,21711
1764604800,49535,49585,49405,49540,13488
1764608400,49540,49605,49530,49545,6451
1764612000,49545,49650,49540,49640,5973
1764615600,49635,49640,49425,49450,7124
1764619200,49445,49525,49445,49500,4870
1764622800,49465,49465,49465,49465,813
1764630000,49575,49610,49500,49560,10009
1764633600,49560,49640,49405,49465,58459
1764637200,49465,49660,49445,49575,32022
1764640800,49575,49615,49515,49570,14303
1764644400,49570,49570,49310,49450,29757
1764648000,49450,49485,49355,49380,18934
1764651600,49380,49435,49340,49365,16227
1764655200,49360,49380,49260,49270,23398
1764662400,49330,49490,49310,49480,17486
1764666000,49480,49520,49440,49475,9160
1764669600,49480,49605,49475,49595,8389
1764673200,49595,49610,49560,49575,6712
1764676800,49575,49670,49545,49670,9970
1764680400,49665,49670,49580,49630,8168
1764684000,49630,49740,49550,49605,22314
1764687600,49605,49665,49455,49610,24195
1764691200,49605,49625,49270,49415,30115
1764694800,49410,49565,49410,49410,12448
1764698400,49405,49505,49390,49485,5096
1764702000,49480,49585,49480,49565,7480
1764705600,49570,49590,49525,49535,3622
1764709200,49565,49565,49565,49565,896
1764716400,49600,49620,49535,49610,10469
1764720000,49610,49805,49605,49690,69424
1764723600,49685,49770,49640,49660,27533
1764727200,49660,49920,49655,49900,28066
1764730800,49900,50160,49885,50080,32709
1764734400,50080,50115,50025,50090,22395
1764738000,50095,50165,50025,50055,25909
1764741600,50050,50055,49795,49825,35328
1764748800,49865,49880,49770,49850,15626
1764752400,49850,49855,49750,49770,9780
1764756000,49775,49795,49610,49660,11815
1764759600,49655,49700,49600,49645,9250
1764763200,49645,49740,49625,49690,11570
1764766800,49690,49730,49635,49700,11152
1764770400,49700,49700,49290,49410,55349
1764774000,49410,49715,49395,49635,31762
1764777600,49630,49705,49525,49555,13521
1764781200,49555,49725,49555,49700,11228
1764784800,49705,49790,49670,49730,4537
1764788400,49730,49815,49730,49805,2885
1764792000,49810,49920,49800,49895,4777
1764795600,49900,49900,49900,49900,844
1764802800,49825,49925,49815,49910,8866
1764806400,49915,50365,49905,50175,74893
1764810000,50180,50565,50170,50495,47488
1764813600,50495,50605,50480,50585,20750
1764817200,50585,50700,50510,50680,23015
1764820800,50685,50780,50660,50750,27304
1764824400,50745,50930,50745,50865,45416
1764828000,50870,51060,50865,51000,48473
1764835200,50920,50920,50710,50735,30175
1764838800,50740,50990,50730,50960,16540
1764842400,50960,50980,50820,50820,8991
1764846000,50820,50865,50760,50795,10901
1764849600,50795,50830,50760,50775,7546
1764853200,50775,50875,50725,50765,13141
1764856800,50765,50870,50590,50610,27250
1764860400,50610,50665,50525,50560,22111
1764864000,50560,50640,50480,50635,14540
1764867600,50630,50640,50510,50545,6691
1764871200,50545,50620,50510,50565,5410
1764874800,50570,50595,50380,50555,8622
1764878400,50555,50555,50450,50530,5783
1764882000,50585,50585,50585,50585,923
1764889200,50625,50645,50475,50500,12615
1764892800,50500,50585,50275,50335,77911
1764896400,50340,50390,50225,50285,28729
1764900000,50285,50485,50275,50350,23542
1764903600,50350,50370,50240,50280,18108
1764907200,50280,50395,50270,50350,20968
1764910800,50355,50460,50330,50440,19813
1764914400,50440,50525,50400,50480,31302
1764921600,50480,50590,50435,50525,14512
1764925200,50520,50590,50515,50565,7256
1764928800,50560,50720,50555,50680,9706
1764932400,50680,50710,50660,50690,5404
1764936000,50690,50755,50690,50745,7824
1764939600,50745,50765,50525,50575,17896
1764943200,50570,50805,50565,50745,19317
1764946800,50745,50850,50595,50635,17401
1764950400,50630,50670,50530,50595,15801
1764954000,50590,50675,50525,50665,7134
1764957600,50665,50705,50600,50665,4636
1764961200,50665,50720,50630,50710,3322
1764964800,50715,50715,50625,50665,4475
1764968400,50650,50650,50650,50650,861
1765148400,50650,50750,50630,50725,12285
1765152000,50725,50725,50205,50450,70300
1765155600,50450,50495,50325,50415,20402
1765159200,50415,50500,50380,50450,12991
1765162800,50455,50560,50390,50420,15767
1765166400,50420,50560,50380,50520,16630
1765170000,50515,50560,50480,50525,13257
1765173600,50525,50610,50430,50595,23492
1765180800,50590,50670,50545,50625,12976
1765184400,50625,50690,50605,50615,6412
1765188000,50615,50670,50555,50655,6957
1765191600,50650,50655,50530,50545,8609
1765195200,50545,50590,50525,50530,6182
1765198800,50530,50575,50495,50510,9472
1765202400,50505,50525,50280,50370,31606
1765206000,50370,50410,50230,50275,17456
1765209600,50275,50305,50225,50280,9554
1765213200,50280,50390,50190,50385,8175
1765216800,50380,50395,50180,50220,6656
1765220400,50215,50260,50180,50250,3692
1765224000,50250,50315,50240,50280,3718
1765227600,50315,50315,50315,50315,898
1765234800,50480,50630,50385,50630,16700
1765238400,50630,50785,50410,50550,57610
1765242000,50550,50580,50455,50555,20735
1765245600,50555,50705,50525,50665,14007
1765249200,50665,50800,50640,50715,15858
1765252800,50715,50730,50590,50595,14889
1765256400,50595,50715,50505,50690,20067
1765260000,50695,50835,50605,50835,23212
1765267200,50880,50970,50870,50920,18302
1765270800,50915,50915,50760,50800,11518
1765274400,50805,50905,50690,50900,17907
1765278000,50900,50915,50830,50890,10328
1765281600,50895,50900,50825,50855,7475
1765285200,50855,50870,50755,50765,6461
1765288800,50760,50890,50745,50865,13740
1765292400,50865,50980,50865,50980,12229
1765296000,50975,51035,50910,50935,9497
1765299600,50935,50965,50900,50940,3908
1765303200,50935,50935,50855,50890,3304
1765306800,50890,50895,50825,50865,2051
1765310400,50870,50880,50820,50845,1858
1765314000,50825,50825,50825,50825,547
1765321200,50880,50900,50825,50870,7272
1765324800,50870,51110,50745,50745,53547
1765328400,50750,50810,50330,50390,37411
1765332000,50385,50525,50365,50410,17071
1765335600,50415,50520,50415,50490,12880
1765339200,50495,50615,50490,50570,10905
1765342800,50485,50485,50360,50425,13380
1765346400,50485,50625,50480,50600,18710
1765353600,50600,50655,50515,50595,11776
1765357200,50595,50610,50525,50575,4312
1765360800,50570,50675,50415,50475,14497
1765364400,50470,50560,50440,50535,5414
1765368000,50530,50530,50460,50515,4458
1765371600,50510,50620,50485,50565,6469
1765375200,50565,50575,50430,50505,9369
1765378800,50495,50495,50370,50390,6985
1765382400,50390,50560,50335,50525,7341
1765386000,50520,50530,50450,50515,2045
1765389600,50515,50530,50455,50490,1989
1765393200,50485,50760,50485,50760,12598
1765396800,50765,50910,50715,50895,7179
1765400400,50845,50845,50845,50845,702
1765407600,50735,50840,50630,50790,5778
1765411200,50785,50820,50450,50620,15584
1765414800,50620,50725,50500,50535,7676
1765418400,50530,50540,50250,50285,7614
1765422000,50230,50230,49915,50095,10076
1765425600,50095,50220,50025,50155,7463
1765429200,50155,50215,50090,50205,5243
1765432800,50205,50240,50095,50140,7512
1765440000,50300,50365,50170,50360,20702
1765443600,50355,50460,50335,50445,12588
1765447200,50445,50490,50415,50465,8642
1765450800,50470,50490,50430,50485,6448
1765454400,50485,50590,50480,50570,12038
1765458000,50570,50580,50485,50500,7989
1765461600,50500,50565,50280,50305,26566
1765465200,50305,50615,50285,50585,30181
1765468800,50585,50660,50495,50535,15700
1765472400,50535,50670,50535,50635,5017
1765476000,50630,50765,50625,50755,9262
1765479600,50755,50900,50755,50880,8593
1765483200,50875,50925,50865,50895,7831
1765486800,50910,50910,50910,50910,888
1765494000,50820,50940,50725,50730,19798
1765497600,50730,51175,50530,50960,102217
1765501200,50955,50990,50500,50665,59517
1765504800,50665,50725,50625,50680,15249
1765508400,50675,50715,50585,50640,18549
1765512000,50645,50660,50515,50575,21560
1765515600,50575,50950,50570,50920,36140
1765519200,50925,50950,50760,50760,32030
1765526400,50770,50780,50690,50730,16161
1765530000,50725,50740,50545,50575,17807
1765533600,50570,50640,50500,50555,12038
1765537200,50555,50560,50485,50525,9761
1765540800,50530,50615,50465,50580,10982
1765544400,50575,50690,50570,50685,7330
1765548000,50690,50710,50565,50565,15653
1765551600,50565,50575,49970,49990,46300
1765555200,49985,50095,49740,49855,46752
1765558800,49850,50080,49835,50030,19250
1765562400,50035,50185,49995,50085,14538
1765566000,50085,50105,50005,50040,6291
1765569600,50040,50085,49940,49995,8750
1765573200,50000,50000,50000,50000,1093
1765753200,50030,50175,50000,50080,16231
1765756800,50075,50410,50000,50235,75620
1765760400,50230,50275,50140,50250,28732
1765764000,50250,50275,50045,50105,27336
1765767600,50105,50140,50005,50095,21131
1765771200,50095,50255,50050,50250,25426
1765774800,50250,50265,50155,50245,24512
1765778400,50245,50295,50130,50240,28547
1765785600,50220,50305,50110,50285,16279
1765789200,50285,50330,50265,50305,8060
1765792800,50300,50350,50280,50290,9767
1765796400,50295,50310,50275,50290,4708
1765800000,50295,50360,50245,50340,7613
1765803600,50340,50355,50295,50345,6453
1765807200,50345,50365,50155,50170,21271
1765810800,50165,50180,49910,50105,38201
1765814400,50105,50250,50055,50125,20514
1765818000,50125,50140,50000,50055,8569
1765821600,50055,50145,50000,50120,5216
1765825200,50115,50160,50080,50140,5308
1765828800,50140,50160,50080,50095,6195
1765832400,50095,50095,50095,50095,1122
1765839600,50030,50065,49970,50020,10948
1765843200,50025,50065,49515,49710,90401
1765846800,49710,49815,49535,49600,38214
1765850400,49600,49600,49475,49545,23587
1765854000,49545,49650,49395,49605,30165
1765857600,49600,49635,49525,49585,20086
1765861200,49585,49595,49440,49470,26330
1765864800,49470,49575,49390,49460,37846
1765872000,49455,49710,49455,49705,21178
1765875600,49700,49720,49530,49545,15229
1765879200,49545,49715,49520,49675,11479
1765882800,49675,49705,49635,49700,6582
1765886400,49695,49750,49680,49695,8132
1765890000,49690,49835,49590,49655,24660
1765893600,49655,49905,49620,49870,38572
1765897200,49865,49875,49530,49800,37832
1765900800,49800,49825,49670,49785,19542
1765904400,49790,49835,49615,49615,13348
1765908000,49610,49730,49525,49670,14514
1765911600,49665,49700,49545,49665,8570
1765915200,49665,49805,49655,49730,5974
1765918800,49680,49680,49680,49680,882
1765926000,49770,49780,49545,49565,14844
1765929600,49560,49560,49120,49315,91585
1765933200,49310,49595,49310,49590,43016
1765936800,49590,49620,49520,49555,17184
1765940400,49560,49615,49485,49505,19251
1765944000,49510,49560,49285,49295,28665
1765947600,49300,49605,49270,49585,28792
1765951200,49585,49710,49545,49710,26838
1765958400,49710,49750,49640,49690,18172
1765962000,49685,49755,49645,49735,11547
1765965600,49735,49780,49695,49715,8550
1765969200,49715,49730,49680,49715,9132
1765972800,49715,49720,49640,49690,6362
1765976400,49690,49700,49540,49625,20249
1765980000,49625,49690,49490,49585,25043
1765983600,49585,49620,49175,49205,33450
1765987200,49200,49300,49075,49160,29379
1765990800,49160,49240,49085,49130,12741
1765994400,49130,49185,48960,49030,12955
1765998000,49030,49050,48935,49015,7270
1766001600,49015,49045,48975,48985,5576
1766005200,48945,48945,48945,48945,983
1766012400,49120,49135,48805,48835,17783
1766016000,48835,49205,48665,49070,101382
1766019600,49070,49110,48865,48965,36137
1766023200,48960,49090,48885,49020,22978
1766026800,49020,49040,48820,48945,28566
1766030400,48945,49145,48910,49120,22355
1766034000,49120,49155,49005,49145,22705
1766037600,49140,49150,49045,49150,25345
1766044800,49165,49270,49140,49225,19480
1766048400,49220,49275,49190,49270,7723
1766052000,49265,49285,49195,49205,7455
1766055600,49205,49240,49165,49235,6660
1766059200,49230,49265,49205,49235,7436
1766062800,49240,49480,49205,49380,24314
1766066400,49380,49500,49220,49390,31927
1766070000,49390,49575,49255,49475,32791
1766073600,49465,49520,49410,49455,11458
1766077200,49455,49460,49145,49385,18704
1766080800,49390,49495,49355,49395,7091
1766084400,49390,49395,49215,49230,8473
1766088000,49235,49420,49220,49335,7024
1766091600,49290,49290,49290,49290,825
1766098800,49325,49460,49300,49405,13992
1766102400,49410,49535,49280,49500,67896
1766106000,49495,49560,49365,49545,39160
1766109600,49540,49705,49490,49625,20797
1766113200,49620,49880,49500,49630,40719
1766116800,49635,49680,49430,49525,34856
1766120400,49520,49680,49510,49620,25944
1766124000,49615,49665,49455,49550,34042
1766131200,49750,50045,49735,50005,40882
1766134800,50005,50020,49930,50010,15110
1766138400,50010,50090,49980,50020,12146
1766142000,50020,50040,49895,49985,12842
1766145600,49990,50020,49920,49925,10654
1766149200,49925,50085,49910,50040,12413
1766152800,50035,50325,50005,50320,32165
1766156400,50315,50365,50220,50270,23653
1766160000,50265,50340,50245,50280,10982
1766163600,50280,50375,50280,50335,7566
1766167200,50335,50360,50310,50335,3890
1766170800,50335,50455,50335,50440,7969
1766174400,50440,50455,50325,50340,8245
1766178000,50330,50330,50330,50330,1194
1766358000,50480,50555,50430,50465,14148
1766361600,50465,50545,50260,50395,69983
1766365200,50400,50625,50385,50535,40126
1766368800,50530,50550,50435,50510,15232
1766372400,50510,50545,50395,50490,18620
1766376000,50495,50525,50440,50490,13188
1766379600,50490,50515,50400,50445,15803
1766383200,50445,50505,50375,50420,26501
1766390400,50485,50535,50370,50385,17152
1766394000,50385,50415,50340,50375,9445
1766397600,50380,50390,50325,50340,5485
1766401200,50335,50370,50330,50350,4091
1766404800,50350,50375,50305,50325,5857
1766408400,50325,50360,50240,50310,14518
1766412000,50310,50325,50160,50240,18078
1766415600,50240,50295,50190,50265,10823
1766419200,50265,50330,50265,50285,6260
1766422800,50290,50320,50265,50305,3287
1766426400,50305,50310,50270,50275,1505
1766430000,50275,50305,50235,50300,1886
1766433600,50300,50335,50285,50305,2281
1766437200,50330,50330,50330,50330,810
1766444400,50300,50455,50300,50450,9704
1766448000,50450,50570,50355,50405,53847
1766451600,50400,50540,50375,50505,24008
1766455200,50500,50550,50380,50435,16557
1766458800,50435,50470,50400,50435,10936
1766462400,50430,50440,50285,50305,19805
1766466000,50300,50445,50290,50380,20378
1766469600,50375,50500,50360,50490,20809
1766476800,50475,50505,50400,50460,11766
1766480400,50455,50520,50415,50495,6631
1766484000,50500,50535,50475,50490,5242
1766487600,50495,50505,50460,50485,3114
1766491200,50490,50510,50465,50490,4757
1766494800,50490,50610,50485,50560,16184
1766498400,50555,50715,50535,50595,22406
1766502000,50590,50605,50500,50535,13074
1766505600,50540,50555,50475,50485,6681
1766509200,50485,50490,50440,50440,5136
1766512800,50440,50515,50440,50500,3129
1766516400,50500,50560,50495,50515,2737
1766520000,50520,50570,50500,50560,4540
1766523600,50575,50575,50575,50575,787
1766530800,50565,50585,50490,50545,9459
1766534400,50550,50665,50460,50650,50014
1766538000,50650,50670,50565,50590,20000
1766541600,50585,50595,50480,50495,14733
1766545200,50500,50515,50435,50490,15071
1766548800,50485,50510,50385,50405,11049
1766552400,50400,50425,50345,50390,14281
1766556000,50390,50415,50345,50345,14731
1766563200,50305,50365,50265,50345,11797
1766566800,50345,50400,50295,50395,5888
1766570400,50400,50420,50365,50380,4736
1766574000,50375,50395,50370,50390,2475
1766577600,50390,50435,50390,50425,4307
1766581200,50425,50430,50360,50415,3943
1766584800,50415,50415,50280,50325,8539
1766588400,50320,50420,50305,50405,6744
1766592000,50410,50480,50405,50465,4921
1766595600,50465,50500,50435,50445,5423
1766599200,50445,50465,50425,50440,1449
1766602800,50435,50445,50430,50445,270
1766606400,50445,50465,50430,50460,746
1766610000,50480,50480,50480,50480,738
1766617200,50410,50470,50395,50470,5452
1766620800,50470,50520,50360,50410,25461
1766624400,50410,50460,50370,50390,8416
1766628000,50395,50400,50330,50370,7516
1766631600,50370,50440,50335,50405,7751
1766635200,50405,50410,50310,50320,7959
1766638800,50315,50405,50310,50395,7198
1766642400,50390,50510,50385,50510,14272
1766649600,50510,50530,50475,50480,4418
1766653200,50480,50490,50480,50485,657
1766656800,50485,50490,50480,50485,280
1766660400,50485,50485,50460,50475,775
1766664000,50475,50480,50465,50475,498
1766667600,50475,50480,50470,50480,195
1766671200,50480,50495,50475,50495,520
1766674800,50490,50495,50485,50485,66
1766678400,50495,50495,50485,50490,96
1766682000,50490,50495,50490,50490,18
1766685600,50490,50510,50485,50510,336
1766689200,50505,50510,50490,50500,158
1766692800,50500,50520,50490,50515,392
1766696400,50495,50495,50495,50495,558
1766703600,50500,50550,50495,50530,7365
1766707200,50530,50920,50520,50795,64386
1766710800,50790,50935,50740,50870,26493
1766714400,50865,50960,50850,50855,13476
1766718000,50855,50970,50855,50880,15954
1766721600,50875,50910,50800,50820,17066
1766725200,50820,50830,50675,50700,20787
1766728800,50695,50775,50635,50725,24573
1766736000,50720,50720,50640,50710,12661
1766739600,50705,50740,50695,50715,3547
1766743200,50715,50755,50700,50710,3850
1766746800,50715,50725,50645,50660,4696
1766750400,50670,50680,50625,50630,3983
1766754000,50630,50655,50590,50620,5699
1766757600,50620,50660,50495,50520,13724
1766761200,50520,50635,50425,50630,14602
1766764800,50630,50670,50585,50630,5377
1766768400,50625,50690,50615,50660,4107
1766772000,50660,50665,50590,50635,3492
1766775600,50630,50655,50615,50620,1895
1766779200,50620,50690,50595,50675,2549
1766782800,50690,50690,50690,50690,894
1766962800,50800,50820,50690,50760,10304
1766966400,50765,50780,50400,50650,70382
1766970000,50655,50715,50490,50590,27893
1766973600,50590,50620,50540,50550,12016
1766977200,50550,50705,50520,50650,15793
1766980800,50650,50755,50645,50675,14478
1766984400,50680,50685,50470,50475,24099
1766988000,50475,50565,50440,50480,31136
1766995200,50450,50465,50335,50370,15179
1766998800,50375,50455,50375,50425,7910
1767002400,50425,50465,50405,50435,5492
1767006000,50440,50470,50410,50460,3695
1767009600,50465,50465,50355,50370,5728
1767013200,50370,50395,50280,50345,8879
1767016800,50345,50475,50265,50365,20796
1767020400,50365,50465,50280,50325,17876
1767024000,50330,50360,50270,50305,8598
1767027600,50310,50325,50245,50320,4468
1767031200,50315,50360,50295,50305,2770
1767034800,50310,50400,50295,50390,1909
1767038400,50395,50395,50350,50350,2183
1767042000,50350,50350,50350,50350,827
1767049200,50285,50355,50240,50330,8675
1767052800,50335,50530,50255,50520,52394
1767056400,50520,50540,50440,50450,21561
1767060000,50450,50530,50405,50495,12098
1767063600,50495,50565,50435,50465,15098
1767067200,50465,50600,50430,50555,17228
1767070800,50555,50555,50470,50485,15443
1767074400,50485,50500,50375,50500,26919
1767081600,50440,50505,50425,50495,10317
1767085200,50490,50505,50450,50485,6170
1767088800,50485,50500,50440,50465,3902
1767092400,50470,50535,50455,50505,6814
1767096000,50505,50600,50495,50585,6593
1767099600,50585,50635,50570,50615,6177
1767103200,50610,50650,50550,50630,7834
1767106800,50630,50685,50580,50665,6225
1767110400,50660,50730,50650,50680,6434
1767114000,50680,50705,50660,50670,2231
1767117600,50670,50705,50655,50680,1670
1767121200,50680,50695,50650,50680,2265
1767124800,50680,50685,50615,50615,2577
1767128400,50620,50620,50620,50620,1508
1767567600,50805,51270,50795,51230,33882
1767571200,51235,51780,51235,51765,119737
1767574800,51760,51890,51660,51720,50871
1767578400,51725,51825,51635,51680,22848
1767582000,51675,51745,51630,51715,20265
1767585600,51720,51955,51710,51925,27019
1767589200,51930,52095,51905,52070,34988
1767592800,52075,52090,51820,51820,48463
1767600000,51800,51945,51755,51890,28326
1767603600,51890,51960,51875,51925,11706
1767607200,51920,52040,51885,51920,13357
1767610800,51915,51970,51875,51960,7987
1767614400,51960,52030,51945,52005,8161
1767618000,52010,52065,51955,52015,10476
1767621600,52015,52120,51950,52015,29334
1767625200,52015,52240,51950,52220,17129
1767628800,52215,52300,52190,52265,10663
1767632400,52270,52285,52210,52225,4146
1767636000,52225,52230,52155,52175,4141
1767639600,52180,52200,52135,52170,2734
1767643200,52160,52220,52155,52215,4015
1767646800,52215,52215,52215,52215,945
1767654000,52155,52290,52130,52210,15503
1767657600,52210,52520,52075,52150,91866
1767661200,52150,52380,52110,52340,37128
1767664800,52340,52355,52135,52255,21701
1767668400,52260,52340,52220,52315,20669
1767672000,52315,52480,52310,52470,22166
1767675600,52475,52580,52425,52460,30850
1767679200,52460,52690,52455,52690,37261
1767686400,52655,52660,52220,52250,36421
1767690000,52245,52265,52115,52160,19331
1767693600,52160,52195,52070,52130,13310
1767697200,52130,52165,52045,52070,9160
1767700800,52070,52190,52040,52170,10683
1767704400,52175,52220,52005,52040,16480
1767708000,52040,52180,51955,52155,24607
1767711600,52155,52215,52105,52120,18267
1767715200,52115,52130,52015,52050,12310
1767718800,52050,52080,51990,52040,8345
1767722400,52035,52065,52005,52060,4114
1767726000,52055,52070,52025,52070,3393
1767729600,52065,52125,52055,52070,4272
1767733200,52055,52055,52055,52055,768
1767740400,52090,52280,52080,52235,16128
1767744000,52235,52455,52165,52315,62968
1767747600,52320,52465,52270,52285,29388
1767751200,52285,52340,52225,52255,16633
1767754800,52260,52300,52140,52150,18008
1767758400,52150,52155,51905,51925,31429
1767762000,51925,52100,51885,51980,28604
1767765600,51980,52070,51960,52010,27558
1767772800,52050,52065,51935,51940,13807
1767776400,51945,51980,51900,51980,7586
1767780000,51975,52070,51965,52065,8009
1767783600,52070,52135,52050,52070,10051
1767787200,52065,52070,51945,51980,10156
1767790800,51980,52030,51965,52000,7054
1767794400,52005,52035,51930,51945,11467
1767798000,51950,52040,51905,51995,15939
1767801600,51995,52125,51995,52120,5767
1767805200,52120,52120,52045,52060,3935
1767808800,52060,52090,52025,52080,2848
1767812400,52075,52110,52025,52095,2570
1767816000,52095,52105,51910,51985,5458
1767819600,51985,51985,51985,51985,651
1767826800,51920,51965,51760,51795,14082
1767830400,51800,51900,51545,51650,65493
1767834000,51650,51750,51570,51745,26931
1767837600,51745,51810,51475,51495,36364
1767841200,51495,51535,51385,51420,32645
1767844800,51425,51455,51335,51365,23760
1767848400,51365,51425,51310,51340,23908
1767852000,51335,51400,51090,51190,64126
1767859200,51350,51575,51350,51535,30647
1767862800,51535,51550,51460,51520,9758
1767866400,51520,51525,51430,51520,9198
1767870000,51515,51550,51365,51480,16616
1767873600,51480,51480,51340,51375,15925
1767877200,51375,51505,51350,51485,9977
1767880800,51485,51560,51380,51415,20677
1767884400,51415,51600,51355,51490,19142
1767888000,51490,51505,51405,51500,9116
1767891600,51500,51535,51430,51510,6108
1767895200,51510,51510,51410,51470,5549
1767898800,51465,51525,51440,51500,2749
1767902400,51500,51600,51490,51585,4059
1767906000,51610,51610,51610,51610,973
1767913200,51560,51590,51390,51505,15986
1767916800,51505,51705,51370,51380,72518
1767920400,51385,51555,51385,51550,30164
1767924000,51545,51810,51545,51775,31456
1767927600,51775,51785,51705,51770,17503
1767931200,51770,51890,51770,51870,21690
1767934800,51875,52025,51870,52000,29659
1767938400,52000,52110,51900,52075,34007
1767945600,52020,52100,51970,52030,17632
1767949200,52035,52170,52025,52140,12866
1767952800,52145,52190,52120,52140,7264
1767956400,52140,52215,52135,52185,7659
1767960000,52185,52225,52145,52215,7332
1767963600,52210,52350,52165,52300,18011
1767967200,52300,53860,52240,53845,127686
1767970800,53845,53865,53410,53515,57313
1767974400,53520,53700,53495,53660,17133
1767978000,53660,53680,53530,53585,9115
1767981600,53585,53620,53520,53600,5060
1767985200,53600,53665,53570,53640,3883
1767988800,53635,53650,53575,53600,4599
1767992400,53595,53595,53595,53595,1116
1768172400,53770,54080,53730,53830,17813
1768176000,53825,54025,53725,53930,32743
1768179600,53930,54030,53845,53855,20829
1768183200,53855,53955,53800,53855,13371
1768186800,53855,53975,53825,53915,10032
1768190400,53915,53920,53780,53795,8838
1768194000,53795,53815,53675,53780,13814
1768197600,53775,53910,53770,53880,9058
1768204800,53805,53935,53770,53910,13431
1768208400,53915,54130,53885,53960,16130
1768212000,53965,54050,53925,54010,6469
1768215600,54010,54045,53975,54000,5175
1768219200,53995,54035,53890,53980,8875
1768222800,53975,53990,53905,53985,5747
1768226400,53985,54040,53865,53965,15336
1768230000,53965,54090,53945,54085,10291
1768233600,54085,54160,54005,54020,9579
1768237200,54020,54145,53980,54140,5326
1768240800,54135,54170,54130,54155,3020
1768244400,54150,54185,54130,54145,3041
1768248000,54140,54160,54110,54155,2838
1768251600,54160,54160,54160,54160,834
1768258800,54160,54170,53910,53925,19869
1768262400,53920,53990,53590,53770,97345
1768266000,53770,53810,53625,53645,37889
1768269600,53640,53795,53540,53780,25049
1768273200,53780,53810,53560,53600,25605
1768276800,53600,53830,53595,53695,38318
1768280400,53700,53790,53635,53670,31112
1768284000,53670,53760,53510,53760,42332
1768291200,53780,53920,53745,53845,25252
1768294800,53850,53890,53810,53820,9482
1768298400,53825,53900,53810,53825,9212
1768302000,53825,53945,53825,53925,7553
1768305600,53920,53955,53845,53845,8671
1768309200,53845,54055,53830,54030,18513
1768312800,54025,54195,54025,54080,25915
1768316400,54070,54080,53820,54055,31288
1768320000,54050,54145,54000,54115,12054
1768323600,54115,54155,54000,54020,6262
1768327200,54015,54050,53940,54010,5407
1768330800,54015,54050,53965,54030,4810
1768334400,54030,54030,53885,53970,5181
1768338000,53970,53970,53970,53970,663
1768345200,54000,54045,53840,54015,14034
1768348800,54010,54365,53855,54240,94285
1768352400,54240,54470,54240,54440,49322
1768356000,54440,54520,54380,54455,22899
1768359600,54450,54550,54355,54510,29356
1768363200,54505,54510,54185,54210,36957
1768366800,54205,54420,54160,54325,36070
1768370400,54325,54465,54300,54340,31419
1768377600,54430,54505,54360,54435,19713
1768381200,54435,54540,54415,54535,11905
1768384800,54540,54570,54195,54220,24356
1768388400,54215,54290,54045,54065,18952
1768392000,54065,54160,53675,54115,38570
1768395600,54120,54205,54090,54105,14149
1768399200,54105,54125,53910,54055,33137
1768402800,54045,54255,53930,54000,26989
1768406400,54000,54165,53790,53815,24209
1768410000,53810,53900,53790,53830,11810
1768413600,53830,53975,53815,53970,7308
1768417200,53965,53980,53905,53940,3735
1768420800,53940,54100,53880,54015,7148
1768424400,54065,54065,54065,54065,694
1768431600,53995,54090,53960,54000,11915
1768435200,54000,54130,53755,53800,72983
1768438800,53800,54000,53770,53975,40898
1768442400,53980,54015,53880,53930,21794
1768446000,53930,53945,53780,53835,23296
1768449600,53835,53995,53835,53970,22365
1768453200,53970,54030,53885,53925,34614
1768456800,53925,54215,53860,54200,68830
1768464000,54225,54375,54130,54320,32201
1768467600,54320,54395,54275,54325,15621
1768471200,54325,54465,54310,54455,10969
1768474800,54450,54500,54445,54470,10811
1768478400,54470,54500,54370,54410,10222
1768482000,54410,54500,54365,54380,12157
1768485600,54380,54435,54325,54365,23479
1768489200,54360,54390,54180,54315,27353
1768492800,54310,54340,54250,54295,7989
1768496400,54295,54320,54225,54230,4029
1768500000,54230,54285,54190,54195,5101
1768503600,54200,54215,54035,54060,9098
1768507200,54055,54075,53960,54015,7015
1768510800,54000,54000,54000,54000,587
1768518000,54030,54145,54000,54110,13030
1768521600,54110,54180,53785,53890,73675
1768525200,53895,53985,53760,53930,33110
1768528800,53930,53980,53800,53940,18395
1768532400,53945,54060,53890,53955,25128
1768536000,53950,54165,53925,54110,26020
1768539600,54115,54155,54060,54110,26821
1768543200,54105,54110,53965,54060,27655
1768550400,54020,54100,53950,53995,15587
1768554000,53995,54010,53915,53930,7672
1768557600,53930,54000,53925,53945,7446
1768561200,53945,53950,53850,53865,10122
1768564800,53860,53875,53810,53835,8385
1768568400,53835,53835,53715,53745,12945
1768572000,53750,53815,53615,53630,20768
1768575600,53625,53745,53590,53700,21226
1768579200,53700,53790,53650,53750,11159
1768582800,53750,53760,53685,53695,4998
1768586400,53690,53805,53685,53745,4493
1768590000,53745,53795,53690,53720,4409
1768593600,53720,53745,53665,53725,4232
1768597200,53725,53725,53725,53725,865
1768777200,53460,53480,53250,53430,22543
1768780800,53425,53600,53225,53300,80175
1768784400,53300,53365,53130,53270,39525
1768788000,53270,53460,53265,53395,24747
1768791600,53395,53530,53340,53480,18861
1768795200,53485,53545,53455,53470,15557
1768798800,53475,53615,53430,53555,24177
1768802400,53555,53695,53550,53660,23015
1768809600,53510,53735,53485,53710,19002
1768813200,53715,53730,53425,53500,29560
1768816800,53500,53585,53460,53470,8903
1768820400,53470,53570,53465,53550,8075
1768824000,53545,53600,53505,53595,6651
1768827600,53595,53665,53575,53650,8528
1768831200,53650,53680,53480,53555,12651
1768834800,53560,53590,53505,53535,9036
1768838400,53540,53595,53480,53535,7172
1768842000,53530,53570,53520,53525,2264
1768845600,53525,53535,53510,53530,584
1768849200,53530,53560,53525,53540,554
1768852800,53540,53550,53520,53530,752
1768856400,53495,53495,53495,53495,699
1768863600,53490,53560,53350,53420,13276
1768867200,53420,53475,52920,53120,82394
1768870800,53125,53270,53095,53100,31543
1768874400,53100,53200,52960,53115,26870
1768878000,53115,53130,52985,53040,20444
1768881600,53035,53060,52900,52940,22498
1768885200,52940,53165,52915,53155,24131
1768888800,53155,53155,52765,52805,37076
1768896000,52710,52740,52365,52430,50198
1768899600,52430,52455,52080,52120,39190
1768903200,52120,52315,52045,52215,27046
1768906800,52215,52270,52130,52165,14501
1768910400,52160,52265,52105,52225,15322
1768914000,52225,52260,52015,52105,23243
1768917600,52105,52330,52000,52295,49066
1768921200,52285,52465,52155,52460,33469
1768924800,52455,52550,52385,52530,18396
1768928400,52525,52540,52320,52380,9130
1768932000,52375,52390,52175,52230,7912
1768935600,52230,52310,52140,52190,9452
1768939200,52195,52220,52100,52115,8402
1768942800,52125,52125,52125,52125,838
1768950000,52200,52215,51855,51975,22367
1768953600,51975,52685,51975,52610,90185
1768957200,52610,52880,52575,52830,48735
1768960800,52835,52850,52625,52695,23488
1768964400,52695,52890,52645,52670,24440
1768968000,52665,52795,52620,52690,21367
1768971600,52690,52870,52655,52800,26883
1768975200,52800,52840,52710,52835,25620
1768982400,52750,52810,52675,52770,15811
1768986000,52770,52780,52545,52550,10905
1768989600,52550,52730,52545,52675,9115
1768993200,52675,52675,52460,52475,12558
1768996800,52480,52575,52425,52545,14151
1769000400,52550,52630,52480,52590,12533
1769004000,52585,53095,52515,53080,47625
1769007600,53080,53205,52990,53180,24143
1769011200,53180,53185,52770,52785,16489
1769014800,52785,52860,52640,52815,15332
1769018400,52815,52955,52675,52925,7282
1769022000,52925,53510,52850,53490,24363
1769025600,53490,53510,53225,53270,10147
1769029200,53230,53230,53230,53230,832
1769036400,53450,53610,53400,53595,17620
1769040000,53600,53660,53320,53425,68089
1769043600,53430,53815,53350,53740,49368
1769047200,53740,53865,53725,53785,25135
1769050800,53785,53860,53725,53815,23880
1769054400,53815,53905,53745,53890,27145
1769058000,53895,53960,53850,53855,25981
1769061600,53860,53880,53665,53730,38369
1769068800,53790,53930,53765,53920,21261
1769072400,53920,54000,53880,53935,15764
1769076000,53935,53980,53880,53980,8712
1769079600,53975,53995,53910,53925,9572
1769083200,53930,54040,53915,54020,9869
1769086800,54020,54140,53960,54135,13608
1769090400,54140,54140,53880,53935,24387
1769094000,53930,54065,53880,54030,16971
1769097600,54030,54080,53955,53970,7368
1769101200,53970,54060,53945,54035,4786
1769104800,54030,54135,54000,54115,7351
1769108400,54120,54155,54040,54040,3692
1769112000,54035,54100,53985,54050,5485
1769115600,54055,54055,54055,54055,804
1769122800,53930,54020,53875,53990,14296
1769126400,53985,54000,53650,53860,65127
1769130000,53860,53925,53785,53860,25285
1769133600,53855,53940,53840,53895,12232
1769137200,53895,54085,53820,54000,27440
1769140800,54000,54030,53735,53760,28705
1769144400,53755,53885,53695,53865,23675
1769148000,53865,53920,53675,53700,23864
1769155200,53700,53710,53420,53450,38901
1769158800,53445,53490,53275,53375,24131
1769162400,53375,53440,53355,53435,10270
1769166000,53435,53565,53385,53410,19057
1769169600,53405,53435,53330,53415,12025
1769173200,53410,53430,53285,53325,11661
1769176800,53320,53410,53300,53405,18707
1769180400,53405,53575,53385,53545,18738
1769184000,53540,53550,53295,53370,19655
1769187600,53365,53365,52885,52915,28037
1769191200,52920,53045,52910,53000,10493
1769194800,53000,53110,52950,52960,9274
1769198400,52960,52985,52875,52935,5461
1769202000,52895,52895,52895,52895,665
1769382000,52360,52720,52265,52660,28016
1769385600,52665,53175,52595,52955,104697
1769389200,52960,53130,52880,52940,39250
1769392800,52940,52985,52705,52760,24735
1769396400,52760,52960,52755,52885,21626
1769400000,52880,52925,52730,52755,22174
1769403600,52750,52980,52690,52975,23928
1769407200,52975,53025,52760,52860,47559
1769414400,52935,52955,52725,52780,26672
1769418000,52785,52825,52205,52340,36109
1769421600,52340,52540,52320,52420,17569
1769425200,52420,52510,52360,52500,10851
1769428800,52495,52615,52490,52595,9085
1769432400,52595,52665,52575,52620,8816
1769436000,52620,52755,52585,52705,17251
1769439600,52700,52735,52530,52655,14738
1769443200,52655,52670,52550,52560,8229
1769446800,52560,52665,52550,52625,4755
1769450400,52620,52655,52570,52645,3413
1769454000,52640,52675,52540,52545,3337
1769457600,52550,52615,52520,52595,3248
1769461200,52600,52600,52600,52600,879
1769468400,52695,52915,52695,52890,17355
1769472000,52890,52990,52655,52925,68770
1769475600,52925,53025,52830,52900,28873
1769479200,52900,53050,52870,53030,17804
1769482800,53025,53185,53020,53150,24299
1769486400,53155,53325,53150,53315,23738
1769490000,53320,53335,53250,53305,20849
1769493600,53305,53390,53245,53350,34232
1769500800,53340,53340,53160,53185,18300
1769504400,53185,53285,52910,53030,30610
1769508000,53025,53175,53000,53020,16012
1769511600,53020,53060,52955,53030,12292
1769515200,53030,53045,52855,52865,13928
1769518800,52860,52925,52780,52860,17964
1769522400,52860,52980,52765,52915,19354
1769526000,52920,53115,52785,53095,21297
1769529600,53095,53110,53030,53060,7880
1769533200,53055,53080,52925,52930,7646
1769536800,52935,53035,52875,53020,5931
1769540400,53020,53070,53005,53045,4017
1769544000,53035,53080,52840,52850,6756
1769547600,52830,52830,52830,52830,744
1769554800,53000,53075,52920,52975,16674
1769558400,52980,53100,52810,53010,73201
1769562000,53010,53160,52945,53015,37770
1769565600,53015,53180,53000,53070,19166
1769569200,53065,53205,52960,53005,27277
1769572800,53005,53140,53000,53020,17601
1769576400,53020,53195,53015,53100,21331
1769580000,53100,53825,53100,53690,91025
1769587200,53800,53820,53530,53540,32226
1769590800,53540,53590,53440,53470,14208
1769594400,53470,53490,53390,53430,10269
1769598000,53425,53450,53340,53360,9993
1769601600,53360,53395,53200,53230,20156
1769605200,53230,53320,53190,53255,11406
1769608800,53255,53510,53250,53430,37542
1769612400,53425,53650,53385,53505,28153
1769616000,53510,53685,53505,53560,13049
1769619600,53555,53700,53530,53665,7473
1769623200,53660,53740,53650,53700,4606
1769626800,53695,53805,53665,53740,9786
1769630400,53745,53835,53735,53770,5877
1769634000,53705,53705,53705,53705,752
1769641200,53845,54130,53835,54030,23485
1769644800,54030,54085,53255,53500,130324
1769648400,53500,53540,53125,53325,64463
1769652000,53330,53430,53140,53190,32714
1769655600,53195,53420,53195,53405,28635
1769659200,53405,53520,53330,53455,28096
1769662800,53455,53570,53365,53545,25052
1769666400,53550,53575,53315,53315,25372
1769673600,53435,53540,53350,53425,18359
1769677200,53425,53515,53340,53350,11426
1769680800,53345,53415,53325,53355,11049
1769684400,53360,53420,53345,53410,9419
1769688000,53410,53445,53310,53355,9375
1769691600,53355,53500,53350,53495,10655
1769695200,53495,53515,53075,53085,31347
1769698800,53085,53115,52390,52450,81665
1769702400,52450,52745,52395,52690,33816
1769706000,52695,53010,52690,52840,17059
1769709600,52840,53055,52830,53000,12281
1769713200,52995,53135,52975,53030,5975
1769716800,53035,53235,53025,53220,6460
1769720400,53295,53295,53295,53295,793
1769727600,53150,53305,53140,53285,14681
1769731200,53285,53615,53210,53520,72692
1769734800,53525,53605,53125,53205,44014
1769738400,53200,53250,52915,53165,45356
1769742000,53170,53280,53155,53240,29703
1769745600,53240,53470,53230,53460,25814
1769749200,53455,53530,53435,53450,25885
1769752800,53450,53475,53290,53390,35565
1769760000,53200,53340,53075,53325,36040
1769763600,53330,53360,53105,53155,18834
1769767200,53155,53305,53130,53260,14484
1769770800,53265,53630,53260,53615,22417
1769774400,53615,53665,53475,53510,18056
1769778000,53510,53595,53405,53530,16406
1769781600,53530,53805,53510,53590,32839
1769785200,53595,53770,53520,53540,31702
1769788800,53535,53605,53405,53485,23820
1769792400,53475,53570,53330,53420,19843
1769796000,53420,53515,53140,53470,22803
1769799600,53475,53560,53390,53435,10722
1769803200,53435,53515,53355,53425,9335
1769806800,53465,53465,53465,53465,707
1769986800,53685,53720,53500,53645,19763
1769990400,53640,54230,53325,54150,116398
1769994000,54155,54275,53465,53505,83990
1769997600,53500,53555,53220,53260,54905
1770001200,53260,53325,52865,52900,62540
1770004800,52900,53115,52720,53005,73389
1770008400,53005,53040,52680,52790,52217
1770012000,52785,52855,52585,52630,44621
1770019200,52895,53235,52890,53190,39017
1770022800,53190,53235,53055,53205,18773
1770026400,53205,53265,53135,53165,13943
1770030000,53165,53310,53135,53240,12896
1770033600,53240,53325,53240,53265,8964
1770037200,53265,53385,53205,53360,12301
1770040800,53365,53605,53325,53545,29266
1770044400,53550,53845,53540,53760,29463
1770048000,53760,53900,53715,53885,10840
1770051600,53880,53990,53870,53960,7078
1770055200,53960,53970,53865,53945,6158
1770058800,53940,53965,53825,53830,4276
1770062400,53825,53915,53795,53910,7073
1770066000,53930,53930,53930,53930,1089
1770073200,53900,54080,53885,54015,16078
1770076800,54020,54125,53825,54050,85388
1770080400,54050,54395,53990,54365,50058
1770084000,54375,54380,54145,54330,32234
1770087600,54325,54550,54310,54540,35726
1770091200,54540,54815,54530,54805,48341
1770094800,54805,54825,54695,54760,36266
1770098400,54760,54835,54620,54620,42376
1770105600,54680,54740,54500,54505,28893
1770109200,54510,54600,54435,54510,17800
1770112800,54510,54595,54410,54435,11141
1770116400,54435,54445,54330,54395,13346
1770120000,54395,54495,54335,54485,14009
1770123600,54490,54510,54370,54415,12450
1770127200,54415,54420,54030,54035,35689
1770130800,54035,54175,53980,54135,35537
1770134400,54135,54140,53925,53970,16464
1770138000,53965,53995,53695,53770,24320
1770141600,53770,53845,53560,53565,14874
1770145200,53565,53775,53510,53735,21604
1770148800,53730,54080,53670,54065,13795
1770152400,54090,54090,54090,54090,671
1770159600,54030,54125,53900,54120,19406
1770163200,54125,54225,53985,54060,74189
1770166800,54060,54435,54060,54410,41856
1770170400,54410,54495,54360,54405,22618
1770174000,54410,54470,54280,54375,26481
1770177600,54375,54405,54205,54230,26428
1770181200,54230,54400,54200,54390,25643
1770184800,54395,54515,54310,54515,36300
1770192000,54535,54670,54475,54575,26694
1770195600,54575,54635,54435,54630,16788
1770199200,54625,54750,54615,54705,15059
1770202800,54710,54800,54655,54775,10284
1770206400,54775,54810,54725,54770,11228
1770210000,54775,54880,54740,54765,17215
1770213600,54760,55020,54715,54795,40382
1770217200,54780,55120,54665,54845,62380
1770220800,54845,54890,54385,54600,34200
1770224400,54590,54625,54160,54335,27060
1770228000,54330,54445,54175,54370,18259
1770231600,54380,54705,54260,54660,15846
1770235200,54655,54675,54560,54610,8172
1770238800,54505,54505,54505,54505,1055
1770246000,54580,54605,54300,54355,18216
1770249600,54355,54505,54055,54415,73094
1770253200,54415,54450,54200,54220,32646
1770256800,54220,54230,53750,53790,58813
1770260400,53795,53980,53690,53700,37686
1770264000,53705,53940,53705,53895,27682
1770267600,53900,53915,53735,53830,25775
1770271200,53830,53990,53825,53990,31220
1770278400,54130,54285,54045,54105,31921
1770282000,54105,54295,54040,54205,16850
1770285600,54205,54275,54140,54230,10684
1770289200,54225,54330,54205,54290,11075
1770292800,54285,54355,53755,53875,37808
1770296400,53875,54045,53815,53840,25061
1770300000,53845,54320,53750,54130,50364
1770303600,54130,54215,53765,53890,50237
1770307200,53895,54235,53725,54205,32045
1770310800,54210,54310,53975,54130,20931
1770314400,54130,54215,53945,54000,10573
1770318000,54000,54230,53990,54050,8084
1770321600,54055,54210,53840,53905,8029
1770325200,53900,53900,53900,53900,850
1770332400,53615,53620,53245,53345,27319
1770336000,53350,53570,52965,53560,97668
1770339600,53555,53780,53300,53765,50517
1770343200,53765,54120,53765,54110,44137
1770346800,54105,54280,53875,54165,50125
1770350400,54160,54170,53905,53955,32125
1770354000,53960,54210,53910,54170,35195
1770357600,54170,54410,54165,54410,43159
1770364800,54330,54890,54235,54890,46301
1770368400,54885,55280,54820,55250,46596
1770372000,55250,55315,55135,55190,20195
1770375600,55185,55390,55180,55365,20281
1770379200,55365,55520,55295,55370,25228
1770382800,55365,55560,55360,55520,23127
1770386400,55520,55965,55450,55840,44202
1770390000,55840,56010,55730,55955,43643
1770393600,55955,56180,55930,56110,32590
1770397200,56110,56295,56100,56265,13688
1770400800,56265,56340,56245,56290,8518
1770404400,56290,56320,56250,56275,7210
1770408000,56275,56430,56265,56430,9232
1770411600,56505,56505,56505,56505,2894
1770591600,58000,58000,57585,57590,53454
1770595200,57585,57630,56830,57160,189150
1770598800,57160,57250,56635,56730,85656
1770602400,56725,56890,56670,56755,40717
1770606000,56755,56855,56500,56525,48421
1770609600,56525,56690,56480,56595,35200
1770613200,56590,56820,56490,56765,48618
1770616800,56765,56765,56135,56135,76636
1770624000,56295,56615,56265,56505,38380
1770627600,56505,56710,56420,56460,21753
1770631200,56465,56515,56080,56340,30894
1770634800,56345,56415,56160,56180,16843
1770638400,56180,56435,56115,56435,15132
1770642000,56435,56515,56305,56335,15731
1770645600,56335,56535,56080,56475,31118
1770649200,56475,56940,56465,56910,32555
1770652800,56920,57025,56890,57000,16349
1770656400,57005,57065,56995,57015,8342
1770660000,57020,57120,56955,57080,9193
1770663600,57085,57275,57070,57240,8101
1770667200,57240,57270,57140,57215,7424
1770670800,57195,57195,57195,57195,700
1770678000,57000,57230,56960,57080,20320
1770681600,57075,57600,57060,57560,84125
1770685200,57565,58000,57525,57810,75696
1770688800,57810,58040,57695,57965,40955
1770692400,57965,57980,57685,57765,34050
1770696000,57760,57770,57575,57725,33468
1770699600,57725,57840,57635,57730,33882
1770703200,57730,57745,57525,57600,35318
1770710400,57730,58240,57730,58225,51099
1770714000,58225,58485,58115,58180,44580
1770717600,58180,58305,58075,58150,23673
1770721200,58150,58180,57990,58135,18412
1770724800,58135,58210,57730,57770,37217
1770728400,57770,57940,57705,57845,29059
1770732000,57845,58135,57535,58090,41276
1770735600,58090,58105,57820,57890,27688
1770739200,57885,57990,57775,57980,16294
1770742800,57980,58185,57940,58150,11347
1770746400,58150,58155,57915,58030,11109
1770750000,58040,58115,58020,58070,4479
1770753600,58070,58085,57900,57930,5361
1770757200,57855,57855,57855,57855,1023
1770764400,57890,58180,57865,58080,7582
1770768000,58080,58250,57955,58130,21470
1770771600,58135,58320,58090,58200,15068
1770775200,58200,58290,58110,58205,11893
1770778800,58210,58215,58090,58110,7497
1770782400,58110,58170,57930,58025,12338
1770786000,58025,58110,57935,57960,9766
1770789600,57965,58060,57900,58045,9996
1770796800,58100,58160,57930,58075,17129
1770800400,58080,58200,58040,58050,9255
1770804000,58050,58075,57970,58045,8094
1770807600,58050,58135,57995,58005,7159
1770811200,58005,58100,57990,58020,6810
1770814800,58020,58470,58005,58415,34727
1770818400,58410,58525,58310,58350,28669
1770822000,58350,58400,57750,58100,46289
1770825600,58100,58275,57990,58110,16440
1770829200,58110,58220,58050,58095,9124
1770832800,58095,58130,57995,58100,6105
1770836400,58100,58250,58070,58150,4330
1770840000,58150,58255,58140,58185,4424
1770843600,58155,58155,58155,58155,617
1770850800,58100,58115,57880,57890,15413
1770854400,57885,58060,57725,57965,56635
1770858000,57965,57990,57620,57710,34815
1770861600,57710,57770,57590,57700,20900
1770865200,57690,57875,57610,57800,20320
1770868800,57800,57910,57695,57810,22469
1770872400,57810,57905,57785,57880,19183
1770876000,57885,57890,57360,57440,43116
1770883200,57550,57655,57460,57585,20897
1770886800,57585,57715,57555,57685,14430
1770890400,57680,57720,57585,57645,10001
1770894000,57645,57795,57640,57760,9479
1770897600,57760,57760,57640,57720,9138
1770901200,57720,57775,57685,57750,7449
1770904800,57755,57765,57405,57435,23216
1770908400,57430,57550,57225,57235,26451
1770912000,57235,57275,56540,56795,50863
1770915600,56795,57025,56675,56770,19808
1770919200,56765,56975,56710,56940,12622
1770922800,56945,57035,56810,56980,6574
1770926400,56980,57000,56655,56765,7737
1770930000,56725,56725,56725,56725,1004
1770937200,56900,57175,56805,56960,25987
1770940800,56960,57370,56670,56820,105080
1770944400,56825,57270,56825,57145,41195
1770948000,57145,57325,57145,57260,19236
1770951600,57260,57350,57130,57175,30263
1770955200,57175,57365,57145,57300,22392
1770958800,57300,57315,56875,56980,40864
1770962400,56980,57145,56885,56990,35153
1770969600,57150,57385,56955,57345,34778
1770973200,57345,57490,57210,57395,18795
1770976800,57395,57470,57280,57280,11845
1770980400,57275,57305,57105,57300,19580
1770984000,57290,57330,57135,57255,18069
1770987600,57250,57525,57165,57430,30515
1770991200,57425,57550,57020,57125,52851
1770994800,57130,57555,57120,57375,43167
1770998400,57380,57525,57300,57455,19824
1771002000,57455,57685,57425,57615,14237
1771005600,57610,57700,57515,57610,10979
1771009200,57610,57670,57445,57450,10865
1771012800,57450,57620,57330,57610,13300
1771016400,57600,57600,57600,57600,925
1771196400,57540,57585,57360,57505,18423
1771200000,57500,57500,56865,56955,72452
1771203600,56960,57035,56825,56935,28714
1771207200,56935,56935,56785,56815,16978
1771210800,56815,57020,56800,57020,19041
1771214400,57020,57085,56945,57030,19120
1771218000,57030,57070,56920,56975,14552
1771221600,56975,57045,56805,56900,22824
1771228800,56985,57075,56890,56990,16758
1771232400,56990,57095,56965,57040,9032
1771236000,57035,57040,56945,56980,7383
1771239600,56980,56990,56915,56955,5559
1771243200,56950,56950,56870,56940,6569
1771246800,56940,56965,56900,56930,4097
1771250400,56925,56930,56700,56815,16214
1771254000,56810,56855,56705,56730,7784
1771257600,56740,56810,56705,56760,5826
1771261200,56755,56795,56725,56740,2617
1771264800,56745,56770,56735,56760,471
1771268400,56760,56775,56750,56770,520
1771272000,56770,56790,56760,56780,730
1771275600,56760,56760,56760,56760,594
1771282800,56875,56950,56790,56855,10119
1771286400,56860,56910,56425,56470,64685
1771290000,56470,56625,56370,56415,35752
1771293600,56410,56430,56260,56325,25134
1771297200,56325,56340,56145,56275,28160
1771300800,56275,56420,56240,56395,21863
1771304400,56395,56400,56215,56360,20195
1771308000,56360,56610,56350,56610,26723
1771315200,56680,56950,56640,56685,27278
1771318800,56690,56840,56665,56820,10506
1771322400,56820,56845,56630,56670,8894
1771326000,56670,56820,56610,56790,11420
1771329600,56790,56860,56710,56715,13996
1771333200,56710,56865,56530,56730,28639
1771336800,56730,56900,56480,56500,39861
1771340400,56490,56800,56465,56750,36194
1771344000,56750,57010,56725,56975,21908
1771347600,56970,56980,56760,56890,11583
1771351200,56890,57200,56840,57170,13945
1771354800,57170,57175,57065,57080,7576
1771358400,57085,57130,57015,57095,6600
1771362000,57090,57090,57090,57090,679
1771369200,56955,56965,56800,56810,12413
1771372800,56810,57175,56770,57065,56197
1771376400,57065,57250,56930,57240,32999
1771380000,57240,57320,57215,57240,18173
1771383600,57240,57305,57180,57270,17272
1771387200,57270,57415,57250,57370,23376
1771390800,57370,57380,57235,57235,17292
1771394400,57235,57265,57125,57260,25680
1771401600,57300,57365,57235,57340,17230
1771405200,57340,57420,57285,57290,11723
1771408800,57290,57400,57285,57360,7050
1771412400,57360,57390,57200,57215,10438
1771416000,57220,57280,57070,57160,15558
1771419600,57165,57320,57130,57150,16196
1771423200,57155,57555,57120,57515,30183
1771426800,57515,57675,57495,57630,20349
1771430400,57635,57715,57605,57625,8961
1771434000,57630,57725,57615,57685,5161
1771437600,57690,57745,57485,57580,8243
1771441200,57575,57625,57340,57385,11678
1771444800,57385,57580,57355,57565,7978
1771448400,57550,57550,57550,57550,857
1771455600,57570,57650,57435,57455,13545
1771459200,57455,57660,57365,57600,49344
1771462800,57595,57685,57505,57575,21609
1771466400,57580,57665,57460,57645,22072
1771470000,57650,57665,57505,57585,16546
1771473600,57585,57725,57530,57545,21512
1771477200,57545,57640,57540,57555,17654
1771480800,57555,57595,57470,57560,21321
1771488000,57550,57565,57200,57260,24418
1771491600,57265,57315,57095,57180,18937
1771495200,57180,57205,57035,57085,18701
1771498800,57085,57150,57015,57080,10337
1771502400,57080,57085,56965,57050,11858
1771506000,57050,57140,56970,57070,15343
1771509600,57065,57085,56820,56965,35118
1771513200,56965,57100,56900,57005,22476
1771516800,57005,57040,56860,56920,15658
1771520400,56920,57000,56810,56840,9810
1771524000,56840,56950,56760,56945,8144
1771527600,56940,56990,56885,56935,4812
1771531200,56935,57000,56935,56990,3795
1771534800,57020,57020,57020,57020,714
1771542000,57105,57120,56990,57085,14637
1771545600,57090,57110,56730,56845,60787
1771549200,56840,56920,56695,56710,28468
1771552800,56715,56835,56695,56795,17016
1771556400,56795,56875,56715,56725,20820
1771560000,56725,56860,56705,56855,18104
1771563600,56855,56880,56740,56805,18907
1771567200,56805,56880,56785,56845,27604
1771574400,56820,56995,56765,56975,18516
1771578000,56975,57100,56915,56930,13789
1771581600,56930,56980,56890,56895,8375
1771585200,56895,56895,56790,56835,11379
1771588800,56840,56865,56710,56780,10726
1771592400,56775,56830,56655,56765,18633
1771596000,56765,56860,56655,56830,30848
1771599600,56845,57285,56750,57120,66252
1771603200,57125,57175,56990,57140,22680
1771606800,57140,57160,56835,57065,25401
1771610400,57060,57200,56940,57165,22270
1771614000,57170,57180,57065,57090,7335
1771617600,57090,57160,57090,57125,7257
1771621200,57140,57140,57140,57140,812
1771801200,56855,56990,56760,56985,11378
1771804800,56980,56985,56520,56520,27945
1771808400,56520,56745,56460,56605,17818
1771812000,56605,56665,56465,56635,12652
1771815600,56635,56660,56545,56640,6094
1771819200,56635,56665,56570,56610,4566
1771822800,56605,56615,56550,56600,4557
1771826400,56595,56650,56580,56650,4195
1771833600,56895,56950,56820,56945,14067
1771837200,56950,57085,56950,57020,9348
1771840800,57020,57055,56915,56990,8935
1771844400,56995,57035,56945,56985,5727
1771848000,56990,57005,56865,56895,8360
1771851600,56895,56935,56845,56885,7843
1771855200,56885,57170,56885,57125,25363
1771858800,57120,57150,56655,56670,24907
1771862400,56665,56715,56575,56670,18378
1771866000,56670,56745,56525,56720,9859
1771869600,56720,56930,56715,56780,8662
1771873200,56785,56820,56685,56745,3542
1771876800,56740,56820,56695,56700,3604
1771880400,56745,56745,56745,56745,613
1771887600,56780,56810,56650,56655,14100
1771891200,56660,57295,56660,57240,77636
1771894800,57240,57330,57135,57240,31019
1771898400,57235,57270,57055,57245,20117
1771902000,57245,57380,57210,57370,20275
1771905600,57370,57410,57290,57335,18099
1771909200,57340,57420,57315,57360,17398
1771912800,57355,57380,57205,57340,29329
1771920000,57665,57690,57340,57375,35972
1771923600,57370,57575,57330,57555,15858
1771927200,57550,57655,57535,57640,10905
1771930800,57645,57705,57555,57620,9956
1771934400,57620,57740,57490,57535,16999
1771938000,57540,57700,57510,57695,11343
1771941600,57695,57820,57455,57740,28835
1771945200,57740,57930,57650,57920,24982
1771948800,57920,57960,57900,57955,11438
1771952400,57955,58055,57920,58035,7553
1771956000,58035,58090,58010,58010,4756
1771959600,58010,58020,57920,57960,4610
1771963200,57965,58035,57935,58000,4432
1771966800,57975,57975,57975,57975,912
1771974000,58030,58040,57900,57900,11976
1771977600,57900,58055,57745,57880,61949
1771981200,57885,58240,57865,58130,42771
1771984800,58130,58210,58075,58160,18120
1771988400,58155,58665,58055,58585,59432
1771992000,58590,58895,58545,58800,49599
1771995600,58800,58880,58665,58685,35192
1771999200,58685,58785,58535,58785,39413
1772006400,58790,59185,58770,59165,35615
1772010000,59160,59360,59140,59280,25282
1772013600,59285,59520,59215,59460,22333
1772017200,59460,59650,59415,59635,18065
1772020800,59630,59650,59370,59415,19348
1772024400,59410,59570,59410,59460,13350
1772028000,59460,59670,59430,59595,23300
1772031600,59600,59610,59415,59495,16003
1772035200,59490,59610,59455,59560,8018
1772038800,59560,59625,59530,59600,4640
1772042400,59605,59650,59595,59620,2933
1772046000,59615,59680,59585,59660,3186
1772049600,59665,59710,59600,59675,5068
1772053200,59680,59680,59680,59680,843
1772060400,59335,59355,59155,59300,25694
1772064000,59305,59375,58805,58810,90499
1772067600,58805,59070,58710,59040,47730
1772071200,59035,59070,58885,58945,14440
1772074800,58945,58995,58780,58840,20514
1772078400,58840,58885,58695,58730,18759
1772082000,58725,58765,58620,58760,21856
1772085600,58765,58905,58710,58850,34141
1772092800,58810,59000,58770,58885,19250
1772096400,58885,59100,58850,59035,12411
1772100000,59040,59070,59000,59030,7839
1772103600,59030,59185,59010,59160,10095
1772107200,59165,59240,59150,59190,10943
1772110800,59190,59255,59170,59225,7451
1772114400,59220,59250,58825,58850,33103
1772118000,58845,58915,58270,58690,60058
1772121600,58695,58810,58470,58470,26509
1772125200,58475,58590,58415,58460,9667
1772128800,58460,58695,58400,58635,8932
1772132400,58630,58760,58625,58705,5375
1772136000,58700,58760,58620,58660,3865
1772139600,58705,58705,58705,58705,625
1772146800,58505,58565,58380,58455,15804
1772150400,58455,58515,58165,58310,57505
1772154000,58310,58430,58250,58380,26305
1772157600,58380,58630,58365,58625,22780
1772161200,58625,58895,58620,58830,24625
1772164800,58830,58945,58780,58785,23171
1772168400,58785,58975,58780,58895,23622
1772172000,58895,59100,58745,59100,44300
1772179200,59220,59385,59165,59290,31512
1772182800,59295,59425,59185,59185,23637
1772186400,59185,59220,59020,59115,17277
1772190000,59115,59145,58875,58940,15609
1772193600,58940,58990,58785,58830,17390
1772197200,58830,58885,58465,58635,32455
1772200800,58635,58665,58355,58480,36756
1772204400,58475,58785,58455,58745,32046
1772208000,58740,58825,58655,58700,17709
1772211600,58705,58825,58575,58640,12220
1772215200,58640,58665,58560,58615,6061
1772218800,58615,58690,58550,58585,5749
1772222400,58585,58760,58585,58620,7765
1772226000,58685,58685,58685,58685,860
1772406000,57770,57965,57440,57490,40259
1772409600,57490,57905,57295,57870,120329
1772413200,57865,58405,57845,58015,77913
1772416800,58015,58140,57870,57975,30710
1772420400,57975,58100,57885,58035,22815
1772424000,58040,58165,57880,57880,34238
1772427600,57880,58005,57785,57820,33539
1772431200,57820,58110,57795,58000,39037
1772438400,57700,57725,57135,57365,67474
1772442000,57360,57665,57300,57480,29973
1772445600,57480,57620,57390,57430,20167
1772449200,57435,57530,57325,57440,20119
1772452800,57440,57470,57205,57240,20857
1772456400,57240,57465,57145,57180,25340
1772460000,57180,57565,57060,57425,44284
1772463600,57420,57625,57355,57410,38019
1772467200,57405,57775,57350,57665,28329
1772470800,57660,57810,57615,57755,13840
1772474400,57760,57790,57590,57600,6856
1772478000,57600,57880,57595,57800,7935
1772481600,57795,57805,57485,57695,13625
1772485200,57700,57700,57700,57700,769
1772492400,57540,57745,57540,57730,17421
1772496000,57730,57885,57450,57455,70313
1772499600,57460,57545,56995,57000,55680
1772503200,57005,57020,56630,56795,87092
1772506800,56800,57040,56500,56825,58874
1772510400,56820,56835,56335,56375,50409
1772514000,56375,56615,56210,56250,58431
1772517600,56250,56380,56110,56150,56556
1772524800,55675,55685,54660,54705,94170
1772528400,54705,54960,54100,54130,72916
1772532000,54135,54255,53610,54110,83533
1772535600,54105,54420,53790,54230,52833
1772539200,54230,54780,54180,54745,54925
1772542800,54750,54775,54135,54255,52710
1772546400,54250,54345,53760,53880,76132
1772550000,53880,54130,53600,54015,72343
1772553600,54015,54765,53960,54685,51922
1772557200,54680,54890,54510,54745,26455
1772560800,54750,55275,54745,55220,23903
1772564400,55220,55725,55110,55545,26347
1772568000,55545,55610,55255,55330,13875
1772571600,55330,55330,55330,55330,917
1772578800,55000,55295,54825,54975,28921
1772582400,54985,55720,54550,54940,143836
1772586000,54935,55165,54310,54480,90182
1772589600,54480,54655,53960,54170,69829
1772593200,54165,54245,53640,54230,84063
1772596800,54230,54445,53830,53990,74027
1772600400,53990,54295,53900,54115,64464
1772604000,54115,54485,53945,54275,55231
1772611200,54720,55310,54615,55010,59764
1772614800,55010,55560,54935,55545,33655
1772618400,55540,55985,55475,55980,51312
1772622000,55980,56235,55815,55850,39053
1772625600,55850,56050,55655,55865,33710
1772629200,55865,56130,55815,55860,31849
1772632800,55870,55915,55485,55720,42067
1772636400,55720,56235,55715,56200,33173
1772640000,56200,56220,55835,56170,17820
1772643600,56175,56280,56045,56240,10130
1772647200,56240,56385,56160,56380,6385
1772650800,56380,56415,56310,56395,5964
1772654400,56395,56480,56305,56445,7202
1772658000,56385,56385,56385,56385,680
1772665200,56300,56350,56075,56235,16488
1772668800,56230,56640,56095,56540,87553
1772672400,56540,56615,55580,55660,80016
1772676000,55660,55880,55465,55675,48755
1772679600,55675,55785,55010,55080,61529
1772683200,55070,55710,54905,55700,59181
1772686800,55705,55725,55365,55375,47909
1772690400,55375,55390,55030,55140,64244
1772697600,55280,55440,54850,55380,49683
1772701200,55375,56105,55360,55830,70471
1772704800,55830,55980,55745,55950,23463
1772708400,55955,56130,55705,55745,31974
1772712000,55750,55945,55610,55655,21416
1772715600,55655,55665,55265,55270,31351
1772719200,55270,55430,55015,55405,53922
1772722800,55405,55470,54580,54880,52398
1772726400,54880,54900,54420,54705,38680
1772730000,54720,54865,54160,54170,31463
1772733600,54160,54310,54000,54125,23605
1772737200,54125,54245,53945,54130,17464
1772740800,54130,54635,54080,54610,20816
1772744400,54610,54610,54610,54610,776
1772751600,54795,54800,54475,54580,19291
1772755200,54580,55240,54555,54990,80649
1772758800,54990,55235,54515,55090,62277
1772762400,55095,55520,55050,55320,32048
1772766000,55320,55570,55210,55550,32652
1772769600,55545,55595,55230,55390,34002
1772773200,55395,55700,55385,55500,30655
1772776800,55500,55730,55495,55730,30516
1772784000,55630,55790,55310,55675,31302
1772787600,55680,55695,54900,55040,39179
1772791200,55045,55345,55030,55260,22045
1772794800,55250,55265,54775,54800,28304
1772798400,54815,54885,54615,54730,33381
1772802000,54730,54880,54040,54090,43231
1772805600,54090,54225,53735,53865,61059
1772809200,53865,54285,53805,54040,58538
1772812800,54035,54280,53940,54170,30898
1772816400,54170,54240,53815,53970,17471
1772820000,53970,54470,53955,54225,18695
1772823600,54225,54415,54190,54335,10172
1772827200,54330,54445,53880,54040,14720
1772830800,54005,54005,54005,54005,882
1773010800,51760,52255,51525,52230,38972
1773014400,52230,52685,51935,52080,139350
1773018000,52085,52210,51425,51440,89734
1773021600,51445,52085,51395,51990,57237
1773025200,51990,52245,51710,51800,44278
1773028800,51800,52145,51675,51730,39221
1773032400,51735,52745,51645,52745,87868
1773036000,52745,52950,52430,52590,70548
1773043200,52600,53100,52210,52945,67728
1773046800,52945,53455,52570,53200,54166
1773050400,53195,53255,52790,52860,28025
1773054000,52855,53100,52760,52990,22673
1773057600,52990,53325,52850,52980,26974
1773061200,52975,53475,52900,53075,46541
1773064800,53075,53495,52705,53370,53372
1773068400,53370,53820,53370,53730,35879
1773072000,53730,53895,53665,53850,22074
1773075600,53855,53860,53455,53615,15650
1773079200,53615,53825,53610,53645,10141
1773082800,53650,54945,53635,54680,38715
1773086400,54680,54795,54410,54610,11494
1773090000,54585,54585,54585,54585,616
1773097200,54410,54545,54135,54260,20966
1773100800,54265,54460,53960,54290,79504
1773104400,54290,54710,54235,54625,48782
1773108000,54620,54645,54040,54090,29039
1773111600,54085,54205,53540,53795,45234
1773115200,53800,54095,53730,53885,33624
1773118800,53885,54245,53865,54215,27773
1773122400,54215,54455,54050,54455,37900
1773129600,54735,55410,54725,55130,46620
1773133200,55125,55360,55085,55155,21093
1773136800,55150,55220,54915,55080,20415
1773140400,55075,55280,54730,54830,22986
1773144000,54835,54835,54450,54675,28359
1773147600,54670,54790,54480,54515,32411
1773151200,54525,55280,54290,55280,42418
1773154800,55270,55375,55180,55230,22276
1773158400,55230,55380,55015,55370,16974
1773162000,55365,55790,55310,55515,23291
1773165600,55515,55530,54780,54955,27997
1773169200,54960,55145,54700,54880,15174
1773172800,54885,54970,54775,54810,4042
1773176400,54860,54860,54860,54860,561
1773183600,54840,55120,54800,55070,12459
1773187200,55075,55530,54930,55270,57534
1773190800,55275,55490,55220,55395,22701
1773194400,55400,55555,55250,55500,19783
1773198000,55495,55745,55450,55715,18382
1773201600,55715,55730,55605,55645,8502
1773205200,55540,55615,55140,55140,28080
1773208800,54985,55210,54855,55210,29420
1773216000,54855,54915,54440,54570,30619
1773219600,54565,54570,54315,54330,18320
1773223200,54335,54875,54290,54840,20216
1773226800,54835,54925,54415,54475,22245
1773230400,54475,54710,54290,54370,19328
1773234000,54370,54840,54360,54820,27623
1773237600,54815,55160,54580,54910,37314
1773241200,54905,54965,54415,54430,18151
1773244800,54425,54705,54330,54690,15581
1773248400,54685,54755,54380,54535,10703
1773252000,54530,54695,54420,54640,4962
1773255600,54645,54800,54550,54785,4483
1773259200,54780,54790,54680,54735,1445
1773262800,54675,54675,54675,54675,867
1773270000,53955,54195,53770,54145,6620
1773273600,54165,54500,54095,54460,18128
1773277200,54455,54720,54295,54450,10875
1773280800,54450,54450,53870,53935,6535
1773284400,53920,54005,53780,53895,6222
1773288000,54065,54215,53920,53935,8051
1773291600,53930,54310,53930,54255,8346
1773295200,54250,54515,54210,54425,6471
1773302400,54380,54575,54250,54460,25156
1773306000,54460,54510,54180,54490,14781
1773309600,54495,54545,54305,54325,12733
1773313200,54320,54475,54250,54295,11768
1773316800,54300,54325,54080,54230,16189
1773320400,54230,54310,53630,53760,42778
1773324000,53760,53935,53530,53615,38670
1773327600,53610,53735,53285,53705,36218
1773331200,53705,53885,53450,53750,25440
1773334800,53745,53865,53610,53695,11140
1773338400,53700,53805,53625,53630,5642
1773342000,53630,53765,53510,53550,9717
1773345600,53555,53590,53485,53540,2928
1773349200,53510,53510,53510,53510,639
1773356400,53650,53665,53250,53255,18544
1773360000,53255,53615,52805,53415,85347
1773363600,53420,53855,53420,53605,40441
1773367200,53600,53720,53490,53585,19437
1773370800,53585,53685,53460,53655,19232
1773374400,53650,53710,53410,53435,22274
1773378000,53435,53625,53375,53575,19978
1773381600,53570,53655,53305,53375,34690
1773388800,52990,53065,52480,53025,53279
1773392400,53025,53250,52945,53080,25560
1773396000,53085,53605,53065,53590,27311
1773399600,53585,53685,53470,53660,18309
1773403200,53665,53895,53570,53750,21944
1773406800,53745,54065,53705,53755,35113
1773410400,53760,53845,53200,53225,41500
1773414000,53230,53455,53000,53050,34099
1773417600,53045,53245,53005,53075,21513
1773421200,53080,53230,52870,52935,13869
1773424800,52940,53185,52885,53140,10265
1773428400,53135,53135,52875,53010,11354
1773432000,53010,53025,52935,53000,3328
1773435600,52925,52925,52925,52925,926
1773615600,53120,53495,53115,53460,15686
1773619200,53465,53765,53330,53530,67451
1773622800,53535,53595,52970,53230,43477
1773626400,53230,53260,52880,53005,30004
1773630000,53005,53410,52985,53370,24866
1773633600,53375,53480,53300,53330,23068
1773637200,53330,53520,53180,53495,25296
1773640800,53490,53550,53425,53525,23353
1773648000,53315,53510,53205,53335,29275
1773651600,53335,53395,53170,53255,16991
1773655200,53255,53850,53235,53845,21613
1773658800,53845,53905,53715,53880,15849
1773662400,53885,54155,53880,54025,22886
1773666000,54025,54325,54020,54305,26682
1773669600,54310,54360,54010,54250,24336
1773673200,54250,54315,54085,54095,15265
1773676800,54090,54175,53950,54050,17705
1773680400,54050,54185,54000,54070,9478
1773684000,54075,54235,54070,54180,7131
1773687600,54180,54375,54085,54265,13840
1773691200,54265,54310,54145,54190,4674
1773694800,54190,54190,54190,54190,666
1773702000,54140,54260,54075,54115,12006
1773705600,54120,54200,53550,53650,66503
1773709200,53655,53855,53600,53815,26001
1773712800,53815,53830,53690,53690,10458
1773716400,53695,53850,53635,53710,16901
1773720000,53705,53820,53655,53735,14007
1773723600,53735,53785,53450,53470,20599
1773727200,53465,53510,53240,53420,38263
1773734400,53520,53645,53450,53530,22937
1773738000,53525,53845,53525,53810,23013
1773741600,53810,53835,53645,53825,11847
1773745200,53820,53840,53725,53740,7541
1773748800,53740,54075,53725,54050,16295
1773752400,54060,54400,54050,54320,28406
1773756000,54315,54365,54160,54300,23031
1773759600,54300,54335,53945,54020,24758
1773763200,54015,54085,53900,53990,13056
1773766800,53985,54140,53975,54130,5840
1773770400,54135,54185,54030,54100,4818
1773774000,54110,54125,54035,54110,3137
1773777600,54115,54250,54090,54195,3704
1773781200,54230,54230,54230,54230,591
1773788400,54170,54215,54040,54060,10678
1773792000,54060,54385,54025,54355,55801
1773795600,54365,54625,54360,54480,37906
1773799200,54480,54690,54475,54685,22949
1773802800,54685,54840,54635,54815,23585
1773806400,54820,54965,54820,54925,26948
1773810000,54925,54980,54860,54925,20319
1773813600,54920,55095,54825,54910,44627
1773820800,54800,54800,54585,54665,27090
1773824400,54665,54695,54525,54540,13642
1773828000,54540,54675,54510,54535,9637
1773831600,54535,54610,54310,54435,23940
1773835200,54435,54445,53835,53850,51182
1773838800,53850,54140,53785,54085,39787
1773842400,54085,54180,53810,53995,29671
1773846000,53995,54105,53900,53950,13921
1773849600,53950,54000,53850,53955,10248
1773853200,53955,54085,53870,54045,7971
1773856800,54050,54110,53695,53725,17710
1773860400,53725,53850,53430,53490,20014
1773864000,53495,53495,53135,53260,10104
1773867600,53295,53295,53295,53295,915
1773874800,53545,53550,53350,53360,17430
1773878400,53365,53675,53280,53495,68464
1773882000,53500,53605,53370,53495,33633
1773885600,53500,53720,53370,53575,27075
1773889200,53580,53625,53435,53435,21607
1773892800,53435,53435,53185,53235,31229
1773896400,53240,53320,52940,52945,36547
1773900000,52950,53170,52840,52985,50887
1773907200,52650,52845,52235,52405,54080
1773910800,52405,52815,52170,52760,52124
1773914400,52755,52755,52355,52440,19535
1773918000,52440,52535,52195,52410,19349
1773921600,52410,52445,51885,51940,36054
1773925200,51945,52285,51675,52255,69324
1773928800,52250,52430,52045,52330,39935
1773932400,52320,52590,52090,52390,38406
1773936000,52390,52490,52180,52280,21949
1773939600,52280,52370,52035,52285,13021
1773943200,52280,52485,52165,52455,12312
1773946800,52460,53130,52435,52840,39588
1773950400,52840,53010,52800,52970,7849
1773954000,53005,53005,53005,53005,988
1773961200,53125,53240,53050,53150,8039
1773964800,53150,53200,52830,53070,21162
1773968400,53075,53385,53020,53200,28960
1773972000,53205,53295,53145,53240,7530
1773975600,53245,53265,53160,53210,5949
1773979200,53210,53250,53135,53175,4427
1773982800,53170,53250,53050,53240,10788
1773986400,53235,53285,53085,53085,7894
1773993600,53245,53455,53205,53290,26128
1773997200,53295,53335,52670,52760,28999
1774000800,52755,52800,52470,52625,27682
1774004400,52630,52945,52610,52930,19605
1774008000,52930,53050,52815,52965,23381
1774011600,52965,52990,52505,52505,32873
1774015200,52505,52595,51920,52000,53758
1774018800,52000,52160,51815,51875,32453
1774022400,51875,52050,51630,51740,21126
1774026000,51745,51810,51460,51650,19173
1774029600,51650,51690,51200,51275,17459
1774033200,51280,51345,50900,51070,27375
1774036800,51065,51135,50965,51045,13530
1774040400,51075,51075,51075,51075,1175
1774220400,51150,51160,50765,50940,29730
1774224000,50945,51415,50465,50495,108664
1774227600,50495,51390,50425,51255,71574
1774231200,51260,51475,51090,51190,39395
1774234800,51185,51280,50940,51000,35439
1774238400,50995,51285,50890,51265,29649
1774242000,51260,51425,51135,51315,41316
1774245600,51315,51360,51040,51040,52835
1774252800,50690,51445,50660,51370,41768
1774256400,51375,51655,51100,51155,33256
1774260000,51155,51335,50950,51205,22833
1774263600,51210,54005,51205,52490,139616
1774267200,52480,53255,52240,53170,67834
1774270800,53175,53315,52625,53070,55192
1774274400,53070,53420,52985,53380,45396
1774278000,53375,53610,52785,52800,43426
1774281600,52805,52925,52560,52795,26907
1774285200,52790,53195,52740,53115,14671
1774288800,53110,53345,52925,53215,14090
1774292400,53205,53245,52970,52975,9279
1774296000,52970,53050,52910,52985,4633
1774299600,53005,53005,53005,53005,467
1774306800,52930,53010,52670,52760,16368
1774310400,52760,52760,51775,51990,103335
1774314000,51985,52020,51560,51650,54370
1774317600,51645,51830,51385,51660,37717
1774321200,51665,51815,51465,51815,26041
1774324800,51815,51985,51620,51655,30029
1774328400,51655,51810,51465,51795,38427
1774332000,51795,52245,51770,52240,42113
1774339200,52690,52865,52315,52400,52754
1774342800,52415,52595,52115,52540,30791
1774346400,52545,52640,52365,52530,20746
1774350000,52530,52610,52165,52580,23096
1774353600,52585,52625,52140,52195,25167
1774357200,52190,52285,51940,52175,42056
1774360800,52175,52605,52090,52385,46838
1774364400,52385,52690,52370,52440,28482
1774368000,52440,52630,52385,52565,18766
1774371600,52565,52595,52225,52505,20902
1774375200,52495,52815,52410,52625,12019
1774378800,52615,52740,52400,52435,8569
1774382400,52435,53420,52430,53040,22327
1774386000,53040,53040,53040,53040,534
1774393200,53150,53275,53080,53250,15726
1774396800,53245,53785,53235,53635,90735
1774400400,53630,53735,53420,53430,44609
1774404000,53430,53485,53200,53225,27692
1774407600,53220,53425,53130,53425,25684
1774411200,53430,53665,53375,53575,25040
1774414800,53580,53630,53455,53510,25529
1774418400,53510,53535,53370,53480,34533
1774425600,53615,54130,53585,53650,41440
1774429200,53650,53790,53485,53650,21689
1774432800,53660,53810,53535,53615,14887
1774436400,53615,53845,53615,53780,16687
1774440000,53780,53915,53350,53610,29952
1774443600,53615,53765,53405,53455,27710
1774447200,53450,53795,53350,53715,29638
1774450800,53720,53745,53165,53500,28395
1774454400,53505,53695,53380,53675,18258
1774458000,53670,53820,53600,53675,11428
1774461600,53670,53790,53510,53630,9927
1774465200,53625,53720,53560,53670,8776
1774468800,53665,53695,53580,53610,2225
1774472400,53595,53595,53595,53595,595
1774479600,53400,53660,53245,53620,15268
1774483200,53625,53920,53620,53755,54679
1774486800,53760,53905,53690,53730,32150
1774490400,53725,53780,53105,53250,36805
1774494000,53250,53515,53245,53345,25543
1774497600,53345,53375,53135,53155,22806
1774501200,53160,53220,52905,53035,32226
1774504800,53035,53330,52955,53235,40693
1774512000,53145,53340,53025,53150,29901
1774515600,53150,53180,52810,53000,23743
1774519200,53000,53145,52910,52970,15678
1774522800,52970,53000,52630,52630,18212
1774526400,52635,52850,52585,52765,21316
1774530000,52765,53155,52760,53125,33084
1774533600,53125,53225,52670,52840,36898
1774537200,52845,52915,52735,52835,20419
1774540800,52835,52875,52535,52605,15386
1774544400,52605,52655,52295,52320,11523
1774548000,52320,52475,52320,52440,6688
1774551600,52445,52455,52125,52150,13156
1774555200,52140,52810,52080,52480,19733
1774558800,52400,52400,52400,52400,542
1774566000,52520,52705,52500,52670,16249
1774569600,52670,52885,52220,52310,74765
1774573200,52310,52845,52265,52735,46423
1774576800,52740,52965,52735,52910,28893
1774580400,52910,53190,52895,53170,28780
1774584000,53165,53345,53125,53310,23440
1774587600,53315,53440,53195,53215,33236
1774591200,53215,53285,52880,52880,55963
1774598400,52680,52770,52255,52260,42416
1774602000,52260,52280,52035,52065,27235
1774605600,52065,52180,51810,51840,23331
1774609200,51835,52015,51740,51920,20939
1774612800,51920,51945,51770,51895,15773
1774616400,51900,51975,51615,51635,33902
1774620000,51630,51815,51515,51695,34773
1774623600,51700,51970,51630,51755,26144
1774627200,51755,51795,51550,51650,12279
1774630800,51650,51755,51420,51435,12074
1774634400,51435,51515,51375,51395,9116
1774638000,51400,51420,51225,51365,13489
1774641600,51360,51435,51210,51285,7695
1774645200,51230,51230,51230,51230,691
1774825200,50990,50995,50650,50905,26083
1774828800,50915,51060,50485,50915,118141
1774832400,50915,51210,50885,51030,56773
1774836000,51035,51430,50885,51305,37823
1774839600,51305,51690,51290,51655,41244
1774843200,51660,51740,51560,51655,26704
1774846800,51650,51830,51640,51735,28838
1774850400,51740,52050,51710,52050,54135
1774857600,52075,52210,51925,52180,29045
1774861200,52180,52195,51815,51885,24479
1774864800,51885,51930,51780,51845,15482
1774868400,51850,52350,51845,51905,29252
1774872000,51905,52020,51830,52015,12105
1774875600,52015,52085,51580,51625,33929
1774879200,51620,51810,51485,51715,33745
1774882800,51715,51930,51560,51800,22549
1774886400,51800,51820,51470,51505,11842
1774890000,51505,51550,51215,51280,16534
1774893600,51275,51340,51100,51135,7273
1774897200,51135,51155,50930,51135,15272
1774900800,51130,51165,51020,51090,3574
1774904400,51080,51080,51080,51080,569
1774911600,51010,51095,50875,51085,16339
1774915200,51090,51665,50635,51450,127761
1774918800,51455,52260,51205,52035,93065
1774922400,52035,52085,51795,51835,44595
1774926000,51835,52030,51370,51390,40750
1774929600,51395,51445,51220,51315,34135
1774933200,51315,51745,51230,51610,45494
1774936800,51610,51635,51100,51195,60790
1774944000,51630,51725,51415,51470,31127
1774947600,51475,51650,51445,51520,15925
1774951200,51515,51640,51275,51480,17279
1774954800,51475,51925,51425,51840,40064
1774958400,51845,52025,51600,51780,35685
1774962000,51780,52100,51715,52070,28537
1774965600,52065,52125,51630,51695,28238
1774969200,51690,51980,51690,51740,24424
1774972800,51740,52880,51715,52555,45073
1774976400,52555,52845,52495,52670,26895
1774980000,52670,52900,52670,52885,10726
1774983600,52880,53135,52795,53075,16133
1774987200,53075,53215,53045,53060,9083
1774990800,53000,53000,53000,53000,848
1774998000,52895,53330,52865,53320,22421
1775001600,53325,53355,52775,53135,78672
1775005200,53140,53245,52815,53230,48397
1775008800,53235,53375,53160,53195,22501
1775012400,53195,53470,53165,53420,27284
1775016000,53415,53545,53410,53460,22561
1775019600,53460,53725,53460,53625,32988
1775023200,53630,54100,53600,54100,53332
1775030400,53890,54130,53700,53975,49327
1775034000,53980,54040,53675,53875,23346
1775037600,53880,54030,53785,53985,16719
1775041200,53995,54310,53970,54230,22317
1775044800,54230,54525,53915,53950,31151
1775048400,53950,54260,53825,54155,37001
1775052000,54145,54410,54080,54355,32914
1775055600,54355,54685,54285,54655,24567
1775059200,54655,54700,54540,54640,10455
1775062800,54640,54715,54450,54455,6966
1775066400,54460,54470,54030,54100,14011
1775070000,54100,54365,54085,54245,12146
1775073600,54240,54295,54150,54280,3117
1775077200,54275,54275,54275,54275,615
1775084400,54290,54365,54170,54265,14100
1775088000,54265,54355,54015,54260,71106
1775091600,54255,54300,52895,53090,165848
1775095200,53080,53220,52725,52855,55738
1775098800,52850,52850,52565,52600,37355
1775102400,52605,52775,52500,52535,30290
1775106000,52540,52635,52360,52370,33095
1775109600,52370,52605,52370,52420,46749
1775116800,52800,52845,52665,52720,23648
1775120400,52720,52755,52545,52590,17998
1775124000,52590,52615,52440,52560,16742
1775127600,52555,52585,52325,52330,17167
1775131200,52330,52455,52225,52350,22366
1775134800,52355,52770,52240,52760,34927
1775138400,52765,53660,52700,53305,78156
1775142000,53300,53375,53060,53165,32945
1775145600,53165,53325,53040,53200,14972
1775149200,53195,53375,53150,53225,9354
1775152800,53235,53385,53235,53345,6140
1775156400,53345,53440,53300,53395,8378
1775160000,53390,53410,53260,53300,3433
1775163600,53210,53210,53210,53210,586
1775170800,53360,53370,53075,53170,11315
1775174400,53175,53535,53140,53295,61670
1775178000,53300,53330,53100,53220,18836
1775181600,53215,53240,52985,53115,17491
1775185200,53115,53210,53025,53130,15452
1775188800,53130,53285,53090,53165,16692
1775192400,53170,53295,53135,53240,16746
1775196000,53240,53320,53065,53200,28689
1775203200,53180,53270,53095,53135,9262
1775206800,53140,53165,53110,53140,2882
1775210400,53135,53160,53075,53150,3637
1775214000,53145,53385,53090,53380,8062
1775217600,53385,53545,53230,53285,26335
1775221200,53280,53325,53230,53230,5224
1775224800,53230,53295,53205,53240,2716
1775228400,53240,53265,53200,53245,1789
1775232000,53245,53270,53235,53240,538
1775235600,53240,53315,53160,53300,1925
1775239200,53300,53335,53280,53310,595
1775242800,53315,53320,53290,53305,409
1775246400,53310,53320,53280,53310,977
1775250000,53275,53275,53275,53275,478
1775430000,53055,53290,53020,53290,11845
1775433600,53290,53780,53260,53775,56359
1775437200,53775,53905,53685,53735,32026
1775440800,53735,54145,53710,53780,33694
1775444400,53780,53875,53560,53860,32255
1775448000,53865,53970,53835,53935,16698
1775451600,53935,53970,53630,53690,19308
1775455200,53690,53765,53440,53535,29540
1775462400,53955,54120,53880,54045,19708
1775466000,54050,54190,53925,53950,13688
1775469600,53955,54055,53710,53885,18058
1775473200,53890,53935,53765,53765,9241
1775476800,53770,53900,53725,53775,9847
1775480400,53775,53900,53635,53870,23495
1775484000,53865,53965,53645,53720,27550
1775487600,53720,53880,53675,53860,11705
1775491200,53860,54000,53825,53885,6783
1775494800,53890,53960,53620,53855,10689
1775498400,53860,54060,53840,54020,6489
1775502000,54020,54030,53890,54005,5767
1775505600,54000,54045,53965,53980,1886
1775509200,53965,53965,53965,53965,612
1775516400,53865,53955,53750,53755,10517
1775520000,53755,54015,53635,53765,48148
1775523600,53770,53830,53350,53385,45442
1775527200,53390,53475,53280,53440,22474
1775530800,53445,53480,53335,53400,13993
1775534400,53405,53565,53245,53460,23934
1775538000,53465,53640,53415,53630,22795
1775541600,53630,53670,53465,53590,35091
1775548800,53610,54115,53610,53985,43136
1775552400,53980,54075,53905,54010,17288
1775556000,54020,54060,53475,53525,39070
1775559600,53525,53625,53350,53445,25255
1775563200,53440,53700,53225,53500,36598
1775566800,53500,53625,53230,53245,24516
1775570400,53245,53360,52960,53045,40672
1775574000,53050,53250,52855,53165,29712
1775577600,53170,53485,53170,53350,17166
1775581200,53345,53585,53300,53450,9257
1775584800,53445,53500,53260,53305,6656
1775588400,53305,54015,53260,53970,29430
1775592000,53970,54105,53905,54045,10519
1775595600,54060,54060,54060,54060,550
1775602800,55800,56330,55775,56225,46673
1775606400,56225,56535,55700,56070,118023
1775610000,56065,56355,55850,56335,51665
1775613600,56330,56420,56130,56285,27548
1775617200,56280,56345,56160,56185,27473
1775620800,56190,56465,56190,56410,30825
1775624400,56410,56550,56260,56505,42535
1775628000,56505,56545,56355,56435,49128
1775635200,56480,56625,56290,56620,37680
1775638800,56615,56750,56495,56650,25983
1775642400,56650,56915,56590,56885,19035
1775646000,56880,57080,56800,57055,21969
1775649600,57055,57305,56910,57235,40192
1775653200,57240,57355,57105,57235,38709
1775656800,57235,57285,56620,56755,41976
1775660400,56755,56995,56685,56980,21069
1775664000,56975,57070,56935,57050,9655
1775667600,57045,57080,56900,57020,7711
1775671200,57010,57100,56685,56700,12324
1775674800,56695,57090,56680,57080,13206
1775678400,57080,57140,57000,57040,4173
1775682000,57020,57020,57020,57020,484
1775689200,56545,56760,56430,56475,16250
1775692800,56465,56520,56090,56115,68820
1775696400,56115,56185,55950,56150,36525
1775700000,56150,56205,56080,56095,18641
1775703600,56095,56135,55925,55935,21172
1775707200,55940,56045,55880,55955,23167
1775710800,55960,56185,55930,56130,24699
1775714400,56125,56425,55960,56310,45369
1775721600,55915,56085,55770,55940,25950
1775725200,55940,56085,55895,56070,8396
1775728800,56075,56115,55980,55990,9438
1775732400,55985,56140,55915,56115,12416
1775736000,56115,56205,56035,56080,12983
1775739600,56085,56295,56005,56200,19475
1775743200,56200,56220,55890,56120,24323
1775746800,56125,56670,56050,56645,31151
1775750400,56645,56795,56605,56715,13021
1775754000,56720,56865,56695,56800,7955
1775757600,56800,56800,56540,56635,7815
1775761200,56640,56785,56630,56685,8509
1775764800,56690,56725,56610,56720,1958
1775768400,56690,56690,56690,56690,518
1775775600,56575,56815,56500,56620,15776
1775779200,56625,57000,56565,56870,64754
1775782800,56865,57035,56770,56980,30351
1775786400,56980,56980,56735,56845,20291
1775790000,56845,57000,56800,56945,20434
1775793600,56945,57080,56930,57045,21440
1775797200,57045,57115,57010,57015,21157
1775800800,57010,57045,56860,56860,31573
1775808000,56925,57035,56775,56780,21900
1775811600,56780,57085,56780,57060,19936
1775815200,57055,57230,57000,57170,14317
1775818800,57170,57220,57105,57130,9409
1775822400,57130,57345,57120,57215,16966
1775826000,57215,57320,57190,57310,17350
1775829600,57305,57485,57265,57370,21548
1775833200,57370,57475,57175,57195,13540
1775836800,57195,57270,57125,57245,9338
1775840400,57245,57335,57165,57310,5564
1775844000,57315,57385,57250,57365,5062
1775847600,57365,57410,57325,57390,5280
1775851200,57390,57480,57375,57470,3518
1775854800,57500,57500,57500,57500,737
1776034800,56205,56475,56155,56430,22183
1776038400,56430,56865,56370,56600,71925
1776042000,56605,56720,56500,56565,25084
1776045600,56570,56600,56430,56530,16301
1776049200,56530,56530,56345,56400,17050
1776052800,56395,56660,56330,56585,20910
1776056400,56580,56620,56525,56575,15781
1776060000,56575,56680,56545,56580,25507
1776067200,56705,56840,56640,56685,16791
1776070800,56690,56790,56685,56700,9317
1776074400,56700,56755,56650,56750,6465
1776078000,56755,56850,56440,56455,17938
1776081600,56455,56615,56400,56560,14920
1776085200,56565,57075,56560,57055,25399
1776088800,57045,57145,56940,57115,21702
1776092400,57115,57120,56975,57020,11023
1776096000,57030,57380,56970,57305,20344
1776099600,57305,57400,57285,57365,5106
1776103200,57365,57565,57365,57550,7386
1776106800,57555,57690,57530,57660,9356
1776110400,57660,57750,57655,57725,5841
1776114000,57700,57700,57700,57700,565
1776121200,57670,57725,57485,57525,13060
1776124800,57520,58020,57465,57965,68882
1776128400,57965,58080,57815,58005,32712
1776132000,58005,58090,57910,57925,11245
1776135600,57920,58010,57885,57965,15500
1776139200,57970,58055,57820,57910,17479
1776142800,57905,57980,57865,57895,14865
1776146400,57890,58050,57850,58040,27776
1776153600,58230,58310,58140,58235,21498
1776157200,58240,58290,58010,58030,11118
1776160800,58030,58090,57915,57950,9361
1776164400,57955,58270,57935,58205,14446
1776168000,58205,58355,58175,58225,14194
1776171600,58225,58420,58215,58405,20423
1776175200,58410,58645,58410,58605,24001
1776178800,58600,58675,58500,58645,13652
1776182400,58640,58720,58630,58645,5449
1776186000,58650,58790,58640,58750,5139
1776189600,58755,58805,58675,58785,3917
1776193200,58780,58890,58780,58850,6436
1776196800,58850,58875,58770,58845,4356
1776200400,58815,58815,58815,58815,714
1776207600,58700,58900,58700,58755,12837
1776211200,58755,58775,58500,58640,50011
1776214800,58635,58685,58355,58425,31152
1776218400,58425,58430,58225,58325,21070
1776222000,58330,58570,58305,58510,21300
1776225600,58510,58515,58395,58500,16046
1776229200,58505,58640,58135,58280,50864
1776232800,58285,58355,58205,58355,29780
1776240000,58415,58415,58245,58400,16197
1776243600,58400,58435,58220,58260,12039
1776247200,58265,58355,58160,58310,13376
1776250800,58310,58520,58285,58325,13307
1776254400,58325,58345,58210,58315,9082
1776258000,58320,58410,58255,58350,12510
1776261600,58355,58460,58315,58390,11310
1776265200,58390,58500,58355,58425,11649
1776268800,58425,58520,58315,58380,7517
1776272400,58380,58440,58355,58390,3692
1776276000,58385,58535,58345,58525,5715
1776279600,58525,58630,58515,58565,5821
1776283200,58565,58625,58530,58605,2469
1776286800,58600,58600,58600,58600,512
1776294000,58685,58760,58585,58645,9862
1776297600,58645,59185,58630,59100,67905
1776301200,59095,59320,59000,59315,37524
1776304800,59315,59700,59310,59655,40011
1776308400,59650,59725,59485,59560,27727
1776312000,59565,59575,59405,59510,20304
1776315600,59510,59735,59475,59635,27719
1776319200,59640,59795,59555,59590,38884
1776326400,59470,59475,59280,59365,23800
1776330000,59365,59455,59360,59425,8042
1776333600,59430,59490,59240,59290,14054
1776337200,59290,59340,59250,59310,8137
1776340800,59310,59330,59185,59245,10824
1776344400,59250,59305,58930,59060,24787
1776348000,59060,59210,59015,59170,21336
1776351600,59175,59365,59170,59340,19200
1776355200,59340,59395,59145,59215,11051
1776358800,59220,59255,59150,59190,5794
1776362400,59195,59260,59140,59245,4041
1776366000,59245,59360,59235,59335,5271
1776369600,59335,59370,59280,59350,2450
1776373200,59385,59385,59385,59385,587
1776380400,59380,59445,59320,59390,10793
1776384000,59390,59490,59075,59095,48371
1776387600,59095,59190,58990,59100,24082
1776391200,59100,59135,59025,59085,11284
1776394800,59080,59095,58945,59055,17139
1776398400,59055,59125,59010,59035,15484
1776402000,59035,59095,58965,58995,17090
1776405600,58990,58995,58590,58800,43051
1776412800,58900,59015,58780,59015,17978
1776416400,59010,59075,58930,59050,7965
1776420000,59050,59055,58970,59045,6349
1776423600,59040,59105,59020,59065,6823
1776427200,59070,59880,59065,59845,43788
1776430800,59845,59980,59605,59815,52251
1776434400,59820,60110,59760,59950,32112
1776438000,59940,59975,59795,59875,19369
1776441600,59875,59955,59850,59940,6035
1776445200,59935,59960,59610,59790,15055
1776448800,59795,59805,59690,59765,5585
1776452400,59765,59855,59730,59835,6770
1776456000,59830,59860,59745,59790,3295
1776459600,59715,59715,59715,59715,672
1776639600,58990,59035,58860,59005,15858
1776643200,59000,59120,58825,59075,50943
1776646800,59075,59215,58985,59180,24713
1776650400,59180,59220,59070,59125,11477
1776654000,59125,59270,59080,59175,11655
1776657600,59175,59180,58920,59025,21518
1776661200,59025,59090,58870,58930,17248
1776664800,58930,58985,58835,58900,21783
1776672000,58800,59005,58700,58970,22736
1776675600,58965,59015,58890,58890,7525
1776679200,58895,59005,58815,58835,8603
1776682800,58835,58950,58765,58930,9519
1776686400,58935,59025,58905,58990,10280
1776690000,58985,59225,58935,59200,23963
1776693600,59200,59210,58855,59005,20686
1776697200,59000,59210,58925,59090,15193
1776700800,59090,59110,59030,59070,3830
1776704400,59075,59180,59055,59140,4450
1776708000,59140,59235,59110,59220,6622
1776711600,59220,59275,59190,59270,4705
1776715200,59270,59385,59245,59340,3983
1776718800,59325,59325,59325,59325,735
1776726000,59275,59340,59095,59110,10423
1776729600,59115,59620,59115,59575,50892
1776733200,59575,59670,59410,59520,23465
1776736800,59520,59715,59475,59610,17293
1776740400,59615,59650,59505,59625,14127
1776744000,59625,59705,59550,59550,13532
1776747600,59555,59655,59430,59465,19445
1776751200,59470,59480,59335,59340,21817
1776758400,59385,59455,59215,59390,15610
1776762000,59385,59445,59295,59390,6815
1776765600,59390,59440,59335,59420,5295
1776769200,59420,59450,59245,59260,12155
1776772800,59260,59280,59045,59105,17403
1776776400,59105,59220,59015,59215,16547
1776780000,59220,59245,58850,58870,20054
1776783600,58875,59015,58770,58885,23042
1776787200,58890,59005,58780,58785,10455
1776790800,58785,58920,58480,58775,26633
1776794400,58780,58905,58660,58795,13422
1776798000,58795,58955,58340,58505,28297
1776801600,58505,58935,58440,58875,13882
1776805200,58865,58865,58865,58865,549
1776812400,58955,59190,58945,59135,13696
1776816000,59140,59600,59090,59535,59252
1776819600,59535,59700,59400,59645,28499
1776823200,59645,59785,59645,59680,15476
1776826800,59680,59735,59555,59605,16065
1776830400,59605,59665,59305,59320,24462
1776834000,59325,59675,59320,59615,39462
1776837600,59615,59800,59580,59800,27512
1776844800,59800,59835,59435,59580,19843
1776848400,59580,59750,59530,59600,12595
1776852000,59600,59670,59460,59560,10992
1776855600,59565,59585,59475,59550,9019
1776859200,59550,59690,59485,59505,15229
1776862800,59505,59640,59430,59495,23947
1776866400,59495,59670,59455,59505,19696
1776870000,59505,59595,59450,59560,11962
1776873600,59565,59710,59520,59615,9855
1776877200,59610,59795,59605,59775,7646
1776880800,59770,59775,59640,59705,3122
1776884400,59705,59900,59560,59880,9607
1776888000,59875,59935,59830,59910,5148
1776891600,59850,59850,59850,59850,495
1776898800,59780,60055,59765,59990,15553
1776902400,59980,60270,59235,60060,139613
1776906000,60060,60085,59265,59275,58026
1776909600,59275,59280,58920,58990,44610
1776913200,58995,59065,58700,59040,45805
1776916800,59040,59150,58935,59070,24568
1776920400,59070,59250,59065,59245,23332
1776924000,59245,59350,59140,59140,25744
1776931200,59180,59275,58980,59005,18836
1776934800,59000,59065,58830,58975,16687
1776938400,58970,59090,58875,59065,11184
1776942000,59070,59215,58920,59180,16779
1776945600,59175,59315,59100,59215,25072
1776949200,59215,59420,59135,59330,21131
1776952800,59330,59495,59220,59465,21885
1776956400,59465,59490,59270,59375,15191
1776960000,59375,59460,59305,59410,7269
1776963600,59415,59435,58365,58875,55081
1776967200,58875,59105,58790,58860,21580
1776970800,58860,59000,58780,58980,12221
1776974400,58975,59010,58845,58870,4167
1776978000,58925,58925,58925,58925,653
1776985200,59220,59455,59155,59455,15775
1776988800,59455,59765,59325,59585,70491
1776992400,59590,59655,59390,59595,33770
1776996000,59595,59610,59360,59420,20935
1776999600,59420,59585,59365,59435,24891
1777003200,59435,59695,59395,59670,24284
1777006800,59670,59795,59645,59770,21643
1777010400,59770,59830,59680,59720,28912
1777017600,59760,59880,59540,59600,29114
1777021200,59600,59655,59415,59515,14844
1777024800,59515,59670,59515,59640,8150
1777028400,59640,60140,59640,59925,47390
1777032000,59925,60030,59675,59770,22482
1777035600,59775,59915,59645,59700,25089
1777039200,59710,59850,59635,59800,25531
1777042800,59800,60150,59750,60085,27444
1777046400,60080,60090,59950,60025,13079
1777050000,60025,60115,59950,60040,9175
1777053600,60045,60045,59930,59965,3986
1777057200,59965,60050,59965,60040,4717
1777060800,60035,60090,59970,60065,4110
1777064400,60125,60125,60125,60125,833
1777244400,59950,60165,59935,60150,14423
1777248000,60150,60230,59675,60160,76256
1777251600,60160,60700,60125,60620,77681
1777255200,60620,60730,60590,60635,17526
1777258800,60635,60920,60620,60855,40789
1777262400,60855,60980,60750,60845,24930
1777266000,60850,60885,60520,60520,29875
1777269600,60520,60675,60170,60240,46263
1777276800,60340,60435,60195,60380,19156
1777280400,60380,60440,60335,60370,8455
1777284000,60365,60575,60350,60540,8458
1777287600,60545,60650,60505,60580,9263
1777291200,60585,60600,60355,60375,11867
1777294800,60375,60535,60120,60355,31805
1777298400,60355,60355,60095,60125,21004
1777302000,60130,60160,60010,60140,12426
1777305600,60140,60185,60100,60120,5372
1777309200,60125,60210,60060,60115,5853
1777312800,60115,60170,60090,60115,2692
1777316400,60110,60265,60095,60220,7370
1777320000,60225,60265,60190,60225,2487
1777323600,60170,60170,60170,60170,593
1777330800,60430,60495,60290,60395,18290
1777334400,60400,60530,60145,60395,62276
1777338000,60400,60435,60225,60285,31648
1777341600,60285,60350,60170,60200,14024
1777345200,60200,60225,59985,60045,30997
1777348800,60050,60085,59950,60040,20648
1777352400,60040,60085,59770,59920,27594
1777356000,59920,60020,59855,60020,35616
1777363200,60105,60150,59915,60110,21147
1777366800,60100,60110,59825,59855,13455
1777370400,59855,59925,59705,59750,12191
1777374000,59750,59775,59280,59345,33134
1777377600,59345,59485,59030,59235,45993
1777381200,59235,59430,59020,59250,43978
1777384800,59245,59290,58915,59080,38095
1777388400,59080,59160,58955,59025,20953
1777392000,59025,59090,58965,59030,9424
1777395600,59030,59145,58970,59120,6541
1777399200,59120,59220,59080,59180,6900
1777402800,59175,59250,59105,59140,6870
1777406400,59140,59165,59050,59060,3834
1777410000,59030,59030,59030,59030,603
1777417200,59280,59345,59205,59340,6433
1777420800,59340,59470,59320,59350,15848
1777424400,59345,59420,59135,59365,17918
1777428000,59365,59480,59365,59425,7551
1777431600,59420,59495,59405,59465,4988
1777435200,59465,59550,59465,59510,6511
1777438800,59510,59515,59405,59475,6897
1777442400,59470,59530,59335,59355,7042
1777449600,59175,59285,59065,59150,18974
1777453200,59150,59290,59105,59160,9321
1777456800,59145,59380,59115,59330,9335
1777460400,59325,59415,59270,59310,7734
1777464000,59305,59365,59160,59210,13481
1777467600,59215,59265,58955,59105,19989
1777471200,59105,59250,59055,59185,10728
1777474800,59190,59200,58840,58975,16399
1777478400,58975,59075,58810,58840,10316
1777482000,58850,58980,58785,58940,7967
1777485600,58940,58950,58640,58890,11604
1777489200,58895,59020,58785,58930,8470
1777492800,58930,59080,58620,58660,13690
1777496400,58675,58675,58675,58675,433
1777503600,59190,59265,59035,59235,18056
1777507200,59235,59550,59155,59425,76760
1777510800,59425,59430,59160,59350,39116
1777514400,59355,59530,59010,59215,42429
1777518000,59210,59315,59085,59295,24049
1777521600,59295,59305,58980,59120,33028
1777525200,59125,59350,59125,59225,32894
1777528800,59230,59600,59155,59530,41893
1777536000,59570,59645,59305,59330,28766
1777539600,59335,59495,59175,59315,22578
1777543200,59315,59360,58860,58970,33045
1777546800,58965,59260,58900,59210,31590
1777550400,59210,59390,59150,59350,16922
1777554000,59345,59395,59130,59200,29382
1777557600,59200,59585,59185,59555,30769
1777561200,59555,59615,59435,59525,17667
1777564800,59530,59570,59465,59500,7820
1777568400,59500,59710,59500,59700,7297
1777572000,59695,59815,59690,59775,5901
1777575600,59775,59895,59770,59820,9006
1777579200,59820,59845,59745,59780,4247
1777582800,59750,59750,59750,59750,577
1777590000,59710,59890,59680,59705,12913
1777593600,59705,59770,59415,59570,64886
1777597200,59565,59745,59530,59725,28734
1777600800,59725,59765,59670,59695,13348
1777604400,59695,59765,59640,59690,13497
1777608000,59685,59750,59650,59705,15039
1777611600,59705,59750,59630,59640,19629
1777615200,59640,59660,59415,59415,22027
1777622400,59375,59390,59215,59265,13546
1777626000,59265,59320,59200,59260,8889
1777629600,59260,59280,59185,59255,6397
1777633200,59260,59275,59155,59205,6552
1777636800,59210,59385,59110,59120,20899
1777640400,59120,59460,59110,59455,23860
1777644000,59460,59580,59375,59430,24555
1777647600,59435,59615,59320,59540,16984
1777651200,59535,59550,59340,59415,10986
1777654800,59410,59570,59410,59545,5526
1777658400,59550,59555,59410,59445,6400
1777662000,59450,59600,59420,59430,6227
1777665600,59425,59430,59320,59325,3801
1777669200,59315,59315,59315,59315,617
1777849200,59660,59670,59470,59480,5643
1777852800,59480,59755,59365,59730,20638
1777856400,59730,59930,59645,59890,16835
1777860000,59885,59900,59760,59860,7611
1777863600,59860,59930,59720,59805,12488
1777867200,59805,59905,59780,59885,5114
1777870800,59885,60015,59875,59980,10220
1777874400,59980,60000,59825,59825,10239
1777881600,59830,59865,59680,59710,18675
1777885200,59710,59805,59695,59730,7532
1777888800,59735,59745,59145,59590,60743
1777892400,59590,59735,59555,59655,18711
1777896000,59660,59885,59655,59805,16808
1777899600,59805,59930,59645,59915,22935
1777903200,59905,60045,59800,59810,23069
1777906800,59810,59850,59405,59505,34212
1777910400,59505,59680,59290,59370,26912
1777914000,59370,59595,59355,59505,9184
1777917600,59500,59550,59325,59345,6183
1777921200,59350,59505,59330,59495,5990
1777924800,59490,59505,59445,59465,1986
1777928400,59500,59500,59500,59500,454
1777935600,59470,59535,59360,59390,4856
1777939200,59390,59555,59330,59470,16653
1777942800,59470,59535,59395,59490,9997
1777946400,59490,59610,59475,59560,8185
1777950000,59560,59660,59550,59625,4550
1777953600,59625,59680,59590,59600,4997
1777957200,59595,59680,59540,59665,8113
1777960800,59660,59730,59575,59655,9046
1777968000,59750,59905,59715,59805,20549
1777971600,59805,59900,59740,59840,11454
1777975200,59840,60005,59800,59865,13686
1777978800,59860,60035,59800,60005,16487
1777982400,60005,60185,59965,60075,14619
1777986000,60075,60300,60075,60275,16388
1777989600,60275,60420,60185,60385,25669
1777993200,60385,60585,60365,60550,14306
1777996800,60545,60605,60520,60565,5966
1778000400,60565,60685,60550,60660,5659
1778004000,60655,60700,60645,60665,4052
1778007600,60665,60700,60565,60620,6323
1778011200,60630,60745,60575,60740,4888
1778014800,60735,60735,60735,60735,532
1778022000,61070,61155,61015,61040,10031
1778025600,61040,61450,60990,61230,40655
1778029200,61225,61450,61200,61240,20949
1778032800,61240,61240,61035,61085,12938
1778036400,61085,61230,61085,61215,9989
1778040000,61215,61305,61000,61130,20657
1778043600,61120,61240,61055,61225,12920
1778047200,61225,61340,61225,61330,12461
1778054400,61325,62025,61325,61970,49280
1778058000,61965,62130,61835,62075,35531
1778061600,62075,62295,62045,62230,35544
1778065200,62230,62370,62075,62095,35941
1778068800,62090,62100,61745,61870,28896
1778072400,61870,61870,61605,61815,36221
1778076000,61820,61860,61580,61820,30985
1778079600,61825,61925,61730,61815,14735
1778083200,61810,61850,61625,61700,6951
1778086800,61700,61840,61685,61835,4103
1778090400,61835,61990,61835,61960,5896
1778094000,61960,62150,61955,62095,9992
1778097600,62090,62355,62085,62245,12123
1778101200,62110,62110,62110,62110,563
1778108400,61920,62075,61735,61905,20319
1778112000,61905,62250,61865,62240,86655
1778115600,62235,62890,62115,62835,72790
1778119200,62835,63010,62795,62855,45081
1778122800,62850,63030,62795,62930,27816
1778126400,62930,63190,62880,63150,36933
1778130000,63155,63270,63090,63095,39814
1778133600,63095,63170,62985,63135,48870
1778140800,63340,63395,62960,63050,31221
1778144400,63045,63155,62950,62975,17874
1778148000,62970,63030,62885,62895,16351
1778151600,62900,62915,62705,62775,19591
1778155200,62775,62975,62760,62880,16755
1778158800,62885,62885,62475,62560,26904
1778162400,62560,62740,62525,62700,21409
1778166000,62705,62705,62430,62460,18398
1778169600,62465,62490,62280,62345,18637
1778173200,62350,62390,62070,62360,23364
1778176800,62350,62395,62105,62315,13510
1778180400,62320,62370,62155,62230,13071
1778184000,62225,62460,62085,62135,11632
1778187600,62130,62130,62130,62130,492
1778194800,62185,62490,62015,62480,23353
1778198400,62475,62795,62355,62655,74804
1778202000,62650,62795,62410,62445,35468
1778205600,62445,62470,62135,62295,35714
1778209200,62300,62540,62275,62500,24236
1778212800,62500,62610,62395,62530,24452
1778216400,62535,62750,62535,62700,21925
1778220000,62695,62840,62610,62840,36630
1778227200,62860,63010,62815,62920,20482
1778230800,62925,63085,62740,62815,20872
1778234400,62820,62885,62665,62795,14174
1778238000,62800,62945,62790,62910,12321
1778241600,62910,63110,62875,63000,19133
1778245200,62995,63455,62940,63425,31413
1778248800,63415,63445,63135,63205,25430
1778252400,63205,63310,63125,63290,17505
1778256000,63285,63430,63285,63375,12283
1778259600,63370,63635,63360,63580,12971
1778263200,63580,63725,63495,63520,9406
1778266800,63520,63675,63515,63670,8715
1778270400,63675,63720,63630,63705,4359
1778274000,63800,63800,63800,63800,1115
1778454000,63800,63810,63460,63465,19169
1778457600,63470,63535,63045,63070,60891
1778461200,63070,63170,62545,62590,55773
1778464800,62590,62655,62495,62525,25765
1778468400,62525,62725,62445,62680,30698
1778472000,62680,62820,62595,62645,20476
1778475600,62650,62670,62505,62510,22781
1778479200,62505,62550,62360,62405,24887
1778486400,62650,62675,62480,62515,15097
1778490000,62515,62745,62495,62630,10874
1778493600,62625,62675,62520,62560,9637
1778497200,62560,62730,62550,62620,9464
1778500800,62625,62695,62525,62670,14653
1778504400,62670,62875,62665,62780,21271
1778508000,62780,62825,62535,62775,20510
1778511600,62775,62930,62720,62870,12513
1778515200,62870,62910,62690,62795,7905
1778518800,62795,62925,62795,62885,4762
1778522400,62890,62950,62840,62840,4512
1778526000,62840,62950,62795,62950,9023
1778529600,62945,62950,62780,62915,4973
1778533200,62880,62880,62880,62880,712
1778540400,62885,62900,62720,62880,10789
1778544000,62880,63270,62805,63210,60982
1778547600,63210,63255,62210,62475,77123
1778551200,62475,62930,62420,62910,28329
1778554800,62910,62980,62725,62765,24867
1778558400,62765,62925,62630,62635,26962
1778562000,62635,62840,62625,62760,28662
1778565600,62765,62890,62625,62650,28272
1778572800,62610,62745,62470,62690,21541
1778576400,62685,62730,62585,62625,11917
1778580000,62630,62715,62510,62545,8587
1778583600,62540,62605,62420,62460,14275
1778587200,62460,62660,62345,62620,18559
1778590800,62615,62645,62320,62360,24174
1778594400,62360,62505,62035,62060,36016
1778598000,62060,62100,61835,61940,21563
1778601600,61945,62030,61790,61840,12003
1778605200,61845,62090,61835,62050,9293
1778608800,62045,62255,62030,62185,7763
1778612400,62185,62525,62185,62500,14751
1778616000,62500,62510,62405,62500,4660
1778619600,62520,62520,62520,62520,590
1778626800,62400,62445,62260,62305,10790
1778630400,62305,62790,62280,62495,61499
1778634000,62490,63160,62485,62985,43226
1778637600,62980,63000,62810,62905,19149
1778641200,62900,63265,62865,63170,25248
1778644800,63170,63350,63110,63290,22787
1778648400,63285,63400,63240,63305,22879
1778652000,63300,63435,63185,63305,29239
1778659200,63330,63350,63150,63175,18913
1778662800,63175,63220,62970,63070,19036
1778666400,63065,63105,62885,62945,17667
1778670000,62950,63060,62900,63035,9746
1778673600,63035,63075,62725,62795,22394
1778677200,62795,63115,62790,63095,26097
1778680800,63095,63155,62950,63100,22926
1778684400,63095,63235,63060,63105,11344
1778688000,63110,63305,63090,63255,11689
1778691600,63260,63365,63260,63270,6244
1778695200,63270,63400,63265,63355,6650
1778698800,63355,63470,63340,63420,8156
1778702400,63420,63490,63370,63490,3070
1778706000,63490,63490,63490,63490,582
1778713200,63530,63745,63530,63720,14793
1778716800,63715,63850,63480,63775,63119
1778720400,63775,63855,63550,63555,29871
1778724000,63550,63650,63380,63430,21617
1778727600,63425,63505,63325,63370,19279
1778731200,63365,63485,63115,63125,26237
1778734800,63135,63160,62745,62905,55326
1778738400,62905,62950,62665,62725,31897
1778745600,62685,62865,62550,62810,21139
1778749200,62815,62850,62600,62740,13115
1778752800,62735,62980,62730,62955,17945
1778756400,62950,63050,62910,62995,12498
1778760000,62995,63060,62875,62905,10736
1778763600,62905,62920,62685,62715,25396
1778767200,62710,63005,62685,62940,16716
1778770800,62940,63025,62925,62960,8716
1778774400,62960,63060,62875,62945,7262
1778778000,62950,62985,62775,62930,6752
1778781600,62925,62975,62815,62970,5048
1778785200,62970,63110,62965,63050,7072
1778788800,63050,63135,63015,63070,4076
1778792400,63040,63040,63040,63040,443
1778799600,63090,63090,62850,62990,11781
1778803200,62990,63285,62430,62575,76673
1778806800,62575,62605,61930,61955,63357
1778810400,61960,62185,61790,62105,43865
1778814000,62105,62135,61865,61920,26103
1778817600,61925,61930,61630,61640,38707
1778821200,61645,61645,60995,61030,54469
1778824800,61035,62110,60995,62035,64551
1778832000,61975,61990,61430,61875,42465
1778835600,61875,61930,61600,61700,19159
1778839200,61710,62170,61660,62135,30393
1778842800,62130,62195,61760,61775,21062
1778846400,61775,61850,61670,61825,17756
1778850000,61825,61920,61605,61740,30705
1778853600,61735,62110,61675,61965,32554
1778857200,61970,62060,61750,61845,17999
1778860800,61850,62005,61805,61940,8074
1778864400,61945,62115,61915,62040,6712
1778868000,62045,62100,61820,61950,7128
1778871600,61950,61960,61765,61820,5977
1778875200,61820,61830,61615,61690,7197
1778878800,61795,61795,61795,61795,879
1779058800,61665,61795,61525,61740,14339
1779062400,61740,61820,60905,61185,87901
1779066000,61175,61250,60420,60765,76545
1779069600,60765,60970,60645,60750,29564
1779073200,60755,61015,60685,60970,29126
1779076800,60960,61160,60895,60975,28497
1779080400,60975,61195,60850,60995,30979
1779084000,60990,61005,60555,60670,39721
1779091200,60850,61250,60840,61210,24972
1779094800,61210,61250,61080,61155,11552
1779098400,61160,61185,60890,61020,13910
1779102000,61010,61525,60800,61275,33167
1779105600,61280,61840,61250,61780,31651
1779109200,61780,61820,61405,61655,44663
1779112800,61655,61655,61235,61395,38741
1779116400,61395,61470,61130,61290,27322
1779120000,61295,61420,61040,61290,20927
1779123600,61290,61345,61200,61290,7049
1779127200,61290,61300,60870,60915,11566
1779130800,60920,61560,60900,61550,28946
1779134400,61550,61565,61440,61465,5186
1779138000,61490,61490,61490,61490,824
1779145200,61605,61635,61275,61310,15361
1779148800,61310,61515,60890,60950,70775
1779152400,60950,61130,60675,60810,52124
1779156000,60805,60805,60460,60555,33573
1779159600,60560,60840,60470,60565,30621
1779163200,60560,60695,60305,60635,38116
1779166800,60640,60690,60415,60490,31091
1779170400,60495,60880,60415,60880,39155
1779177600,61060,61155,60700,60710,28393
1779181200,60705,60710,60225,60450,25610
1779184800,60445,60550,60270,60500,21029
1779188400,60500,60550,60320,60330,11608
1779192000,60330,60545,60270,60480,13686
1779195600,60480,60580,60220,60480,45437
1779199200,60485,60540,59965,60305,45588
1779202800,60305,60435,60240,60390,19261
1779206400,60395,60930,60390,60920,23391
1779210000,60920,61010,60830,60925,13297
1779213600,60930,60995,60720,60760,10184
1779217200,60760,60935,60590,60670,7841
1779220800,60670,60675,60560,60575,3376
1779224400,60565,60565,60565,60565,464
1779231600,60845,60850,60470,60485,13532
1779235200,60490,60525,59335,59870,123488
1779238800,59875,60090,59440,59845,62422
1779242400,59845,59940,59540,59570,32086
1779246000,59570,59785,59350,59740,38950
1779249600,59740,59885,59545,59570,24467
1779253200,59565,59830,59545,59820,28014
1779256800,59820,59970,59650,59695,45238
1779264000,59830,60275,59830,60245,27541
1779267600,60240,60345,60140,60290,12085
1779271200,60295,60425,60285,60375,14272
1779274800,60375,60430,60250,60300,16059
1779278400,60290,60505,60275,60415,11785
1779282000,60415,60630,60315,60495,23111
1779285600,60500,61070,60365,60990,50602
1779289200,60990,61430,60975,61195,39261
1779292800,61200,61285,61040,61220,15219
1779296400,61230,61410,61165,61345,12721
1779300000,61345,61455,61310,61395,7590
1779303600,61390,61535,61385,61515,9224
1779307200,61515,61560,61255,61255,9200
1779310800,61250,61250,61250,61250,576
1779318000,61190,61425,61125,61375,15902
1779321600,61370,61810,61250,61700,88441
1779325200,61700,61995,61700,61905,48673
1779328800,61910,62000,61820,61835,20127
1779332400,61835,62030,61815,61955,24460
1779336000,61950,62070,61910,61915,21298
1779339600,61915,62075,61645,61800,38383
1779343200,61795,61845,61530,61530,39391
1779350400,61510,61900,61430,61535,35298
1779354000,61535,61680,61490,61540,13701
1779357600,61545,61615,61020,61150,42655
1779361200,61150,61330,61105,61200,18181
1779364800,61205,61325,61135,61190,16915
1779368400,61185,61700,61160,61630,30574
1779372000,61635,61680,61380,61515,27245
1779375600,61520,61660,61360,61600,16594
1779379200,61605,61720,61585,61660,10262
1779382800,61665,62380,61665,62250,30036
1779386400,62250,62310,61980,62050,18438
1779390000,62050,62220,62045,62180,14132
1779393600,62185,62235,62135,62135,4296
1779397200,62085,62085,62085,62085,523
1779404400,62085,62415,62080,62390,12921
1779408000,62390,62955,62335,62905,81403
1779411600,62905,63060,62805,62995,40367
1779415200,62995,63195,62980,63100,21970
1779418800,63095,63415,63065,63395,24671
1779422400,63395,63455,63280,63390,22889
1779426000,63385,63460,63225,63235,26951
1779429600,63235,63500,63180,63340,39845
1779436800,63290,63410,63085,63135,24606
1779440400,63135,63140,63015,63040,15081
1779444000,63040,63060,62865,62965,13086
1779447600,62970,63125,62935,63090,12496
1779451200,63085,63395,63085,63310,28974
1779454800,63310,63450,63205,63375,30700
1779458400,63375,63545,63180,63460,24008
1779462000,63460,63610,63445,63540,12671
1779465600,63540,63625,63500,63610,9494
1779469200,63615,63805,63570,63645,17332
1779472800,63645,63660,63525,63555,7550
1779476400,63560,63560,63280,63335,11715
1779480000,63335,63390,63200,63325,7009
1779483600,63290,63290,63290,63290,691
1779663600,64155,64215,63930,64025,20882
1779667200,64025,65310,63825,65140,96699
1779670800,65135,65430,65105,65390,41280
1779674400,65390,65400,65030,65230,22931
1779678000,65225,65370,65095,65290,27585
1779681600,65290,65400,65260,65345,17335
1779685200,65345,65400,65170,65175,18215
1779688800,65170,65400,65140,65285,38144
1779696000,65255,65285,65105,65230,15384
1779699600,65230,65305,65205,65285,6142
1779703200,65280,65415,65270,65360,8424
1779706800,65355,65400,65290,65295,7225
1779710400,65290,65425,65210,65295,13626
1779714000,65290,65530,65275,65485,10142
1779717600,65485,65530,65410,65425,8229
1779721200,65420,65690,65360,65400,21812
1779724800,65400,65500,65370,65495,3234
1779728400,65495,65505,65440,65450,1204
1779732000,65450,65490,65450,65485,539
1779735600,65485,65500,65460,65490,664
1779739200,65485,65530,65475,65520,933
1779742800,65470,65470,65470,65470,521
1779750000,65280,65450,65165,65385,12046
1779753600,65390,65435,64635,65010,85227
1779757200,65010,65210,64725,65025,38211
1779760800,65025,65060,64880,64930,13873
1779764400,64930,65130,64895,65125,16853
1779768000,65130,65175,64980,64990,16342
1779771600,64985,65150,64845,64940,25766
1779775200,64940,65170,64885,65145,30044
1779782400,65000,65230,64985,65205,16543
1779786000,65210,65465,65190,65420,15257
1779789600,65425,65650,65395,65520,15957
1779793200,65525,65565,65330,65525,13521
1779796800,65520,65595,65405,65515,10865
1779800400,65510,65625,65400,65470,23613
1779804000,65470,65600,65400,65560,14963
1779807600,65565,65575,65250,65325,14855
1779811200,65325,65445,65295,65330,7087
1779814800,65335,65445,65330,65425,4620
1779818400,65420,65570,65400,65515,4456
1779822000,65515,65680,65485,65640,5649
1779825600,65645,65650,65565,65585,2207
1779829200,65525,65525,65525,65525,584
1779836400,65775,66270,65775,66265,19896
1779840000,66270,66520,65595,65815,99969
1779843600,65815,66195,65635,65640,53099
1779847200,65640,65975,65550,65895,26503
1779850800,65900,65990,65630,65675,22050
1779854400,65675,65715,65295,65330,37258
1779858000,65325,65470,65220,65365,35179
1779861600,65365,65395,64990,65025,41417
1779868800,65290,65395,65145,65310,21951
1779872400,65310,65420,65265,65380,8391
1779876000,65380,65465,65290,65360,10504
1779879600,65365,65455,65275,65280,9826
1779883200,65280,65600,65235,65415,24163
1779886800,65410,65460,64995,65195,30032
1779890400,65195,65215,64755,64995,32491
1779894000,64990,65080,64790,64920,20356
1779897600,64915,65150,64875,65060,8876
1779901200,65060,65100,64910,65050,5835
1779904800,65045,65170,65025,65155,3744
1779908400,65155,65245,65140,65200,5393
1779912000,65200,65265,65185,65265,1986
1779915600,65250,65250,65250,65250,578
1779922800,64955,64955,64650,64680,17128
1779926400,64680,65195,64500,65155,75401
1779930000,65155,65190,64825,65110,38490
1779933600,65115,65190,64900,64905,19788
1779937200,64905,64960,64120,64250,63190
1779940800,64245,64265,63905,64030,54022
1779944400,64025,64715,63970,64600,44261
1779948000,64600,64755,64555,64565,25553
1779955200,64700,64750,64555,64655,15208
1779958800,64655,64735,64550,64680,8573
1779962400,64680,64695,64355,64425,14694
1779966000,64420,64545,64385,64520,9866
1779969600,64515,64880,64505,64870,15794
1779973200,64870,64980,64755,64865,22905
1779976800,64865,65600,64850,65345,51119
1779980400,65345,65670,65325,65635,22230
1779984000,65640,65880,65615,65870,14825
1779987600,65870,65910,65830,65880,7771
1779991200,65885,65900,65695,65735,7366
1779994800,65735,65775,65690,65740,5109
1779998400,65735,65845,65705,65805,2776
1780002000,65800,65800,65800,65800,696
1780009200,65735,65825,65565,65775,13937
1780012800,65770,66055,65590,65730,77262
1780016400,65725,66070,65695,65890,44722
1780020000,65895,66160,65820,66055,24327
1780023600,66055,66230,66045,66160,26568
1780027200,66165,66445,66150,66335,31129
1780030800,66335,66510,66315,66455,29265
1780034400,66460,66545,66245,66455,49184
1780041600,66425,66450,66120,66405,26127
1780045200,66405,66670,66380,66450,22630
1780048800,66450,66450,66275,66390,12522
1780052400,66390,66420,66190,66350,11893
1780056000,66345,66470,66190,66395,16895
1780059600,66395,66410,66195,66250,17807
1780063200,66255,66390,66060,66230,31766
1780066800,66230,66450,66160,66180,21156
1780070400,66180,66345,66165,66250,9570
1780074000,66255,66350,66095,66100,7850
1780077600,66100,66280,66090,66165,6543
1780081200,66160,66320,66145,66210,5785
1780084800,66210,66315,66205,66265,2990
1780088400,66220,66220,66220,66220,614
1780268400,66240,66435,66210,66330,12091
1780272000,66330,66980,66315,66830,76914
1780275600,66825,67245,66795,67060,44368
1780279200,67055,67100,66880,66925,17093
1780282800,66930,67150,66690,66745,35674
1780286400,66745,66985,66720,66905,22649
1780290000,66910,67015,66655,66975,25296
1780293600,66980,67170,66925,67075,26672
1780300800,67160,67210,66930,67070,19975
1780304400,67075,67115,66845,66880,10444
1780308000,66880,67035,66865,66975,11470
1780311600,66980,67060,66865,67005,8897
1780315200,67005,67295,66935,67195,20086
1780318800,67195,67205,66545,66560,66541
1780322400,66550,66790,66530,66625,37300
1780326000,66630,67120,66580,66940,28357
1780329600,66945,67155,66865,67140,13039
1780333200,67140,67625,67105,67500,23883
1780336800,67500,67520,67415,67420,4729
1780340400,67425,67435,67280,67305,7204
1780344000,67305,67375,67260,67285,3193
1780347600,67260,67260,67260,67260,692
1780354800,67065,67235,66895,67180,15673
1780358400,67185,67200,66005,66070,98656
1780362000,66070,66455,65795,65805,68270
1780365600,65805,65960,65665,65865,35173
1780369200,65870,65965,65590,65920,40701
1780372800,65920,66315,65870,66305,31678
1780376400,66310,66730,66310,66635,39938
1780380000,66635,66745,66545,66745,35766
1780387200,66945,66980,66790,66865,19144
1780390800,66865,66890,66705,66885,12677
1780394400,66880,66880,66785,66785,6933
1780398000,66780,66840,66705,66775,10007
1780401600,66775,66945,66770,66850,15190
1780405200,66855,66965,66705,66925,24433
1780408800,66925,67255,66885,67240,26568
1780412400,67240,67405,67215,67390,14957
1780416000,67390,67445,67240,67325,9623
1780419600,67330,67365,67265,67310,6686
1780423200,67310,67395,67300,67375,4806
1780426800,67380,67540,67375,67535,7200
1780430400,67530,67605,67490,67515,3985
1780434000,67500,67500,67500,67500,664
1780441200,67220,67770,67190,67745,21614
1780444800,67750,68255,67425,68250,94005
1780448400,68255,68305,68090,68285,42343
1780452000,68285,68600,68260,68530,32054
1780455600,68525,68755,68450,68610,29017
1780459200,68610,68795,68535,68585,29513
1780462800,68585,68775,68540,68695,24104
1780466400,68695,68800,68420,68555,34979
1780473600,68580,68620,68325,68450,29483
1780477200,68450,68680,68410,68525,15517
1780480800,68525,68745,68435,68495,20838
1780484400,68500,68550,68420,68500,10951
1780488000,68500,68530,68235,68325,17645
1780491600,68320,68445,67975,68120,37521
1780495200,68125,68305,68110,68245,26081
1780498800,68240,68315,68110,68150,20037
1780502400,68150,68235,68010,68235,17875
1780506000,68235,68325,68095,68305,10822
1780509600,68310,68430,68300,68325,9493
1780513200,68315,68365,68225,68245,9555
1780516800,68245,68275,68020,68095,6102
1780520400,68085,68085,68085,68085,648
1780527600,67650,67880,67610,67640,21471
1780531200,67640,67910,67255,67285,90018
1780534800,67285,67475,67105,67185,48641
1780538400,67195,67210,66950,67200,25254
1780542000,67205,67500,67200,67270,29341
1780545600,67275,67505,67205,67415,26777
1780549200,67415,67525,67275,67395,24075
1780552800,67400,67640,67290,67640,27565
1780560000,67740,67770,67285,67290,31000
1780563600,67290,67535,67070,67520,28216
1780567200,67520,67525,67155,67270,16648
1780570800,67270,67405,67130,67385,27430
1780574400,67380,67465,67225,67395,19202
1780578000,67390,67445,67105,67165,33104
1780581600,67170,67260,66920,67125,37324
1780585200,67130,67385,67100,67320,21749
1780588800,67320,67550,67300,67525,12271
1780592400,67520,67650,67485,67640,7283
1780596000,67640,67800,67625,67775,9497
1780599600,67770,67895,67725,67760,9678
1780603200,67760,67770,67600,67645,4031
1780606800,67620,67620,67620,67620,570
1780614000,67350,67350,66965,67000,17170
1780617600,66995,66995,66165,66320,107269
1780621200,66320,66540,65885,66525,66072
1780624800,66530,66730,66390,66535,33199
1780628400,66535,66620,66315,66420,28778
1780632000,66420,66760,66340,66710,28881
1780635600,66705,66845,66530,66575,31673
1780639200,66575,66765,66540,66670,30706
1780646400,66675,66995,66480,66945,28452
1780650000,66945,67175,66915,66930,21377
1780653600,66930,67075,66895,66895,9393
1780657200,66895,66935,66670,66765,18642
1780660800,66765,66930,66455,66470,30930
1780664400,66475,66480,65855,65855,50525
1780668000,65860,66085,65720,65940,45604
1780671600,65940,65950,65400,65420,31710
1780675200,65420,65420,65035,65265,26600
1780678800,65270,65280,64990,65190,20190
1780682400,65195,65210,64415,64465,30960
1780686000,64465,64475,63805,64035,52666
1780689600,64025,64060,63495,63910,21479
1780693200,63835,63835,63835,63835,919
1780873200,64120,64180,63775,63815,23176
1780876800,63815,64760,63560,64270,126760
1780880400,64270,64305,63415,63940,94129
1780884000,63945,64350,63785,64180,55055
1780887600,64180,64280,64045,64210,29607
1780891200,64210,64255,63810,63860,40318
1780894800,63855,64055,63455,63715,53638
1780898400,63715,64115,63595,63845,57887
1780905600,64400,64435,64125,64255,36074
1780909200,64255,64495,64115,64475,22909
1780912800,64480,64645,64240,64445,25936
1780916400,64445,65115,64365,64905,41989
1780920000,64905,65495,64890,65425,40364
1780923600,65425,65710,65330,65400,54450
1780927200,65395,65755,65315,65745,44346
1780930800,65745,65910,65625,65725,33021
1780934400,65725,65890,65635,65685,22411
1780938000,65685,65690,65395,65575,19228
1780941600,65580,65785,65580,65665,9060
1780945200,65660,65700,65415,65570,16623
1780948800,65575,65590,65445,65535,4973
1780952400,65430,65430,65430,65430,684
1780959600,65370,65420,64705,65165,25789
1780963200,65165,65175,63915,64090,114196
1780966800,64090,64795,63970,64495,57782
1780970400,64495,64750,64455,64675,21626
1780974000,64680,65270,64620,65215,40025
1780977600,65220,65445,65130,65290,33202
1780981200,65290,65480,65185,65290,39083
1780984800,65290,65435,65110,65435,48467
1780992000,65550,65805,65460,65610,34027
1780995600,65620,65695,65490,65655,10778
1780999200,65655,65740,65485,65630,17664
1781002800,65635,65740,65525,65545,11132
1781006400,65545,65790,65535,65780,12274
1781010000,65780,66110,65715,65925,40097
1781013600,65930,65990,64805,65200,78219
1781017200,65195,65260,64295,64305,60915
1781020800,64310,64455,63105,63505,83268
1781024400,63505,64385,63500,64215,46087
1781028000,64220,64680,64125,64640,25664
1781031600,64640,64735,64195,64510,31917
1781035200,64515,64585,64370,64490,6129
1781038800,64430,64430,64430,64430,440
1781046000,64025,64485,64005,64470,15539
1781049600,64470,65105,64370,64850,85830
1781053200,64860,65090,64645,64680,46363
1781056800,64675,64825,64570,64615,22601
1781060400,64620,64810,64380,64510,27994
1781064000,64510,64530,63840,63840,33575
1781067600,63910,64235,63750,64085,40484
1781071200,64190,64400,64165,64340,37935
1781078400,64330,64330,63595,63645,33678
1781082000,63655,63850,63415,63785,24049
1781085600,63785,63915,63510,63840,22398
1781089200,63845,63870,63195,63435,40115
1781092800,63430,64425,63405,64005,45438
1781096400,64005,64680,63885,64480,50380
1781100000,64480,64845,64105,64205,44878
1781103600,64205,64370,63320,63770,56949
1781107200,63775,63965,63615,63700,25281
1781110800,63705,63850,63445,63800,16485
1781114400,63800,63960,63515,63580,12488
1781118000,63580,63660,63320,63325,14222
1781121600,63325,63350,63130,63165,6180
1781125200,63175,63175,63175,63175,552
1781132400,63095,63175,62500,62635,8572
1781136000,62635,63670,62340,63425,25576
1781139600,63430,64195,63430,63605,12745
1781143200,63610,63930,63185,63380,6904
1781146800,63655,64015,63520,64000,5678
1781150400,64240,64405,63950,64320,7408
1781154000,64320,64335,64055,64155,4775
1781157600,64165,64400,64000,64335,5310
1781164800,64610,65030,64580,64795,27154
1781168400,64795,64865,64630,64780,13626
1781172000,64775,64845,64675,64720,10349
1781175600,64725,64805,64550,64735,17534
1781179200,64740,64825,64070,64495,39894
1781182800,64500,65135,64355,65025,36120
1781186400,65025,65200,64465,64525,38045
1781190000,64525,64960,64405,64865,29037
1781193600,64860,65055,64735,64740,15304
1781197200,64740,66075,64525,65910,44146
1781200800,65905,65985,65590,65885,19095
1781204400,65885,66440,65875,66380,26556
1781208000,66380,66735,66345,66580,17362
1781211600,66540,66540,66540,66540,487
1781218800,66605,67115,66600,66955,26317
1781222400,66955,67190,66500,66895,94081
1781226000,66895,66895,65950,66785,83344
1781229600,66790,66900,66515,66645,40200
1781233200,66650,66690,66300,66645,41192
1781236800,66645,66785,66455,66720,29573
1781240400,66720,66805,66105,66130,50499
1781244000,66125,66315,66085,66120,36888
1781251200,66400,66825,66370,66730,39657
1781254800,66730,67080,66725,66955,22594
1781258400,66955,67025,66715,66935,19080
1781262000,66935,67265,66935,67135,23666
1781265600,67135,67155,66715,66775,28556
1781269200,66780,66965,66465,66725,57574
1781272800,66725,67280,66680,67260,63118
1781276400,67260,67450,66965,66995,40184
1781280000,67000,67380,66900,67350,25180
1781283600,67350,67545,67230,67295,13688
1781287200,67300,67420,67230,67315,7064
1781290800,67310,67405,67205,67265,10981
1781294400,67265,67415,67250,67400,3874
1781298000,67435,67435,67435,67435,597
1781478000,68310,68610,68190,68600,20692
1781481600,68600,69560,68525,69530,89553
1781485200,69535,69820,69330,69745,59600
1781488800,69740,69800,69635,69740,23084
1781492400,69735,69845,69395,69410,34673
1781496000,69405,69500,69295,69375,28572
1781499600,69380,69485,69205,69455,28746
1781503200,69455,69610,69270,69400,33930
1781510400,69415,69695,69310,69440,25002
1781514000,69445,69520,69245,69340,12411
1781517600,69330,69375,69250,69340,7609
1781521200,69345,69445,69290,69395,11663
1781524800,69395,69440,69300,69440,11442
1781528400,69440,69485,69190,69200,24975
1781532000,69200,69440,69155,69360,23362
1781535600,69365,69715,69245,69670,22999
1781539200,69675,69770,69640,69755,9246
1781542800,69755,69800,69695,69775,8048
1781546400,69775,69900,69720,69830,9380
1781550000,69830,69850,69715,69815,8106
1781553600,69810,69820,69715,69775,2292
1781557200,69770,69770,69770,69770,515
1781564400,69500,69760,69475,69555,11352
1781568000,69565,69740,69240,69350,66164
1781571600,69345,69480,69260,69335,29476
1781575200,69335,69445,69230,69350,15555
1781578800,69350,70150,69270,69810,50851
1781582400,69810,69940,69595,69615,32265
1781586000,69620,69875,69435,69490,34069
1781589600,69485,69615,69375,69375,37467
1781596800,69760,69860,69630,69810,20942
1781600400,69805,69860,69565,69590,8581
1781604000,69595,69830,69595,69800,7290
1781607600,69800,69885,69720,69845,10831
1781611200,69845,69930,69745,69770,12768
1781614800,69770,70070,69665,69925,28042
1781618400,69925,70105,69510,69565,35833
1781622000,69560,69715,69265,69430,30213
1781625600,69430,69600,69415,69465,13112
1781629200,69470,69520,69305,69490,7543
1781632800,69485,69515,69340,69365,4263
1781636400,69360,69405,69165,69190,12639
1781640000,69185,69205,69120,69135,4224
1781643600,69100,69100,69100,69100,427
1781650800,69015,69190,68865,68900,13691
1781654400,68900,69780,68880,69720,71342
1781658000,69725,70050,69595,69990,35771
1781661600,69985,70055,69865,69980,16996
1781665200,69985,70265,69850,70250,25284
1781668800,70250,70260,69760,69980,33325
1781672400,69980,70170,69965,70085,24366
1781676000,70080,70155,69910,70050,21945
1781683200,70070,70120,69785,69945,16015
1781686800,69950,70005,69870,69945,8655
1781690400,69945,70125,69855,70025,12339
1781694000,70025,70120,70005,70070,6875
1781697600,70075,70370,70070,70320,15884
1781701200,70315,70490,70180,70190,27688
1781704800,70190,70695,70145,70480,44731
1781708400,70480,70765,70420,70745,19834
1781712000,70745,70865,70725,70790,9221
1781715600,70785,70905,70650,70900,8278
1781719200,70890,71005,70095,70645,51858
1781722800,70645,70825,69825,69910,45664
1781726400,69920,70100,69800,69950,8585
1781730000,69950,69950,69950,69950,506
1781737200,70590,70620,70330,70610,18486
1781740800,70615,71535,70435,71080,107743
1781744400,71085,71530,71055,71245,47039
1781748000,71245,71370,70950,70985,24134
1781751600,70985,71370,70865,71355,31515
1781755200,71355,71490,71175,71250,32152
1781758800,71250,71455,71200,71300,23737
1781762400,71295,71415,71145,71240,32683
1781769600,71555,71730,71310,71315,30140
1781773200,71315,71645,71265,71645,16853
1781776800,71645,71680,71370,71455,16144
1781780400,71460,71480,71185,71365,17760
1781784000,71360,71700,71315,71645,20223
1781787600,71645,71845,71515,71765,40462
1781791200,71765,71945,71695,71805,29353
1781794800,71810,71940,71615,71880,21340
1781798400,71880,72160,71875,72050,16383
1781802000,72055,72200,71995,72135,8204
1781805600,72140,72225,72090,72200,6160
1781809200,72200,72215,71975,72055,11633
1781812800,72055,72110,71920,71940,4093
1781816400,71980,71980,71980,71980,473
1781823600,71800,72335,71800,72260,13769
1781827200,72255,72255,71415,71755,81372
1781830800,71755,71910,71435,71470,48723
1781834400,71470,71745,71385,71585,26498
1781838000,71585,71635,71145,71280,43278
1781841600,71280,71390,70815,70930,43854
1781845200,70940,71145,70890,71145,32961
1781848800,71140,71620,71110,71620,42571
1781856000,71790,71970,71755,71885,20487
1781859600,71890,72015,71840,71955,11145
1781863200,71955,72005,71705,71755,13878
1781866800,71745,71860,71630,71820,13791
1781870400,71820,72180,71705,72155,19105
1781874000,72155,72210,72035,72095,21083
1781877600,72085,72175,72020,72125,10504
1781881200,72130,72165,72000,72060,8047
1781884800,72060,72130,71975,72005,3221
1781888400,72000,72040,71980,72010,1001
1781892000,72015,72015,71965,71985,645
1781895600,71980,71990,71890,71915,1156
1781899200,71920,71975,71870,71875,916
1781902800,71870,71870,71870,71870,497
1782082800,71500,71700,71310,71390,16184
1782086400,71385,72635,71350,72550,89154
1782090000,72555,72980,72525,72910,51033
1782093600,72910,73025,72760,72775,25576
1782097200,72775,73095,72695,72885,23786
1782100800,72885,72910,72560,72805,25711
1782104400,72805,72865,72570,72600,18463
1782108000,72600,72860,72545,72860,25635
1782115200,72820,72985,72620,72975,16888
1782118800,72980,73280,72960,73140,17396
1782122400,73135,73400,73130,73255,11100
1782126000,73255,73540,73255,73365,13712
1782129600,73370,73525,73320,73325,13981
1782133200,73330,73665,73330,73615,29706
1782136800,73610,73765,73115,73250,35182
1782140400,73255,73330,73030,73045,20813
1782144000,73050,73220,72945,73170,10667
1782147600,73170,73170,72985,73090,5331
1782151200,73090,73165,72975,72995,4176
1782154800,72995,73170,72950,73135,6380
1782158400,73140,73195,73120,73145,1998
1782162000,73100,73100,73100,73100,525
1782169200,72990,73090,72710,72825,15342
1782172800,72825,72855,71935,72260,92602
1782176400,72255,72500,71705,71720,55213
1782180000,71725,71905,71575,71680,36166
1782183600,71685,71700,71220,71620,40038
1782187200,71625,71730,71010,71070,47856
1782190800,71075,71235,70240,70340,71597
1782194400,70345,70495,69780,69780,66821
1782201600,69550,69570,68920,69170,50361
1782205200,69175,69670,69170,69505,24759
1782208800,69505,69605,69090,69205,21509
1782212400,69205,69400,69085,69375,18367
1782216000,69370,69420,68855,68985,26378
1782219600,68980,69150,68405,69140,66857
1782223200,69135,69615,69055,69205,56557
1782226800,69200,69340,68980,69300,28013
1782230400,69305,69490,69280,69380,12456
1782234000,69385,69535,69185,69190,13147
1782237600,69195,69320,68990,69145,10240
1782241200,69145,69410,69120,69145,13703
1782244800,69145,69295,69115,69230,2659
1782248400,69270,69270,69270,69270,555
1782255600,69415,69830,69320,69715,20467
1782259200,69720,70335,69390,69655,130472
1782262800,69660,69830,69240,69715,69618
1782266400,69710,69920,69060,69075,46419
1782270000,69070,69510,69020,69230,45556
1782273600,69235,69270,68580,69215,62661
1782277200,69220,69810,69220,69465,54302
1782280800,69470,69550,69235,69550,37204
1782288000,69325,69625,69205,69545,20308
1782291600,69545,69590,69285,69430,11906
1782295200,69435,69765,69320,69510,11867
1782298800,69515,69820,69385,69765,14733
1782302400,69770,69835,69480,69510,15472
1782306000,69510,69645,69050,69475,43921
1782309600,69475,69815,69150,69765,34084
1782313200,69765,69795,69515,69635,16500
1782316800,69640,69730,69395,69425,10143
1782320400,69425,69530,68910,69070,21350
1782324000,69080,69425,69055,69120,9695
1782327600,69125,69505,68950,69475,12506
1782331200,69475,71125,69430,71075,35562
1782334800,71075,71075,71075,71075,700
1782342000,71385,71490,71075,71425,22175
1782345600,71430,71490,70770,71170,93123
1782349200,71175,71880,71095,71845,53661
1782352800,71850,72035,71600,71975,41991
1782356400,71975,72190,71910,72145,27955
1782360000,72150,72240,71905,72180,29165
1782363600,72185,72540,72180,72485,40404
1782367200,72485,72705,72395,72560,48150
1782374400,72610,72650,72310,72350,19567
1782378000,72355,72595,72355,72460,10527
1782381600,72460,72540,72435,72495,6579
1782385200,72495,72585,72305,72370,10433
1782388800,72375,72725,72325,72625,19389
1782392400,72630,72655,70800,70840,69608
1782396000,70840,71740,70840,71480,78197
1782399600,71485,71625,70970,71360,37798
1782403200,71360,71795,71170,71300,24150
1782406800,71300,71530,71280,71400,14100
1782410400,71400,71545,71130,71270,15356
1782414000,71275,71285,70990,71280,14098
1782417600,71275,71515,71275,71295,7648
1782421200,71250,71250,71250,71250,443
1782428400,71325,71405,70805,70980,16546
1782432000,70980,71430,70180,70345,108558
1782435600,70355,70710,69875,70025,60077
1782439200,70030,70100,69270,69395,50850
1782442800,69395,69420,68770,69320,71204
1782446400,69320,69620,68830,69010,63824
1782450000,69015,69480,68930,69215,45541
1782453600,69215,69615,69125,69615,42404
1782460800,69880,70100,69145,69185,31185
1782464400,69185,69495,69135,69365,18150
1782468000,69365,69400,69140,69285,12520
1782471600,69280,69405,69085,69190,12117
1782475200,69190,69535,69115,69220,17050
1782478800,69220,69525,68915,69525,49516
1782482400,69525,70035,69490,69735,51917
1782486000,69740,70195,69505,69965,36733
1782489600,69970,70020,69675,69960,13839
1782493200,69965,70105,69805,69810,8384
1782496800,69810,69865,69545,69595,7000
1782500400,69595,69845,69540,69680,12400
1782504000,69675,69760,69460,69665,8219
1782507600,69620,69620,69620,69620,399
1782687600,70145,70180,69800,69805,14608
1782691200,69810,69855,68175,69105,143362
1782694800,69110,69345,68620,69160,79062
1782698400,69160,69230,68640,69135,35091
1782702000,69140,69310,68790,69255,30128
1782705600,69250,69260,68720,68745,33019
1782709200,68745,69500,68630,69490,43668
1782712800,69485,69780,69315,69780,35231
1782720000,69885,70035,69795,69875,22153
1782723600,69875,69995,69830,69925,10015
1782727200,69925,70125,69925,70090,10083
1782730800,70090,70175,69950,69975,11196
1782734400,69970,70030,69720,69935,12486
1782738000,69935,70020,69440,69535,33692
1782741600,69540,69815,68795,69810,61081
1782745200,69810,70240,69720,70220,21698
1782748800,70225,70525,70225,70510,17708
1782752400,70505,70705,70505,70620,11927
1782756000,70625,70810,70610,70730,7338
1782759600,70735,70865,70650,70835,10343
1782763200,70835,70840,70695,70695,3110
1782766800,70655,70655,70655,70655,414
1782774000,70670,70820,70435,70715,13371
1782777600,70715,70755,69470,69905,114422
1782781200,69910,70415,69640,70130,57941
1782784800,70130,70315,69920,70155,22147
1782788400,70155,70635,70110,70410,24480
1782792000,70410,70810,70395,70695,20616
1782795600,70690,70815,70510,70525,24448
1782799200,70525,70565,70140,70140,35183
1782806400,70295,70400,69800,70050,21565
1782810000,70055,70090,69885,69975,9369
1782813600,69970,70245,69940,70210,7812
1782817200,70215,70355,70175,70300,8703
1782820800,70300,70335,70050,70190,14417
1782824400,70190,70925,70175,70915,36127
1782828000,70915,71115,70785,71035,28913
1782831600,71030,71260,71025,71170,16289
1782835200,71170,71315,71155,71275,6630
1782838800,71275,71375,71255,71330,4322
1782842400,71330,71385,71285,71350,3600
1782846000,71345,71390,71215,71245,6168
1782849600,71245,71260,71010,71025,4335
1782853200,71070,71070,71070,71070,484
1782860400,70940,71300,70920,71260,12834
1782864000,71260,72115,71255,71680,87712
1782867600,71675,71835,70505,70595,84699
1782871200,70595,70640,70275,70510,38708
1782874800,70510,70840,70315,70780,34223
1782878400,70775,70910,70520,70745,27602
1782882000,70745,70920,70650,70785,25170
1782885600,70790,70835,70485,70630,37217
1782892800,70705,70815,70525,70810,15766
1782896400,70810,70865,70690,70845,9187
1782900000,70850,71000,70730,70990,9676
1782903600,70990,71095,70870,70885,11430
1782907200,70890,71000,70550,70610,25710
1782910800,70605,70665,70080,70405,47041
1782914400,70405,70505,69810,69895,36904
1782918000,69890,70360,69850,70080,26733
1782921600,70080,70165,69705,69735,15349
1782925200,69740,69945,69675,69775,13400
1782928800,69775,69890,69540,69665,8317
1782932400,69665,69970,69640,69680,12115
1782936000,69675,69685,69520,69645,4406
1782939600,69625,69625,69625,69625,360
1782946800,69575,69615,69175,69300,17682
1782950400,69295,69530,68830,69170,115584
1782954000,69175,70030,69085,70000,67913
1782957600,69995,70050,69760,69865,29261
1782961200,69865,69885,69450,69565,37741
1782964800,69570,69690,69215,69445,38672
1782968400,69440,69745,69265,69270,37335
1782972000,69270,69300,68840,68865,45245
1782979200,68600,69105,68475,69000,29821
1782982800,68995,69045,68855,68940,12076
1782986400,68940,69090,68765,69055,13044
1782990000,69060,69210,68940,69095,9239
1782993600,69100,69725,68710,69475,40084
1782997200,69475,69905,69280,69825,44122
1783000800,69830,69840,68660,68930,60330
1783004400,68930,69000,68305,68395,52946
1783008000,68400,68430,67905,67955,28907
1783011600,67955,68010,67640,67665,18893
1783015200,67670,68080,67615,68000,17276
1783018800,67995,68350,67695,68330,14904
1783022400,68335,68335,68200,68305,5299
1783026000,68280,68280,68280,68280,570
1783033200,68550,68775,68335,68550,19915
1783036800,68555,68660,67755,68275,106826
1783040400,68275,69235,68240,69210,71454
1783044000,69210,69535,69160,69490,34087
1783047600,69490,69680,68990,69450,44487
1783051200,69450,69835,69420,69690,36270
1783054800,69685,69785,69505,69760,31375
1783058400,69765,70040,69705,70040,40796
1783065600,69825,69865,69590,69610,14637
1783069200,69605,69750,69550,69670,7546
1783072800,69665,69835,69630,69780,5237
1783076400,69780,69800,69690,69795,4015
1783080000,69795,69885,69690,69725,6378
1783083600,69730,69810,69685,69775,7416
1783087200,69780,69925,69735,69895,7065
1783090800,69905,69975,69795,69805,4845
1783094400,69800,69875,69775,69840,2188
1783098000,69845,69845,69730,69730,820
1783101600,69730,69750,69705,69745,384
1783105200,69740,69770,69665,69685,951
1783108800,69680,69735,69640,69715,1412
1783112400,69665,69665,69665,69665,424
1783292400,69960,70375,69880,70130,20039
1783296000,70135,70525,69410,69865,115480
1783299600,69870,69895,69260,69380,55040
1783303200,69390,69485,68960,69105,37390
1783306800,69110,69375,69060,69340,33654
1783310400,69340,69710,69160,69660,33042
1783314000,69660,69785,69365,69730,32981
1783317600,69735,70010,69635,70010,22824
1783324800,70080,70405,69980,70105,25113
1783328400,70105,70125,69920,70005,12168
1783332000,70005,70070,69910,70000,6478
1783335600,69995,70120,69875,70010,8492
1783339200,70015,70165,69975,70080,10112
1783342800,70080,70400,69905,70240,34577
1783346400,70245,70495,70175,70325,24420
1783350000,70320,70425,70130,70375,13168
1783353600,70380,70460,70280,70305,7810
1783357200,70300,70390,70095,70155,6235
1783360800,70160,70355,70160,70295,4090
1783364400,70300,70410,70230,70280,4338
1783368000,70275,70335,70240,70310,2086
1783371600,70270,70270,70270,70270,546
1783378800,70155,70215,69620,69705,17000
1783382400,69700,70105,69290,69340,93619
1783386000,69345,69445,68810,68975,68900
1783389600,68980,69235,68890,68920,25096
1783393200,68920,69105,68560,68675,42663
1783396800,68680,68840,68445,68530,34409
1783400400,68525,68825,68140,68710,59721
1783404000,68705,68795,68365,68420,37036
1783411200,68465,68665,68320,68340,25696
1783414800,68335,68550,68285,68510,12281
1783418400,68510,68615,68315,68455,15637
1783422000,68450,68450,68205,68390,13912
1783425600,68385,68630,68325,68380,18426
1783429200,68380,68515,68015,68160,43374
1783432800,68155,68335,67525,67655,54399
1783436400,67650,67795,67415,67735,27410
1783440000,67740,68075,67720,68030,21637
1783443600,68025,68200,67955,68200,11497
1783447200,68200,68225,67730,67740,14329
1783450800,67740,67800,67465,67790,16197
1783454400,67790,67830,67575,67625,5614
1783458000,67575,67575,67575,67575,396
1783465200,67565,67780,67310,67360,16825
1783468800,67355,68565,67085,68445,131181
1783472400,68450,68530,67795,67935,64879
1783476000,67940,68110,67625,68060,36395
1783479600,68065,68485,68055,68065,32225
1783483200,68065,68100,67530,67785,38291
1783486800,67785,68010,67270,67480,50493
1783490400,67485,67490,66815,66815,53079
1783497600,67160,67240,65705,65720,77947
1783501200,65725,65985,65425,65805,46511
1783504800,65805,66280,65695,66150,26170
1783508400,66150,66660,66055,66460,29121
1783512000,66460,66810,66325,66580,23998
1783515600,66580,67290,66565,67235,47336
1783519200,67230,67410,66855,67105,48575
1783522800,67105,67130,66625,66920,30095
1783526400,66920,67580,66920,67565,29054
1783530000,67560,67745,67470,67520,13301
1783533600,67520,67715,67490,67640,8922
1783537200,67645,67860,67585,67785,9286
1783540800,67785,67795,67590,67700,6840
1783544400,67700,67700,67700,67700,423
1783551600,67850,68000,67615,67715,13339
1783555200,67710,68445,67700,68120,86003
1783558800,68130,68540,67920,67960,52224
1783562400,67960,68605,67835,67925,44466
1783566000,67925,68255,67640,68125,44680
1783569600,68120,68215,67775,67990,30803
1783573200,67990,68240,67600,68235,49450
1783576800,68235,68290,67815,67915,44607
1783584000,68000,68210,67805,67895,22478
1783587600,67890,67935,67620,67765,13880
1783591200,67765,67840,67475,67635,13196
1783594800,67640,68075,67605,68015,17613
1783598400,68020,68340,67965,68270,17790
1783602000,68270,68960,68260,68895,42540
1783605600,68905,68945,68425,68755,38766
1783609200,68760,68980,68730,68880,16089
1783612800,68885,69000,68840,68915,9324
1783616400,68920,69045,68915,69000,7128
1783620000,69005,69095,68930,69000,7102
1783623600,69000,69045,68910,69025,6922
1783627200,69025,69085,68995,69025,2792
1783630800,69050,69050,69050,69050,537
1783638000,68995,69320,68910,69200,18072
1783641600,69200,69340,68615,69265,92294
1783645200,69265,69505,68910,69365,54852
1783648800,69370,69395,68870,69290,34350
1783652400,69295,69340,68995,69110,23825
1783656000,69120,69195,68815,68885,24299
1783659600,68890,69010,68755,68795,34156
1783663200,68795,68925,68570,68810,40451
1783670400,68755,68850,68485,68735,23976
1783674000,68735,68900,68655,68830,10379
1783677600,68830,69040,68830,68980,11655
1783681200,68980,69090,68855,68910,12141
1783684800,68915,69115,68730,68755,21740
1783688400,68760,68910,68450,68760,33208
1783692000,68760,69090,68200,68855,43953
1783695600,68855,69160,68750,68995,24181
1783699200,69005,69240,69005,69190,10041
1783702800,69190,69370,69155,69265,5571
1783706400,69265,69365,69190,69220,7559
1783710000,69220,69310,69215,69270,5433
1783713600,69265,69345,69255,69335,1763
1783717200,69350,69350,69350,69350,532
1783897200,68985,68990,68485,68580,18686
1783900800,68575,69200,68050,68185,108327
1783904400,68185,68345,67355,67545,77650
1783908000,67550,67965,67350,67680,40858
1783911600,67680,67695,67225,67265,36858
1783915200,67260,67275,66990,67060,39506
1783918800,67060,67425,66755,67410,63149
1783922400,67410,67470,67135,67270,39567
1783929600,67435,67765,67420,67750,19297
1783933200,67750,67855,67635,67840,11327
1783936800,67840,67865,67615,67760,10870
1783940400,67755,67840,67625,67670,11565
1783944000,67675,67835,67575,67810,13079
1783947600,67815,67925,67540,67810,31538
1783951200,67815,68015,67330,68000,44606
1783954800,68005,68055,67770,67805,18341
1783958400,67805,67875,67425,67570,16672
1783962000,67570,67695,67435,67435,8819
1783965600,67435,67565,67315,67415,8226
1783969200,67420,67465,67170,67365,10455
1783972800,67365,67370,67075,67075,5685
1783976400,67070,67070,67070,67070,486
1783983600,66820,66950,66475,66925,22152
1783987200,66925,67505,66365,67450,125971
1783990800,67455,67635,67035,67095,56095
1783994400,67090,67235,66650,66955,43589
1783998000,66960,67220,66520,67155,46682
1784001600,67160,67570,66865,67530,36749
1784005200,67530,67910,67440,67735,41910
1784008800,67735,67900,67685,67790,29888
1784016000,67640,67900,67580,67705,20674
1784019600,67705,67875,67635,67800,11285
1784023200,67805,67940,67755,67840,10451
1784026800,67835,68155,67700,68110,20187
1784030400,68115,68785,67925,68405,37269
1784034000,68405,68685,68360,68575,37032
1784037600,68575,68635,68075,68400,42369
1784041200,68405,68610,68170,68225,23772
1784044800,68225,68270,68115,68235,10491
1784048400,68235,68290,68160,68170,5430
1784052000,68165,68230,68085,68145,5227
1784055600,68140,68240,68055,68185,9840
1784059200,68185,68220,68135,68190,1884
1784062800,68215,68215,68215,68215,413
1784070000,68400,68545,68345,68385,11656
1784073600,68380,68885,68145,68335,83180
1784077200,68335,68430,67920,68425,52165
1784080800,68425,68575,68360,68485,19609
1784084400,68485,68725,68475,68700,19412
1784088000,68700,68780,68565,68700,15945
1784091600,68705,68910,68485,68815,49255
1784095200,68815,68895,68700,68860,27989
1784102400,68755,68760,68295,68545,23770
1784106000,68540,68645,68405,68425,10242
1784109600,68425,68500,68335,68350,10352
1784113200,68345,68430,68285,68305,7907
1784116800,68305,68555,68185,68545,15401
1784120400,68550,68665,68020,68195,34566
1784124000,68200,68230,67535,67640,40743
1784127600,67645,67720,67450,67585,25391
1784131200,67590,67630,67100,67300,26592
1784134800,67300,67810,67295,67770,11774
1784138400,67770,67920,67615,67640,10689
1784142000,67645,67820,67605,67815,10593
1784145600,67810,67845,67690,67770,4885
1784149200,67680,67680,67680,67680,421
1784156400,67765,67875,67425,67450,13342
1784160000,67450,67825,66630,66780,99402
1784163600,66785,67080,66600,66840,53175
1784167200,66835,67160,66580,67125,30936
1784170800,67125,67265,66875,67260,32284
1784174400,67265,67310,66805,66855,26207
1784178000,66865,67240,66675,66745,40007
1784181600,66750,67135,66615,66840,50756
1784188800,66500,66770,66295,66770,30829
1784192400,66765,66940,66630,66645,15911
1784196000,66645,66780,66570,66620,9881
1784199600,66620,66620,66160,66395,22343
1784203200,66395,66490,66045,66130,21064
1784206800,66130,66515,66060,66295,37382
1784210400,66285,66610,66250,66440,35403
1784214000,66440,66675,66285,66525,22451
1784217600,66530,66530,66115,66295,14091
1784221200,66300,66315,66060,66100,9591
1784224800,66100,66185,65890,65915,11483
1784228400,65915,66045,65725,66030,13748
1784232000,66035,66035,65840,65915,4240
1784235600,65900,65900,65900,65900,529
1784242800,65910,65910,65520,65530,14999
1784246400,65525,65790,64220,64775,137312
1784250000,64780,65145,64225,64285,68522
1784253600,64285,64375,64015,64110,33944
1784257200,64115,64465,63790,63805,45964
1784260800,63805,63835,62785,63340,86112
1784264400,63340,63780,63190,63765,68072
1784268000,63760,64385,63755,64055,59059
1784275200,63995,64385,63595,63845,51808
1784278800,63850,64110,63715,63990,22001
1784282400,63995,64410,63925,64335,21047
1784286000,64340,64395,64120,64330,12550
1784289600,64330,64400,64030,64085,15991
1784293200,64090,64210,63440,64205,49616
1784296800,64210,64730,64195,64385,55750
1784300400,64385,65005,64215,64985,36989
1784304000,64985,65140,64785,65050,22004
1784307600,65050,65250,65005,65030,14601
1784311200,65035,65215,64990,65145,12571
1784314800,65145,65270,64910,65140,11972
1784318400,65140,65150,64980,65100,4532
1784322000,65000,65000,65000,65000,552
1784502000,64950,65115,64610,65075,10973
1784505600,65080,65400,64675,64795,39910
1784509200,64800,65180,64650,64865,31600
1784512800,64860,65155,64635,65015,25082
1784516400,65020,65190,64840,65050,15713
1784520000,65055,65305,64845,65100,20232
1784523600,65100,65140,64795,64855,18939
1784527200,64860,64925,64660,64765,11213
1784534400,65140,65395,65090,65220,23086
1784538000,65220,65530,65140,65430,12593
1784541600,65430,65500,65260,65490,9588
1784545200,65495,65990,65495,65750,27338
1784548800,65750,65760,65380,65525,21342
1784552400,65530,65915,65515,65670,22197
1784556000,65675,65885,65285,65350,28047
1784559600,65355,65765,65245,65730,17100
1784563200,65730,65865,65445,65505,12533
1784566800,65505,65570,65400,65505,5141
1784570400,65525,65635,65180,65240,5872
1784574000,65240,65315,64975,65105,10978
1784577600,65100,65195,65040,65125,2655
1784581200,65090,65090,65090,65090,491
1784588400,65090,65200,64625,64900,18427
1784592000,64895,65245,64295,64930,105549
1784595600,64940,65740,64685,65315,71784
1784599200,65315,65660,65110,65585,32118
1784602800,65585,66080,65585,66070,38352
1784606400,66070,66120,65805,65950,35737
1784610000,65945,66195,65720,66085,37041
1784613600,66090,66375,66045,66320,43263
1784620800,66270,66415,66175,66245,20688
1784624400,66245,66390,66160,66175,13582
1784628000,66175,66310,66105,66115,12672
1784631600,66120,66165,65995,66080,9713
1784635200,66085,66315,66015,66290,17503
1784638800,66290,66450,66150,66425,34160
1784642400,66430,67040,66405,67015,41415
1784646000,67020,67290,66965,67245,25760
1784649600,67245,67335,67230,67275,9068
1784653200,67275,67285,67185,67240,5098
1784656800,67240,67305,67210,67225,4218
1784660400,67230,67245,67080,67175,6639
1784664000,67180,67210,67155,67175,2901
1784667600,67215,67215,67215,67215,445
1784674800,67100,67560,67065,67520,16636
1784678400,67515,67680,67210,67430,89609
1784682000,67430,67655,67185,67590,48196
1784685600,67595,67630,67315,67335,25869
1784689200,67345,67460,66845,67000,47641
1784692800,67000,67160,66730,66845,30367
1784696400,66840,66855,66220,66325,65878
1784700000,66325,66330,66005,66070,37030
1784707200,65820,66125,65745,65915,21642
1784710800,65915,66130,65795,65930,13563
1784714400,65930,66245,65930,66195,13651
1784718000,66195,66220,65855,65940,15249
1784721600,65940,65995,65640,65805,18269
1784725200,65800,66140,65800,66110,25190
1784728800,66110,66230,65975,66220,23084
1784732400,66220,66640,66220,66605,18894
1784736000,66605,66660,66545,66630,6280
1784739600,66630,66735,66550,66570,5792
1784743200,66570,66605,66450,66525,5506
1784746800,66530,66545,66355,66380,7118
1784750400,66385,66605,66310,66380,8734
1784754000,66330,66330,66330,66330,423
1784761200,66355,66690,66215,66655,15257
1784764800,66665,67050,66500,67010,83855
1784768400,67010,67095,66565,66595,51276
1784772000,66595,66755,66425,66480,30405
1784775600,66480,66675,66260,66620,34223
1784779200,66615,66675,66375,66575,27816
1784782800,66575,66880,66420,66425,35681
1784786400,66420,66515,66285,66340,36993
1784793600,66055,66395,66030,66360,20431
1784797200,66360,66535,66230,66280,12572
1784800800,66290,66465,66225,66440,9983
1784804400,66445,66475,66020,66280,19152
1784808000,66280,66290,65705,65800,28874
1784811600,65800,66035,65520,65550,56526
1784815200,65550,65680,65235,65355,56779
1784818800,65355,65380,64995,65205,33814
1784822400,65210,65510,65195,65350,19186
1784826000,65355,65420,65210,65220,9668
1784829600,65215,65320,65175,65215,6234
1784833200,65220,65410,65145,65380,6899
1784836800,65385,65635,65380,65465,7710
1784840400,65465,65465,65465,65465,456
1784847600,65480,65725,65390,65440,14011
1784851200,65445,65720,64555,64875,109199
1784854800,64875,64930,64400,64455,53859
1784858400,64455,64635,64245,64280,34240
1784862000,64280,64590,64225,64345,32567
1784865600,64350,64700,64275,64585,32826
1784869200,64585,64715,64450,64525,32498
1784872800,64520,64790,64430,64560,37489
1784880000,64960,65005,64655,64935,20568
1784883600,64940,65105,64845,65090,13460
1784887200,65095,65135,64980,65040,8433
1784890800,65035,65215,64930,65135,13220
1784894400,65130,65230,64845,64900,15497
1784898000,64900,65010,64485,64520,30556
1784901600,64515,64840,64275,64650,42585
1784905200,64645,65010,64465,64995,36248
1784908800,65000,65080,64685,64785,10888
1784912400,64790,64925,64635,64760,7761
1784916000,64760,64795,64350,64500,11928
1784919600,64505,64545,64275,64415,12311
1784923200,64415,64425,64290,64355,3747
1784926800,64300,64300,64300,64300,842
1785106800,65390,65640,65275,65415,21398
1785110400,65410,65410,64470,64530,101711
1785114000,64530,64815,64185,64815,76044
1785117600,64815,64970,64635,64670,37098
1785121200,64675,64995,64510,64620,34052
1785124800,64625,64990,64525,64825,36032
1785128400,64820,64940,64810,64875,22623
1785132000,64875,65175,64875,65155,25000
1785139200,64995,65240,64825,65210,19116
1785142800,65210,65260,65115,65225,7073
1785146400,65220,65325,65160,65290,5638
1785150000,65290,65305,64975,65045,12599
1785153600,65045,65220,64920,65215,13329
1785157200,65220,65230,64400,64445,43304
1785160800,64445,64485,63650,64075,55633
1785164400,64070,64085,63490,63615,30404
1785168000,63615,63895,63470,63515,22667
1785171600,63515,63720,63380,63710,11280
1785175200,63715,63910,63570,63900,9785
1785178800,63905,64135,63875,64060,10474
1785182400,64065,64100,63950,63980,3949
1785186000,63900,63900,63900,63900,496
1785193200,63790,63810,63505,63545,13529
1785196800,63550,63650,62205,62330,118426
1785200400,62335,62610,62180,62205,61319
1785204000,62205,62270,62005,62200,34859
1785207600,62205,62650,62005,62530,42747
1785211200,62530,62590,62245,62435,36694
1785214800,62440,62545,62150,62235,36310
1785218400,62240,62535,62150,62405,44266
1785225600,62450,62805,62205,62700,33961
1785229200,62695,62710,62450,62505,12590
1785232800,62500,62535,62330,62435,13272
1785236400,62435,62475,62075,62450,24847
1785240000,62450,62630,62430,62500,22402
1785243600,62500,62530,62055,62135,42387
1785247200,62130,62565,61905,62410,48160
1785250800,62410,62975,62315,62915,36071
1785254400,62920,62975,62755,62850,13836
1785258000,62850,62880,62465,62540,12647
1785261600,62545,62605,62415,62510,8040
1785265200,62510,62705,62505,62525,9292
1785268800,62520,62600,62390,62425,8476
1785272400,62400,62400,62400,62400,558
1785279600,62515,62955,62500,62795,19976
1785283200,62795,63255,62440,62495,102203
1785286800,62495,62705,61390,61405,97236
1785290400,61405,61860,61270,61385,64923
1785294000,61385,61650,60795,60870,70820
1785297600,60870,61345,60510,61315,77107
1785301200,61315,61580,61080,61360,85383
1785304800,61360,62445,61020,62445,72224
1785312000,62500,62735,62315,62600,42498
1785315600,62600,62910,62595,62820,17379
1785319200,62825,62935,62635,62650,18100
1785322800,62655,62845,62625,62815,12991
1785326400,62815,62840,62450,62610,21025
1785330000,62610,62780,62185,62300,36031
1785333600,62305,62530,61690,61870,48317
1785337200,61865,61980,61565,61705,27119
1785340800,61710,61820,61390,61805,23988
1785344400,61810,62130,61800,62065,14894
1785348000,62060,63005,62060,62985,41097
1785351600,62990,63080,61265,61345,42026
1785355200,61355,61430,60905,61035,24411
1785358800,61000,61000,61000,61000,673
1785366000,62000,62195,61345,61535,27514
1785369600,61535,62570,61310,62350,133612
1785373200,62355,62995,62315,62715,76804
1785376800,62715,62895,61965,61995,45613
1785380400,61995,62300,61600,62060,58180
1785384000,62060,62245,61630,61695,46658
1785387600,61700,62315,61555,61950,55705
1785391200,61945,62085,61710,61710,30988
1785398400,61665,62170,61470,62005,28027
1785402000,62015,62210,61960,61970,12583
1785405600,61975,62385,61860,62265,19225
1785409200,62260,62725,62255,62665,16714
1785412800,62665,62855,62610,62735,24668
1785416400,62730,63055,62510,63010,61858
1785420000,63010,63395,62855,63215,54312
1785423600,63210,63525,63085,63405,31295
1785427200,63405,63685,63380,63530,19384
1785430800,63535,63690,63475,63515,15270
1785434400,63525,63605,63500,63595,5966
1785438000,63600,63785,63600,63720,10154
1785441600,63715,63855,63665,63720,7823
1785445200,63680,63680,63680,63680,490
1785452400,63995,64495,63850,64285,18792
1785456000,64290,65310,64290,65270,99591
1785459600,65280,65510,65115,65165,53332
1785463200,65170,65230,64420,64545,50284
1785466800,64545,64620,63930,64280,63867
1785470400,64280,64575,64000,64440,41341
1785474000,64435,64725,64015,64430,51465
1785477600,64430,64520,63710,63720,51531
1785484800,64050,64060,63640,63750,34462
1785488400,63755,64015,63690,63870,20122
1785492000,63870,64265,63840,64150,19602
1785495600,64150,64315,63935,64045,14037
1785499200,64050,64055,63765,63870,16998
1785502800,63870,64130,63030,63115,62754
1785506400,63125,63445,62635,63330,72302
1785510000,63330,63415,62870,63230,34374
1785513600,63230,63360,63070,63270,13564
1785517200,63270,63470,63235,63305,14247
1785520800,63305,63455,63285,63400,8787
1785524400,63400,63515,63250,63280,12603
1785528000,63280,63340,62850,62890,7906
1785531600,62985,62985,62985,62985,473
1785711600,63510,64170,63305,63780,24041
1785715200,63785,63790,62870,63115,118066
1785718800,63115,63350,62730,63305,71917
1785722400,63305,63610,63205,63420,33058
1785726000,63415,63955,63215,63695,34069
1785729600,63695,63880,63595,63690,32415
1785733200,63695,63795,63590,63695,33192
1785736800,63695,63895,63590,63830,34177
1785744000,63770,63790,63255,63495,21603
1785747600,63495,63515,63065,63185,16921
1785751200,63185,63195,62880,63035,16281
1785754800,63030,63035,62605,62625,19713
1785758400,62620,62720,62515,62625,19293
1785762000,62625,62670,62100,62635,47008
1785765600,62640,63260,62465,63220,40880
1785769200,63215,63245,63005,63165,22995
1785772800,63165,63250,63065,63075,11153
1785776400,63080,63330,63045,63325,7067
1785780000,63325,63435,63255,63265,9078
1785783600,63270,63450,63270,63400,7569
1785787200,63395,63620,63360,63515,5835
1785790800,63475,63475,63475,63475,682
1785798000,63700,64285,63655,64275,18721
1785801600,64275,64305,62990,63155,89991
1785805200,63155,63745,62915,63705,58720
1785808800,63705,63725,63315,63375,28542
1785812400,63375,63625,63295,63570,30476
1785816000,63575,63735,63325,63625,30532
1785819600,63630,64045,63450,64025,37885
1785823200,64025,64080,63850,63900,29159
1785830400,64000,64185,63815,63840,20676
1785834000,63845,63865,63660,63790,12913
1785837600,63790,64125,63735,63945,13837
1785841200,63950,64505,63945,64440,22985
1785844800,64440,64440,64225,64280,11856
1785848400,64285,64810,64235,64665,40814
1785852000,64670,64900,64560,64840,27062
1785855600,64840,65115,64810,65060,24363
1785859200,65065,65250,65050,65245,9141
1785862800,65245,65540,65240,65395,14136
1785866400,65390,65490,65360,65445,7471
1785870000,65450,65615,65440,65460,9332
1785873600,65465,65665,65360,65515,8090
1785877200,65500,65500,65500,65500,509
1785884400,65730,65875,65520,65540,17751
1785888000,65545,66210,65500,65930,89217
1785891600,65935,66105,65670,66080,46318
1785895200,66075,66180,65845,65875,24274
1785898800,65870,66080,65785,66055,20579
1785902400,66050,66240,65950,66205,25664
1785906000,66205,66315,66130,66230,23664
1785909600,66235,66350,66230,66340,31607
1785916800,66110,66225,65910,66020,23700
1785920400,66025,66250,65975,66050,12700
1785924000,66055,66110,65955,66065,7595
1785927600,66070,66470,66050,66365,14259
1785931200,66365,66415,66250,66345,14260
1785934800,66350,66820,66345,66730,36389
1785938400,66735,66735,65885,65995,46690
1785942000,66000,66120,65845,65895,21248
1785945600,65895,66045,65835,66020,9167
1785949200,66020,66045,65875,65965,4456
1785952800,65975,66000,65860,65870,2143
1785956400,65870,66015,65705,65715,7098
1785960000,65715,65800,65640,65780,7137
1785963600,65775,65775,65775,65775,518
1785970800,65615,65690,65455,65570,10108
1785974400,65565,65750,65205,65230,65491
1785978000,65230,65320,64975,65065,45128
1785981600,65070,65645,65020,65620,28325
1785985200,65625,65745,65390,65600,27994
1785988800,65600,65720,65460,65665,19121
1785992400,65660,65880,65625,65735,26377
1785996000,65735,65780,65550,65550,27656
1786003200,65545,65695,65420,65680,19784
1786006800,65680,65685,65460,65685,8491
1786010400,65685,65700,65495,65565,6650
1786014000,65565,65565,65300,65410,14792
1786017600,65410,65440,65220,65325,11708
1786021200,65325,65780,64940,65765,39629
1786024800,65760,66375,65695,66165,47575
1786028400,66165,66310,65885,65910,26198
1786032000,65915,66000,65775,65985,12668
1786035600,65995,66015,65780,65835,5105
1786039200,65845,65925,65725,65755,5103
1786042800,65760,65845,65575,65645,7564
1786046400,65650,65700,65515,65545,4115
1786050000,65550,65550,65550,65550,374
1786057200,65840,65930,65705,65885,9845
1786060800,65880,65960,65120,65250,68103
1786064400,65245,65280,64685,64920,54554
1786068000,64925,65195,64865,65120,29159
1786071600,65120,65335,65010,65105,22013
1786075200,65105,65400,65030,65315,21349
1786078800,65315,65715,65305,65510,30778
1786082400,65510,65735,65500,65650,22637
1786089600,65755,65880,65705,65770,13640
1786093200,65770,65890,65715,65755,8892
1786096800,65755,65835,65685,65825,6900
1786100400,65820,66085,65805,65960,11328
1786104000,65955,66665,65905,66610,36608
1786107600,66615,66730,66230,66295,45880
1786111200,66300,66365,66045,66200,39881
1786114800,66210,66385,66095,66120,17656
1786118400,66125,66150,65825,65965,13280
1786122000,65965,66040,65940,65985,5119
1786125600,65995,66030,65920,66005,4059
1786129200,66005,66340,66005,66310,7419
1786132800,66310,66365,66270,66335,2477
1786136400,66295,66295,66295,66295,542
1786316400,66300,66450,66195,66195,11238
1786320000,66195,66730,66065,66515,68778
1786323600,66515,67060,66400,66990,46158
1786327200,66990,67050,66915,66920,18199
1786330800,66920,67000,66810,66920,17524
1786334400,66915,67000,66755,66825,19005
1786338000,66825,67030,66820,66930,17237
1786341600,66935,67170,66870,67150,25789
1786348800,67300,67595,67215,67270,23364
1786352400,67270,67345,67200,67230,6250
1786356000,67225,67265,67105,67170,6714
1786359600,67170,67265,67020,67185,10556
1786363200,67180,67190,67000,67065,10594
1786366800,67070,67250,66890,66980,24927
1786370400,66980,67155,66895,66905,17681
1786374000,66905,66975,66690,66860,17062
1786377600,66865,66890,66695,66735,9005
1786381200,66740,66815,66680,66705,3572
1786384800,66705,66805,66680,66785,3076
1786388400,66790,66855,66705,66740,5085
1786392000,66745,66760,66695,66705,2070
1786395600,66695,66695,66695,66695,471
1786402800,66620,66625,66420,66560,7180
1786406400,66555,66825,66315,66765,24939
1786410000,66765,67020,66685,66885,21073
1786413600,66880,67150,66855,67060,10194
1786417200,67060,67175,67015,67035,6354
1786420800,67040,67125,67015,67080,7997
1786424400,67080,67125,66910,66935,8496
1786428000,66935,67020,66755,66850,7277
1786435200,66935,67090,66835,67000,11400
1786438800,67000,67225,66955,67105,10664
1786442400,67110,67310,67055,67265,9268
1786446000,67265,67515,67255,67300,13756
1786449600,67305,67375,67245,67305,9004
1786453200,67305,67430,67105,67260,24214
1786456800,67255,67500,67210,67425,14760
1786460400,67430,67470,67125,67145,8709
1786464000,67140,67180,67080,67110,3688
1786467600,67115,67125,66960,67105,4683
1786471200,67105,67110,66905,66995,2945
1786474800,66995,67090,66935,67090,2743
1786478400,67095,67235,67040,67185,2217
1786482000,67170,67170,67170,67170,365
1786489200,67135,67280,67005,67270,9149
1786492800,67275,67275,66775,66995,55263
1786496400,66990,67170,66850,67100,28251
1786500000,67105,67320,66965,67310,15981
1786503600,67310,67405,67225,67330,20791
1786507200,67325,67535,67320,67530,20435
1786510800,67530,67600,67460,67530,18042
1786514400,67530,67720,67505,67650,25440
1786521600,67720,67905,67670,67870,17196
1786525200,67870,68035,67850,67915,14287
1786528800,67915,67955,67760,67925,9017
1786532400,67930,68200,67920,68185,10734
1786536000,68185,68590,67830,68580,35405
1786539600,68580,68895,68520,68765,46738
1786543200,68765,68935,68615,68625,32750
1786546800,68625,68710,68490,68525,14330
1786550400,68535,68590,68425,68480,6494
1786554000,68480,68590,68470,68555,4557
1786557600,68555,68570,68480,68485,3305
1786561200,68485,68535,68440,68515,5563
1786564800,68520,68650,68470,68525,2825
1786568400,68545,68545,68545,68545,549
1786575600,68505,68550,68340,68385,9029
1786579200,68385,68850,68210,68655,73467
1786582800,68655,68680,68345,68505,32439
1786586400,68510,68765,68460,68760,17202
1786590000,68755,68830,68710,68730,17671
1786593600,68730,68835,68525,68535,27668
1786597200,68540,68735,68400,68410,28139
1786600800,68410,68450,68260,68260,27038
1786608000,68225,68360,68150,68290,15566
1786611600,68290,68375,68145,68370,7480
1786615200,68370,68380,68275,68345,4794
1786618800,68345,68485,68260,68440,8975
1786622400,68445,68590,68310,68565,14680
1786626000,68565,68975,68510,68965,29634
1786629600,68970,69555,68955,69460,38282
1786633200,69455,69525,69170,69185,29974
1786636800,69185,69375,69180,69375,7465
1786640400,69375,69450,69330,69335,5626
1786644000,69340,69375,69295,69335,3116
1786647600,69335,69350,69125,69180,5863
1786651200,69175,69220,69095,69175,3618
1786654800,69145,69145,69145,69145,869
1786662000,69295,69445,69180,69210,13890
1786665600,69215,69650,69195,69320,83990
1786669200,69320,69335,68775,68845,51143
1786672800,68845,69005,68760,68800,16645
1786676400,68800,69025,68665,68670,18902
1786680000,68670,68750,68540,68565,22136
1786683600,68570,68880,68495,68875,27834
1786687200,68875,68890,68595,68690,26071
1786694400,68700,68845,68635,68785,14427
1786698000,68785,68950,68760,68900,10539
1786701600,68900,68955,68870,68910,5634
1786705200,68905,69010,68890,68980,6816
1786708800,68980,68985,68755,68845,12772
1786712400,68845,68960,68655,68795,21958
1786716000,68800,68995,68695,68710,17782
1786719600,68710,68775,68460,68525,15440
1786723200,68530,68615,68530,68550,5767
1786726800,68555,68630,68535,68575,3566
1786730400,68575,68615,68550,68600,2487
1786734000,68600,68725,68565,68710,4349
1786737600,68710,68760,68655,68715,1888
1786741200,68715,68715,68715,68715,558
1786921200,68900,69000,68855,68970,8702
1786924800,68965,69140,68555,68570,51681
1786928400,68565,68795,68510,68725,26795
1786932000,68725,68835,68655,68735,13152
1786935600,68735,68935,68690,68870,12859
1786939200,68870,69010,68860,68940,14595
1786942800,68935,69215,68880,69210,20825
1786946400,69205,69290,69120,69290,23406
1786953600,69285,69305,69035,69065,12907
1786957200,69065,69075,68970,68990,5135
1786960800,68995,69155,68930,68955,11455
1786964400,68960,69075,68920,69055,6106
1786968000,69060,69110,68940,69030,12807
1786971600,69030,69420,69030,69415,23776
1786975200,69420,69475,69240,69460,16819
1786978800,69460,69555,69365,69470,14118
1786982400,69475,69480,69290,69310,4963
1786986000,69310,69315,69055,69095,6980
1786989600,69095,69110,69020,69085,4234
1786993200,69085,69115,68990,69070,4700
1786996800,69070,69075,68885,68975,3904
1787000400,68980,68980,68980,68980,539
1787007600,69010,69105,68865,68930,10506
1787011200,68935,69120,68595,68940,52873
1787014800,68945,69060,68350,68560,42592
1787018400,68560,68650,68000,68055,42727
1787022000,68055,68105,67700,67995,38858
1787025600,67990,68120,67790,67885,29948
1787029200,67885,67890,67550,67555,25024
1787032800,67560,67620,67390,67545,40159
1787040000,67430,67435,67160,67265,25011
1787043600,67265,67290,67070,67240,16342
1787047200,67245,67330,67160,67290,8283
1787050800,67290,67365,67235,67315,9222
1787054400,67315,67405,67235,67265,9599
1787058000,67265,67340,66910,67010,31943
1787061600,67010,67055,66375,66415,42038
1787065200,66410,66450,66115,66350,36420
1787068800,66355,66425,66250,66370,9804
1787072400,66365,66385,66210,66210,5477
1787076000,66210,66310,66170,66235,4824
1787079600,66230,66360,66215,66290,7015
1787083200,66295,66295,66070,66095,3746
1787086800,66045,66045,66045,66045,753
1787094000,66155,66225,65930,65940,17632
1787097600,65935,66035,65335,65835,110231
1787101200,65830,66250,65815,65915,55798
1787104800,65920,65930,65595,65800,28379
1787108400,65800,65910,65665,65690,24404
1787112000,65690,65710,65150,65345,51492
1787115600,65350,65600,65210,65370,45156
1787119200,65365,65490,65270,65475,34658
1787126400,66000,66410,65860,66290,39966
1787130000,66290,66375,66105,66215,18607
1787133600,66220,66275,66110,66140,11337
1787137200,66145,66270,65980,66100,14334
1787140800,66100,66735,66025,66730,32179
1787144400,66730,66900,66105,66295,57140
1787148000,66295,66390,65750,66390,52075
1787151600,66390,66390,66105,66200,17105
1787155200,66200,66330,66080,66090,9433
1787158800,66090,66115,65910,65940,6854
1787162400,65940,65990,65735,65910,9748
1787166000,65910,66020,65845,65965,8434
1787169600,65965,66150,65935,66130,3634
1787173200,66200,66200,66200,66200,630
1787180400,66335,66420,66065,66075,12177
1787184000,66070,66270,65660,66265,71568
1787187600,66265,66345,65870,66035,38283
1787191200,66040,66090,65865,66005,18734
1787194800,66005,66085,65740,65895,17067
1787198400,65895,66245,65860,66180,19166
1787202000,66175,66290,66070,66110,18559
1787205600,66115,66380,66090,66360,25008
1787212800,65920,66070,65730,65770,22827
1787216400,65780,65925,65740,65865,10670
1787220000,65865,65935,65740,65915,10861
1787223600,65915,65970,65415,65430,19561
1787227200,65435,65470,64880,65335,46148
1787230800,65335,65780,65265,65550,43119
1787234400,65555,65840,65455,65785,26636
1787238000,65785,65995,65485,65670,22358
1787241600,65675,65855,65620,65810,7384
1787245200,65810,65815,65595,65620,4538
1787248800,65620,65620,65300,65355,10221
1787252400,65355,65610,65345,65595,8051
1787256000,65590,65605,65455,65490,2551
1787259600,65505,65505,65505,65505,417
1787266800,65600,65605,65190,65275,14442
1787270400,65270,65940,65175,65450,74125
1787274000,65445,65925,65250,65745,44227
1787277600,65745,66040,65720,66005,22066
1787281200,66005,66140,65805,65920,23441
1787284800,65925,66095,65870,65995,19004
1787288400,65995,66035,65745,65870,19873
1787292000,65870,66175,65825,66090,26057
1787299200,66265,66310,66000,66170,18579
1787302800,66175,66195,65980,66120,9879
1787306400,66125,66205,66095,66155,5842
1787310000,66160,66465,66065,66260,19132
1787313600,66260,66280,66095,66135,13196
1787317200,66135,66180,65645,65930,37493
1787320800,65930,65970,65595,65715,27143
1787324400,65710,66180,65670,66040,20387
1787328000,66035,66075,65855,65950,12136
1787331600,65950,65970,65855,65890,4448
1787335200,65890,65945,65830,65930,3686
1787338800,65930,66050,65910,65925,5660
1787342400,65925,65995,65900,65925,2323
1787346000,65980,65980,65980,65980,803
1787526000,65940,66245,65865,66185,10703
1787529600,66190,66250,65645,66010,58003
1787533200,66005,66215,65765,65780,34716
1787536800,65780,66020,65745,65980,16053
1787540400,65980,65990,65545,65600,23184
1787544000,65605,65785,65590,65625,16841
1787547600,65625,65795,65545,65570,19156
1787551200,65565,65640,65440,65440,24335
1787558400,65395,65705,65260,65625,17899
1787562000,65630,65775,65595,65740,6242
1787565600,65745,65805,65630,65670,6018
1787569200,65665,65955,65570,65665,16151
1787572800,65665,65665,65365,65505,18124
1787576400,65505,65525,64905,65075,34111
1787580000,65080,65180,64855,65065,25342
1787583600,65065,65400,64955,65270,22468
1787587200,65275,65390,65240,65275,8648
1787590800,65270,65500,65250,65275,10910
1787594400,65280,65555,65280,65435,5720
1787598000,65430,65470,65290,65360,6093
1787601600,65360,65385,65300,65300,2175
1787605200,65330,65330,65330,65330,641
1787612400,65280,65310,65105,65145,11024
1787616000,65135,65315,64605,65125,73069
1787619600,65130,65295,64845,65210,41020
1787623200,65210,65780,65175,65610,33536
1787626800,65610,65930,65600,65730,26959
1787630400,65740,65885,65690,65770,16807
1787634000,65760,65865,65680,65760,16096
1787637600,65760,65955,65735,65930,23608
1787644800,65850,66130,65760,65990,20060
1787648400,65990,66375,65925,66255,18632
1787652000,66255,66265,66145,66185,8486
1787655600,66185,66195,66050,66160,7315
1787659200,66160,66310,66075,66095,11166
1787662800,66100,66150,65885,65975,23429
1787666400,65970,65970,65560,65870,28260
1787670000,65870,66105,65815,65960,11838
1787673600,65955,66090,65950,66005,5425
1787677200,66010,66010,65875,65910,3182
1787680800,65910,66020,65870,65980,2376
1787684400,65980,66080,65880,66055,4189
1787688000,66055,66185,66020,66135,3062
1787691600,66000,66000,66000,66000,840
1787698800,65915,65995,65655,65660,11104
1787702400,65655,65750,65390,65395,60008
1787706000,65395,65835,65380,65825,31763
1787709600,65825,66505,65765,66415,35656
1787713200,66415,66420,66155,66275,23221
1787716800,66280,66435,66185,66370,18640
1787720400,66365,66410,66255,66315,14104
1787724000,66315,66400,66220,66400,19420
1787731200,66250,66390,66180,66315,13172
1787734800,66315,66325,66200,66300,5322
1787738400,66295,66325,66195,66295,6386
1787742000,66295,66410,66155,66260,10425
1787745600,66265,66375,65955,65980,16408
1787749200,65985,66390,65905,66310,25550
1787752800,66305,66310,65915,65955,16316
1787756400,65960,66045,65870,65910,12143
1787760000,65905,65915,65750,65865,7622
1787763600,65865,65940,65835,65910,3765
1787767200,65905,66000,65890,65965,3256
1787770800,65965,66055,65960,65990,7037
1787774400,65990,66170,65935,66165,8031
1787778000,66120,66120,66120,66120,488
1787785200,66990,67185,66930,67085,17429
1787788800,67080,67090,65855,65870,98517
1787792400,65870,66285,65760,66125,56698
1787796000,66125,66345,66090,66235,20065
1787799600,66235,66515,66200,66440,20791
1787803200,66440,66510,66125,66235,23419
1787806800,66240,66245,65985,66135,24529
1787810400,66135,66175,66020,66150,17200
1787817600,66160,66465,66140,66345,16436
1787821200,66340,66400,66265,66310,10120
1787824800,66305,66305,66145,66230,9433
1787828400,66230,66280,66085,66260,13360
1787832000,66260,66360,66150,66165,11957
1787835600,66170,66425,65670,65780,49212
1787839200,65785,66130,65745,66005,27134
1787842800,66010,66105,65875,66075,13789
1787846400,66080,66235,66025,66230,7541
1787850000,66230,66250,65985,65995,5739
1787853600,65995,66010,65810,65915,6737
1787857200,65920,66235,65910,66225,7663
1787860800,66230,66260,66095,66135,3518
1787864400,66180,66180,66180,66180,584
1787871600,65950,66180,65880,66170,9787
1787875200,66170,66615,66055,66500,69916
1787878800,66505,66720,66425,66665,34552
1787882400,66670,66850,66550,66630,21151
1787886000,66630,66860,66455,66710,25706
1787889600,66705,66720,66525,66600,16558
1787893200,66605,66610,66280,66315,23092
1787896800,66315,66490,66300,66450,23577
1787904000,66550,66695,66470,66625,13029
1787907600,66620,66700,66600,66635,7545
1787911200,66635,66635,66530,66595,5842
1787914800,66595,66695,66525,66530,7253
1787918400,66525,66585,66445,66535,8668
1787922000,66540,66740,66345,66615,21844
1787925600,66635,66850,66170,66810,51334
1787929200,66815,66825,65890,65900,31061
1787932800,65900,65940,65665,65835,26245
1787936400,65840,65865,65665,65850,12075
1787940000,65850,65870,65670,65710,6989
1787943600,65715,65855,65695,65775,7980
1787947200,65775,65865,65735,65845,2667
1787950800,65835,65835,65835,65835,660
1788130800,65395,65395,64830,64840,19711
1788134400,64840,65555,64610,65160,93628
1788138000,65155,65360,65005,65190,47481
1788141600,65190,65530,65155,65530,28016
1788145200,65530,65745,65510,65725,27418
1788148800,65725,66180,65690,66155,28456
1788152400,66160,66265,66060,66180,27136
1788156000,66180,66470,66095,66440,33741
1788163200,66370,66415,66280,66395,15934
1788166800,66395,66525,66250,66265,11819
1788170400,66270,66340,66225,66325,5923
1788174000,66325,66375,66265,66325,6056
1788177600,66320,66515,66205,66250,22723
1788181200,66260,66485,66120,66260,30855
1788184800,66270,66310,66070,66120,21242
1788188400,66125,66195,65780,65790,21983
1788192000,65790,65925,65730,65900,9812
1788195600,65895,65895,65725,65835,5946
1788199200,65840,65870,65720,65780,4798
1788202800,65775,65975,65730,65875,8296
1788206400,65875,65915,65800,65865,3614
1788210000,65810,65810,65810,65810,465
1788217200,65840,65985,65820,65825,10540
1788220800,65825,66040,65570,66035,59449
1788224400,66035,66435,66030,66175,46197
1788228000,66170,66265,66010,66265,19350
1788231600,66270,66285,66115,66255,16811
1788235200,66255,66395,66135,66160,19904
1788238800,66160,66555,66140,66485,28648
1788242400,66490,66535,66145,66160,26719
1788249600,66010,66035,65050,65105,56259
1788253200,65105,65145,64975,65020,21123
1788256800,65020,65205,65005,65065,13228
1788260400,65065,65140,64985,65000,10544
1788264000,65000,65050,64925,64985,14198
1788267600,64985,65175,64900,65100,27489
1788271200,65095,65495,65030,65380,33414
1788274800,65380,65625,65205,65610,24365
1788278400,65615,65625,65055,65110,20368
1788282000,65110,65115,64785,64935,20533
1788285600,64935,64960,64645,64775,8900
1788289200,64775,64915,64770,64880,8951
1788292800,64885,64930,64785,64855,6542
1788296400,64880,64880,64880,64880,513
1788303600,64780,64915,64730,64830,13485
1788307200,64830,64940,64390,64505,93763
1788310800,64500,64715,64240,64300,49445
1788314400,64305,64580,64270,64455,31094
1788318000,64460,64495,64330,64370,18902
1788321600,64370,64380,64215,64300,27939
1788325200,64300,64515,64245,64485,28039
1788328800,64480,64505,64220,64345,35491
1788336000,64400,64510,64060,64150,26792
1788339600,64145,64265,63755,63905,28817
1788343200,63905,63970,63735,63930,17837
1788346800,63925,64180,63725,64175,27584
1788350400,64175,64335,64030,64055,22802
1788354000,64055,64305,63985,64210,34495
1788357600,64210,64620,64150,64355,39295
1788361200,64355,64615,64325,64575,19562
1788364800,64575,64615,64525,64605,6982
1788368400,64605,64750,64580,64740,8162
1788372000,64740,64850,64625,64690,8738
1788375600,64690,64835,64665,64745,7464
1788379200,64745,64750,64545,64590,6042
1788382800,64500,64500,64500,64500,591
1788390000,64575,64765,64575,64690,10662
1788393600,64690,64720,64140,64250,62314
1788397200,64250,64525,64225,64320,36133
1788400800,64320,64505,64275,64415,18560
1788404400,64420,64620,64405,64575,17684
1788408000,64575,64605,64420,64430,15403
1788411600,64435,64435,63765,64285,57816
1788415200,64285,64465,64150,64230,32704
1788422400,64230,64580,64170,64285,32512
1788426000,64285,64325,63905,63930,22093
1788429600,63930,63965,63785,63845,16808
1788433200,63840,64025,63750,63770,24244
1788436800,63775,64210,63705,64125,33584
1788440400,64120,64170,63740,64030,39672
1788444000,64030,64245,63715,64235,41857
1788447600,64240,64670,64230,64570,36352
1788451200,64575,64700,64500,64625,12706
1788454800,64625,64640,64500,64605,7301
1788458400,64605,64720,64530,64540,7499
1788462000,64545,64615,64500,64585,6691
1788465600,64585,64630,64555,64590,2691
1788469200,64665,64665,64665,64665,575
1788476400,64680,64785,64600,64620,13528
1788480000,64620,64870,64290,64740,71234
1788483600,64740,64835,64580,64655,38249
1788487200,64650,64905,64580,64870,23820
1788490800,64870,64975,64725,64925,23698
1788494400,64920,65095,64795,64970,28484
1788498000,64970,65205,64965,65055,34743
1788501600,65055,65105,64975,65015,27526
1788508800,65100,65150,64975,65140,15956
1788512400,65140,65255,65005,65215,13717
1788516000,65210,65315,65140,65285,12263
1788519600,65290,65295,65185,65290,7936
1788523200,65290,65395,64705,64740,52173
1788526800,64745,65590,64655,65550,53516
1788530400,65545,65660,65415,65625,38726
1788534000,65625,65840,65595,65815,27658
1788537600,65815,65970,65790,65810,13871
1788541200,65810,65835,65610,65670,7925
1788544800,65675,65760,65620,65735,6264
1788548400,65740,65855,65660,65840,5122
1788552000,65840,65840,65755,65775,2362
1788555600,65820,65820,65820,65820,505
1788735600,66060,66135,65900,66090,12027
1788739200,66090,66415,65905,66145,64215
1788742800,66145,66535,66120,66505,38782
1788746400,66505,66685,66200,66225,30652
1788750000,66225,66320,66025,66270,40189
1788753600,66270,66340,66195,66335,17718
1788757200,66330,66375,66165,66170,21885
1788760800,66175,66490,66160,66490,26855
1788768000,66425,66455,66175,66280,20389
1788771600,66285,66335,66100,66110,9434
1788775200,66115,66140,65965,65980,8044
1788778800,65990,66005,65870,65910,9731
1788782400,65915,66035,65860,66035,8724
1788786000,66030,66140,66005,66125,12401
1788789600,66125,66175,65985,65990,8263
1788793200,65990,66110,65990,66065,5974
1788796800,66065,66080,66015,66055,1887
1788800400,66055,66085,66045,66050,706
1788804000,66055,66075,66035,66065,541
1788807600,66070,66085,66045,66070,624
1788811200,66065,66090,66055,66075,539
1788814800,66075,66075,66075,66075,365
1788822000,65860,65985,65810,65830,11479
1788825600,65835,66785,65735,66725,70531
1788829200,66725,66755,66415,66525,38014
1788832800,66520,66620,66370,66380,17163
1788836400,66385,66710,66370,66625,20140
1788840000,66630,66640,66370,66385,16774
1788843600,66385,66390,65775,65775,39873
1788847200,65775,65790,65105,65190,52818
1788854400,65000,65230,64920,65090,30146
1788858000,65090,65425,65000,65325,16187
1788861600,65325,65520,65230,65310,15456
1788865200,65310,65420,65190,65410,10739
1788868800,65405,65440,65140,65440,18671
1788872400,65440,65615,65280,65280,32379
1788876000,65280,65380,65120,65370,26472
1788879600,65370,65500,65325,65425,15027
1788883200,65430,65485,65255,65325,8925
1788886800,65320,65470,65320,65425,4209
1788890400,65425,65510,65255,65295,7753
1788894000,65300,65330,65085,65170,10263
1788897600,65165,65185,65035,65085,4205
1788901200,65050,65050,65050,65050,473
1788908400,65035,65035,64800,64960,10943
1788912000,64960,65720,64955,65590,57999
1788915600,65590,65780,65400,65505,30284
1788919200,65505,65610,65365,65460,18776
1788922800,65460,65585,65175,65240,21013
1788926400,65245,65330,65075,65290,22358
1788930000,65285,65295,65005,65165,24481
1788933600,65165,65250,64945,65250,24538
1788940800,65250,65345,65130,65235,15686
1788944400,65235,65295,64735,64760,14813
1788948000,64755,64760,64440,64495,22582
1788951600,64500,64615,64400,64425,20970
1788955200,64425,64560,64310,64530,15963
1788958800,64525,64940,64515,64930,24564
1788962400,64925,64985,64520,64565,24594
1788966000,64575,64645,64190,64285,26574
1788969600,64285,64360,64135,64310,9006
1788973200,64310,64410,64285,64360,6347
1788976800,64355,64385,64220,64225,2212
1788980400,64235,64295,64145,64190,3633
1788984000,64190,64350,64155,64350,3475
1788987600,64390,64390,64390,64390,795
1788994800,64405,64585,64290,64585,4587
1788998400,64590,64795,64265,64375,17823
1789002000,64375,64525,64165,64510,10164
1789005600,64515,64685,64465,64650,5709
1789009200,64660,64770,64625,64730,4271
1789012800,64735,64955,64695,64950,4993
1789016400,64955,65100,64820,64925,7289
1789020000,64915,65300,64915,65170,7941
1789027200,64940,65050,64685,64725,18211
1789030800,64725,64825,64615,64775,11922
1789034400,64775,64925,64715,64735,12780
1789038000,64730,64750,64410,64410,14069
1789041600,64410,64480,64025,64095,30722
1789045200,64095,64220,63925,63940,36221
1789048800,63940,64345,63885,64115,32483
1789052400,64120,64130,63900,63940,13458
1789056000,63945,64055,63795,64045,13821
1789059600,64035,64130,63855,63910,6791
1789063200,63910,63970,63785,63895,8297
1789066800,63890,63935,63760,63870,7043
1789070400,63870,63965,63835,63910,3126
1789074000,63880,63880,63880,63880,453
1789081200,63720,63755,62980,62995,22524
1789084800,62990,63475,62875,63455,95103
1789088400,63455,63485,63035,63230,40670
1789092000,63230,63380,63095,63165,22066
1789095600,63165,63370,63100,63330,19056
1789099200,63330,63750,63285,63545,33390
1789102800,63540,63900,63525,63775,31429
1789106400,63780,63960,63720,63960,33088
1789113600,64000,64330,63815,64310,32807
1789117200,64315,64330,64150,64215,9398
1789120800,64220,64315,64130,64165,13358
1789124400,64165,64220,64045,64115,10309
1789128000,64115,64510,63800,64495,38372
1789131600,64490,64615,64290,64605,41217
1789135200,64605,64605,64330,64385,31385
1789138800,64380,64740,64375,64635,18139
1789142400,64635,64705,64505,64590,10813
1789146000,64600,64675,64565,64595,5994
1789149600,64595,64620,64510,64530,5120
1789153200,64535,64605,64500,64535,6972
1789156800,64540,64560,64510,64530,2098
1789160400,64490,64490,64490,64490,648
1789340400,63000,63095,62730,62880,21424
1789344000,62875,63120,62530,62770,86023
1789347600,62765,63210,62705,63165,39846
1789351200,63165,63415,63130,63375,23847
1789354800,63370,63450,63135,63195,22652
1789358400,63195,63275,63120,63235,16194
1789362000,63240,63330,63095,63315,21295
1789365600,63320,63520,63315,63350,28744
1789372800,63160,63290,62940,63080,26761
1789376400,63085,63110,62620,62790,26137
1789380000,62800,63100,62745,63060,14739
1789383600,63055,63075,62890,62925,10532
1789387200,62930,63140,62845,63085,25378
1789390800,63085,63280,62860,63150,35454
1789394400,63145,63405,62790,62910,35499
1789398000,62905,63325,62810,63225,35651
1789401600,63230,63585,63170,63495,18738
1789405200,63500,63510,63365,63475,6881
1789408800,63475,63530,63400,63415,5874
1789412400,63420,63440,63105,63115,9018
1789416000,63115,63220,63085,63210,4102
1789419600,63215,63215,63215,63215,451
1789426800,63095,63155,62790,62900,16326
1789430400,62890,63660,62765,63525,77909
1789434000,63520,63830,63465,63765,37329
1789437600,63765,63920,63740,63815,16930
1789441200,63825,63860,63510,63510,25058
1789444800,63510,63600,63150,63195,34179
1789448400,63195,63545,63005,63415,38350
1789452000,63415,63515,63270,63320,26179
1789459200,63075,63230,62920,63155,23277
1789462800,63155,63395,63000,63370,17220
1789466400,63370,63690,63345,63675,15930
1789470000,63675,63770,63635,63760,13847
1789473600,63760,63840,63655,63790,22173
1789477200,63790,63840,63450,63625,30212
1789480800,63635,63730,63230,63270,31264
1789484400,63270,63535,63270,63345,21650
1789488000,63345,63430,63260,63385,7626
1789491600,63385,63435,63320,63420,4287
1789495200,63420,63510,63290,63400,5614
1789498800,63405,63420,63315,63415,4810
1789502400,63415,63490,63415,63460,2172
1789506000,63495,63495,63495,63495,440
1789513200,63630,63650,63475,63500,10198
1789516800,63505,63520,63085,63295,58966
1789520400,63295,63335,63020,63045,26429
1789524000,63040,63390,63030,63385,21283
1789527600,63385,63700,63365,63560,35424
1789531200,63560,63675,63430,63465,19745
1789534800,63460,63640,63420,63530,18564
1789538400,63530,63840,63530,63840,25606
1789545600,63850,64055,63655,64050,27334
1789549200,64050,64110,63880,63940,14450
1789552800,63940,64125,63910,64115,6937
1789556400,64115,64200,64010,64200,14264
1789560000,64195,64365,64175,64340,17000
1789563600,64340,64425,64160,64400,27620
1789567200,64400,64450,64240,64450,16596
1789570800,64450,64730,64445,64515,30315
1789574400,64520,64575,64425,64430,5942
1789578000,64435,64480,64325,64475,5393
1789581600,64475,64585,63845,63865,38469
1789585200,63865,64115,63460,64090,39018
1789588800,64095,64220,64055,64195,6995
1789592400,64240,64240,64240,64240,583
1789599600,64340,64745,64335,64630,16663
1789603200,64630,64630,63780,63895,78679
1789606800,63900,64315,63780,63840,41553
1789610400,63845,64095,63745,63970,30173
1789614000,63965,64170,63905,64150,22977
1789617600,64150,64150,63825,63945,22281
1789621200,63950,63980,63670,63705,19891
1789624800,63705,64200,63650,64200,33998
1789632000,64280,64355,64020,64250,20294
1789635600,64250,64510,64245,64380,16961
1789639200,64385,64530,64370,64500,9388
1789642800,64500,64685,64465,64680,13185
1789646400,64680,64945,64570,64895,25700
1789650000,64890,65040,64715,64960,27351
1789653600,64965,64970,64635,64650,18954
1789657200,64650,64795,64645,64795,10035
1789660800,64795,64835,64710,64810,6950
1789664400,64805,64895,64780,64835,3501
1789668000,64835,64885,64785,64830,3257
1789671600,64830,64875,64790,64825,4206
1789675200,64825,64905,64810,64820,2626
1789678800,64795,64795,64795,64795,438
1789686000,64800,64875,64740,64750,8400
1789689600,64750,64765,64405,64500,56321
1789693200,64495,64630,64225,64375,29810
1789696800,64370,64755,64360,64665,22718
1789700400,64670,65355,64660,65195,66503
1789704000,65195,65235,64955,65085,25680
1789707600,65080,65165,64825,64885,22991
1789711200,64880,65140,64850,65100,28045
1789718400,65335,65660,65310,65365,32858
1789722000,65365,65465,65245,65255,11810
1789725600,65255,65305,65150,65165,9245
1789729200,65160,65235,65025,65170,16711
1789732800,65180,65265,65000,65190,19925
1789736400,65190,65240,64980,65030,21743
1789740000,65020,65080,64780,64885,31296
1789743600,64890,64920,64680,64700,19320
1789747200,64695,64800,64585,64770,13727
1789750800,64770,64790,64710,64780,3169
1789754400,64780,64875,64735,64830,3312
1789758000,64835,65030,64810,64965,6899
1789761600,64965,65060,64955,64965,4719
1789765200,64900,64900,64900,64900,615
1789945200,65190,65205,64970,65065,6759
1789948800,65070,65350,64900,64950,25295
1789952400,64955,65080,64865,64900,15696
1789956000,64895,65025,64875,65005,7801
1789959600,65010,65105,64970,65060,6696
1789963200,65065,65150,65010,65095,6380
1789966800,65095,65305,65060,65220,9421
1789970400,65220,65425,65220,65415,8962
1789977600,65500,65720,65465,65690,15925
1789981200,65690,65735,65615,65645,6582
1789984800,65640,65805,65630,65725,7547
1789988400,65720,65875,65720,65835,6739
1789992000,65835,65980,65825,65835,15546
1789995600,65825,65925,65610,65895,20224
1789999200,65890,66155,65810,66150,22624
1790002800,66150,66350,66145,66205,13513
1790006400,66205,66415,66185,66380,10120
1790010000,66385,66425,66350,66410,4327
1790013600,66410,66485,66400,66440,4843
1790017200,66445,66525,66395,66405,5226
1790020800,66410,66415,66335,66335,2356
1790024400,66370,66370,66370,66370,458
1790031600,66400,66620,66380,66585,6510
1790035200,66580,66990,66570,66855,31817
1790038800,66855,66905,66580,66635,16792
1790042400,66630,66730,66470,66480,10667
1790046000,66475,66560,66375,66420,11581
1790049600,66420,66440,66240,66310,10402
1790053200,66310,66415,66100,66360,16463
1790056800,66360,66365,66180,66205,8599
1790064000,66165,66395,65985,66365,28480
1790067600,66360,66565,66240,66520,23004
1790071200,66515,66585,66420,66495,8098
1790074800,66495,66555,66350,66400,12509
1790078400,66400,66605,66370,66460,10930
1790082000,66460,66870,66445,66845,25173
1790085600,66840,66980,66665,66740,24506
1790089200,66740,66845,66605,66690,13875
1790092800,66690,66830,66640,66810,7499
1790096400,66805,66970,66750,66965,7742
1790100000,66965,67010,66895,66910,6065
1790103600,66915,67090,66910,66980,7459
1790107200,66980,66990,66870,66890,2383
1790110800,66855,66855,66855,66855,448
1790118000,67005,67115,66940,67060,9390
1790121600,67060,67150,66665,66685,27791
1790125200,66685,66730,66560,66575,12882
1790128800,66580,66620,66510,66555,8358
1790132400,66560,66665,66535,66590,7122
1790136000,66590,66710,66590,66640,6281
1790139600,66640,66760,66625,66710,8428
1790143200,66710,66825,66690,66790,9448
1790150400,66735,66795,66650,66735,10367
1790154000,66735,66815,66620,66630,8780
1790157600,66635,66680,66575,66610,5145
1790161200,66605,66605,66335,66445,14243
1790164800,66445,66475,66345,66470,7705
1790168400,66470,66585,66130,66200,23450
1790172000,66195,66280,65920,66160,35783
1790175600,66160,66215,65990,66060,12529
1790179200,66055,66065,65745,65805,11552
1790182800,65800,65965,65685,65965,11912
1790186400,65965,65985,65865,65940,3844
1790190000,65940,65955,65860,65935,5475
1790193600,65935,65940,65885,65905,2261
1790197200,65950,65950,65950,65950,394
1790204400,65970,66025,65810,65855,13227
1790208000,65855,66075,65485,65990,77150
1790211600,65990,66055,65680,65820,38134
1790215200,65825,65880,65650,65830,20260
1790218800,65830,65830,65560,65595,18804
1790222400,65600,65740,65445,65690,25575
1790226000,65690,65770,65435,65440,19530
1790229600,65435,65565,65365,65460,32658
1790236800,65505,65560,65160,65200,32844
1790240400,65205,65370,65090,65280,17147
1790244000,65275,65385,65125,65320,18546
1790247600,65315,65370,65185,65320,12992
1790251200,65315,65450,65210,65435,20837
1790254800,65430,65580,65400,65485,25953
1790258400,65480,65600,65290,65315,23855
1790262000,65315,65345,65160,65300,18003
1790265600,65300,65890,65235,65770,37984
1790269200,65765,65855,65515,65585,15925
1790272800,65585,65770,65415,65695,13467
1790276400,65695,65710,65575,65660,7763
1790280000,65660,65660,65400,65500,4736
1790283600,65475,65475,65475,65475,475
1790290800,65405,65480,65305,65355,10473
1790294400,65355,65755,65340,65540,53814
1790298000,65540,66190,65475,66160,48330
1790301600,66160,66180,66020,66120,17417
1790305200,66125,66145,65935,66100,16168
1790308800,66100,66210,65955,66165,18821
1790312400,66160,66240,66065,66140,18981
1790316000,66140,66300,66110,66290,24093
1790323200,66230,66550,66085,66535,20425
1790326800,66530,66595,66445,66485,17170
1790330400,66490,66530,66310,66340,10377
1790334000,66340,66520,66325,66325,11817
1790337600,66330,66430,66235,66240,19405
1790341200,66245,66345,65985,66110,28659
1790344800,66110,66120,65855,65995,27168
1790348400,65995,66175,65910,66165,26912
1790352000,66165,66530,66140,66340,29805
1790355600,66340,66420,66310,66355,7670
1790359200,66360,66445,66335,66360,6169
1790362800,66360,66520,66330,66460,9359
1790366400,66465,66480,66415,66450,2656
1790370000,66475,66475,66475,66475,573
1790550000,66205,66345,66075,66315,14692
1790553600,66310,66850,66250,66450,78594
1790557200,66450,66475,66100,66185,50625
1790560800,66185,66235,65965,66020,20764
1790564400,66025,66140,65970,66050,23756
1790568000,66055,66210,65985,66100,17370
1790571600,66095,66190,65935,66050,21639
1790575200,66050,66075,65570,65570,43210
1790582400,65680,65690,65360,65435,25037
1790586000,65430,65590,65300,65515,17081
1790589600,65520,65630,65390,65525,12732
1790593200,65525,65675,65515,65610,17077
1790596800,65610,65935,65540,65910,29015
1790600400,65905,65925,65605,65775,35041
1790604000,65780,65780,65140,65245,37491
1790607600,65245,65395,65200,65390,16916
1790611200,65390,65975,65340,65700,29048
1790614800,65690,65985,65620,65805,16687
1790618400,65805,65890,65735,65865,7183
1790622000,65870,65870,65710,65780,9231
1790625600,65785,65795,65635,65635,3201
1790629200,65670,65670,65670,65670,470
1790636400,65770,65800,65525,65595,11761
1790640000,65600,65995,65405,65435,80929
1790643600,65435,65545,65230,65400,38032
1790647200,65400,65560,65210,65325,23604
1790650800,65325,65490,65175,65295,27360
1790654400,65290,65305,65115,65130,22295
1790658000,65135,65245,64885,65170,35057
1790661600,65170,65810,65130,65810,55764
1790668800,65770,65880,65665,65805,21362
1790672400,65795,65850,65655,65685,14164
1790676000,65685,65840,65675,65800,10509
1790679600,65795,65950,65730,65850,18399
1790683200,65845,65955,65750,65765,14734
1790686800,65765,65930,65725,65855,24902
1790690400,65860,66475,65825,66370,55089
1790694000,66370,66375,65925,66150,36628
1790697600,66150,66165,65940,65995,12796
1790701200,65990,66105,65915,65980,8247
1790704800,65985,66285,65985,66275,12694
1790708400,66275,66325,66210,66310,6579
1790712000,66310,66365,66285,66315,3213
1790715600,66310,66310,66310,66310,505
1790722800,66330,66645,66310,66630,17662
1790726400,66625,66745,66235,66390,78441
1790730000,66390,66585,66300,66470,31026
1790733600,66465,66590,66260,66460,26905
1790737200,66460,66805,66445,66785,33079
1790740800,66790,67095,66765,67005,37143
1790744400,66995,67150,66815,67030,40544
1790748000,67035,67150,66990,67145,44790
1790755200,67365,67590,67260,67330,30154
1790758800,67330,67365,67175,67190,15023
1790762400,67185,67320,67085,67230,15309
1790766000,67230,67265,67010,67175,22817
1790769600,67175,67780,67060,67620,50124
1790773200,67625,67735,67315,67580,39280
1790776800,67580,67820,67515,67680,44277
1790780400,67680,67700,67425,67580,28514
1790784000,67575,67635,67360,67395,9793
1790787600,67395,67405,67170,67300,10923
1790791200,67300,67300,67140,67195,6891
1790794800,67195,67290,67070,67100,12590
1790798400,67105,67225,67020,67115,7703
1790802000,67095,67095,67095,67095,535
1790809200,67335,67410,67190,67290,14458
1790812800,67290,67925,67275,67920,72552
1790816400,67920,68350,67910,68320,64347
1790820000,68325,68620,68325,68620,34912
1790823600,68620,68795,68480,68745,33018
1790827200,68745,68945,68690,68890,33211
1790830800,68890,69170,68885,69080,37038
1790834400,69080,69240,69005,69005,38674
1790841600,68455,68565,68130,68350,48059
1790845200,68355,68575,68345,68475,21234
1790848800,68470,68850,68290,68800,25092
1790852400,68800,68800,68495,68715,19737
1790856000,68715,68790,68530,68550,20345
1790859600,68550,68600,68300,68415,35255
1790863200,68410,68420,68015,68090,55534
1790866800,68095,68100,67790,67970,39533
1790870400,67970,68180,67910,68020,15225
1790874000,68015,68595,67990,68440,23104
1790877600,68440,68540,68220,68525,16702
1790881200,68525,68690,68410,68540,13140
1790884800,68540,68595,68455,68480,3301
1790888400,68465,68465,68465,68465,572
1790895600,68330,68735,68310,68660,16693
1790899200,68655,68925,68345,68635,70356
1790902800,68630,68675,68300,68580,38961
1790906400,68580,68635,68410,68470,20863
1790910000,68475,68595,68375,68465,21292
1790913600,68470,68575,68380,68515,20429
1790917200,68515,68555,68360,68450,21783
1790920800,68450,68645,68350,68630,41864
1790928000,68995,69305,68870,69250,36151
1790931600,69250,69495,69105,69410,30256
1790935200,69410,69495,69165,69490,17835
1790938800,69490,69650,69450,69505,22945
1790942400,69505,69885,69430,69815,35959
1790946000,69825,69970,69665,69865,40356
1790949600,69865,70185,69790,69980,33793
1790953200,69980,70000,69405,69770,37979
1790956800,69775,69835,69610,69780,16375
1790960400,69780,69860,69595,69755,10760
1790964000,69760,69800,69700,69770,4992
1790967600,69770,69960,69760,69920,7799
1790971200,69925,69945,69785,69820,2798
1790974800,69710,69710,69710,69710,622
1791154800,69865,69955,69660,69800,13570
1791158400,69800,70120,69560,70035,67164
1791162000,70035,70270,69965,70140,37378
1791165600,70140,70245,70025,70050,21056
1791169200,70045,70170,69905,69925,25993
1791172800,69930,70125,69835,69890,22512
1791176400,69895,70105,69840,70090,22607
1791180000,70095,70175,70045,70095,30877
1791187200,70200,70250,69750,69865,35388
1791190800,69870,69900,69775,69830,12476
1791194400,69825,70035,69780,69975,14872
1791198000,69975,70190,69845,70060,18914
1791201600,70060,70110,69950,70025,12406
1791205200,70025,70165,69895,70030,22559
1791208800,70030,70340,69910,70195,27372
1791212400,70195,70205,69950,70050,13563
1791216000,70060,70115,69995,70020,7960
1791219600,70020,70085,69985,70075,4140
1791223200,70075,70180,70005,70130,6079
1791226800,70120,70230,70075,70160,6984
1791230400,70155,70200,70145,70185,2063
1791234000,70185,70185,70185,70185,425
1791241200,70085,70270,70070,70165,11862
1791244800,70170,70545,69980,70355,69818
1791248400,70355,70605,70230,70350,35562
1791252000,70355,70390,70225,70295,15104
1791255600,70300,70590,70250,70495,24153
1791259200,70495,70730,70470,70655,26963
1791262800,70660,70965,70650,70940,22726
1791266400,70945,71025,70885,70900,29061
1791273600,70975,71160,70935,71055,20648
1791277200,71055,71110,70955,70975,12031
1791280800,70975,71275,70940,71225,15774
1791284400,71225,71490,71185,71435,17465
1791288000,71440,71515,71170,71260,21464
1791291600,71265,71435,71190,71350,26384
1791295200,71350,71480,71120,71260,28008
1791298800,71255,71330,71170,71205,14427
1791302400,71210,71220,71045,71085,7497
1791306000,71085,71140,71005,71100,6026
1791309600,71110,71135,70940,70965,5373
1791313200,70965,70980,70850,70870,5698
1791316800,70875,70975,70865,70960,2160
1791320400,71065,71065,71065,71065,830
1791327600,70900,71005,70875,70885,12846
1791331200,70885,70990,70620,70670,60459
1791334800,70670,70700,70505,70505,26869
1791338400,70505,70535,70205,70350,32960
1791342000,70350,70485,70315,70380,20173
1791345600,70375,70400,70265,70345,16399
1791349200,70350,70560,70320,70485,20564
1791352800,70485,70500,70240,70350,28793
1791360000,70265,70305,70155,70220,18188
1791363600,70220,70235,69985,70090,16622
1791367200,70090,70105,69810,69900,15482
1791370800,69895,69895,69750,69825,23355
1791374400,69825,69845,69575,69625,23594
1791378000,69630,69670,69210,69370,36717
1791381600,69365,69665,69250,69650,32527