time,open,high,low,close,Volume
1189668600,15910,16150,15890,16120,2399
1189755000,15850,15880,15850,15880,15
1190100600,16300,16385,16300,16385,272
1190187000,16400,16400,16360,16365,25
1190273400,16400,16400,16250,16300,1300
1190359800,16435,16440,16420,16420,27
1190705400,16540,16595,16540,16585,54
1190791800,16915,16915,16875,16900,40
1190878200,16915,17010,16820,16840,2973
1190964600,16850,16890,16850,16890,341
1191223800,17105,17130,17100,17105,17
1191310200,17105,17275,17080,17240,2724
1191396600,17220,17225,17090,17130,2125
1191483000,17105,17205,17090,17160,1441
1191569400,17265,17305,17210,17230,1921
1191915000,17235,17310,17220,17260,2464
1192001400,17255,17560,17230,17560,4682
1192087800,17555,17620,17345,17400,2737
1192174200,17390,17500,17360,17440,1394
1192433400,17440,17480,17170,17190,2727
1192519800,17155,17180,16860,17000,5136
1192692600,17155,17155,16775,16850,4948
1193124600,16505,16625,16380,16410,2866
1193643000,16800,16805,16535,16710,3023
1193729400,16685,16780,16605,16740,4793
1193815800,16735,16925,16720,16920,3498
1193988600,16520,16535,16255,16310,4681
1194247800,16295,16390,16180,16290,5697
1194334200,16290,16390,16115,16150,4883
1194420600,16150,16215,15665,15770,8882
1194507000,15760,15875,15580,15590,10123
1194593400,15620,15650,15010,15230,13845
1194852600,15240,15280,15010,15070,8401
1194939000,15155,15555,15030,15530,6858
1195025400,15570,15645,15385,15400,6586
1195111800,15410,15450,15060,15210,7636
1195198200,15185,15335,15075,15080,6655
1195457400,15115,15260,14780,15260,14928
1195543800,15255,15295,14790,14830,12097
1195630200,14825,15035,14670,14870,13068
1195716600,15000,15325,14980,15210,10965
1196062200,15185,15370,14830,15270,16423
1196148600,15255,15310,15110,15190,9998
1196235000,15200,15585,15170,15580,12643
1196321400,15565,15780,15550,15750,14020
1196407800,15730,15835,15610,15720,17028
1196667000,15730,15735,15470,15490,17293
1196753400,15485,15710,15385,15690,20442
1196839800,15710,15950,15695,15940,22092
1196926200,15930,16145,15910,15960,26095
1197012600,15920,16065,15855,15890,20391
1197271800,15865,16120,15850,16120,25879
1197358200,16120,16170,15720,15940,53928
1197531000,15540,15730,15445,15570,343170
1197617400,15555,15575,15230,15240,237118
1197876600,15255,15335,15030,15170,325137
1198049400,15065,15200,15010,15010,221529
1198135800,15025,15330,15020,15320,276687
1198222200,15625,15645,15535,15640,140493
1198567800,15645,15730,15600,15710,121392
1198654200,15705,15715,15560,15600,160309
1198740600,15590,15605,15235,15250,124827
1199345400,14870,14890,14565,14660,157784
1199431800,14500,14700,14425,14460,267598
1199691000,14495,14570,14375,14540,286120
1199777400,14520,14630,14265,14600,327502
1199863800,14610,14625,14390,14400,279562
1199950200,14375,14480,14105,14170,363788
1200036600,14175,14250,13930,13980,329926
1200382200,13970,13985,13475,13490,406621
1200468600,13510,13830,13375,13740,424526
1200555000,13785,13920,13360,13790,423327
1200641400,13790,13820,13290,13310,402734
1200900600,13235,13250,12500,12510,557244
1200987000,12425,13125,12125,12800,463851
1201073400,12830,13155,12790,13060,389878
1201159800,13020,13670,12890,13660,341856
1201246200,13750,13795,13040,13050,321982
1201505400,13080,13530,13060,13450,395041
1201591800,13410,13530,13270,13420,356348
1201678200,13380,13640,13135,13550,402614
1201764600,13590,13670,13425,13490,339177
1201851000,13520,13905,13510,13890,279105
1202110200,13890,13890,13655,13750,263839
1202196600,13795,13810,13055,13090,323528
1202283000,13085,13245,12980,13200,326053
1202369400,13230,13290,12985,13050,302422
1202455800,12990,13140,12930,12990,235568
1202801400,13010,13260,12950,13100,288104
1202887800,13060,13645,13025,13630,261669
1202974200,13655,13680,13350,13610,316677
1203060600,13645,13845,13580,13590,308251
1203319800,13585,13855,13560,13760,270216
1203406200,13735,13785,13280,13300,334505
1203492600,13320,13795,13305,13690,358882
1203579000,13635,13690,13370,13500,306436
1203665400,13510,13980,13460,13890,337336
1203924600,13860,14100,13800,13920,275229
1204011000,13910,14130,13885,14030,282591
1204097400,14010,14040,13790,13920,248052
1204183800,13880,13935,13530,13560,248416
1204529400,12995,13125,12875,12960,364913
1204615800,12945,13050,12895,12970,310378
1204702200,13015,13370,12970,13230,301087
1204788600,13225,13225,12730,12760,271852
1204875000,12755,12780,12525,12550,331175
1205134200,12555,12680,12340,12620,379229
1205220600,12645,13140,12590,12890,302825
1205307000,12860,12975,12350,12400,268573
1205393400,12355,12525,12085,12200,394525
1205479800,12240,12415,11610,11750,495553
1205739000,11780,11935,11700,11880,374848
1205825400,11930,12405,11895,12270,399308
1205911800,12280,12420,12225,12390,228820
1206084600,12395,12520,12355,12410,265771
1206343800,12405,12740,12400,12730,324068
1206430200,12725,12775,12605,12770,312914
1206516600,12740,12750,12490,12630,317120
1206603000,12615,12915,12530,12840,340041
1206689400,12850,12890,12440,12490,338247
1206948600,12490,12810,12460,12680,371068
1207035000,12730,13220,12720,13180,287819
1207121400,13155,13430,13140,13420,306039
1207207800,13415,13420,13225,13280,289075
1207294200,13285,13500,13235,13490,281384
1207553400,13510,13560,13250,13290,243407
1207639800,13280,13380,13015,13130,326053
1207726200,13120,13150,12915,12960,342943
1207812600,12985,13360,12845,13360,371613
1207899000,13330,13355,12860,12970,273621
1208158200,12950,13080,12890,12990,321911
1208244600,12995,13245,12940,13200,258765
1208331000,13170,13520,13120,13440,287756
1208417400,13430,13510,13340,13480,283215
1208503800,13485,13785,13480,13720,279909
1208763000,13730,13735,13535,13560,249554
1208849400,13590,13740,13455,13620,312948
1208935800,13620,13675,13505,13580,317798
1209022200,13605,13910,13520,13830,368700
1209108600,13850,14020,13755,13890,330455
1209367800,13810,13990,13785,13820,308906
1209540600,13795,13895,13730,13790,318198
1209627000,13790,14095,13780,14060,264242
1209713400,14180,14210,14025,14120,278638
1210145400,14135,14170,13935,13950,250127
1210231800,13945,13960,13635,13660,315511
1210318200,13655,13810,13535,13760,342802
1210577400,13780,14015,13730,14010,380671
1210663800,14040,14145,13880,14110,385829
1210750200,14130,14370,14120,14260,376815
1210836600,14250,14420,14200,14260,361156
1210923000,14230,14360,14225,14280,319074
1211182200,14255,14295,14120,14200,323272
1211268600,14165,14185,13840,13920,369570
1211355000,13940,14005,13655,13990,407862
1211441400,13970,14165,13915,14050,400801
1211527800,14020,14030,13670,13690,352328
1211787000,13705,13940,13705,13930,351823
1211873400,13930,13995,13665,13730,401439
1211959800,13770,14160,13740,14130,434165
1212046200,14115,14370,14090,14340,339476
1212132600,14340,14475,14190,14440,410580
1212391800,14400,14400,14120,14190,432230
1212478200,14190,14430,14160,14380,328622
1212564600,14355,14385,14235,14350,332593
1212651000,14380,14610,14370,14520,222070
1212737400,14525,14550,14070,14230,276419
1212996600,14220,14320,13985,14050,356785
1213083000,14000,14200,13905,14170,309804
1213169400,14190,14195,13820,13880,218494
1213255800,13950,14070,13825,13980,395867
1213342200,13960,14400,13900,14340,308770
1213601400,14355,14430,14310,14390,296755
1213687800,14405,14495,14335,14440,273864
1213774200,14430,14435,14080,14140,356629
1213860600,14125,14220,13910,13960,388296
1213947000,13960,14005,13670,13850,348991
1214206200,13870,13900,13745,13890,276735
1214292600,13905,13910,13650,13880,406680
1214379000,13905,13980,13820,13850,329755
1214465400,13820,13840,13470,13530,343039
1214551800,13555,13625,13435,13470,336625
1214811000,13485,13600,13375,13460,385572
1214897400,13430,13510,13250,13290,468779
1214983800,13300,13420,13140,13220,471052
1215070200,13200,13310,13130,13280,401204
1215156600,13250,13425,13180,13370,352383
1215415800,13390,13400,12990,13000,440758
1215502200,12980,13310,12915,13120,429635
1215588600,13150,13195,12925,13050,395836
1215675000,13055,13190,12920,13090,465975
1215761400,13040,13200,12970,13050,444650
1216020600,13085,13090,12720,12760,393832
1216107000,12710,12840,12650,12730,390299
1216193400,12700,12945,12660,12920,291707
1216279800,12950,13030,12770,12850,322439
1216366200,13030,13225,12960,13200,262401
1216711800,13175,13410,13100,13360,328087
1216798200,13390,13660,13345,13660,364155
1216884600,13620,13625,13330,13360,292447
1216971000,13330,13480,13305,13350,294275
1217230200,13310,13350,13025,13130,331267
1217316600,13140,13390,13110,13370,266187
1217403000,13380,13485,13250,13360,350335
1217489400,13360,13395,13030,13030,366993
1217575800,13065,13130,12915,12950,352265
1217835000,12930,13070,12900,12920,346627
1217921400,12910,13295,12900,13230,335894
1218007800,13235,13265,13030,13130,365882
1218094200,13180,13215,13145,13215,25416
1218180600,13180,13470,13145,13390,327031
1218439800,13395,13430,13280,13310,385429
1218526200,13300,13305,12940,13040,442277
1218612600,13050,13095,12905,12950,369986
1218699000,12980,13040,12950,13030,240467
1218785400,13025,13270,12920,13170,398322
1219044600,13150,13155,12780,12850,343133
1219131000,12845,12930,12740,12860,293672
1219217400,12870,12910,12720,12750,347582
1219303800,12725,12745,12620,12670,294753
1219390200,12685,12950,12680,12870,273935
1219649400,12845,12885,12655,12780,294509
1219735800,12785,12790,12685,12780,234806
1219822200,12770,12855,12720,12770,254050
1219908600,12755,13085,12740,13060,307826
1219995000,13050,13070,12820,12840,263695
1220254200,12825,12925,12475,12610,439076
1220340600,12620,12785,12615,12680,375805
1220427000,12695,12700,12515,12580,367966
1220513400,12585,12610,12155,12200,371325
1220599800,12210,12675,12115,12650,363907
1220859000,12610,12655,12335,12390,348588
1220945400,12435,12475,12125,12330,446944
1221031800,12325,12355,12060,12120,312457
1221118200,12065,12240,11980,12170,411764
1221204600,11600,11650,11485,11580,405750
1221550200,11600,11840,11555,11730,486489
1221636600,11690,11695,11245,11410,485220
1221723000,11465,11885,11445,11880,519483
1221809400,11940,12245,11935,12050,456461
1222068600,12000,12145,11860,12120,422517
1222241400,12100,12135,11870,12040,438901
1222327800,12010,12130,11815,11960,500725
1222414200,11925,12115,11775,11780,459403
1222673400,11760,11765,11090,11320,485853
1222759800,11360,11520,11330,11440,451676
1222846200,11445,11520,11150,11150,451416
1222932600,11445,11520,10955,10960,494060
1223019000,10965,11010,10400,10450,613617
1223278200,10470,10515,9935,10210,767700
1223364600,10230,10230,9025,9090,700815
1223451000,9380,9470,8935,9200,717935
1223537400,9240,9350,7795,8020,545716
1223623800,9300,9720,9235,9680,406948
1223969400,9530,9675,9270,9490,620291
1224055800,9410,9485,8230,8250,607402
1224142200,8430,8810,8400,8700,594174
1224228600,8595,9090,8330,9090,577945
1224487800,9045,9375,8955,9240,469273
1224574200,9110,9160,8620,8660,520300
1224660600,8650,8730,7990,8450,703699
1224747000,8455,8460,7575,7620,719046
1224833400,7645,7895,7085,7160,750049
1225092600,6975,7730,6830,7730,745327
1225179000,7745,8380,7465,8300,683589
1225265400,8165,9135,8100,9030,706588
1225351800,9060,9065,8440,8450,619632
1225438200,8975,9155,8875,9100,369684
1225783800,9125,9570,9040,9520,547557
1225870200,9485,9540,8775,8800,505599
1225956600,8800,8890,8240,8660,667343
1226043000,8660,9150,8610,9120,457661
1226302200,9115,9315,8685,8780,479716
1226388600,8705,8780,8520,8740,461386
1226475000,8780,8875,8130,8260,511087
1226561400,8265,8780,8170,8480,487658
1226647800,8530,8800,8205,8490,579212
1226907000,8490,8580,8285,8320,420752
1226993400,8260,8380,8110,8270,443763
1227079800,8285,8305,7655,7680,434736
1227166200,7695,8000,7365,7950,536002
1227252600,8350,8410,8070,8340,370629
1227598200,8300,8325,8135,8140,404635
1227684600,8150,8475,8135,8370,361918
1227771000,8330,8530,8300,8520,297882
1227857400,8495,8575,8300,8400,301025
1228116600,8395,8440,7840,7880,394721
1228203000,7875,8075,7800,8040,377762
1228289400,8010,8100,7840,7880,387682
1228375800,7875,8055,7865,7900,376263
1228462200,7900,8375,7815,8370,370725
1228721400,8370,8500,8285,8400,394879
1228807800,8380,8720,8355,8630,391449
1228894200,8620,8725,8505,8690,252055
1228980600,8685,8710,8070,8290,525474
1229067000,8240,8710,8210,8630,327840
1229326200,8640,8650,8470,8560,312549
1229412600,8540,8795,8410,8650,415824
1229499000,8650,8750,8520,8660,381674
1229585400,8680,8785,8580,8600,387812
1229671800,8575,8780,8500,8740,227734
1229931000,8570,8630,8480,8550,173694
1230103800,8540,8660,8525,8660,100467
1230190200,8640,8775,8620,8730,166800
1230276600,8730,8770,8640,8750,141138
1230535800,8730,8910,8695,8830,148665
1230881400,9215,9235,9015,9070,148807
1231140600,9215,9215,9040,9070,256170
1231227000,9070,9345,9065,9240,346363
1231313400,9190,9195,8860,8870,332627
1231399800,8850,8970,8780,8850,340689
1231486200,8555,8555,8370,8370,274503
1231831800,8345,8530,8230,8370,364331
1231918200,8375,8400,7990,8040,436473
1232004600,8060,8280,7960,8240,421259
1232091000,8230,8345,8195,8250,262289
1232350200,8245,8280,7945,8050,349858
1232436600,8045,8150,7785,7870,355698
1232523000,7840,8045,7760,8030,421200
1232609400,8025,8025,7720,7730,333102
1232695800,7730,7800,7570,7590,352898
1232955000,7585,8110,7550,8080,425504
1233041400,8100,8180,7925,8110,434035
1233127800,8110,8310,8095,8200,432039
1233214200,8170,8185,7915,7940,344453
1233300600,7930,7985,7790,7870,354245
1233559800,7815,8100,7710,7770,456021
1233646200,7810,8090,7740,8010,422449
1233732600,7975,8100,7890,7930,370842
1233819000,7960,8175,7900,8060,385583
1233905400,8055,8275,7905,7910,403234
1234164600,7955,8140,7900,7950,412526
1234251000,7805,7860,7660,7750,346011
1234423800,7725,7885,7630,7770,338696
1234510200,7760,7845,7680,7720,306757
1234769400,7730,7750,7600,7640,277994
1234855800,7630,7635,7460,7580,281996
1234942200,7585,7635,7530,7570,299004
1235028600,7570,7615,7370,7380,293771
1235115000,7395,7415,7195,7380,391077
1235374200,7395,7470,7145,7290,352900
1235460600,7300,7480,7210,7480,392615
1235547000,7490,7600,7420,7430,352910
1235633400,7435,7590,7400,7560,395119
1235719800,7570,7570,7225,7250,360293
1235979000,7250,7290,7080,7210,378405
1236065400,7200,7320,7095,7270,323302
1236151800,7305,7540,7290,7410,422555
1236238200,7410,7435,7150,7170,365362
1236324600,7180,7230,7020,7050,353175
1236583800,7045,7105,6960,7040,359390
1236670200,7030,7405,7025,7390,375014
1236756600,7345,7470,7150,7150,242847
1236843000,7090,7515,7070,7510,368025
1236929400,7510,7700,7510,7680,296105
1237188600,7715,7915,7655,7890,427548
1237275000,7910,7990,7805,7920,391956
1237361400,7920,7970,7840,7860,303777
1237447800,7900,8195,7870,8180,354183
1237793400,8205,8460,8190,8400,434076
1237879800,8415,8505,8335,8440,407363
1237966200,8380,8710,8355,8710,406741
1238052600,8710,8860,8615,8630,467330
1238139000,8640,8660,8195,8200,489504
1238398200,8150,8400,8060,8120,519913
1238484600,8155,8405,8090,8380,511304
1238571000,8360,8770,8305,8690,528449
1238657400,8720,8905,8700,8730,517391
1238743800,8760,9010,8750,8890,440075
1239003000,8890,8965,8790,8860,411591
1239089400,8845,8855,8565,8580,400280
1239175800,8575,8950,8570,8930,483250
1239262200,8900,9100,8855,8970,399184
1239348600,8960,9040,8880,8890,344327
1239607800,8890,8995,8750,8850,488386
1239694200,8850,8940,8680,8740,391744
1239780600,8760,9045,8725,8750,562485
1239867000,8730,8970,8710,8940,439185
1239953400,8910,8975,8820,8930,339518
1240212600,8930,8935,8610,8770,403443
1240299000,8740,8815,8685,8750,383295
1240385400,8715,8875,8645,8830,474407
1240471800,8835,8880,8690,8740,455582
1240558200,8740,8850,8650,8750,413125
1240817400,8715,8820,8485,8510,522633
1240903800,8485,8860,8475,8860,382924
1241076600,8930,9050,8825,9030,411833
1241163000,9050,9405,9045,9370,354621
1241681400,9365,9470,9340,9460,398122
1241767800,9455,9510,9340,9450,435247
1242027000,9400,9400,9305,9320,399816
1242113400,9350,9400,9275,9360,382018
1242199800,9330,9345,9050,9130,378379
1242286200,9095,9275,9060,9270,333629
1242372600,9240,9245,8995,9095,438437
1242631800,9140,9340,9110,9300,403918
1242718200,9320,9415,9310,9330,315468
1242804600,9355,9405,9185,9280,388558
1242891000,9320,9320,9110,9230,427712
1242977400,9205,9410,9200,9340,422206
1243236600,9340,9385,9230,9340,427227
1243323000,9300,9500,9230,9430,371751
1243409400,9445,9500,9350,9450,369699
1243495800,9460,9525,9425,9510,313741
1243582200,9530,9700,9490,9690,466056
1243841400,9740,9810,9695,9710,377596
1243927800,9685,9780,9670,9760,281658
1244014200,9770,9775,9650,9690,312077
1244100600,9725,9785,9720,9780,240645
1244187000,9790,9920,9775,9850,335130
1244446200,9810,9860,9755,9780,310394
1244532600,9810,10000,9780,9990,385598
1244619000,10020,10070,9960,10020,242513
1244705400,9975,10180,9975,10140,416795
1244791800,10140,10145,10035,10040,344975
1245051000,10020,10025,9755,9770,389908
1245137400,9790,9845,9715,9830,392067
1245223800,9810,9825,9650,9730,367313
1245310200,9760,9825,9680,9770,413428
1245396600,9765,9895,9760,9830,406373
1245655800,9785,9785,9510,9540,454990
1245742200,9580,9630,9520,9570,388106
1245828600,9555,9885,9550,9790,623657
1245915000,9760,9905,9730,9900,452216
1246001400,9935,9950,9755,9820,496076
1246260600,9835,10005,9825,9930,458658
1246347000,9940,10090,9860,9930,622765
1246433400,9970,9990,9870,9890,498984
1246519800,9865,9870,9685,9840,518514
1246606200,9820,9825,9650,9700,428574
1246865400,9665,9735,9605,9640,463826
1246951800,9620,9690,9405,9410,453102
1247038200,9455,9460,9270,9310,456466
1247124600,9330,9375,9250,9250,381856
1247211000,9230,9350,9030,9040,678456
1247470200,9040,9295,9020,9250,569764
1247556600,9235,9340,9225,9290,408355
1247643000,9305,9500,9305,9330,432178
1247729400,9360,9425,9325,9380,326929
1247815800,9390,9655,9380,9650,383222
1248161400,9635,9755,9605,9730,467670
1248247800,9690,9865,9650,9785,414147
1248334200,9805,9960,9795,9940,438951
1248420600,9970,10185,9965,10080,517807
1248679800,10080,10125,10040,10080,382925
1248766200,10105,10165,10025,10110,424925
1248852600,10045,10210,10035,10200,444369
1248939000,10200,10380,10180,10370,475226
1249025400,10385,10390,10320,10360,346613
1249284600,10350,10485,10350,10400,448779
1249371000,10415,10415,10240,10250,412915
1249457400,10265,10435,10265,10400,531245
1249543800,10415,10450,10250,10420,481724
1249630200,10380,10595,10335,10550,544644
1249889400,10570,10595,10510,10580,352078
1249975800,10600,10635,10435,10440,381140
1250062200,10365,10560,10340,10520,312066
1250148600,10545,10635,10515,10590,427652
1250235000,10595,10615,10250,10250,533025
1250494200,10235,10325,10155,10300,601022
1250580600,10325,10340,10185,10210,486441
1250667000,10170,10410,10110,10360,510931
1250753400,10375,10390,10135,10280,561162
1250839800,10310,10595,10290,10550,450272
1251099000,10575,10580,10460,10500,420442
1251185400,10540,10680,10525,10640,497173
1251271800,10640,10655,10395,10510,545974
1251358200,10545,10570,10470,10530,378274
1251444600,10540,10770,10420,10450,673231
1251703800,10435,10585,10415,10500,473897
1251790200,10510,10515,10210,10310,472828
1251876600,10280,10315,10180,10200,426518
1251963000,10225,10265,10140,10190,363880
1252049400,10220,10330,10205,10310,264057
1252308600,10320,10410,10300,10410,307874
1252395000,10420,10440,10245,10340,389275
1252481400,10310,10530,10290,10510,308094
1252567800,10475,10485,10365,10400,432671
1252654200,10405,10420,10125,10180,464305
1252913400,10210,10260,10135,10190,371097
1252999800,10200,10370,10145,10210,505423
1253086200,10220,10400,10195,10380,455027
1253172600,10370,10385,10255,10340,457572
1253259000,10360,10530,10350,10460,459951
1253777400,10420,10465,10230,10310,418547
1253863800,10085,10100,9975,10030,428725
1254123000,10030,10145,10010,10100,391000
1254209400,10090,10150,10070,10110,323791
1254295800,10110,10130,9965,9980,370193
1254382200,9990,10020,9715,9730,344554
1254468600,9730,9775,9670,9680,282293
1254727800,9670,9755,9630,9680,387709
1254814200,9700,9825,9695,9790,389029
1254900600,9790,9865,9735,9860,400654
1254987000,9875,10010,9855,10010,471166
1255073400,10050,10125,10035,10090,297466
1255419000,10105,10115,10020,10080,373560
1255505400,10095,10285,10090,10240,398373
1255591800,10240,10310,10220,10270,348612
1255678200,10185,10275,10130,10250,363913
1255937400,10275,10370,10270,10330,352498
1256023800,10325,10360,10280,10330,305005
1256110200,10335,10345,10160,10270,461900
1256196600,10255,10375,10215,10290,372008
1256283000,10280,10405,10255,10360,361511
1256542200,10345,10400,10205,10250,444514
1256628600,10245,10250,10070,10080,430831
1256715000,10085,10090,9850,9880,482995
1256801400,9880,10055,9865,10010,383458
1256887800,9715,9830,9710,9830,346414
1257233400,9825,9850,9760,9820,358649
1257319800,9835,9885,9685,9700,432845
1257406200,9710,9855,9660,9780,402521
1257492600,9755,9850,9730,9800,339855
1257751800,9815,9985,9810,9870,428435
1257838200,9860,9960,9850,9880,430218
1257924600,9910,9970,9785,9790,488696
1258011000,9790,9820,9715,9750,483003
1258097400,9795,9810,9725,9800,352070
1258356600,9820,9860,9715,9740,430282
1258443000,9740,9800,9630,9670,476148
1258529400,9675,9700,9490,9550,556674
1258615800,9530,9540,9425,9490,473814
1258702200,9510,9520,9390,9390,345818
1259047800,9350,9450,9325,9450,447154
1259134200,9465,9485,9315,9390,466871
1259220600,9390,9390,9060,9070,586552
1259307000,9200,9350,9180,9330,484290
1259566200,9325,9565,9215,9550,728692
1259652600,9475,9645,9460,9630,574145
1259739000,9625,9980,9610,9950,692113
1259825400,9980,10030,9900,10000,556243
1259911800,10175,10210,10100,10150,438285
1260171000,10140,10155,10065,10120,384171
1260257400,10115,10125,9985,10000,390582
1260343800,9960,10040,9820,9820,379086
1260430200,9835,10100,9795,10100,502539
1260516600,10075,10120,10000,10100,422597
1260775800,10100,10110,10020,10070,359833
1260862200,10075,10230,10055,10180,454542
1260948600,10170,10260,10150,10150,391515
1261035000,10120,10155,10010,10140,489253
1261121400,10200,10210,10180,10190,170933
1261380600,10180,10385,10155,10350,323229
1261467000,10470,10560,10455,10510,309295
1261639800,10525,10530,10470,10510,198819
1261726200,10540,10665,10520,10630,300334
1261985400,10625,10725,10595,10650,336512
1262071800,10680,10730,10525,10540,363419
1262158200,10595,10700,10590,10640,278137
1262590200,10670,10800,10655,10690,537699
1262676600,10715,10775,10660,10710,491334
1262763000,10710,10775,10635,10700,440311
1262849400,10695,10830,10655,10810,553315
1262935800,10760,10910,10755,10890,414372
1263281400,10890,10890,10715,10720,551266
1263367800,10700,10910,10675,10890,474748
1263454200,10900,10980,10870,10970,498978
1263540600,10850,10880,10770,10840,417785
1263799800,10840,10870,10745,10760,392817
1263886200,10770,10860,10705,10710,436033
1263972600,10690,10890,10645,10840,660887
1264059000,10830,10835,10515,10590,695737
1264145400,10405,10555,10405,10510,468907
1264404600,10505,10575,10320,10340,582452
1264491000,10310,10375,10250,10270,538438
1264577400,10230,10465,10210,10420,541247
1264663800,10395,10460,10160,10160,537253
1264750200,10195,10235,10125,10190,490164
1265009400,10220,10395,10205,10370,491482
1265095800,10365,10430,10335,10420,455568
1265182200,10425,10445,10280,10350,449559
1265268600,10330,10340,10025,10060,448706
1265355000,10065,10070,9910,9960,574261
1265614200,9970,10025,9865,9940,462613
1265700600,9970,10045,9955,9990,393880
1265787000,10070,10100,10005,10100,264895
1265959800,10090,10120,10000,10010,307499
1266219000,10010,10060,10000,10020,196888
1266305400,10045,10310,10045,10290,376693
1266391800,10270,10340,10265,10330,303826
1266478200,10305,10355,10120,10140,455186
1266564600,10140,10450,10125,10370,502025
1266823800,10360,10390,10275,10350,391353
1266910200,10350,10370,10120,10200,452430
1266996600,10190,10270,10085,10100,487213
1267083000,10105,10175,10080,10100,383412
1267169400,10100,10220,10080,10170,338875
1267428600,10210,10245,10145,10230,403589
1267515000,10235,10280,10180,10230,414055
1267601400,10230,10265,10130,10140,425832
1267687800,10120,10385,10110,10370,453697
1267774200,10380,10590,10355,10580,335920
1268033400,10600,10605,10540,10560,289545
1268119800,10560,10590,10510,10570,275226
1268206200,10560,10680,10550,10680,250427
1268292600,10620,10715,10570,10680,354828
1268379000,10675,10750,10650,10670,303688
1268638200,10690,10720,10650,10670,296090
1268724600,10680,10805,10675,10780,447182
1268811000,10780,10795,10670,10690,383722
1268897400,10680,10765,10650,10750,302397
1268983800,10720,10755,10700,10720,198427
1269329400,10690,10825,10660,10740,406135
1269415800,10730,10810,10700,10770,312108
1269502200,10780,10945,10775,10930,378000
1269588600,10935,11020,10900,11020,372781
1269847800,11045,11135,11010,11120,393285
1269934200,11150,11155,11085,11100,342399
1270020600,11095,11285,11095,11230,409214
1270107000,11235,11330,11230,11310,368987
1270193400,11315,11390,11310,11360,282740
1270452600,11355,11365,11225,11280,457941
1270539000,11275,11365,11270,11290,417058
1270625400,11270,11290,11160,11170,411977
1270711800,11160,11215,11105,11210,342540
1270798200,11230,11365,11220,11260,436038
1271057400,11255,11275,11090,11150,513234
1271143800,11180,11280,11150,11210,459117
1271230200,11215,11325,11210,11270,376106
1271316600,11260,11265,11085,11090,468832
1271403000,11095,11150,10880,10910,417589
1271662200,10880,11010,10845,10900,468510
1271748600,10920,11100,10910,11100,420256
1271835000,11085,11085,10865,10950,598922
1271921400,10960,10990,10850,10950,566835
1272007800,10915,11170,10910,11160,474904
1272267000,11175,11215,11110,11210,463894
1272353400,11175,11190,10875,10940,518566
1272439800,11070,11095,11035,11050,269972
1272612600,10705,10735,10670,10680,331026
1273131000,10625,10690,10205,10430,760322
1273217400,10370,10550,10345,10540,812751
1273476600,10595,10715,10395,10400,829273
1273563000,10400,10505,10340,10370,701767
1273649400,10405,10645,10400,10640,567295
1273735800,10665,10670,10385,10450,677815
1273822200,10460,10465,10155,10240,734766
1274081400,10295,10340,10200,10260,626730
1274167800,10335,10340,10035,10140,713459
1274254200,10165,10170,10000,10040,709242
1274340600,10055,10100,9690,9730,788155
1274427000,9735,9795,9625,9760,656092
1274686200,9790,9800,9420,9440,746051
1274772600,9385,9630,9275,9490,797582
1274859000,9445,9650,9390,9650,653783
1274945400,9685,9825,9610,9800,583308
1275031800,9780,9865,9725,9760,488791
1275291000,9755,9760,9645,9740,426423
1275377400,9655,9765,9550,9610,689713
1275463800,9650,9950,9585,9940,567658
1275550200,9945,9990,9865,9930,448225
1275636600,9945,9970,9495,9510,564239
1275895800,9540,9590,9420,9530,522980
1275982200,9500,9535,9375,9480,602307
1276068600,9515,9550,9430,9530,351828
1276155000,9480,9765,9475,9710,438495
1276241400,9695,9890,9660,9880,354025
1276500600,9870,9915,9820,9840,336673
1276587000,9835,10110,9805,10090,482021
1276673400,10075,10085,9980,10010,356603
1276759800,9990,10080,9960,10000,379929
1276846200,9985,10250,9960,10230,529969
1277105400,10250,10260,10100,10110,413891
1277191800,10110,10135,9900,9900,405581
1277278200,9915,10010,9885,9910,377289
1277364600,9880,9880,9690,9740,488894
1277451000,9755,9780,9675,9690,411538
1277710200,9680,9765,9545,9550,546607
1277796600,9540,9540,9340,9360,534095
1277883000,9380,9390,9140,9180,616569
1277969400,9160,9250,9150,9210,549440
1278055800,9205,9280,9195,9260,323709
1278315000,9260,9360,9085,9350,567965
1278401400,9395,9445,9215,9290,559345
1278487800,9265,9545,9225,9540,454990
1278574200,9515,9610,9480,9580,466215
1278660600,9575,9635,9530,9550,424391
1278919800,9510,9630,9495,9530,435020
1279006200,9530,9810,9515,9790,451959
1279092600,9785,9800,9660,9670,401244
1279179000,9630,9685,9380,9400,633032
1279265400,9250,9380,9240,9300,403518
1279611000,9285,9400,9185,9280,501550
1279697400,9320,9330,9170,9200,545433
1279783800,9225,9475,9210,9440,533315
1279870200,9430,9560,9425,9490,436298
1280129400,9460,9540,9425,9500,443130
1280215800,9535,9760,9530,9730,540205
1280302200,9745,9750,9640,9690,379009
1280388600,9700,9740,9495,9530,522948
1280475000,9525,9680,9405,9560,642967
1280734200,9575,9750,9570,9680,549402
1280820600,9635,9660,9470,9490,647871
1280907000,9515,9685,9470,9620,564051
1280993400,9600,9665,9535,9650,495651
1281079800,9655,9680,9505,9560,486315
1281339000,9570,9665,9500,9540,538912
1281425400,9520,9525,9275,9280,667238
1281511800,9240,9260,9050,9190,691141
1281598200,9250,9275,9075,9270,581785
1281684600,9255,9265,9085,9180,565550
1281943800,9210,9210,9070,9170,573561
1282030200,9190,9280,9145,9240,666980
1282116600,9230,9380,9180,9360,627000
1282203000,9345,9360,9155,9160,650791
1282289400,9155,9175,9075,9100,505589
1282548600,9090,9140,8960,8970,560080
1282635000,8910,8945,8790,8830,750213
1282721400,8840,8910,8725,8890,545850
1282807800,8890,9025,8805,8970,654578
1282894200,8950,9285,8920,9130,716145
1283153400,9115,9140,8795,8800,683924
1283239800,8830,8935,8765,8930,665195
1283326200,8875,9090,8850,9040,695472
1283412600,8990,9145,8985,9100,584454
1283499000,9105,9310,9105,9290,656612
1283758200,9260,9315,9205,9220,483651
1283844600,9170,9175,8995,9010,597698
1283931000,9045,9140,9015,9090,373416
1284017400,9015,9240,9015,9180,654289
1284103800,9180,9345,9155,9260,516961
1284363000,9270,9305,9200,9250,523111
1284449400,9220,9535,9140,9470,1086272
1284535800,9480,9575,9425,9430,654489
1284622200,9460,9595,9445,9570,503888
1284708600,9630,9645,9525,9530,376683
1285054200,9545,9585,9490,9520,493060
1285140600,9475,9560,9360,9400,692668
1285313400,9400,9565,9370,9540,481697
1285572600,9520,9555,9470,9490,368744
1285659000,9425,9610,9420,9560,648892
1285745400,9580,9580,9360,9360,609201
1285831800,9395,9485,9355,9390,668207
1285918200,9415,9520,9350,9350,650475
1286177400,9335,9540,9300,9520,795107
1286263800,9465,9700,9460,9700,733656
1286350200,9695,9725,9645,9690,507241
1286436600,9660,9690,9580,9580,423707
1286523000,9550,9650,9380,9400,671409
1286868600,9425,9510,9365,9410,494207
1286955000,9435,9620,9430,9570,602907
1287041400,9590,9595,9480,9520,471913
1287127800,9515,9565,9470,9490,350372
1287387000,9485,9580,9465,9530,433431
1287473400,9540,9550,9310,9380,557456
1287559800,9385,9490,9330,9370,627438
1287646200,9375,9460,9375,9420,341282
1287732600,9400,9460,9390,9430,371500
1287991800,9415,9465,9360,9360,406674
1288078200,9370,9460,9330,9410,563130
1288164600,9375,9420,9350,9370,408839
1288251000,9350,9385,9175,9190,480078
1288337400,9210,9280,9130,9160,464041
1288596600,9165,9180,9125,9170,361245
1288683000,9165,9380,9165,9360,406801
1288855800,9380,9690,9375,9650,600496
1288942200,9645,9740,9585,9720,473373
1289201400,9705,9730,9655,9690,369806
1289287800,9690,9845,9670,9810,513229
1289374200,9815,9900,9795,9860,368351
1289460600,9870,9875,9725,9740,485994
1289547000,9680,9840,9640,9820,490089
1289806200,9845,9915,9775,9780,602232
1289892600,9770,9830,9700,9830,480189
1289979000,9805,10015,9790,9980,642699
1290065400,9990,10140,9985,10050,465292
1290151800,10075,10165,10035,10120,344559
1290411000,10140,10150,9900,10040,522229
1290583800,10025,10125,9930,10080,489142
1290670200,10095,10140,10040,10060,344597
1290756600,10050,10155,9990,10120,542915
1291015800,10140,10160,9935,9950,654781
1291102200,9960,10010,9855,10000,528015
1291188600,10020,10205,10015,10160,471209
1291275000,10170,10255,10155,10190,399424
1291361400,10205,10245,10105,10180,334410
1291620600,10180,10180,10095,10150,359556
1291707000,10150,10270,10145,10240,472898
1291793400,10210,10300,10200,10280,260240
1291879800,10295,10330,10180,10210,468277
1291966200,10200,10290,10190,10280,318881
1292225400,10280,10330,10260,10310,348203
1292311800,10330,10335,10270,10300,329170
1292398200,10285,10350,10280,10300,341783
1292484600,10295,10320,10280,10290,241243
1292571000,10295,10300,10175,10230,318766
1292830200,10245,10370,10240,10350,342833
1292916600,10360,10390,10320,10330,305072
1293003000,10330,10340,10255,10280,143199
1293175800,10290,10375,10285,10350,180335
1293435000,10325,10340,10290,10320,227315
1293521400,10300,10360,10280,10360,222514
1293607800,10355,10360,10200,10210,334366
1294039800,10345,10415,10330,10380,309898
1294126200,10395,10415,10360,10380,324173
1294212600,10375,10535,10330,10510,386942
1294299000,10525,10560,10500,10550,302095
1294385400,10550,10555,10475,10510,404958
1294731000,10515,10575,10500,10520,382964
1294817400,10530,10620,10520,10560,394172
1294903800,10570,10595,10495,10500,432790
1294990200,10510,10565,10470,10500,364773
1295249400,10505,10550,10450,10520,361845
1295335800,10510,10585,10510,10570,394119
1295422200,10575,10580,10420,10440,456038
1295508600,10410,10475,10255,10280,733323
1295595000,10290,10355,10275,10340,469022
1295854200,10335,10475,10330,10470,521615
1295940600,10470,10480,10395,10420,375054
1296027000,10420,10490,10405,10480,484397
1296113400,10485,10490,10330,10370,675418
1296199800,10380,10405,10180,10230,467858
1296459000,10245,10300,10205,10270,429913
1296545400,10275,10485,10255,10460,510313
1296631800,10450,10460,10410,10440,325471
1296718200,10460,10585,10455,10530,374743
1296804600,10540,10660,10525,10590,446558
1297063800,10590,10650,10585,10630,315661
1297150200,10645,10700,10595,10620,435922
1297236600,10605,10630,10565,10620,368374
1297323000,10680,10730,10670,10730,195277
1297668600,10735,10765,10710,10740,286348
1297755000,10725,10840,10710,10800,390341
1297841400,10815,10890,10805,10840,354292
1297927800,10850,10855,10805,10850,291142
1298014200,10840,10870,10785,10870,350997
1298273400,10860,10870,10635,10660,681272
1298359800,10630,10665,10550,10570,595600
1298446200,10575,10625,10430,10470,614923
1298532600,10440,10535,10390,10510,568998
1298619000,10510,10630,10440,10630,615546
1298878200,10625,10755,10610,10750,467906
1298964600,10760,10785,10490,10490,617007
1299051000,10515,10600,10475,10590,516256
1299137400,10575,10775,10530,10700,590274
1299223800,10700,10740,10465,10530,622735
1299483000,10525,10585,10505,10520,611301
1299569400,10595,10665,10515,10600,589493
1299655800,10605,10610,10400,10440,507232
1299742200,10365,10380,10160,10170,612814
1299828600,10010,10125,9430,9460,1362388
1300087800,9435,9560,7795,8640,1739935
1300174200,8765,9075,8290,9000,1669179
1300260600,8955,9015,8395,8930,1246294
1300347000,8870,9195,8590,9130,864744
1300433400,9120,9545,9000,9530,630512
1300779000,9530,9535,9300,9380,674258
1300951800,9320,9505,9300,9450,399572
1301038200,9460,9520,9330,9410,419739
1301297400,9415,9505,9320,9480,427246
1301383800,9485,9720,9420,9710,509448
1301470200,9730,9775,9660,9760,438151
1301556600,9705,9830,9670,9700,446866
1301643000,9700,9820,9690,9710,283394
1301902200,9730,9750,9570,9630,388494
1301988600,9630,9685,9565,9610,364073
1302075000,9635,9695,9580,9590,343220
1302161400,9620,9815,9535,9770,502080
1302247800,9785,9800,9700,9720,276513
1302507000,9725,9730,9495,9560,503768
1302593400,9565,9660,9515,9640,392968
1302679800,9630,9685,9555,9650,332700
1302766200,9615,9655,9550,9560,350542
1302852600,9580,9610,9535,9560,277508
1303111800,9530,9535,9375,9440,382063
1303198200,9440,9635,9415,9610,313634
1303284600,9630,9735,9625,9680,352176
1303371000,9680,9735,9615,9680,256396
1303457400,9675,9750,9655,9680,163163
1303716600,9680,9685,9535,9550,273165
1303803000,9580,9730,9575,9710,297247
1303889400,9685,9870,9680,9870,434998
1303975800,9860,10045,9850,10030,287460
1304321400,10025,10040,9780,9850,224775
1304926200,9815,9855,9755,9820,349836
1305012600,9840,9930,9835,9860,325528
1305099000,9845,9885,9700,9700,371590
1305185400,9705,9755,9545,9670,506268
1305271800,9700,9720,9550,9560,314719
1305531000,9580,9600,9500,9580,381960
1305617400,9565,9695,9540,9670,385022
1305703800,9675,9730,9600,9630,349686
1305790200,9650,9685,9600,9620,315444
1305876600,9605,9625,9435,9460,348343
1306135800,9435,9495,9380,9480,361019
1306222200,9500,9540,9410,9410,329669
1306308600,9430,9570,9425,9550,351131
1306395000,9570,9595,9490,9530,347539
1306481400,9545,9545,9450,9520,327002
1306740600,9525,9700,9490,9690,403815
1306827000,9705,9745,9660,9710,313743
1306913400,9705,9710,9510,9550,385590
1306999800,9565,9610,9490,9520,362098
1307086200,9505,9540,9355,9400,385845
1307345400,9410,9455,9360,9450,380833
1307431800,9460,9475,9395,9460,325200
1307518200,9445,9490,9375,9490,296798
1307604600,9505,9620,9465,9500,396399
1307691000,9480,9500,9380,9450,268113
1307950200,9445,9560,9425,9530,357434
1308036600,9535,9590,9510,9580,308067
1308123000,9570,9575,9395,9410,334213
1308209400,9410,9445,9310,9340,425553
1308295800,9330,9415,9295,9350,309414
1308555000,9335,9450,9330,9450,322547
1308641400,9465,9650,9445,9610,382098
1308727800,9590,9650,9545,9600,318060
1308814200,9580,9690,9505,9670,338491
1308900600,9670,9710,9560,9590,315363
1309159800,9620,9710,9590,9650,290539
1309246200,9650,9795,9630,9790,301841
1309332600,9790,9850,9775,9820,353858
1309419000,9825,9900,9800,9850,229356
1309505400,9840,10005,9835,9960,298593
1309764600,9950,9995,9945,9960,236944
1309851000,9965,10085,9960,10080,333099
1309937400,10045,10105,10010,10080,321155
1310023800,10065,10195,10050,10160,312813
1310110200,10160,10185,10025,10080,258330
1310369400,10050,10060,9900,9920,331351
1310455800,9850,9980,9780,9950,488083
1310542200,9970,10000,9885,9930,399103
1310628600,9965,9990,9920,9970,288772
1310715000,9945,10020,9875,9890,288151
1311060600,9925,10045,9925,10020,284293
1311147000,10000,10040,9970,10010,260954
1311233400,10005,10155,9970,10140,321411
1311319800,10145,10170,10040,10050,264154
1311579000,10045,10135,10035,10110,343928
1311665400,10115,10120,10015,10040,327798
1311751800,10040,10045,9850,9900,336338
1311838200,9905,9965,9820,9830,427275
1311924600,9840,10040,9750,9970,413344
1312183800,9955,9960,9735,9830,471311
1312270200,9800,9825,9605,9650,450474
1312356600,9640,9770,9510,9670,713383
1312443000,9675,9695,9255,9280,740244
1312529400,9280,9450,9050,9120,850247
1312788600,9235,9250,8650,9000,1200140
1312875000,9050,9160,8855,9020,757467
1312961400,9030,9035,8770,8980,716657
1313047800,8970,9085,8775,8960,585592
1313134200,8910,9115,8900,9060,394757
1313479800,9030,9110,8980,9040,399821
1313566200,9020,9110,8925,8940,431941
1313652600,8710,8795,8630,8700,229802
1313739000,8710,8795,8615,8620,683627
1313998200,8645,8775,8630,8740,579376
1314084600,8770,8820,8615,8660,642877
1314171000,8650,8850,8625,8780,528499
1314257400,8755,8815,8630,8805,178918
1314343800,8755,8930,8630,8870,590470
1314603000,8865,9000,8855,8950,361309
1314689400,8940,8970,8870,8960,344429
1314775800,8955,9100,8950,9060,492182
1314862200,8935,8950,8815,8825,136356
1314948600,8935,8950,8760,8770,525476
1315207800,8765,8790,8585,8610,498625
1315294200,8630,8780,8600,8780,558645
1315380600,8780,8875,8760,8790,283145
1315467000,8745,8790,8650,8650,357720
1315553400,8670,8675,8445,8480,415632
1315812600,8410,8575,8370,8570,432583
1315899000,8540,8605,8430,8460,568434
1315985400,8505,8630,8475,8600,503641
1316071800,8615,8800,8600,8790,411437
1316158200,8760,8835,8640,8650,408308
1316503800,8685,8735,8645,8680,424629
1316590200,8660,8695,8485,8490,439182
1316676600,8485,8490,8290,8290,769528
1317022200,8320,8580,8320,8580,629994
1317108600,8580,8695,8565,8640,572921
1317195000,8665,8715,8500,8710,653884
1317281400,8690,8775,8655,8700,661775
1317367800,8660,8680,8460,8530,525248
1317627000,8540,8600,8360,8450,647848
1317713400,8410,8510,8330,8380,718065
1317799800,8405,8550,8375,8530,538286
1317886200,8535,8670,8510,8590,534052
1317972600,8595,8810,8560,8770,399521
1318318200,8765,8780,8690,8740,375539
1318404600,8725,8890,8715,8800,438794
1318491000,8830,8845,8740,8770,370254
1318577400,8765,8910,8735,8900,372075
1318836600,8915,8955,8730,8750,390416
1318923000,8700,8835,8685,8790,412374
1319009400,8785,8820,8670,8670,376503
1319095800,8660,8730,8640,8680,377963
1319182200,8685,8850,8670,8840,304745
1319441400,8825,8870,8755,8770,362230
1319527800,8785,8820,8650,8730,462270
1319614200,8745,8925,8680,8920,527071
1319700600,8910,9095,8910,9050,442854
1319787000,9020,9165,8960,8960,623415
1320046200,8980,8985,8835,8850,522216
1320132600,8805,8820,8640,8690,564453
1320219000,8700,8820,8605,8800,423663
1320391800,8800,8810,8705,8760,339705
1320651000,8750,8770,8645,8670,452699
1320737400,8670,8765,8640,8730,422698
1320823800,8720,8725,8490,8490,569003
1320910200,8480,8575,8465,8500,515680
1320996600,8480,8665,8460,8625,389662
1321255800,8625,8645,8535,8560,336010
1321342200,8555,8585,8450,8450,430665
1321428600,8465,8530,8405,8465,480138
1321515000,8475,8480,8360,8410,437467
1321601400,8420,8455,8345,8360,301862
1321860600,8360,8365,8225,8320,462742
1321947000,8315,8345,8155,8160,360577
1322119800,8160,8200,8130,8180,328509
1322206200,8155,8325,8105,8310,389997
1322465400,8290,8480,8290,8480,404165
1322551800,8460,8505,8360,8420,360595
1322638200,8405,8665,8390,8600,546350
1322724600,8600,8660,8560,8660,360163
1322811000,8660,8755,8655,8680,368789
1323070200,8685,8730,8570,8580,365566
1323156600,8565,8730,8540,8680,447293
1323243000,8710,8715,8615,8680,365367
1323329400,8670,8690,8490,8520,460227
1323415800,8500,8670,8490,8620,346034
1323675000,8590,8615,8505,8550,339303
1323761400,8560,8610,8480,8500,338318
1323847800,8515,8515,8365,8370,345634
1323934200,8375,8430,8365,8400,331269
1324020600,8435,8440,8260,8300,346326
1324279800,8315,8355,8285,8330,244196
1324366200,8330,8465,8325,8440,251137
1324452600,8450,8500,8370,8370,237731
1324539000,8390,8525,8385,8450,174979
1324884600,8455,8455,8415,8450,114114
1324971000,8455,8470,8410,8420,144793
1325057400,8410,8440,8330,8390,230771
1325143800,8390,8450,8360,8450,183481
1325230200,8455,8575,8415,8530,266620
1325662200,8525,8540,8475,8500,204106
1325748600,8495,8500,8340,8390,403021
1325835000,8400,8440,8355,8420,305575
1326180600,8420,8475,8405,8430,268615
1326267000,8430,8450,8355,8380,287197
1326353400,8390,8510,8375,8500,350697
1326439800,8490,8500,8345,8380,348178
1326699000,8380,8475,8355,8470,287836
1326785400,8490,8600,8435,8550,499753
1326871800,8545,8680,8520,8650,480907
1326958200,8630,8790,8625,8750,496114
1327044600,8750,8790,8720,8770,279079
1327303800,8760,8820,8745,8790,312716
1327390200,8785,8905,8755,8870,420299
1327476600,8855,8895,8815,8850,332828
1327563000,8845,8915,8810,8830,417911
1327649400,8830,8860,8765,8800,390606
1327908600,8785,8835,8740,8810,350756
1327995000,8815,8835,8775,8790,285228
1328081400,8775,8900,8775,8870,369738
1328167800,8885,8900,8815,8840,362321
1328254200,8840,8950,8825,8900,331150
1328513400,8900,8925,8870,8900,293762
1328599800,8910,9010,8890,8990,396753
1328686200,9000,9010,8935,9010,434083
1328772600,9000,9025,8945,8970,358594
1328859000,8965,9015,8890,9000,408091
1329118200,9000,9070,8965,9060,451326
1329204600,9050,9315,9040,9270,680555
1329291000,9255,9305,9210,9230,583588
1329377400,9240,9435,9225,9400,553698
1329463800,9415,9570,9400,9470,439366
1329723000,9440,9515,9425,9490,530177
1329809400,9475,9570,9435,9570,496345
1329895800,9580,9610,9505,9570,476119
1329982200,9590,9640,9550,9640,465424
1330068600,9660,9745,9615,9620,472616
1330327800,9545,9760,9475,9760,823363
1330414200,9765,9875,9705,9710,699662
1330500600,9740,9870,9670,9710,735816
1330587000,9670,9815,9635,9760,595419
1330673400,9795,9815,9670,9680,487060
1330932600,9680,9740,9600,9650,606567
1331019000,9630,9635,9490,9580,654814
1331105400,9585,9770,9565,9760,364918
1331191800,9735,9945,9725,9840,705068
1331278200,9865,9975,9800,9800,580275
1331537400,9825,9945,9805,9840,693306
1331623800,9860,10050,9845,10010,483937
1331710200,9995,10095,9995,10060,512658
1331796600,10045,10075,10000,10060,412692
1331883000,10070,10125,10060,10080,308107
1332142200,10075,10080,10000,10020,419522
1332315000,10020,10070,9985,10040,486943
1332401400,10050,10055,9915,9930,425549
1332487800,9945,9990,9845,9960,384274
1332747000,9960,10190,9945,10180,537919
1332833400,10160,10215,10135,10180,434690
1332919800,10145,10190,10085,10110,494698
1333006200,10110,10125,10020,10090,504173
1333092600,10125,10200,10100,10110,420522
1333351800,10120,10125,10040,10050,410419
1333438200,10045,10075,9815,9820,684768
1333524600,9820,9825,9690,9790,691662
1333611000,9795,9800,9635,9680,541803
1333697400,9680,9690,9510,9550,456264
1333956600,9520,9665,9515,9540,525887
1334043000,9500,9515,9360,9440,737085
1334129400,9470,9550,9400,9540,541655
1334215800,9555,9700,9500,9640,580561
1334302200,9640,9645,9460,9470,460455
1334561400,9470,9545,9440,9450,432146
1334647800,9485,9695,9475,9660,442460
1334734200,9635,9670,9570,9600,385266
1334820600,9635,9670,9530,9560,483955
1334907000,9570,9650,9515,9550,386160
1335166200,9475,9515,9400,9480,479696
1335252600,9490,9590,9475,9550,355591
1335339000,9550,9640,9535,9560,372712
1335425400,9575,9700,9465,9500,675754
1335511800,9465,9540,9330,9340,439777
1335857400,9310,9425,9290,9360,384453
1335943800,9380,9385,9100,9110,490961
1336375800,9140,9235,9110,9180,346205
1336462200,9130,9150,9020,9040,539097
1336548600,9040,9080,8935,9030,608217
1336635000,9050,9095,8930,8950,545962
1336721400,8950,9030,8930,8970,448559
1336980600,8930,8935,8840,8910,577509
1337067000,8940,8965,8750,8750,766096
1337153400,8745,8880,8715,8850,648134
1337239800,8815,8840,8580,8600,797221
1337326200,8630,8675,8595,8620,508118
1337585400,8630,8740,8610,8730,434561
1337671800,8735,8790,8535,8570,630328
1337758200,8590,8605,8475,8560,593116
1337844600,8555,8620,8520,8580,509602
1337931000,8615,8625,8560,8600,320903
1338190200,8590,8660,8515,8650,462590
1338276600,8645,8670,8565,8610,458588
1338363000,8590,8595,8450,8530,532731
1338449400,8550,8570,8420,8420,504607
1338535800,8410,8425,8230,8290,629961
1338795000,8295,8410,8275,8410,544456
1338881400,8360,8550,8350,8530,624278
1338967800,8515,8650,8510,8610,336693
1339054200,8600,8700,8410,8430,591674
1339140600,8425,8650,8385,8610,382847
1339399800,8580,8605,8435,8530,418130
1339486200,8540,8605,8480,8590,373994
1339572600,8590,8605,8510,8570,328803
1339659000,8575,8615,8490,8560,426047
1339745400,8575,8755,8555,8730,346243
1340004600,8700,8720,8620,8650,334210
1340091000,8655,8755,8620,8740,349964
1340177400,8730,8845,8710,8820,436226
1340263800,8820,8885,8710,8780,437248
1340350200,8790,8825,8710,8720,358450
1340695800,8695,8740,8640,8740,331630
1340782200,8740,8880,8720,8870,384633
1340868600,8850,9075,8775,9010,697416
1340955000,9010,9090,8960,9020,374183
1341214200,9020,9085,8985,9070,417216
1341300600,9075,9150,9060,9090,372016
1341473400,9010,9035,8930,8935,134392
1341559800,9010,9035,8880,8880,385747
1341819000,8880,8970,8850,8860,364582
1341905400,8850,8920,8795,8850,339992
1341991800,8850,8880,8695,8700,573682
1342078200,8685,8755,8650,8700,383589
1342164600,8680,8810,8670,8750,345140
1342510200,8750,8795,8710,8740,346579
1342596600,8750,8835,8725,8790,337831
1342683000,8785,8815,8650,8670,375006
1342769400,8680,8695,8490,8510,384156
1343028600,8475,8515,8410,8470,463031
1343115000,8455,8475,8320,8350,465879
1343201400,8375,8445,8350,8440,465633
1343287800,8425,8565,8395,8560,449877
1343374200,8570,8720,8505,8610,436246
1343633400,8620,8735,8575,8680,456863
1343719800,8675,8690,8570,8630,420246
1343806200,8650,8705,8630,8630,410304
1343892600,8630,8685,8500,8540,521294
1343979000,8560,8750,8560,8730,445423
1344238200,8720,8810,8705,8800,466026
1344324600,8840,8960,8830,8870,630805
1344411000,8865,9000,8820,8970,688974
1344497400,8975,8985,8850,8870,437894
1344583800,8855,8900,8830,8870,305914
1344843000,8885,8970,8870,8930,355965
1344929400,8945,8990,8855,8920,315281
1345015800,8925,9095,8900,9080,464067
1345102200,9050,9185,9045,9170,465573
1345188600,9190,9220,9145,9190,368340
1345447800,9200,9230,9135,9150,310094
1345534200,9180,9245,9070,9110,461291
1345620600,9110,9190,9060,9180,483738
1345707000,9185,9200,9035,9060,387533
1345793400,9050,9150,9005,9080,392834
1346052600,9080,9135,8985,9050,494248
1346139000,9040,9080,9010,9080,279686
1346225400,9065,9095,8955,8970,385912
1346311800,8985,8990,8815,8820,383457
1346398200,8840,8930,8760,8770,665999
1346657400,8800,8815,8725,8780,496829
1346743800,8765,8785,8665,8670,409874
1346830200,8675,8715,8635,8690,424227
1346916600,8700,8880,8695,8880,553891
1347003000,8920,8940,8830,8870,429877
1347262200,8865,8875,8770,8800,312645
1347348600,8825,8970,8800,8950,506333
1347435000,8935,9030,8925,8990,317246
1347521400,8900,9135,8870,9080,492161
1347607800,9075,9210,9050,9070,515039
1347953400,9055,9225,9030,9170,594784
1348039800,9165,9180,8990,8990,554625
1348126200,8990,9095,8985,9060,398667
1348212600,9045,9085,8960,8990,347504
1348471800,8995,9050,8940,9010,401987
1348558200,9020,9050,8895,8920,388655
1348644600,8915,8965,8830,8960,433971
1348731000,8945,8990,8840,8880,470552
1348817400,8865,8890,8760,8780,398297
1349076600,8835,8870,8770,8780,348342
1349163000,8785,8820,8730,8750,405777
1349249400,8745,8880,8730,8840,487464
1349335800,8845,8890,8800,8870,467978
1349422200,8865,8945,8765,8770,415577
1349767800,8745,8745,8575,8590,528655
1349854200,8615,8620,8515,8550,522036
1349940600,8565,8635,8520,8560,457529
1350027000,8575,8605,8490,8590,460027
1350286200,8600,8720,8585,8710,448411
1350372600,8705,8845,8695,8810,517556
1350459000,8830,9000,8805,8980,576159
1350545400,8960,9025,8940,8990,445546
1350631800,8995,9040,8870,9020,484116
1350891000,9010,9085,8970,9000,475177
1350977400,8970,9055,8875,8970,582441
1351063800,8970,9070,8920,9070,469256
1351150200,9070,9125,8930,8930,648315
1351236600,8945,8995,8900,8920,478814
1351495800,8895,9010,8815,8850,582561
1351582200,8870,8990,8855,8920,445110
1351668600,8945,8985,8870,8950,448631
1351755000,8950,9080,8925,9060,358468
1351841400,9060,9100,8985,9020,425623
1352100600,9005,9015,8960,8980,302450
1352187000,8985,9050,8905,8960,754441
1352273400,9000,9025,8805,8840,574687
1352359800,8820,8860,8730,8760,431908
1352446200,8765,8790,8655,8690,465124
1352705400,8695,8730,8620,8670,369937
1352791800,8665,8710,8630,8670,288301
1352878200,8725,8830,8680,8820,576755
1352964600,8825,9040,8810,9010,743027
1353051000,9030,9190,8980,9130,660058
1353310200,9150,9200,9115,9120,482134
1353396600,9095,9260,9085,9220,652605
1353483000,9205,9365,9200,9360,459974
1353569400,9370,9495,9365,9400,508228
1353915000,9395,9460,9345,9430,584437
1354001400,9430,9455,9300,9300,494378
1354087800,9300,9420,9215,9410,565138
1354174200,9415,9500,9380,9450,662915
1354260600,9475,9535,9450,9460,469589
1354519800,9455,9505,9405,9430,442282
1354606200,9435,9525,9380,9480,504007
1354692600,9495,9570,9450,9540,452566
1354779000,9545,9575,9505,9560,384104
1354865400,9560,9585,9465,9540,504893
1355124600,9515,9540,9470,9520,405463
1355211000,9525,9610,9515,9580,381454
1355297400,9595,9775,9590,9760,328764
1355383800,9765,9785,9670,9760,532435
1355470200,9740,9925,9715,9820,526081
1355729400,9820,9970,9760,9940,608096
1355815800,9940,10180,9930,10180,593413
1355902200,10160,10185,10015,10030,808490
1355988600,10025,10175,9915,9960,977890
1356075000,9960,10130,9940,10070,478918
1356420600,10090,10245,10085,10240,415379
1356507000,10265,10395,10260,10370,602366
1356593400,10380,10450,10325,10390,577119
1357198200,10425,10765,10350,10680,608956
1357284600,10705,10805,10585,10620,780588
1357543800,10615,10625,10465,10480,766437
1357630200,10460,10625,10365,10570,851693
1357716600,10585,10690,10545,10660,600376
1357803000,10680,10835,10670,10830,723580
1357889400,10825,10960,10820,10890,756998
1358235000,10870,10875,10580,10580,976370
1358321400,10605,10700,10425,10630,1204117
1358407800,10635,10925,10580,10920,955428
1358494200,10920,10975,10710,10710,860662
1358753400,10745,10860,10605,10700,1042865
1358839800,10670,10685,10460,10470,906904
1358926200,10450,10640,10425,10630,853894
1359012600,10670,10935,10625,10930,808691
1359099000,10935,11070,10805,10810,1079167
1359358200,10805,10945,10720,10890,818237
1359444600,10880,11115,10800,11100,829222
1359531000,11155,11185,10995,11110,907708
1359617400,11065,11245,11045,11170,731748
1359703800,11175,11290,11105,11270,832718
1359963000,11285,11330,11040,11080,953002
1360049400,11040,11505,11010,11430,1195470
1360135800,11410,11450,11285,11390,1060094
1360222200,11365,11435,11125,11170,1159340
1360308600,11120,11465,11040,11370,1051043
1360654200,11415,11440,11190,11260,835344
1360740600,11270,11365,11240,11330,818836
1360827000,11310,11350,11060,11170,965938
1360913400,11165,11460,11120,11410,899011
1361172600,11435,11445,11340,11370,451293
1361259000,11345,11515,11325,11440,661764
1361345400,11460,11555,11295,11320,755148
1361431800,11310,11410,11165,11410,988214
1361518200,11400,11670,11375,11650,825850
1361777400,11650,11685,11345,11410,1138919
1361863800,11320,11440,11240,11260,1141684
1361950200,11285,11575,11215,11500,912781
1362036600,11525,11650,11460,11570,796196
1362123000,11570,11770,11545,11650,728201
1362382200,11635,11785,11635,11690,710506
1362468600,11705,11935,11695,11930,678168
1362555000,11960,12070,11945,11970,438201
1362641400,11925,12225,11885,12220,933710
1362727800,12240,12400,12230,12290,1076287
1362987000,12280,12395,12235,12260,788944
1363073400,12240,12275,12135,12200,883470
1363159800,12170,12330,12150,12330,666403
1363246200,12370,12495,12255,12490,815178
1363332600,12475,12480,12145,12170,896027
1363591800,12200,12430,12165,12420,867605
1363678200,12430,12580,12280,12570,738717
1363851000,12565,12615,12270,12320,953424
1363937400,12350,12535,12280,12510,753197
1364196600,12520,12545,12265,12370,831042
1364283000,12415,12530,12375,12520,568161
1364369400,12535,12535,12285,12400,959978
1364455800,12395,12440,12305,12400,653351
1364542200,12410,12420,12155,12180,640290
1364801400,12095,12220,11805,12030,1249269
1364887800,12060,12370,12055,12360,896785
1364974200,12335,12720,12080,12720,1728935
1365060600,12770,13245,12760,12810,2099368
1365147000,12875,13263,12770,13210,1359554
1365406200,13275,13365,13155,13190,1158026
1365492600,13140,13350,13135,13290,967285
1365579000,13355,13535,13335,13490,1239976
1365665400,13490,13535,13385,13500,1037508
1365751800,13445,13460,13260,13340,1093700
1366011000,13345,13365,12945,13310,1415942
1366097400,13350,13410,13250,13400,909707
1366183800,13410,13420,13135,13270,1178700
1366270200,13250,13370,13200,13370,964240
1366356600,13435,13625,13410,13560,839851
1366615800,13585,13605,13495,13540,792705
1366702200,13530,13845,13490,13830,1021816
1366788600,13875,13985,13835,13920,1052567
1366875000,13955,14035,13845,13950,1147512
1366961400,13895,13940,13765,13880,789046
1367307000,13885,13890,13785,13800,624093
1367393400,13830,13850,13640,13710,678720
1367479800,13695,14210,13680,14160,994535
1367911800,14160,14440,14155,14260,1124179
1367998200,14280,14425,14205,14230,1052348
1368084600,14220,14660,14180,14660,1310420
1368171000,14720,14860,14675,14820,1239647
1368430200,14790,14860,14745,14800,892107
1368516600,14785,15120,14765,15090,1408409
1368603000,15110,15235,14880,15070,1823958
1368689400,15055,15190,14905,15190,1272476
1368775800,15200,15395,15140,15390,1106649
1369035000,15360,15400,15270,15400,915431
1369121400,15395,15715,15390,15670,1358473
1369207800,15675,15995,14480,14590,3636944
1369294200,14660,15020,13975,14610,3189440
1369380600,14550,14600,14020,14030,1731426
1369639800,14050,14415,13680,14360,1470585
1369726200,14450,14660,14200,14200,1404141
1369812600,14090,14200,13535,13610,1632634
1369899000,13730,13985,13565,13700,1398801
1369985400,13595,13735,13235,13240,1109832
1370244600,13250,13650,12925,13650,1444522
1370331000,13625,13750,12940,12940,1395824
1370417400,13150,13290,12815,12820,1445420
1370503800,12880,13110,12290,12680,1629436
1370590200,12700,13620,12485,13620,1124825
1370849400,13560,13725,13145,13380,1234656
1370935800,13270,13385,12965,13280,998216
1371022200,13320,13395,12400,12450,946170
1371108600,12490,12910,12480,12770,1020917
1371195000,12705,13070,12470,13060,823025
1371454200,13040,13195,12910,13000,766914
1371540600,13060,13300,13055,13260,805023
1371627000,13190,13260,12945,13030,825149
1371713400,13220,13370,12680,13370,1216035
1371799800,13410,13475,13005,13010,898379
1372059000,13030,13235,12750,12940,1087450
1372145400,13015,13210,12780,12780,883992
1372231800,12850,13275,12830,13270,818610
1372318200,13270,13735,13210,13680,822583
1372404600,13675,13880,13560,13870,751692
1372663800,13980,14135,13885,14130,644062
1372750200,14105,14310,13970,14020,718704
1372836600,13930,14100,13765,13990,702773
1372923000,13980,14350,13940,14340,550480
1373009400,14345,14510,14060,14100,1009099
1373268600,14195,14495,14165,14460,761820
1373355000,14460,14570,14275,14430,728800
1373441400,14425,14510,14240,14470,863918
1373527800,14535,14590,14350,14470,655204
1373614200,14500,14655,14440,14600,520435
1373959800,14605,14620,14450,14600,499590
1374046200,14610,14840,14565,14800,628284
1374219000,14685,14800,14515,14690,716630
1374478200,14690,14835,14535,14780,658356
1374564600,14780,14860,14625,14730,576799
1374651000,14770,14810,14520,14520,639204
1374737400,14535,14555,14100,14130,939947
1374823800,14125,14140,13600,13600,815444
1375083000,13685,13915,13515,13890,691097
1375169400,13855,13875,13600,13600,660050
1375255800,13615,14055,13505,14050,729045
1375342200,14065,14490,14005,14480,786780
1375428600,14485,14520,14200,14230,725974
1375687800,14235,14415,14015,14400,670806
1375774200,14395,14395,13820,13860,791246
1375860600,13840,14045,13540,13620,1034557
1375947000,13610,13760,13390,13670,858364
1376033400,13600,13665,13410,13510,591033
1376292600,13535,13870,13445,13850,570607
1376379000,13885,14055,13735,14010,692543
1376465400,13975,13995,13700,13790,688120
1376551800,13770,13840,13515,13670,717301
1376638200,13665,13770,13575,13770,445779
1376897400,13750,13795,13365,13410,634242
1376983800,13385,13500,13240,13400,734518
1377070200,13350,13450,13220,13350,572737
1377156600,13425,13775,13415,13700,645139
1377243000,13660,13775,13580,13650,449334
1377502200,13650,13680,13500,13540,406525
1377588600,13535,13540,13185,13360,714486
1377675000,13390,13475,13290,13460,516908
1377761400,13530,13635,13335,13350,678036
1377847800,13315,13620,13275,13570,508831
1378107000,13695,14000,13680,13990,567632
1378193400,13990,14100,13790,14100,645968
1378279800,14040,14170,13915,14000,651258
1378366200,14035,14100,13825,13850,707352
1378452600,13850,14350,13690,14220,750305
1378711800,14185,14455,14165,14400,576408
1378798200,14430,14570,14410,14440,617763
1378884600,14450,14485,14320,14330,314886
1378971000,14300,14380,14130,14320,640726
1379057400,14345,14425,14255,14280,444635
1379403000,14305,14575,14260,14430,624209
1379489400,14415,14710,14360,14680,601838
1379662200,14690,14775,14540,14680,485078
1380007800,14715,14770,14560,14560,492107
1380094200,14560,14855,14420,14830,864436
1380180600,14805,14875,14655,14740,618738
1380267000,14760,14760,14430,14460,609814
1380526200,14500,14670,14345,14510,741783
1380612600,14500,14590,14120,14190,1021954
1380699000,14090,14230,14025,14140,682648
1380785400,14165,14200,13940,14040,738758
1380871800,13995,14120,13825,13860,626475
1381131000,13785,13940,13750,13930,667324
1381217400,13930,14070,13765,14070,634764
1381303800,14045,14210,13945,14200,623658
1381476600,14405,14530,14365,14460,401132
1381822200,14445,14520,14420,14470,520544
1381908600,14470,14685,14455,14590,629746
1381995000,14565,14630,14455,14590,555420
1382081400,14570,14750,14530,14710,496900
1382340600,14675,14760,14650,14710,360536
1382427000,14715,14840,14410,14430,855954
1382513400,14415,14510,14255,14480,867510
1382599800,14450,14460,14095,14120,815169
1382686200,14115,14410,14100,14370,594129
1382945400,14365,14410,14225,14340,563285
1383031800,14345,14540,14335,14540,531436
1383118200,14555,14590,14325,14350,562000
1383204600,14360,14450,14125,14190,675059
1383291000,14200,14340,14145,14200,643674
1383636600,14180,14420,14125,14350,672051
1383723000,14350,14420,14220,14250,628428
1383809400,14245,14410,14025,14090,770868
1383895800,14075,14320,14040,14280,647985
1384155000,14290,14595,14275,14550,669826
1384241400,14575,14615,14495,14600,565487
1384327800,14635,14990,14535,14820,1053663
1384414200,14870,15225,14840,15170,985383
1384500600,15170,15375,15115,15180,860413
1384759800,15175,15275,15025,15150,705159
1384846200,15130,15270,15070,15100,590205
1384932600,15135,15440,15065,15420,863555
1385019000,15470,15600,15310,15430,940721
1385105400,15435,15640,15370,15610,654774
1385364600,15605,15625,15465,15520,491060
1385451000,15525,15530,15390,15480,525810
1385537400,15495,15735,15495,15700,522118
1385623800,15690,15745,15505,15740,560816
1385710200,15690,15725,15585,15690,496611
1385969400,15710,15850,15660,15730,643269
1386055800,15720,15725,15325,15470,1006315
1386142200,15515,15520,15125,15160,891172
1386228600,15145,15340,15080,15310,751945
1386315000,15335,15670,15315,15650,732078
1386574200,15660,15700,15560,15590,480112
1386660600,15625,15625,15375,15520,586960
1386747000,15465,15485,15230,15370,406096
1386833400,15400,15555,15250,15480,958887
1386919800,15460,15520,15150,15220,715687
1387179000,15210,15380,15195,15290,440937
1387265400,15285,15610,15210,15590,633023
1387351800,15605,15910,15585,15760,682957
1387438200,15760,15885,15745,15870,552280
1387524600,15870,16050,15850,15900,489594
1387870200,15925,16110,15850,16110,321485
1387956600,16115,16240,16095,16240,350173
1388043000,16245,16260,16060,16200,517835
1388129400,16200,16335,16180,16290,521336
1388734200,16315,16325,15855,15900,723178
1388993400,15910,15985,15715,15780,638659
1389079800,15780,16135,15750,16110,610081
1389166200,16125,16135,15830,15910,802559
1389252600,15915,15980,15750,15920,682410
1389339000,15940,15980,15375,15420,968827
1389684600,15455,15800,15435,15780,713850
1389771000,15765,15945,15700,15720,662920
1389857400,15730,15785,15595,15750,558723
1389943800,15755,15840,15565,15670,547085
1390203000,15675,15900,15645,15790,513685
1390289400,15810,15875,15620,15830,808271
1390375800,15810,15970,15660,15700,822978
1390462200,15695,15770,15270,15440,1079362
1390548600,15455,15460,14925,14940,1427645
1390807800,15030,15105,14780,15000,839686
1390894200,15035,15380,15000,15380,785048
1390980600,15355,15355,14845,14990,1216267
1391067000,15030,15215,14750,14850,952895
1391153400,14865,14885,14555,14560,1056235
1391412600,14565,14610,13920,13920,1436574
1391499000,14000,14310,13985,14180,1166526
1391585400,14130,14305,13980,14150,967269
1391671800,14150,14500,14100,14500,794577
1391758200,14490,14735,14305,14730,983831
1392017400,14660,14875,14560,14770,723052
1392190200,14780,14795,14470,14500,697025
1392276600,14500,14680,14225,14330,1124184
1392363000,14350,14445,14185,14410,719534
1392622200,14405,14900,14400,14840,812068
1392708600,14815,14820,14660,14770,600265
1392795000,14780,14800,14410,14420,770221
1392881400,14465,14890,14365,14830,755123
1392967800,14840,14980,14640,14840,790433
1393227000,14840,15090,14830,15000,641686
1393313400,14945,15085,14835,15000,650595
1393399800,15025,15065,14840,14960,635044
1393486200,14980,14985,14695,14860,889267
1393572600,14870,15000,14435,14630,786158
1393831800,14590,14885,14435,14840,793406
1393918200,14855,14995,14770,14880,688700
1394004600,14900,15215,14865,15120,742515
1394091000,15155,15330,15145,15290,730738
1394177400,15290,15435,15085,15160,805903
1394436600,15115,15275,15105,15210,626544
1394523000,15200,15215,14810,14830,676337
1394609400,14820,14935,14680,14750,504421
1394695800,14720,14770,14190,14220,814655
1394782200,14240,14320,14040,14270,900723
1395041400,14275,14460,14230,14340,548354
1395127800,14285,14590,14190,14420,841507
1395214200,14415,14490,14110,14130,635746
1395300600,14165,14425,14160,14400,576672
1395646200,14410,14445,14215,14260,522802
1395732600,14285,14480,14260,14390,540646
1395819000,14375,14675,14235,14640,742617
1395905400,14600,14725,14510,14700,642927
1395991800,14680,14850,14660,14830,510258
1396251000,14805,14895,14740,14760,487334
1396337400,14750,15085,14740,14970,584407
1396423800,14950,15185,14945,15080,560620
1396510200,15095,15130,15000,15080,362704
1396596600,15090,15175,14775,14810,641657
1396855800,14820,14840,14580,14590,645632
1396942200,14555,14580,14285,14380,839987
1397028600,14390,14520,14240,14290,624047
1397115000,14315,14325,13840,14060,884595
1397201400,14080,14090,13875,13950,694300
1397460600,13980,14150,13960,14030,581782
1397547000,14015,14430,13900,14420,751834
1397633400,14400,14505,14355,14380,569430
1397719800,14380,14550,14370,14520,367615
1397806200,14530,14660,14500,14530,277031
1398065400,14550,14615,14350,14350,322983
1398151800,14395,14565,14365,14550,408793
1398238200,14515,14575,14370,14420,459766
1398324600,14450,14570,14275,14460,643854
1398411000,14405,14425,14225,14310,435830
1398670200,14300,14435,14210,14220,538478
1398843000,14290,14500,14235,14490,506925
1398929400,14475,14510,14405,14480,305721
1399015800,14465,14570,14025,14070,728293
1399447800,14100,14260,14045,14140,627060
1399534200,14165,14275,14090,14210,578818
1399620600,14205,14245,14105,14170,456641
1399879800,14180,14475,14160,14430,404067
1399966200,14415,14455,14355,14410,389147
1400052600,14400,14405,14190,14300,477522
1400139000,14350,14350,14010,14130,644274
1400225400,14115,14160,13985,14030,539845
1400484600,14045,14150,13905,14060,503445
1400571000,14065,14090,13960,14040,524130
1400657400,13970,14380,13965,14310,711863
1400743800,14305,14535,14290,14420,601879
1400830200,14450,14610,14430,14580,432581
1401089400,14605,14750,14580,14610,413160
1401175800,14600,14725,14555,14680,473088
1401262200,14665,14720,14560,14690,496357
1401348600,14655,14750,14580,14650,525402
1401435000,14660,14980,14645,14940,508412
1401694200,14950,15100,14905,15030,560402
1401780600,15025,15080,14960,15040,425042
1401867000,15055,15150,15005,15060,482887
1401953400,15055,15165,15015,15090,603189
1402039800,15070,15215,15045,15130,433734
1402299000,15120,15190,14960,14970,477514
1402385400,14965,15075,14910,15060,397150
1402471800,15045,15050,14855,15000,362054
1402558200,15000,15140,14810,15140,603137
1402644600,15075,15080,14850,14920,519446
1402903800,14960,15020,14880,14990,375332
1402990200,15005,15135,14985,15120,412239
1403076600,15115,15385,15070,15340,557247
1403163000,15320,15430,15290,15380,473594
1403249400,15385,15475,15325,15350,452009
1403508600,15295,15425,15240,15400,470591
1403595000,15420,15475,15250,15260,474008
1403681400,15265,15350,15210,15320,452144
1403767800,15315,15320,15025,15120,742425
1403854200,15090,15185,15045,15160,438546
1404113400,15165,15395,15130,15310,540757
1404199800,15335,15450,15330,15380,436473
1404286200,15365,15430,15320,15320,376140
1404372600,15350,15510,15345,15440,427016
1404459000,15440,15480,15370,15380,264476
1404718200,15385,15400,15220,15340,484307
1404804600,15340,15350,15180,15300,526917
1404891000,15295,15351,15210,15250,431023
1404977400,15220,15230,15005,15170,747008
1405063800,15205,15330,15120,15320,433054
1405323000,15345,15445,15330,15400,421091
1405409400,15415,15430,15320,15380,445916
1405495800,15395,15470,15350,15370,451657
1405582200,15360,15405,15100,15210,643152
1405668600,15215,15395,15210,15330,511235
1406014200,15325,15390,15305,15330,359310
1406100600,15345,15390,15230,15300,427768
1406187000,15290,15460,15285,15450,448860
1406273400,15465,15560,15400,15510,627967
1406532600,15520,15640,15470,15640,569687
1406619000,15620,15700,15590,15630,515579
1406705400,15640,15770,15600,15650,691932
1406791800,15660,15680,15500,15580,824714
1406878200,15550,15555,15400,15460,890545
1407137400,15465,15510,15305,15340,672305
1407223800,15360,15385,15110,15140,788500
1407310200,15155,15245,15010,15190,1078239
1407396600,15145,15220,14655,14760,1349641
1407483000,14760,15165,14695,15130,881983
1407742200,15105,15240,15100,15150,469055
1407828600,15150,15240,15075,15220,483014
1407915000,15275,15340,15255,15290,451729
1408001400,15285,15325,15235,15320,330431
1408087800,15340,15385,15200,15330,528702
1408347000,15360,15480,15340,15430,364077
1408433400,15460,15490,15410,15420,419430
1408519800,15420,15600,15400,15550,506234
1408606200,15530,15635,15500,15550,478017
1408692600,15550,15630,15440,15620,471446
1408951800,15620,15620,15505,15530,389973
1409038200,15515,15590,15460,15520,447393
1409124600,15505,15515,15425,15470,378220
1409211000,15450,15455,15340,15420,602880
1409297400,15440,15485,15370,15480,316238
1409556600,15470,15745,15460,15670,576693
1409643000,15715,15850,15695,15700,750334
1409729400,15725,15805,15660,15660,540341
1409815800,15670,15805,15610,15690,706436
1409902200,15680,15730,15560,15720,623779
1410161400,15690,15805,15655,15750,513719
1410247800,15785,15800,15655,15800,576785
1410334200,15800,15930,15795,15910,489801
1410420600,15830,15920,15735,15880,696477
1410507000,15850,15880,15760,15860,533530
1410852600,15830,15920,15785,15800,478528
1410939000,15810,16030,15795,16000,610482
1411025400,16000,16295,15985,16220,973727
1411111800,16220,16250,16080,16160,581049
1411371000,16155,16210,16005,16100,551092
1411543800,16075,16290,16055,16280,556627
1411630200,16310,16360,16095,16270,884292
1411716600,16250,16360,16235,16310,682618
1411975800,16300,16305,16070,16180,756143
1412062200,16165,16245,16090,16110,718384
1412148600,16135,16155,15650,15710,1147752
1412235000,15680,15775,15370,15760,1279844
1412321400,15725,15980,15705,15940,778393
1412580600,15910,15940,15750,15820,837151
1412667000,15805,15810,15525,15620,918660
1412753400,15620,15745,15455,15500,1090940
1412839800,15495,15590,15225,15340,1219813
1412926200,15360,15405,14900,14900,1311893
1413271800,14915,15100,14800,15070,1153976
1413358200,15080,15085,14480,14720,1757283
1413444600,14785,14840,14370,14530,1865604
1413531000,14560,15120,14550,15120,1177783
1413790200,15090,15115,14760,14780,1170358
1413876600,14795,15200,14780,15160,887842
1413963000,15145,15275,15060,15140,797823
1414049400,15110,15450,15110,15330,1007431
1414135800,15350,15440,15270,15400,703176
1414395000,15420,15435,15255,15330,591677
1414481400,15345,15600,15315,15570,648398
1414567800,15560,15710,15520,15670,590118
1414654200,15695,16555,15570,16490,1874081
1414740600,16530,17200,16530,16710,2056222
1415086200,16875,17015,16660,16990,1303750
1415172600,17035,17125,16725,16820,1449301
1415259000,16830,16960,16740,16940,883478
1415345400,16890,16920,16675,16790,875058
1415604600,16785,17180,16700,17090,986411
1415691000,17160,17465,17130,17160,1429401
1415777400,17160,17420,17045,17420,1039704
1415863800,17470,17520,17305,17450,1111545
1415950200,17520,17520,16890,17040,1378224
1416209400,17035,17370,17025,17360,887858
1416295800,17365,17485,17210,17370,988897
1416382200,17380,17425,17275,17320,618115
1416468600,17350,17400,17100,17380,1021557
1416555000,17365,17545,17305,17430,806784
1416900600,17420,17480,17325,17380,536004
1416987000,17380,17415,17210,17250,481813
1417073400,17235,17480,17180,17450,562933
1417159800,17455,17660,17385,17570,637167
1417419000,17535,17695,17405,17690,800576
1417505400,17750,17890,17695,17750,896533
1417591800,17740,17920,17715,17880,669629
1417678200,17900,17940,17730,17940,797079
1417764600,17950,18110,17860,17970,904569
1418023800,17970,17975,17770,17790,868713
1418110200,17755,17760,17300,17470,1515239
1418196600,17490,17535,17035,17210,780379
1418283000,17235,17540,17170,17380,1023050
1418369400,17355,17390,17020,17020,1177204
1418628600,16980,17125,16615,16730,1129238
1418715000,16765,16895,16440,16810,1455704
1418801400,16840,17275,16805,17260,987245
1418887800,17330,17670,17330,17670,905873
1418974200,17680,17750,17560,17600,684880
1419233400,17600,17875,17585,17790,386116
1419406200,17810,17850,17740,17750,162919
1419492600,17760,17860,17705,17860,187589
1419579000,17890,17935,17520,17720,511129
1419838200,17720,17765,17355,17450,623707
1419924600,17355,17555,17200,17380,869933
1420443000,17340,17360,16850,16900,1021388
1420529400,16870,17010,16545,16960,1038232
1420615800,16980,17255,16925,17250,1038544
1420702200,17295,17385,17120,17210,790699
1420788600,17185,17290,16820,17090,1056841
1421134200,17025,17230,16760,16760,982563
1421220600,16705,17165,16530,17160,1116192
1421307000,17160,17195,16540,16800,1905406
1421393400,16790,17050,16690,17040,1149941
1421652600,16990,17390,16960,17390,669402
1421739000,17430,17485,17175,17210,1071159
1421825400,17210,17360,17075,17360,885200
1421911800,17345,17545,17145,17510,932251
1421998200,17530,17590,17275,17440,771559
1422257400,17490,17765,17465,17700,753229
1422343800,17680,17850,17485,17850,886274
1422430200,17850,17875,17570,17610,825649
1422516600,17660,17810,17595,17670,845449
1422603000,17670,17690,17460,17530,770052
1422862200,17560,17655,17265,17330,928749
1422948600,17360,17745,17330,17660,857820
1423035000,17655,17715,17475,17480,715951
1423121400,17500,17710,17490,17660,608622
1423207800,17645,17920,17615,17690,720599
1423467000,17715,17730,17540,17640,593485
1423553400,17660,18000,17615,17870,914684
1423726200,17875,17965,17700,17960,952097
1423812600,17995,18090,17965,17990,584819
1424071800,18015,18020,17890,18000,421907
1424158200,17990,18205,17965,18180,589068
1424244600,18205,18335,18200,18260,602819
1424331000,18275,18380,18210,18360,563944
1424417400,18350,18515,18270,18460,639332
1424676600,18470,18630,18430,18620,554042
1424763000,18620,18700,18555,18630,635003
1424849400,18620,18805,18550,18800,581485
1424935800,18815,18920,18715,18820,688395
1425022200,18840,18990,18770,18860,561540
1425281400,18845,18915,18730,18820,642883
1425367800,18825,18830,18590,18650,617144
1425454200,18655,18780,18565,18760,579869
1425540600,18770,18995,18770,18990,727755
1425627000,18990,19095,18735,18790,917664
1425886200,18815,18920,18570,18670,933421
1425972600,18645,18840,18505,18650,914443
1426059000,18655,19015,18610,19010,494282
1426145400,18930,19250,18825,19200,961903
1426231800,19230,19275,19140,19250,739407
1426491000,19255,19400,19240,19400,663174
1426577400,19400,19485,19275,19480,782670
1426663800,19475,19485,19220,19440,954772
1426750200,19430,19515,19315,19500,706508
1426836600,19490,19700,19475,19690,663304
1427095800,19680,19690,19555,19640,664554
1427182200,19640,19730,19445,19650,804823
1427268600,19650,19665,19280,19290,997152
1427355000,19235,19615,19025,19320,1540515
1427441400,19275,19490,19225,19430,897848
1427700600,19500,19630,19210,19210,937117
1427787000,19330,19375,18935,19120,1276543
1427873400,19080,19450,19035,19350,1080172
1427959800,19300,19480,19275,19480,611997
1428046200,19465,19555,19250,19390,587072
1428305400,19410,19685,19395,19680,780641
1428391800,19700,19875,19680,19820,898842
1428478200,19795,19980,19790,19920,745188
1428564600,19905,20025,19855,19970,803995
1428651000,19975,20000,19835,19930,552656
1428910200,19920,19975,19835,19910,470548
1428996600,19930,19970,19785,19870,711787
1429083000,19875,19920,19760,19880,599593
1429169400,19870,19875,19650,19690,742951
1429255800,19685,19740,19480,19600,924276
1429515000,19670,19970,19620,19970,669633
1429601400,20020,20165,19990,20160,877489
1429687800,20195,20275,20085,20170,828413
1429774200,20165,20180,20025,20050,675698
1429860600,20050,20140,19915,20000,674373
1430119800,20030,20160,19990,20040,678047
1430206200,20010,20040,19490,19510,1171626
1430379000,19510,19610,19380,19540,939066
1430465400,19550,19685,19240,19240,758193
1430983800,19200,19470,19040,19380,933610
1431070200,19400,19690,19365,19640,775972
1431329400,19650,19670,19470,19670,566841
1431415800,19600,19810,19455,19780,949390
1431502200,19775,19850,19550,19550,812129
1431588600,19490,19760,19475,19760,680897
1431675000,19780,19910,19690,19890,662901
1431934200,19900,20095,19850,20030,608038
1432020600,20075,20295,20055,20230,712564
1432107000,20235,20330,20160,20180,670389
1432193400,20175,20290,20130,20280,652969
1432279800,20285,20430,20260,20430,490897
1432539000,20430,20480,20380,20470,439210
1432625400,20525,20550,20325,20480,914345
1432711800,20530,20665,20475,20570,995080
1432798200,20505,20645,20445,20560,828289
1432884600,20515,20605,20375,20570,907239
1433143800,20580,20630,20470,20540,727150
1433230200,20530,20540,20395,20490,942766
1433316600,20465,20580,20435,20500,718251
1433403000,20480,20495,20360,20460,908662
1433489400,20505,20620,20360,20450,1063629
1433748600,20415,20440,20050,20050,885338
1433835000,20115,20270,19925,20110,1278403
1433921400,20095,20450,20035,20450,541670
1434007800,20450,20545,20325,20390,715579
1434094200,20400,20420,20205,20340,638530
1434353400,20360,20370,20225,20230,561949
1434439800,20195,20310,20115,20240,739903
1434526200,20240,20280,19960,19960,817632
1434612600,19970,20195,19870,20170,926568
1434699000,20160,20450,20100,20450,610177
1434958200,20485,20830,20465,20830,965328
1435044600,20840,20955,20805,20820,800802
1435131000,20850,20860,20700,20760,824189
1435217400,20775,20850,20655,20760,796556
1435303800,20695,20885,20085,20110,1189550
1435563000,20200,20325,20110,20230,1211827
1435649400,20230,20400,20165,20400,1062868
1435735800,20420,20620,20405,20540,999774
1435822200,20550,20570,20430,20540,710467
1435908600,20560,20565,20000,20200,936677
1436167800,20230,20440,20180,20420,980668
1436254200,20455,20460,19650,19660,1888840
1436340600,19640,19903,19105,19860,2335077
1436427000,19850,19980,19635,19860,1283596
1436513400,19880,20130,19835,20090,968153
1436772600,20270,20435,20235,20430,887471
1436859000,20410,20495,20360,20450,625740
1436945400,20465,20620,20445,20560,626794
1437031800,20590,20695,20585,20640,466256
1437118200,20650,20850,20630,20840,515930
1437463800,20825,20830,20540,20560,672827
1437550200,20565,20700,20525,20670,508063
1437636600,20640,20675,20520,20520,547540
1437723000,20550,20590,20270,20350,812019
1437982200,20245,20425,20045,20300,1398206
1438068600,20285,20390,20185,20300,858487
1438155000,20345,20585,20275,20560,777153
1438241400,20560,20590,20460,20570,737753
1438327800,20595,20600,20380,20500,794864
1438587000,20495,20555,20420,20450,683467
1438673400,20435,20715,20415,20600,907105
1438759800,20625,20825,20620,20650,857090
1438846200,20725,20745,20560,20710,802647
1438932600,20680,20805,20575,20790,780597
1439191800,20780,20940,20560,20670,1161454
1439278200,20690,20705,20285,20340,1416516
1439364600,20310,20656,20040,20630,1620428
1439451000,20645,20650,20465,20510,756717
1439537400,20525,20675,20470,20630,628100
1439796600,20655,20655,20530,20560,642492
1439883000,20570,20570,20165,20230,1061088
1439969400,20220,20345,20015,20040,1194569
1440055800,20060,20065,19425,19430,1725545
1440142200,19460,19660,18410,18410,2993867
1440401400,18420,18850,17155,17670,4438358
1440487800,17990,18550,17660,18440,2833301
1440574200,18270,18810,18120,18570,1782261
1440660600,18745,19200,18705,19180,1234882
1440747000,19110,19190,18740,18840,1196648
1441006200,18880,18960,18070,18110,1206864
1441092600,18155,18480,17770,18250,2175214
1441179000,18200,18490,18010,18230,1286292
1441265400,18255,18415,17590,17760,1472863
1441351800,17730,18015,17470,17870,1574461
1441611000,17860,17985,17380,17460,883681
1441697400,17700,18755,17700,18580,1429731
1441783800,18705,18730,17945,18270,844918
1441870200,18220,18290,17980,18170,955394
1441956600,18070,18230,17790,17820,857701
1442215800,17890,18215,17755,17880,857468
1442302200,17860,18190,17710,18140,806195
1442388600,18210,18380,18145,18360,691133
1442475000,18310,18390,17920,18000,688371
1442561400,17955,18040,17450,17450,884793
1443079800,17485,17770,17065,17770,1166120
1443166200,17815,18020,17550,17690,903081
1443425400,17715,17770,16895,16940,1027907
1443511800,17090,17470,17030,17390,999369
1443598200,17400,17855,17260,17690,914595
1443684600,17750,17775,17440,17670,764064
1443771000,17730,18080,17245,18070,1158585
1444030200,18020,18410,18020,18170,806122
1444116600,18140,18385,17985,18380,1013168
1444203000,18350,18470,18096,18100,982818
1444289400,18025,18450,18015,18420,762224
1444375800,18380,18415,18210,18210,608609
1444721400,18175,18245,17835,17940,724782
1444807800,17890,18185,17750,18100,889570
1444894200,18000,18405,17970,18290,672719
1444980600,18305,18380,18080,18130,585724
1445239800,18220,18270,18135,18210,438632
1445326200,18255,18620,18165,18540,664775
1445412600,18460,18595,18375,18450,642815
1445499000,18475,18930,18450,18800,817602
1445585400,18805,19140,18755,18940,835931
1445844600,18915,19040,18760,18840,650361
1445931000,18840,18940,18765,18930,595284
1446017400,18925,19095,18815,18900,704386
1446103800,18915,19220,18720,19090,1049478
1446190200,19060,19085,18640,18740,792527
1446449400,18715,19185,18710,18900,714807
1446622200,18935,19190,18925,19140,735437
1446708600,19155,19350,19110,19260,768789
1446795000,19270,19700,19225,19620,1044964
1447054200,19645,19700,19380,19700,827830
1447140600,19700,19775,19555,19740,865441
1447227000,19745,19790,19600,19680,689489
1447313400,19695,19725,19385,19630,1012851
1447399800,19600,19625,19235,19410,888694
1447659000,19445,19740,19440,19680,782744
1447745400,19655,19850,19630,19690,784041
1447831800,19700,19970,19670,19880,957470
1447918200,19900,19930,19720,19890,692203
1448004600,19890,19970,19835,19960,577601
1448350200,19975,19985,19765,19850,771560
1448436600,19845,20005,19815,19940,529170
1448523000,19955,20015,19835,19860,463988
1448609400,19830,19895,19710,19750,586640
1448868600,19780,20035,19725,20020,671981
1448955000,20010,20020,19925,19950,528329
1449041400,19965,20005,19865,19940,561229
1449127800,19930,19980,19435,19460,1237450
1449214200,19500,19815,19385,19750,957730
1449473400,19755,19805,19440,19490,836245
1449559800,19510,19520,19240,19300,1036747
1449646200,19345,19365,18950,19020,731885
1449732600,19020,19260,18950,19210,849384
1449819000,19190,19195,18560,18840,1513361
1450078200,18920,18960,18505,18550,1360395
1450164600,18605,19090,18490,19090,971531
1450251000,19070,19485,19050,19340,960228
1450337400,19350,19880,18940,18950,1547505
1450423800,19010,19010,18610,18840,1130208
1450683000,18850,18925,18690,18870,657769
1450769400,18870,19060,18675,18810,704847
1450942200,18800,18855,18700,18720,322911
1451028600,18725,18920,18725,18900,287661
1451287800,18905,18990,18770,18980,444163
1451374200,18990,19110,18970,19030,421930
1451460600,19010,19035,18370,18380,924843
1451892600,18340,18550,18085,18360,1247302
1451979000,18430,18460,17980,18180,1402868
1452065400,18180,18185,17660,17660,1500452
1452151800,17710,17980,17465,17690,1792926
1452238200,17745,17870,17090,17090,1613755
1452583800,17125,17740,17110,17700,1295980
1452670200,17600,17710,16915,17310,1424311
1452756600,17350,17605,17045,17150,1687240
1452843000,17085,17160,16570,16860,1757227
1453102200,16890,17090,16750,17060,1187779
1453188600,17145,17285,16300,16320,1513861
1453275000,16330,16785,15935,16000,1958053
1453361400,16920,17170,16745,17150,636561
1453447800,16920,17210,16745,17180,1264224
1453707000,17120,17120,16635,16660,901757
1453793400,16585,17240,16530,17170,1168198
1453879800,17165,17390,16925,17060,877929
1453966200,17110,17830,16725,17640,1751136
1454052600,17605,17900,17485,17870,1211320
1454311800,17830,17870,17595,17780,913404
1454398200,17820,17850,17065,17160,1253019
1454484600,17230,17340,16655,17070,1493145
1454571000,17080,17090,16605,16720,1208033
1454657400,16730,17090,16515,17000,1118204
1454916600,16975,17015,16015,16060,1529889
1455003000,16150,16345,15415,15670,1858582
1455089400,15800,16115,14800,14800,2044744
1455262200,14890,16155,14855,15940,1422970
1455521400,15910,16335,15745,16040,1050963
1455607800,16010,16205,15610,15740,1262532
1455694200,15660,16330,15625,16240,1019933
1455780600,16190,16280,15770,15980,963947
1455867000,15945,16175,15735,16070,974103
1456126200,16075,16340,15990,16100,858461
1456212600,16035,16060,15720,15860,958612
1456299000,16010,16220,15525,16130,1101023
1456385400,15965,16470,15915,16260,1001477
1456471800,16300,16535,15925,15930,974276
1456731000,16015,16155,15845,16100,899792
1456817400,16135,16815,16130,16740,991814
1456903800,16770,16990,16670,16990,917990
1456990200,16950,17050,16765,17000,725957
1457076600,17025,17160,16875,16950,811393
1457335800,16925,16980,16565,16800,887805
1457422200,16735,16795,16490,16630,814319
1457508600,16635,16890,16580,16850,517591
1457595000,16685,17040,16320,16850,1303423
1457681400,16925,17165,16875,17110,747845
1457940600,17140,17170,16905,16960,648420
1458027000,16910,16975,16740,16810,646242
1458113400,16840,17120,16670,16820,811397
1458199800,16775,16795,16435,16510,1109524
1458631800,16835,17005,16670,16810,684966
1458718200,16855,16955,16705,16720,628314
1458804600,16745,16900,16585,16870,551301
1458891000,16850,17045,16820,16970,388544
1459150200,16970,17135,16915,17100,546942
1459236600,17090,17105,16850,16940,658410
1459323000,16950,17060,16720,16760,758875
1459409400,16760,16815,16090,16180,985630
1459495800,16195,16315,16015,16050,919582
1459755000,16100,16180,15685,15730,818266
1459841400,15640,15820,15540,15740,899579
1459927800,15710,15865,15555,15730,850002
1460014200,15670,16035,15320,15830,1228048
1460100600,15870,15975,15510,15740,879985
1460359800,15700,15975,15670,15930,807472
1460446200,15890,16420,15875,16420,820264
1460532600,16410,16920,16405,16900,965454
1460619000,16820,16935,16700,16760,808983
1460705400,16740,16745,16235,16320,804028
1460964600,16320,16900,16315,16870,848999
1461051000,16900,17150,16850,16870,847910
1461137400,16895,17410,16885,17410,861024
1461223800,17350,17575,17190,17570,1111288
1461310200,17615,17735,17400,17450,917238
1461569400,17425,17525,17200,17300,794125
1461655800,17305,17490,17230,17270,640800
1461742200,17285,17580,16500,16500,1109902
1461828600,16500,16615,15945,16140,1020560
1462174200,16085,16270,15980,16080,616142
1462519800,16005,16290,15835,16220,709620
1462779000,16150,16585,16140,16580,800096
1462865400,16595,16815,16525,16580,905979
1462951800,16555,16720,16360,16710,727957
1463038200,16630,16790,16340,16340,811326
1463124600,16335,16680,16310,16520,867387
1463383800,16470,16700,16455,16700,512554
1463470200,16765,16800,16505,16590,907262
1463556600,16665,16840,16585,16640,632789
1463643000,16545,16780,16480,16740,675609
1463729400,16740,16815,16410,16650,674432
1463988600,16570,16670,16465,16480,538969
1464075000,16525,16820,16520,16770,599002
1464161400,16770,16995,16730,16790,635765
1464247800,16855,16910,16795,16820,495697
1464334200,16805,17080,16765,17080,440643
1464593400,17085,17260,16985,17230,450821
1464679800,17200,17245,16900,16970,716754
1464766200,16930,17050,16520,16590,975601
1464852600,16590,16710,16435,16660,707329
1464939000,16635,16700,16255,16560,785039
1465198200,16585,16710,16470,16700,530757
1465284600,16755,16850,16575,16850,579035
1465371000,16820,16855,16580,16630,309900
1465457400,16535,16610,16450,16530,507262
1465543800,16410,16450,15950,15970,697867
1465803000,16035,16085,15715,15780,893042
1465889400,15725,15970,15640,15900,807987
1465975800,15925,15980,15340,15370,823763
1466062200,15395,15735,15225,15530,919055
1466148600,15545,16000,15410,15920,715704
1466407800,15975,16170,15715,16160,638508
1466494200,16190,16230,15930,15990,644350
1466580600,16025,16220,15950,16170,497877
1466667000,16185,16485,14785,14950,2014071
1466753400,15125,15395,14990,15360,1172481
1467012600,15355,15425,14960,15300,1007947
1467099000,15335,15600,15335,15570,727633
1467185400,15580,15760,15465,15570,593699
1467271800,15500,15740,15475,15670,672766
1467358200,15625,15780,15525,15760,505147
1467617400,15730,15750,15565,15600,405202
1467703800,15525,15545,15140,15280,805637
1467790200,15355,15400,15090,15260,839051
1467876600,15275,15375,15070,15120,649690
1467963000,15195,15800,15100,15710,889301
1468222200,15780,16225,15730,16150,897365
1468308600,16270,16560,16140,16230,1011184
1468395000,16280,16490,16205,16400,709344
1468481400,16485,16630,16385,16560,971168
1468567800,16635,16720,16490,16720,371326
1468913400,16690,16700,16530,16690,776492
1468999800,16670,16925,16660,16810,713580
1469086200,16800,16820,16460,16630,887893
1469172600,16610,16760,16575,16610,576075
1469431800,16615,16670,16295,16340,707089
1469518200,16310,16830,16230,16710,998077
1469604600,16750,16765,16410,16410,647168
1469691000,16445,16700,15930,16610,1275400
1469777400,16500,16660,16285,16590,813403
1470036600,16585,16590,16315,16340,582937
1470123000,16310,16325,15985,16030,937903
1470209400,16020,16255,15885,16190,849360
1470295800,16190,16335,16130,16210,623501
1470382200,16265,16630,16175,16610,688945
1470641400,16635,16760,16605,16730,500575
1470727800,16745,16805,16630,16770,601263
1470814200,16800,16930,16650,16920,540351
1470987000,16905,16930,16770,16870,484871
1471246200,16845,16900,16560,16600,605805
1471332600,16580,16750,16510,16750,639938
1471419000,16705,16730,16460,16500,740809
1471505400,16520,16600,16430,16520,532354
1471591800,16475,16615,16405,16570,474573
1471851000,16580,16645,16430,16510,663264
1471937400,16480,16630,16475,16540,438277
1472023800,16530,16650,16505,16520,474181
1472110200,16510,16525,16320,16400,640229
1472196600,16395,16780,16375,16730,643926
1472455800,16720,16755,16680,16740,341503
1472542200,16775,16920,16770,16890,514586
1472628600,16900,16945,16810,16940,498367
1472715000,16940,17165,16870,17125,330812
1472801400,16940,17165,16870,17030,727248
1473060600,17025,17105,17005,17080,331395
1473147000,17050,17065,16885,16990,550553
1473233400,16990,17025,16830,16940,307629
1473319800,16820,16890,16735,16860,543628
1473406200,16840,16860,16465,16540,715232
1473665400,16495,16700,16390,16600,760800
1473751800,16570,16620,16400,16480,738214
1473838200,16490,16515,16220,16260,721461
1473924600,16275,16410,16255,16350,534797
1474011000,16340,16455,16225,16320,665787
1474356600,16305,16730,16215,16730,854333
1474443000,16655,16700,16420,16570,714271
1474615800,16575,16610,16370,16400,465457
1474875000,16300,16555,16150,16540,894434
1474961400,16490,16500,16360,16460,651189
1475047800,16505,16745,16425,16720,613304
1475134200,16690,16700,16365,16450,756602
1475220600,16355,16640,16310,16590,564220
1475479800,16550,16735,16525,16720,513188
1475566200,16760,16855,16710,16820,675465
1475652600,16790,16975,16780,16900,550600
1475739000,16910,16950,16810,16890,496530
1475825400,16855,17075,16735,17010,822925
1476171000,17015,17025,16820,16890,595283
1476257400,16880,16990,16680,16790,796277
1476343800,16750,16855,16645,16850,710064
1476430200,16875,16965,16810,16880,616810
1476689400,16845,16960,16825,16940,500432
1476775800,16965,17015,16925,16990,400294
1476862200,16940,17225,16935,17180,692691
1476948600,17175,17300,17150,17220,666119
1477035000,17210,17260,17120,17250,537430
1477294200,17275,17385,17265,17380,433747
1477380600,17375,17430,17295,17360,481025
1477467000,17330,17415,17265,17350,639942
1477553400,17360,17490,17355,17460,539543
1477639800,17410,17495,17325,17440,685527
1477899000,17450,17485,17340,17440,575852
1477985400,17460,17475,17075,17100,889563
1478071800,17100,17110,16800,16890,860479
1478244600,16920,17230,16810,17230,737319
1478503800,17230,17275,17105,17200,570353
1478590200,17210,17445,16095,16250,2727616
1478676600,16440,17400,16420,17300,2400522
1478763000,17290,17620,17285,17400,1569363
1478849400,17430,17705,17265,17660,1024131
1479108600,17640,17740,17575,17650,899928
1479195000,17630,17905,17615,17880,738650
1479281400,17885,17950,17770,17880,725992
1479367800,17895,18110,17825,17970,765885
1479454200,18025,18135,17920,18100,720904
1479713400,18105,18190,18020,18190,662846
1479799800,18210,18400,18165,18370,552430
1479972600,18400,18490,18290,18380,682919
1480059000,18315,18390,18210,18330,783514
1480318200,18320,18360,18215,18290,616222
1480404600,18345,18450,18280,18380,717018
1480491000,18370,18755,18365,18400,1139715
1480577400,18480,18580,18315,18330,946862
1480663800,18350,18415,18225,18260,780019
1480923000,18355,18570,18315,18400,877826
1481009400,18395,18505,18355,18500,537749
1481095800,18525,18790,18485,18790,430709
1481182200,18740,19000,18635,18990,1014046
1481268600,18965,19240,18930,19190,987668
1481527800,19190,19235,19015,19200,837248
1481614200,19180,19305,19140,19180,635123
1481700600,19180,19405,19115,19290,1002740
1481787000,19320,19500,19295,19380,955133
1481873400,19400,19415,19230,19370,669349
1482132600,19380,19500,19280,19500,684239
1482219000,19510,19620,19330,19430,778353
1482305400,19440,19475,19285,19360,602662
1482391800,19360,19405,19320,19320,298113
1482737400,19310,19445,19290,19345,309059
1482823800,19360,19440,19350,19430,379895
1482910200,19450,19475,19070,19070,663541
1482996600,18995,19175,18925,19100,658138
1483083000,19070,19635,19000,19630,825057
1483515000,19610,19670,19455,19500,885991
1483601400,19440,19550,19305,19400,876002
1483687800,19450,19620,19235,19310,980546
1484033400,19345,19420,19290,19350,650101
1484119800,19350,19505,19050,19110,1354153
1484206200,19080,19300,18940,19250,907482
1484292600,19235,19370,19045,19060,837830
1484551800,19050,19110,18730,18730,785531
1484638200,18770,18930,18630,18830,1201728
1484724600,18835,19110,18770,19100,772941
1484811000,19125,19175,18985,19160,829153
1484897400,19145,19275,18850,18920,1083044
1485156600,18900,19005,18755,18840,975681
1485243000,18850,19135,18830,19070,765882
1485329400,19065,19460,19050,19460,905862
1485415800,19455,19555,19385,19460,817489
1485502200,19505,19555,19285,19330,690978
1485761400,19350,19390,18975,18980,1091880
1485847800,19030,19190,18815,19190,1084133
1485934200,19180,19285,18845,18930,976968
1486020600,18940,19050,18800,18940,1163994
1486107000,18955,19100,18880,18950,846207
1486366200,19005,19025,18785,18880,776359
1486452600,18890,18995,18850,18990,677369
1486539000,19015,19045,18855,18910,770263
1486625400,18925,19410,18905,19380,989926
1486711800,19425,19515,19275,19440,852698
1486971000,19420,19530,19215,19280,883058
1487057400,19270,19490,19260,19440,735415
1487143800,19460,19475,19245,19330,885372
1487230200,19335,19340,19155,19200,768445
1487316600,19185,19265,19020,19250,784799
1487575800,19270,19390,19220,19380,404100
1487662200,19370,19470,19310,19390,665406
1487748600,19380,19400,19245,19360,700889
1487835000,19340,19385,19210,19270,815965
1487921400,19275,19275,18990,19140,956866
1488180600,19130,19270,19070,19130,717854
1488267000,19115,19420,19020,19390,1158467
1488353400,19410,19675,19390,19620,915050
1488439800,19620,19660,19390,19470,811853
1488526200,19445,19590,19335,19360,721121
1488785400,19345,19415,19300,19350,496363
1488871800,19330,19395,19190,19250,548995
1488958200,19245,19410,19245,19310,383841
1489044600,19185,19495,19155,19470,789905
1489131000,19490,19535,19400,19520,654762
1489390200,19505,19540,19455,19480,413532
1489476600,19525,19530,19370,19450,540401
1489563000,19440,19490,19300,19440,669743
1489649400,19440,19495,19325,19350,602193
1489735800,19340,19385,19195,19310,589466
1490081400,19320,19340,18870,18910,995060
1490167800,18925,18975,18765,18930,954697
1490254200,18890,19170,18810,19140,975986
1490340600,19110,19140,18790,18810,779914
1490599800,18795,19075,18765,19040,706517
1490686200,19015,19245,18930,19220,775441
1490772600,19215,19220,19025,19070,679078
1490859000,19040,19210,18880,18910,828328
1490945400,18950,19070,18910,19050,710656
1491204600,19025,19045,18695,18820,992739
1491291000,18805,18935,18750,18860,754003
1491377400,18865,19030,18525,18610,1024489
1491463800,18630,18780,18505,18710,1405303
1491550200,18695,18855,18630,18800,785321
1491809400,18775,18805,18640,18710,655483
1491895800,18700,18745,18450,18530,1021941
1491982200,18600,18620,18300,18400,1017529
1492068600,18385,18425,18285,18320,612966
1492155000,18300,18355,18195,18310,503956
1492414200,18290,18545,18285,18440,621857
1492500600,18395,18470,18265,18410,798314
1492587000,18440,18520,18370,18470,689927
1492673400,18475,18650,18470,18650,739830
1492759800,18630,18940,18545,18940,815489
1493019000,18895,19115,18850,19090,902155
1493105400,19100,19290,19065,19280,767914
1493191800,19260,19325,19170,19290,800699
1493278200,19260,19305,19160,19200,718598
1493364600,19190,19310,19180,19310,529255
1493623800,19320,19485,19280,19480,575206
1493710200,19470,19935,19450,19870,836056
1494228600,19855,19930,19775,19890,720160
1494315000,19910,20030,19865,19900,690928
1494401400,19945,20000,19865,19960,659615
1494487800,19955,19980,19790,19880,820573
1494574200,19865,19890,19750,19890,642379
1494833400,19910,19995,19855,19880,663477
1494919800,19890,19975,19760,19770,960413
1495006200,19760,19810,19440,19570,1315654
1495092600,19520,19655,19280,19600,1673910
1495179000,19605,19750,19590,19670,824652
1495438200,19655,19695,19580,19640,641730
1495524600,19660,19790,19640,19740,762281
1495611000,19740,19855,19685,19800,674905
1495697400,19805,19855,19680,19710,683582
1495783800,19685,19740,19590,19680,602579
1496043000,19680,19700,19565,19670,416998
1496129400,19625,19685,19585,19660,551767
1496215800,19670,19890,19595,19860,831831
1496302200,19860,20245,19850,20170,957992
1496388600,20200,20235,20065,20150,872180
1496647800,20145,20175,19945,19970,626100
1496734200,19970,20025,19890,19950,595416
1496820600,19915,20070,19895,19970,383116
1496907000,19940,20070,19890,19950,868848
1496993400,20000,20060,19800,19860,800542
1497252600,19865,19895,19750,19890,662518
1497339000,19905,19975,19850,19880,520971
1497425400,19905,19940,19710,19810,982300
1497511800,19755,19980,19705,19940,881398
1497598200,19950,20050,19855,20030,619298
1497857400,20070,20290,20030,20200,624431
1497943800,20230,20235,20080,20110,681828
1498030200,20055,20160,20040,20070,586531
1498116600,20060,20135,20040,20080,509666
1498203000,20085,20160,20040,20120,479943
1498462200,20150,20215,20130,20150,542228
1498548600,20140,20215,20100,20140,752477
1498635000,20135,20270,20050,20210,841540
1498721400,20215,20250,19855,20020,1133268
1498807800,19985,20090,19975,20070,602934
1499067000,20075,20195,19960,20010,700468
1499153400,20015,20080,19875,20070,705882
1499239800,20080,20130,19925,19970,747883
1499326200,19975,19990,19830,19950,859241
1499412600,19945,20120,19920,20100,623690
1499671800,20105,20190,20050,20180,536119
1499758200,20180,20180,20040,20060,549604
1499844600,20075,20165,20045,20080,620639
1499931000,20100,20140,20080,20110,436778
1500017400,20090,20110,19925,19980,582160
1500363000,19990,20010,19890,20010,524118
1500449400,19995,20135,19950,20090,480358
1500535800,20100,20140,20020,20080,524732
1500622200,20070,20080,19875,19940,579724
1500881400,19910,20015,19855,19920,518349
1500967800,19940,20100,19930,20040,525426
1501054200,20055,20165,19990,20050,663422
1501140600,20090,20125,19910,19950,616028
1501227000,19960,19975,19890,19940,585811
1501486200,19970,19980,19910,19980,442220
1501572600,19970,20095,19955,20070,541223
1501659000,20065,20090,19970,20010,494263
1501745400,19990,20010,19920,19950,400428
1501831800,19950,20070,19945,20040,406623
1502091000,20040,20060,19955,19980,342778
1502177400,19980,20030,19640,19730,890056
1502263800,19740,19815,19665,19710,730846
1502350200,19710,19715,19350,19530,870993
1502695800,19545,19815,19525,19740,679463
1502782200,19730,19820,19680,19730,564697
1502868600,19775,19795,19660,19680,493370
1502955000,19690,19695,19410,19440,887652
1503041400,19410,19545,19310,19360,922195
1503300600,19320,19420,19250,19340,744032
1503387000,19380,19550,19330,19420,667529
1503473400,19440,19445,19305,19320,656877
1503559800,19355,19470,19320,19450,647144
1503646200,19445,19530,19400,19430,757858
1503905400,19405,19490,19260,19380,732035
1503991800,19330,19530,19235,19520,957014
1504078200,19555,19695,19490,19690,717865
1504164600,19675,19740,19615,19690,733621
1504251000,19710,19730,19450,19470,857113
1504510200,19465,19565,19350,19430,752845
1504596600,19430,19465,19255,19340,783952
1504683000,19330,19485,19295,19400,519831
1504769400,19240,19335,19085,19140,893876
1504855800,19100,19420,19085,19410,753564
1505115000,19445,19650,19420,19630,643018
1505201400,19650,19755,19640,19690,558962
1505287800,19690,19775,19650,19690,597157
1505374200,19655,19800,19635,19790,763386
1505460600,19780,20180,19775,20150,863215
1505806200,20130,20220,20075,20140,639582
1505892600,20155,20370,20120,20220,764661
1505979000,20260,20285,20120,20180,792639
1506065400,20170,20315,20155,20270,538561
1506324600,20265,20280,20100,20150,742403
1506411000,20175,20320,20170,20320,630069
1506497400,20340,20430,20290,20390,877321
1506583800,20365,20370,20270,20360,665096
1506670200,20335,20415,20305,20410,516043
1506929400,20410,20630,20370,20600,765199
1507015800,20595,20685,20575,20630,600114
1507102200,20625,20685,20590,20640,525570
1507188600,20635,20720,20595,20710,492191
1507275000,20710,20830,20635,20830,717844
1507620600,20830,20905,20740,20870,629962
1507707000,20865,21000,20835,20950,678904
1507793400,20945,21215,20925,21160,964873
1507879800,21145,21355,21135,21270,850569
1508139000,21250,21395,21225,21350,767042
1508225400,21350,21415,21310,21350,702450
1508311800,21360,21515,21345,21470,766448
1508398200,21415,21500,21210,21450,1173581
1508484600,21470,21755,21465,21740,966984
1508743800,21730,21840,21615,21810,1035462
1508830200,21830,21935,21645,21760,1108713
1508916600,21775,21830,21590,21770,1081097
1509003000,21780,22050,21745,22050,1057940
1509089400,22075,22130,21920,22020,1093585
1509348600,22030,22040,21840,21950,912437
1509435000,21985,22465,21975,22430,1080549
1509521400,22475,22600,22405,22480,1206630
1509607800,22505,22660,22365,22600,1224454
1509953400,22600,22990,22515,22990,1077598
1510039800,22970,23000,22755,22940,1138935
1510126200,22910,23430,22520,22900,2041161
1510212600,22890,22945,22320,22520,1863023
1510299000,22490,22630,22275,22280,1190670
1510558200,22280,22545,22115,22430,1184602
1510644600,22440,22490,22010,22040,1452339
1510731000,21985,22430,21835,22410,1669759
1510817400,22475,22770,22315,22450,1642346
1510903800,22490,22495,22215,22240,934243
1511163000,22215,22570,22165,22450,942103
1511249400,22440,22690,22435,22580,897182
1511335800,22595,22650,22345,22580,892167
1511508600,22580,22690,22420,22500,813920
1511767800,22515,22595,22370,22500,945701
1511854200,22505,22670,22495,22620,897085
1511940600,22620,22800,22510,22760,1279134
1512027000,22770,23000,22670,22780,1360953
1512113400,22830,22870,22370,22710,1496290
1512372600,22765,22805,22520,22610,797435
1512459000,22630,22665,22110,22200,1129455
1512545400,22140,22570,22055,22530,658917
1512631800,22510,22800,22430,22790,922552
1512718200,22805,22915,22750,22890,725301
1512977400,22890,22965,22800,22840,616166
1513063800,22830,22935,22655,22700,654936
1513150200,22725,22795,22595,22630,606988
1513236600,22665,22720,22440,22520,838038
1513323000,22520,22890,22470,22880,816903
1513582200,22895,22975,22790,22800,693444
1513668600,22810,22900,22770,22860,521181
1513755000,22875,22900,22690,22800,606097
1513841400,22820,22910,22770,22850,446773
1513927800,22850,22920,22815,22880,211687
1514187000,22885,22915,22840,22850,173692
1514273400,22860,22935,22855,22890,241028
1514359800,22885,22955,22720,22780,414837
1514446200,22785,22880,22740,22750,360234
1514532600,22770,23490,22725,23410,712807
1515051000,23435,23730,23420,23720,813813
1515137400,23750,24000,23705,23860,819587
1515483000,23870,23930,23715,23800,641566
1515569400,23730,23755,23545,23650,941873
1515655800,23670,23760,23570,23640,724611
1515742200,23660,23830,23630,23720,683806
1516001400,23730,23950,23665,23950,552626
1516087800,23945,23990,23640,23820,1011452
1516174200,23845,24125,23685,23770,1153175
1516260600,23790,23870,23695,23800,878363
1516347000,23800,23895,23670,23790,731718
1516606200,23795,24140,23765,24120,855716
1516692600,24150,24165,23870,23910,957240
1516779000,23930,23950,23590,23660,1163760
1516865400,23690,23785,23440,23630,1225986
1516951800,23570,23775,23535,23610,906476
1517211000,23630,23635,23210,23260,1248665
1517297400,23280,23365,23070,23090,1364293
1517383800,23125,23485,23120,23440,1043992
1517470200,23465,23485,23100,23320,1273389
1517556600,23310,23320,22560,22650,1484110
1517815800,22690,22740,21050,21510,2833612
1517902200,21640,22335,21460,21610,3050030
1517988600,21660,22155,21445,21940,1990737
1518075000,21920,21995,21050,21360,2250797
1518420600,21640,21695,21170,21170,711374
1518507000,21170,21350,20905,21180,1429097
1518593400,21230,21565,20920,21450,1550112
1518679800,21460,21850,21310,21740,1127812
1518766200,21765,22145,21735,22100,906396
1519025400,22090,22120,21810,21930,745549
1519111800,21905,22170,21795,21970,1137308
1519198200,21975,22110,21595,21660,1020167
1519284600,21690,21915,21605,21910,967555
1519371000,21935,22235,21800,22220,874618
1519630200,22170,22510,22155,22380,818542
1519716600,22340,22415,22065,22100,1069474
1519803000,22120,22180,21635,21640,1107953
1519889400,21700,21745,21015,21140,1792384
1519975800,21130,21160,20680,20995,1559808
1520235000,20895,21555,20845,21435,1173681
1520321400,21495,21805,21190,21190,1236750
1520407800,21220,21505,21215,21380,607908
1520494200,21190,21715,21140,21350,1238404
1520580600,21335,21810,21305,21725,1017505
1520839800,21720,21800,21515,21795,697628
1520926200,21805,21930,21490,21610,922803
1521012600,21615,21735,21365,21640,865037
1521099000,21660,21700,21435,21440,816730
1521185400,21435,21510,21170,21270,861266
1521444600,21250,21345,20905,21170,944861
1521531000,21225,21400,21110,21390,858655
1521703800,21340,21340,20340,20350,1647945
1521790200,20410,20620,20135,20480,1603887
1522049400,20505,21150,20345,21110,1335257
1522135800,21115,21180,20610,21030,1344421
1522222200,20985,21325,20865,21210,1421370
1522308600,21210,21630,21180,21460,909540
1522395000,21430,21595,21345,21430,470542
1522654200,21405,21445,20920,21320,950828
1522740600,21345,21525,21225,21340,1018015
1522827000,21280,21740,21025,21650,1213852
1522913400,21725,21915,21540,21640,1071942
1522999800,21685,21740,21310,21725,1046436
1523259000,21720,21960,21530,21860,1069102
1523345400,21835,21915,21670,21675,875400
1523431800,21690,21765,21560,21660,860819
1523518200,21675,21910,21620,21810,865487
1523604600,21825,21920,21690,21850,716869
1523863800,21820,21890,21765,21830,602022
1523950200,21805,22195,21795,22180,762845
1524036600,22170,22355,22090,22200,704921
1524123000,22185,22265,22050,22160,728298
1524209400,22135,22205,22045,22100,673729
1524468600,22065,22300,22020,22280,675965
1524555000,22285,22350,21960,22220,959884
1524641400,22240,22385,22140,22320,927850
1524727800,22305,22510,22285,22510,786654
1524814200,22500,22560,22405,22500,553348
1525159800,22505,22580,22420,22470,525562
1525246200,22480,22525,22345,22445,326165
1525678200,22440,22565,22410,22520,498916
1525764600,22510,22515,22360,22420,658833
1525851000,22435,22535,22400,22500,531733
1525937400,22495,22780,22475,22725,629168
1526023800,22715,22890,22670,22860,484647
1526283000,22875,22910,22800,22820,430871
1526369400,22820,22830,22700,22735,538737
1526455800,22735,22880,22705,22840,464871
1526542200,22850,22955,22840,22930,502009
1526628600,22920,23050,22815,23010,478507
1526887800,22995,23040,22955,22960,333684
1526974200,22995,23000,22640,22720,623680
1527060600,22625,22640,22360,22410,827029
1527147000,22470,22545,22070,22435,948257
1527233400,22400,22545,22255,22490,604206
1527492600,22495,22505,22225,22300,548372
1527579000,22215,22225,21915,22030,1188566
1527665400,22070,22270,22045,22190,716756
1527751800,22195,22325,22010,22220,910999
1527838200,22250,22515,22230,22510,643814
1528097400,22505,22600,22465,22530,518682
1528183800,22525,22665,22445,22640,488151
1528270200,22670,22870,22595,22860,369315
1528356600,22810,22825,22580,22615,715015
1528443000,22545,22790,22470,22790,687727
1528702200,22825,22965,22735,22830,787145
1528788600,22840,22935,22755,22910,501777
1528875000,22880,22905,22670,22700,539948
1528961400,22665,22870,22655,22830,676253
1529047800,22775,22795,22550,22620,671700
1529307000,22630,22670,22180,22180,897508
1529393400,22130,22535,22075,22480,1082059
1529479800,22460,22735,22345,22600,901372
1529566200,22595,22605,22360,22460,822747
1529652600,22525,22590,22260,22300,736446
1529911800,22250,22325,21990,22320,995219
1529998200,22305,22370,22160,22230,782391
1530084600,22170,22400,22015,22230,1271640
1530171000,22260,22315,22085,22290,1036896
1530257400,22245,22335,21740,21740,987687
1530516600,21700,21905,21540,21710,1208853
1530603000,21790,21880,21570,21700,774684
1530689400,21680,21720,21435,21495,734895
1530775800,21600,21850,21580,21800,999862
1530862200,21735,22080,21685,22070,822320
1531121400,22055,22295,22030,22190,704504
1531207800,22190,22245,21725,21920,989687
1531294200,21870,22210,21860,22205,893742
1531380600,22215,22670,22180,22595,899785
1531467000,22590,22815,22500,22705,799515
1531812600,22670,22930,22645,22795,661194
1531899000,22835,22905,22735,22790,630792
1531985400,22775,22855,22515,22720,931542
1532071800,22715,22740,22315,22380,886199
1532331000,22385,22550,22375,22510,587108
1532417400,22480,22630,22470,22600,631834
1532503800,22610,22645,22490,22560,687616
1532590200,22575,22695,22560,22680,533155
1532676600,22675,22735,22495,22520,660684
1532935800,22535,22670,22330,22500,791479
1533022200,22480,22770,22475,22770,752611
1533108600,22750,22765,22435,22510,831415
1533195000,22470,22615,22370,22510,732802
1533281400,22470,22605,22430,22490,611290
1533540600,22475,22650,22435,22630,515895
1533627000,22660,22785,22590,22625,578767
1533713400,22580,22630,22480,22600,505407
1533799800,22575,22625,22240,22300,711147
1533886200,22290,22305,21820,21890,1139516
1534145400,21890,22340,21850,22320,1074084
1534231800,22340,22375,22085,22180,878193
1534318200,22185,22230,21840,22160,1411556
1534404600,22145,22345,22110,22260,712194
1534491000,22240,22305,22075,22160,860558
1534750200,22220,22290,22035,22220,685882
1534836600,22235,22370,22140,22320,651012
1534923000,22345,22450,22305,22410,678931
1535009400,22410,22590,22395,22590,644201
1535095800,22585,22825,22565,22775,642028
1535355000,22785,22990,22770,22800,599395
1535441400,22815,22965,22765,22850,664481
1535527800,22850,23060,22805,22870,824536
1535614200,22860,22895,22660,22860,883475
1535700600,22780,22845,22690,22710,788501
1535959800,22725,22790,22610,22770,638335
1536046200,22780,22785,22560,22560,945858
1536132600,22510,22610,22430,22480,921209
1536219000,22485,22560,22175,22380,1110896
1536305400,22380,22445,22240,22360,1011577
1536564600,22370,22675,22360,22650,848586
1536651000,22655,22740,22525,22620,859499
1536737400,22625,22870,22545,22815,507591
1536823800,22670,22965,22650,22965,953270
1536910200,23010,23320,22875,23280,1112524
1537255800,23280,23725,23275,23520,1054857
1537342200,23540,23640,23415,23460,880102
1537428600,23505,23825,23485,23750,918294
1537515000,23750,23810,23655,23740,716281
1537860600,23765,24030,23750,24000,788651
1537947000,23955,24090,23770,23830,998208
1538033400,23805,24290,23775,24130,1148218
1538119800,24110,24320,24000,24310,975132
1538379000,24325,24480,24215,24280,1010354
1538465400,24240,24310,24035,24140,1128494
1538551800,24170,24360,23910,23920,1080116
1538638200,23920,24030,23615,23820,1273638
1538724600,23780,23885,23440,23465,1292038
1539070200,23490,23595,23320,23530,1209791
1539156600,23520,23590,22405,22580,2156356
1539243000,22790,22905,22240,22650,2302488
1539329400,22665,22670,22190,22190,1644040
1539588600,22205,22540,22030,22425,1349943
1539675000,22460,22950,22435,22890,1042859
1539761400,22900,22915,22590,22590,1027738
1539847800,22640,22750,22155,22525,1360722
1539934200,22520,22690,22260,22630,1193043
1540193400,22670,22690,21920,21920,1346259
1540279800,21990,22210,21635,22030,1836836
1540366200,21930,22100,21195,21270,1853201
1540452600,21370,21790,20960,21230,1866279
1540539000,21185,21470,20790,21100,1878544
1540798200,21130,21570,20800,21475,1588180
1540884600,21500,21910,21305,21870,1570184
1540971000,21855,21940,21545,21545,1128027
1541057400,21565,22300,21530,22230,1285163
1541143800,22245,22280,21840,21870,1198223
1541403000,21895,22195,21870,22195,703886
1541489400,22200,22435,21985,22120,1293892
1541575800,22110,22580,22085,22500,904640
1541662200,22460,22505,22215,22270,792041
1541748600,22220,22325,22005,22255,820372
1542007800,22240,22260,21470,21760,1219659
1542094200,21745,21985,21615,21825,1102850
1542180600,21775,21940,21550,21820,1136856
1542267000,21865,21935,21540,21650,1191122
1542353400,21650,21850,21490,21840,950406
1542612600,21810,21920,21515,21540,925466
1542699000,21515,21560,21170,21525,1323283
1542785400,21530,21750,21470,21700,894663
1542871800,21710,21835,21525,21830,601948
1543217400,21870,22070,21815,22000,715745
1543303800,21970,22230,21910,22230,877399
1543390200,22230,22435,22170,22240,756969
1543476600,22260,22380,22190,22350,716767
1543563000,22350,22720,22255,22635,800096
1543822200,22660,22710,22010,22070,969397
1543908600,22070,22180,21575,21880,1106340
1543995000,21900,21955,21295,21450,905379
1544081400,21530,21735,21070,21620,1513525
1544167800,21545,21690,21140,21140,1147379
1544427000,21215,21365,20940,21135,1162579
1544513400,21160,21660,21145,21660,1043659
1544599800,21645,21880,21565,21850,542914
1544686200,21800,21850,21270,21300,1052972
1544772600,21320,21495,21195,21450,791373
1545031800,21440,21445,21000,21070,1039740
1545118200,21065,21220,20810,20920,1057615
1545204600,20930,21125,20200,20210,1203570
1545291000,20300,20475,19940,20050,1223383
1545377400,20075,20155,19000,19000,528537
1545723000,18945,19510,18840,19390,830156
1545809400,19320,20185,19320,20015,1364697
1545895800,19930,20055,19495,19845,1320600
1546500600,19820,20040,19205,19480,1255090
1546587000,19520,20245,19475,20070,1332575
1546846200,20250,20470,20185,20420,953366
1547019000,20430,20455,20070,20110,1089699
1547105400,20105,20370,20015,20320,825139
1547191800,20325,20560,20160,20510,950959
1547537400,20490,20560,20295,20430,920325
1547623800,20460,20565,20315,20350,786807
1547710200,20285,20670,20180,20630,940091
1547796600,20625,20930,20600,20720,992689
1548055800,20705,20790,20535,20560,561486
1548142200,20550,20670,20325,20560,948255
1548228600,20535,20715,20410,20560,869693
1548315000,20560,20820,20485,20780,918799
1548401400,20795,20890,20600,20640,783962
1548660600,20635,20660,20385,20630,915777
1548747000,20590,20740,20500,20610,873371
1548833400,20590,20880,20580,20755,975661
1548919800,20760,20910,20615,20725,975341
1549006200,20755,20900,20705,20850,752300
1549265400,20850,20950,20790,20830,623848
1549351800,20830,20950,20805,20870,700032
1549438200,20850,20890,20630,20730,872249
1549524600,20705,20785,20285,20290,1264104
1549611000,20280,20880,20160,20880,1174365
1549956600,20840,21195,20835,21160,898583
1550043000,21145,21215,21055,21190,833694
1550129400,21210,21235,20810,20900,1145004
1550215800,20875,21320,20835,21300,974914
1550475000,21300,21325,21195,21300,633011
1550561400,21290,21480,21215,21420,904496
1550647800,21430,21550,21295,21440,981988
1550734200,21450,21480,21315,21400,792659
1550820600,21405,21580,21390,21550,808964
1551079800,21565,21625,21370,21480,842396
1551166200,21475,21585,21445,21560,605429
1551252600,21510,21595,21365,21390,795079
1551339000,21340,21650,21280,21620,804445
1551425400,21650,21870,21630,21820,774713
1551684600,21825,21840,21595,21750,951577
1551771000,21760,21835,21550,21590,720674
1551857400,21595,21645,21405,21420,384843
1551943800,21200,21305,20770,20770,1043842
1552030200,20755,20955,20645,20930,1061363
1552289400,20955,21380,20890,21330,737630
1552375800,21330,21345,20980,21050,932470
1552462200,21045,21340,21045,21120,872292
1552548600,21120,21365,21085,21240,897050
1552635000,21260,21450,21215,21410,623028
1552894200,21410,21430,21245,21370,603534
1552980600,21390,21495,21310,21430,654984
1553067000,21440,21485,21250,21340,832796
1553239800,21350,21405,20675,20740,1293743
1553499000,20760,21270,20750,21150,1216399
1553585400,21150,21385,21135,21380,996092
1553671800,21365,21385,20960,21060,1206509
1553758200,21075,21280,21040,21210,904229
1553844600,21200,21675,21155,21450,984528
1554103800,21485,21745,21470,21470,779906
1554190200,21470,21730,21465,21720,842703
1554276600,21745,21830,21655,21700,763529
1554363000,21705,21830,21680,21790,685314
1554449400,21795,21965,21730,21770,656212
1554708600,21785,21810,21690,21740,530402
1554795000,21735,21770,21540,21700,663051
1554881400,21710,21735,21605,21670,660199
1554967800,21695,21865,21625,21860,846429
1555054200,21835,22225,21830,22180,886387
1555313400,22165,22250,22110,22220,669900
1555399800,22215,22340,22175,22270,816247
1555486200,22280,22345,22045,22110,870681
1555572600,22115,22270,22050,22200,621116
1555659000,22190,22280,22090,22240,461009
1555918200,22215,22270,22115,22240,586768
1556004600,22225,22375,22120,22170,761447
1556091000,22160,22360,22130,22350,762554
1556177400,22260,22310,22060,22250,909561
1557127800,22220,22350,21870,21940,650285
1557214200,22000,22015,21510,21580,1332935
1557300600,21595,21670,21300,21380,1321079
1557387000,21330,21585,21060,21310,1883844
1557473400,21325,21510,21065,21175,1132345
1557732600,21120,21140,20750,21030,1415897
1557819000,21075,21185,20955,21160,1004638
1557905400,21100,21180,20875,21050,1099743
1557991800,21020,21390,21005,21270,1089827
1558078200,21280,21435,21135,21305,1126196
1558337400,21290,21340,21050,21250,1141763
1558423800,21210,21400,21205,21275,875958
1558510200,21280,21335,21070,21100,966396
1558596600,21070,21120,20810,21100,1219780
1558683000,21105,21230,21040,21200,846048
1558942200,21230,21290,21175,21230,496320
1559028600,21185,21225,20880,20950,1175645
1559115000,20900,20945,20720,20930,1222826
1559201400,20955,20990,20540,20540,1282827
1559287800,20520,20545,20290,20360,1208673
1559547000,20335,20530,20285,20360,1126745
1559633400,20400,20800,20395,20730,996079
1559719800,20730,20870,20640,20740,936417
1559806200,20800,20920,20745,20920,756120
1559892600,20935,21160,20865,21150,841797
1560151800,21155,21230,21065,21210,723997
1560238200,21235,21330,21120,21120,689537
1560324600,21140,21160,20930,21020,536773
1560411000,20955,21065,20915,21030,691746
1560497400,20975,21125,20920,21070,672144
1560756600,21075,21115,20860,20910,628663
1560843000,20870,21295,20840,21270,1027483
1560929400,21255,21425,21205,21400,761228
1561015800,21450,21570,21150,21190,992020
1561102200,21260,21350,21120,21230,774138
1561361400,21255,21270,21040,21080,748102
1561447800,21095,21140,21000,21050,647538
1561534200,21035,21295,21030,21260,872593
1561620600,21270,21290,21155,21260,770620
1561707000,21240,21765,21215,21765,765358
1561966200,21770,21775,21630,21720,677555
1562052600,21695,21730,21525,21590,714019
1562139000,21615,21725,21610,21670,458176
1562225400,21670,21700,21610,21700,393757
1562311800,21670,21690,21460,21530,810938
1562571000,21545,21660,21475,21510,633718
1562657400,21500,21575,21445,21500,567541
1562743800,21495,21630,21465,21600,709902
1562830200,21595,21685,21535,21630,621387
1562916600,21615,21635,21480,21500,479851
1563262200,21500,21515,21355,21420,549048
1563348600,21435,21455,20955,21010,786943
1563435000,21015,21445,21010,21380,884912
1563521400,21370,21425,21260,21360,754480
1563780600,21365,21660,21340,21600,647069
1563867000,21605,21720,21580,21670,498899
1563953400,21660,21800,21600,21750,575816
1564039800,21735,21765,21560,21600,698573
1564126200,21615,21665,21485,21570,494155
1564385400,21565,21770,21550,21660,582410
1564471800,21630,21640,21445,21555,850403
1564558200,21525,21545,21240,21500,1000720
1564644600,21490,21570,20925,21010,1514704
1564731000,20960,21045,20480,20590,1833403
1564990200,20605,20640,19960,20530,2192679
1565076600,20570,20650,20345,20470,1484193
1565163000,20495,20660,20210,20560,1548514
1565249400,20565,20790,20510,20650,901393
1565335800,20630,20680,20310,20350,490392
1565681400,20310,20750,20210,20580,1419141
1565767800,20540,20615,20090,20380,1451367
1565854200,20395,20485,20145,20390,1465479
1565940600,20415,20615,20410,20580,788949
1566199800,20600,20680,20560,20660,533668
1566286200,20625,20655,20460,20570,660231
1566372600,20625,20725,20560,20620,593036
1566459000,20625,20720,20525,20720,694345
1566545400,20700,20705,20065,20300,1658028
1566804600,20420,20600,20415,20420,1023086
1566891000,20390,20560,20380,20480,740069
1566977400,20435,20520,20310,20460,823630
1567063800,20530,20740,20525,20690,791829
1567150200,20720,20790,20580,20595,596666
1567409400,20625,20660,20515,20655,484513
1567495800,20590,20700,20515,20700,863591
1567582200,20745,21165,20735,21070,992804
1567668600,21050,21265,21015,21200,791265
1567755000,21225,21335,21130,21325,627351
1568014200,21335,21440,21285,21350,571671
1568100600,21340,21620,21290,21565,770154
1568187000,21570,21825,21535,21820,394000
1568273400,21605,21840,21515,21800,1028088
1568359800,21845,21920,21700,21810,698252
1568705400,21820,21865,21720,21800,526419
1568791800,21805,22090,21750,21875,897231
1568878200,21885,22040,21855,21910,599350
1568964600,21925,22015,21785,21940,634452
1569310200,21930,21975,21655,21800,866780
1569396600,21800,22010,21660,21860,944725
1569483000,21880,21990,21720,21810,943904
1569569400,21825,21920,21655,21760,973635
1569828600,21730,21965,21685,21965,744737
1569915000,21970,22025,21650,21710,850549
1570001400,21640,21645,21260,21270,1283406
1570087800,21340,21405,21040,21340,1096453
1570174200,21310,21545,21270,21375,816764
1570433400,21405,21630,21345,21620,807509
1570519800,21585,21595,21320,21440,988617
1570606200,21460,21610,21300,21520,1273061
1570692600,21520,21805,21450,21800,904085
1570779000,21810,22240,21800,22200,1082926
1571124600,22260,22615,22200,22485,1057954
1571211000,22445,22580,22415,22460,643628
1571297400,22485,22690,22445,22460,907211
1571383800,22495,22575,22405,22570,546069
1571643000,22580,22720,22475,22650,755971
1571815800,22650,22800,22615,22780,624552
1571902200,22850,22870,22705,22770,643926
1571988600,22785,22885,22720,22850,442553
1572247800,22855,22995,22835,22970,522838
1572334200,22960,22970,22810,22840,534560
1572420600,22850,22985,22750,22950,600379
1572507000,22945,22950,22650,22850,819746
1572593400,22835,23330,22770,23320,848181
1572939000,23295,23380,23245,23300,622827
1573025400,23315,23375,23250,23360,604108
1573111800,23475,23650,23300,23380,1042747
1573198200,23395,23480,23295,23300,648915
1573457400,23255,23550,23220,23550,627864
1573543800,23545,23580,23260,23300,653275
1573630200,23340,23380,23050,23125,967975
1573716600,23115,23395,23005,23340,851367
1573803000,23315,23430,23255,23400,594051
1574062200,23450,23495,23235,23290,727873
1574148600,23315,23405,23020,23140,878620
1574235000,23160,23220,22720,23050,1460313
1574321400,23070,23210,22975,23130,830602
1574407800,23115,23345,23075,23330,613506
1574667000,23310,23620,23295,23380,819435
1574753400,23380,23505,23310,23480,540117
1574839800,23500,23590,23370,23410,543286
1574926200,23430,23495,23275,23290,487102
1575012600,23320,23565,23290,23560,576602
1575271800,23530,23590,23065,23330,1106747
1575358200,23320,23325,22900,23100,1281812
1575444600,23050,23380,22965,23310,992886
1575531000,23360,23440,23245,23420,705068
1575617400,23415,23560,23335,23440,661100
1575876600,23450,23475,23330,23450,576591
1575963000,23440,23485,23260,23370,809622
1576049400,23380,23480,23320,23470,392340
1576135800,23405,24025,23345,23960,1541909
1576222200,23975,24040,23730,23940,1164721
1576481400,23925,24110,23920,24010,563124
1576567800,24005,24025,23810,23810,585584
1576654200,23830,23885,23750,23830,489470
1576740600,23825,23845,23675,23720,583528
1576827000,23705,23865,23700,23750,484276
1577086200,23735,23795,23730,23760,299895
1577172600,23765,23775,23710,23710,141902
1577259000,23705,23870,23685,23830,291843
1577345400,23850,23930,23815,23840,371540
1577431800,23840,23865,23620,23640,553194
1578036600,23640,23665,23095,23100,915084
1578295800,23150,23550,23025,23480,1113673
1578382200,23455,23510,22910,23150,1842984
1578468600,23215,23750,23205,23700,1179480
1578555000,23710,23880,23680,23800,748755
1578641400,23800,24030,23675,24000,736204
1578987000,23980,24020,23835,23910,867981
1579073400,23930,23975,23865,23940,568953
1579159800,23945,24105,23930,24030,668479
1579246200,24030,24085,23990,24080,471082
1579505400,24050,24055,23780,23860,657212
1579591800,24050,24055,23780,24020,868787
1579678200,23980,23990,23745,23750,844053
1579764600,23790,23845,23605,23800,819846
1579851000,23790,23845,23310,23310,819846
1580110200,23315,23380,23055,23165,1380590
1580196600,23215,23375,22990,23360,1232027
1580283000,23215,23375,22970,22970,1305706
1580369400,22880,23400,22815,23130,1648263
1580455800,23130,23150,22650,22895,1943824
1580715000,22925,23090,22785,23090,1282975
1580801400,23080,23400,23040,23365,1271760
1580887800,23335,23980,23315,23950,1764347
1580974200,23890,23960,23730,23830,1154167
1581060600,23840,23860,23590,23640,1229045
1581319800,23655,23885,23555,23870,883170
1581492600,23865,23970,23765,23790,987962
1581579000,23750,23775,23555,23630,1194943
1581665400,23655,23665,23315,23545,1050952
1581924600,23520,23545,23110,23200,819751
1582011000,23150,23450,23080,23375,1195020
1582097400,23395,23790,23340,23510,1441772
1582183800,23595,23635,23290,23290,1402043
1582270200,23255,23340,22260,22670,1923654
1582615800,22635,22665,21885,22330,2904141
1582702200,22285,22500,21835,21850,2902825
1582788600,22035,22115,20910,20920,3359951
1582875000,21175,21595,20455,21170,4390662
1583134200,21250,21730,20680,20980,3001750
1583220600,21120,21510,20675,21130,2533490
1583307000,21175,21440,21035,21370,1499324
1583393400,21275,21325,20610,20710,1741054
1583479800,20675,20750,19420,19420,2667497
1583739000,19085,19970,18500,19825,2788624
1583825400,19655,20195,19020,19370,2546836
1583911800,19370,19665,18330,18355,1504723
1583998200,18030,18160,16475,16790,3911089
1584084600,17190,18235,16650,16835,2839631
1584343800,16775,17350,15860,16670,2868612
1584430200,16875,17320,16220,16505,2774735
1584516600,16290,17015,16000,16545,2508077
1584603000,16800,17340,16190,16910,952483
1584948600,17000,18255,16885,18255,2249256
1585035000,18400,19455,18295,19240,1891791
1585121400,19260,19420,18245,18360,2035391
1585207800,18320,19205,18205,19080,1829339
1585294200,19075,19080,18530,18795,1500154
1585553400,18600,19310,18440,18705,1253274
1585639800,18875,18915,17825,17825,1311987
1585726200,17835,18110,17565,17865,1388427
1585812600,17870,18130,17520,17680,1128000
1585899000,17700,18700,17565,18565,1292014
1586158200,18600,19150,18420,19150,1354373
1586244600,19255,19860,18700,18925,1821462
1586331000,19000,19490,18785,19490,1275744
1586417400,19510,19620,19215,19310,1153490
1586503800,19300,19355,18985,19060,477426
1586763000,19050,19700,18940,19610,886500
1586849400,19540,19645,19420,19580,891374
1586935800,19470,19485,19130,19245,935399
1587022200,19300,19910,18990,19700,1179971
1587108600,19710,19770,19365,19645,969285
1587367800,19585,19620,19165,19320,1022361
1587454200,19280,19340,18830,19025,1176829
1587540600,19075,19470,19045,19440,855333
1587627000,19375,19660,19150,19190,935212
1587713400,19250,19805,19225,19720,872258
1587972600,19720,19835,19615,19810,790489
1588059000,19840,20355,19825,20065,1050802
1588231800,20070,20190,19525,19630,1196932
1588318200,19570,19730,19350,19700,849759
1588836600,19740,20195,19710,20135,941142
1588923000,20135,20525,20045,20490,812334
1589182200,20580,20615,20275,20290,914495
1589268600,20380,20500,20035,20350,981378
1589355000,20275,20415,19780,19780,1218299
1589441400,19860,20180,19605,20045,1564319
1589527800,20080,20210,19870,20210,1090945
1589787000,20275,20680,20245,20530,1122000
1589873400,20575,20680,20355,20555,971038
1589959800,20585,20815,20490,20620,889716
1590046200,20605,20670,20315,20360,1014183
1590132600,20290,20820,20260,20820,812160
1590391800,20775,21330,20750,21280,987840
1590478200,21255,21490,21135,21490,1127579
1590564600,21500,22025,21400,22025,1737853
1590651000,21945,22105,21700,21810,1398095
1590737400,21790,22165,21655,22120,1306265
1590996600,22170,22410,21915,22370,1257824
1591083000,22395,22825,22375,22730,1430544
1591169400,22720,22980,22490,22760,1406494
1591255800,22705,22900,22555,22870,1201042
1591342200,22970,23315,22905,23185,1326569
1591601400,23110,23235,22925,23110,1032636
1591687800,22995,23180,22700,23015,1015752
1591774200,23050,23055,22455,22525,837668
1591860600,22270,22315,21555,22140,1991647
1591947000,22100,22425,21335,21360,2066461
1592206200,21390,22565,21330,22360,1886517
1592292600,22300,22560,22140,22530,1457812
1592379000,22630,22715,22050,22200,1202457
1592465400,22320,22510,22215,22510,920856
1592551800,22550,22665,22235,22325,913168
1592811000,22430,22685,22180,22560,1286122
1592897400,22680,22765,22415,22460,850996
1592983800,22465,22480,22040,22220,1207670
1593070200,22085,22525,22050,22425,956413
1593156600,22410,22475,21925,22050,1077094
1593415800,22115,22425,22040,22235,837745
1593502200,22245,22360,22005,22090,842076
1593588600,22140,22250,21950,22180,966968
1593675000,22210,22425,22115,22280,832893
1593761400,22295,22710,22140,22650,815677
1594020600,22695,22745,22475,22540,1028842
1594107000,22470,22635,22370,22370,878179
1594193400,22445,22670,22320,22480,993901
1594279800,22495,22550,22260,22290,1038704
1594366200,22285,22780,22280,22710,959613
1594625400,22710,22850,22505,22570,903315
1594711800,22575,22945,22480,22945,1148934
1594798200,22910,23015,22710,22760,1041117
1594884600,22715,22835,22620,22670,782629
1594971000,22645,22770,22550,22650,704762
1595230200,22600,22905,22595,22840,605419
1595316600,22890,22930,22700,22750,675078
1595403000,22760,22790,22390,22690,519357
1595835000,22640,22815,22610,22610,613659
1595921400,22620,22640,22340,22340,742154
1596007800,22390,22550,22315,22320,591631
1596094200,22210,22305,21680,21760,1474462
1596180600,21815,22200,21780,22090,1112817
1596439800,22045,22590,22030,22590,813881
1596526200,22555,22590,22340,22510,793105
1596612600,22560,22625,22335,22390,772542
1596699000,22430,22470,22185,22340,822359
1596785400,22290,22745,22245,22720,826760
1597131000,22780,22945,22650,22900,1087474
1597217400,22980,23305,22940,23210,1027693
1597303800,23250,23345,23165,23280,738426
1597390200,23230,23240,23045,23085,858723
1597649400,23105,23150,22925,23060,666903
1597735800,23000,23150,22945,23130,700551
1597822200,23110,23195,22830,22880,748527
1597908600,22910,23130,22845,22900,851067
1597995000,22840,23005,22700,23000,794092
1598254200,23080,23425,23015,23330,778392
1598340600,23400,23405,23185,23220,663484
1598427000,23230,23345,23140,23200,526570
1598513400,23180,23390,22555,22895,1311471
1598599800,22780,23375,22745,23160,982224
1598859000,23150,23220,23010,23160,677160
1598945400,23185,23295,23050,23295,686215
1599031800,23315,23615,23310,23470,947234
1599118200,23535,23555,22970,23170,1299763
1599204600,23215,23320,22825,23055,1277695
1599463800,23080,23315,23065,23255,581142
1599550200,23220,23235,22875,22965,1061838
1599636600,23030,23260,22995,23240,498109
1599723000,23040,23255,22895,23200,895657
1599809400,23245,23425,23140,23420,770371
1600068600,23370,23395,23190,23320,527125
1600155000,23310,23360,23235,23300,441442
1600241400,23335,23365,23100,23105,633085
1600327800,23100,23245,23065,23220,615868
1600414200,23170,23210,22995,23185,755742
1600846200,23140,23255,22875,22925,852888
1600932600,22950,23130,22865,23030,918833
1601019000,23040,23350,22840,23295,872227
1601278200,23315,23605,23255,23525,823633
1601364600,23470,23525,23120,23180,920192
1601451000,23245,23375,23170,23315,716390
1601537400,23340,23365,22940,22980,1053675
1601623800,23080,23360,22985,23280,833840
1601883000,23265,23420,23245,23400,581901
1601969400,23370,23430,23215,23410,804628
1602055800,23440,23690,23410,23635,749842
1602142200,23670,23730,23530,23570,637705
1602228600,23600,23605,23480,23520,529321
1602487800,23510,23645,23475,23585,526907
1602574200,23535,23645,23490,23590,607157
1602660600,23590,23630,23445,23500,620481
1602747000,23435,23525,23355,23410,777748
1602833400,23430,23690,23380,23660,690522
1603092600,23700,23710,23490,23530,611381
1603179000,23540,23680,23530,23650,620597
1603265400,23590,23605,23420,23500,710373
1603351800,23460,23600,23450,23490,630602
1603438200,23530,23585,23465,23480,432972
1603697400,23430,23490,23225,23490,680981
1603783800,23490,23495,23325,23425,628014
1603870200,23355,23370,23055,23320,1032884
1603956600,23285,23390,22895,22895,1135271
1604043000,22925,23355,22910,23280,1078057
1604302200,23270,23850,23250,23740,1385170
1604475000,23655,24185,23490,24120,1502225
1604561400,24175,24385,24080,24340,1171296
1604647800,24360,24965,24260,24860,1184887
1604907000,24845,25895,24825,24950,2020714
1604993400,25135,25455,25095,25420,1181469
1605079800,25450,25700,25315,25360,971780
1605166200,25415,25485,25205,25340,863167
1605252600,25360,25985,25340,25985,818800
1605511800,25940,26220,25845,26040,1006639
1605598200,26055,26075,25650,25700,792036
1605684600,25700,25930,25470,25540,771583
1605771000,25600,25620,25405,25545,665661
1605857400,25535,26275,25505,26225,730993
1606203000,26250,26715,26220,26380,1061181
1606289400,26430,26575,26180,26575,733887
1606375800,26580,26670,26410,26630,636776
1606462200,26630,26890,26405,26460,827633
1606721400,26515,26870,26365,26800,844945
1606807800,26790,26975,26685,26840,735875
1606894200,26880,26925,26715,26850,700129
1606980600,26825,26860,26645,26775,510818
1607067000,26750,26955,26500,26565,629647
1607326200,26550,26555,26315,26490,682219
1607412600,26455,26865,26355,26865,558999
1607499000,26845,26920,26515,26710,371878
1607585400,26630,26760,26485,26525,654803
1607671800,26565,26805,26370,26690,642054
1607931000,26725,26775,26535,26630,511106
1608017400,26630,26810,26615,26670,413060
1608103800,26670,26775,26620,26770,453846
1608190200,26785,26805,26645,26740,352127
1608276600,26740,26840,26460,26650,653713
1608535800,26560,26590,26155,26345,959822
1608622200,26370,26575,26355,26480,579878
1608708600,26525,26695,26495,26650,464348
1608795000,26645,26650,26585,26650,160120
1608881400,26640,26810,26600,26780,282083
1609140600,26810,27590,26770,27565,742144
1609227000,27530,27685,27320,27470,703326
1609313400,27515,27660,27015,27320,805410
1609745400,27370,27445,27025,27070,718656
1609831800,27110,27190,26935,27015,843126
1609918200,27075,27600,26925,27435,907160
1610004600,27530,28170,27380,28140,882954
1610091000,28150,28270,27940,28190,875696
1610523000,28450,28965,28345,28810,1001796
1610609400,28800,28945,28440,28465,774319
1610695800,28490,28570,28085,28190,796266
1610955000,28175,28705,28140,28670,556634
1611041400,28700,28815,28375,28490,739014
1611127800,28530,28835,28480,28730,551734
1611214200,28705,28745,28500,28630,528914
1611300600,28590,28800,28390,28780,599513
1611559800,28795,28815,28460,28530,750533
1611646200,28565,28750,28525,28640,552230
1611732600,28635,28645,27870,28050,1204889
1611819000,28055,28520,27570,27570,1315813
1611905400,27670,28140,27575,28140,1134301
1612164600,28140,28380,28055,28360,749342
1612251000,28290,28665,28260,28635,642124
1612337400,28645,28720,28285,28330,656857
1612423800,28390,28800,28365,28785,631284
1612510200,28775,29410,28705,29410,770903
1612769400,29340,29585,29265,29500,648410
1612855800,29470,29555,29350,29420,500634
1612942200,29435,29670,29165,29380,657727
1613115000,29395,30125,29300,30095,728854
1613374200,30135,30710,30040,30600,887315
1613460600,30550,30585,30160,30400,794425
1613547000,30375,30565,30130,30230,904794
1613633400,30200,30230,29740,30040,989233
1613719800,30070,30455,30005,30170,859781
1613979000,30100,30165,29615,29640,920822
1614151800,29690,30240,29690,30190,855261
1614238200,30175,30225,28970,29250,1486278
1614324600,29260,29715,29130,29580,1233053
1614583800,29635,30010,29310,29490,895691
1614670200,29500,29645,29330,29590,722218
1614756600,29680,29765,28705,28985,1157571
1614843000,29050,29295,28295,28760,1452637
1614929400,28735,29405,28605,28765,1370728
1615188600,28710,29100,28560,29070,1191855
1615275000,29005,29285,28925,28985,733935
1615361400,29015,29260,28965,29230,440916
1615447800,29140,29595,29030,29585,812278
1615534200,29490,29720,29335,29530,716115
1615793400,29530,29860,29410,29715,602294
1615879800,29750,29815,29630,29720,507458
1615966200,29715,30320,29655,30055,836273
1616052600,30020,30050,29450,29490,849181
1616139000,29550,29625,28920,28935,1065975
1616398200,28915,29325,28730,28810,836923
1616484600,28830,28930,28145,28190,1009357
1616571000,28180,28650,28120,28610,867589
1616657400,28605,29100,28480,29100,992268
1616743800,29070,29465,29010,29080,940430
1617003000,29200,29485,29155,29480,676122
1617089400,29480,29540,29135,29210,700275
1617175800,29230,29590,29170,29400,623791
1617262200,29450,29930,29440,29930,498515
1617348600,29930,30215,29900,30075,415088
1617607800,30070,30280,29670,29700,605366
1617694200,29730,29870,29515,29710,654852
1617780600,29705,29745,29505,29670,525234
1617867000,29630,30075,29540,29770,630687
1617953400,29765,29950,29540,29575,547431
1618212600,29585,29900,29535,29780,552498
1618299000,29770,29855,29555,29610,590706
1618385400,29640,29790,29520,29620,549127
1618471800,29680,29835,29615,29730,502236
1618558200,29750,29815,29515,29690,553731
1618817400,29685,29695,29000,29135,829846
1618903800,29135,29140,28405,28540,1064872
1618990200,28585,29175,28480,29120,893051
1619076600,29195,29205,28760,28970,710385
1619163000,29010,29315,28855,29165,674356
1619422200,29155,29285,28990,28995,479127
1619508600,28990,29140,28830,29050,544473
1619595000,29040,29090,28760,28885,562872
1619767800,28910,29445,28790,29310,710221
1620286200,29400,29460,29185,29385,646589
1620372600,29370,29695,29265,29570,648066
1620631800,29525,29565,28525,28690,938092
1620718200,28620,28845,27875,28140,1539520
1620804600,28250,28330,27380,27485,1336645
1620891000,27370,28145,27130,28040,1207477
1620977400,27975,28350,27620,27770,893938
1621236600,27780,28490,27630,28455,851459
1621323000,28435,28445,27835,27970,845647
1621409400,27940,28180,27595,28090,1104288
1621495800,28070,28415,27865,28350,821022
1621582200,28360,28595,28205,28340,750808
1621841400,28390,28630,28330,28600,504311
1621927800,28580,28720,28355,28590,608027
1622014200,28600,28645,28355,28530,630122
1622100600,28525,29200,28495,29125,772958
1622187000,29090,29160,28795,28970,664316
1622446200,28970,29095,28600,28760,656383
1622532600,28800,29020,28560,28930,815958
1622619000,28880,29155,28830,29070,601976
1622705400,29010,29065,28760,28930,732517
1622791800,28965,29275,28925,29020,611413
1623051000,29015,29210,28945,29060,619795
1623137400,29065,29130,28835,28840,496038
1623223800,28865,29015,28765,28980,296201
1623310200,28865,29105,28785,28880,685758
1623396600,28910,29175,28885,29140,436167
1623655800,29145,29440,29090,29410,581434
1623742200,29410,29415,29220,29250,463963
1623828600,29250,29390,28820,29000,779638
1623915000,29035,29170,28910,28930,666968
1624001400,28915,28920,27715,28020,1389865
1624260600,28090,28855,28080,28750,1015649
1624347000,28685,28965,28590,28810,638829
1624433400,28805,28895,28660,28800,493304
1624519800,28800,29120,28790,29040,482020
1624606200,28980,29080,28945,28950,391758
1624865400,28980,29010,28695,28760,549290
1624951800,28840,29000,28730,28780,501517
1625038200,28740,28830,28520,28630,650183
1625124600,28730,28830,28555,28760,572295
1625211000,28780,28825,28555,28570,495980
1625470200,28530,28735,28490,28610,409539
1625556600,28625,28635,28110,28380,909325
1625643000,28420,28475,28090,28150,785500
1625729400,27880,28210,27385,28210,1526174
1625815800,28115,28585,28085,28500,764286
1626075000,28490,28840,28385,28655,550071
1626161400,28660,28690,28440,28540,564254
1626247800,28555,28675,28220,28220,674035
1626334200,28120,28265,27820,27930,935114
1626420600,27965,28100,27465,27600,907535
1626679800,27565,27630,27050,27410,1273192
1626766200,27500,27865,27315,27560,977823
1626852600,27625,28155,27575,27830,732240
1627284600,27785,28025,27640,27910,580606
1627371000,27660,27845,27355,27530,971383
1627457400,27560,27890,27540,27810,676135
1627543800,27900,27930,27250,27350,886652
1627630200,27370,27820,27310,27740,776859
1627889400,27785,27820,27465,27580,648934
1627975800,27590,27680,27410,27590,576469
1628062200,27580,27725,27435,27680,560254
1628148600,27705,27905,27650,27840,511382
1628235000,27830,28120,27785,27850,645488
1628580600,27890,28130,27850,28070,442304
1628667000,28070,28265,27985,28015,576596
1628753400,28010,28115,27910,27990,492609
1628839800,27980,28070,27380,27480,663361
1629099000,27520,27740,27340,27360,687023
1629185400,27290,27665,27245,27600,804537
1629271800,27540,27635,27205,27210,697092
1629358200,27130,27315,26915,27010,1239727
1629444600,26880,27535,26850,27520,804206
1629703800,27495,27800,27435,27740,514920
1629790200,27810,27880,27640,27740,541795
1629876600,27770,27830,27650,27690,370093
1629963000,27690,27775,27460,27640,576741
1630049400,27650,27925,27635,27740,550683
1630308600,27740,28175,27595,28175,650999
1630395000,28160,28490,28005,28490,808460
1630481400,28560,28660,28415,28475,660797
1630567800,28550,29190,28515,29160,899480
1630654200,29120,29765,29110,29755,1066094
1630913400,29920,30205,29835,29900,717284
1630999800,29900,30250,29600,30130,743267
1631086200,29920,30260,29880,29990,554609
1631172600,29810,30225,29735,30160,870953
1631259000,30220,30350,29905,30330,819201
1631518200,30420,30620,30230,30400,895153
1631604600,30345,30405,30095,30350,788027
1631691000,30380,30465,30015,30205,788366
1631777400,30230,30360,30110,30360,640489
1631863800,29620,29875,29600,29760,431614
1632209400,29810,30020,29390,29520,959563
1632295800,29645,30150,29535,30150,733871
1632468600,30025,30235,29875,30080,618390
1632727800,30050,30100,29830,29920,610465
1632814200,29765,29860,29325,29620,1228147
1632900600,29680,29850,29300,29460,1053914
1632987000,29660,29740,28675,28820,1349704
1633073400,28830,29140,28240,28240,1330181
1633332600,28215,28395,27450,27740,1439017
1633419000,27800,28290,27170,27410,1321064
1633505400,27260,28045,26980,27820,1379656
1633591800,27770,28330,27755,28120,823652
1633678200,28075,28595,27890,28500,817400
1633937400,28525,28780,28090,28090,785795
1634023800,28075,28380,27990,28140,808122
1634110200,28120,28590,28070,28570,741208
1634196600,28615,29150,28590,29120,730610
1634283000,29100,29260,28910,28910,660411
1634542200,28920,29280,28860,29260,596599
1634628600,29245,29495,29205,29280,596517
1634715000,29315,29350,28680,28730,792431
1634801400,28735,28995,28415,28870,935520
1634887800,28910,28945,28370,28620,680176
1635147000,28640,29170,28590,29130,601571
1635233400,29135,29250,28860,29000,561256
1635319800,29010,29020,28630,28760,706353
1635406200,28795,29025,28465,28780,789506
1635492600,28810,29665,28695,29550,805827
1635751800,29580,29660,29395,29500,549112
1635838200,29500,29960,29410,29820,505819
1636011000,29830,29860,29495,29620,547048
1636097400,29555,29845,29490,29490,567752
1636356600,29500,29810,29225,29300,720876
1636443000,29330,29425,29070,29110,658874
1636529400,29240,29385,28970,29300,773018
1636615800,29360,29660,29295,29600,611172
1636702200,29635,29850,29570,29730,493484
1636961400,29725,29965,29640,29770,537066
1637047800,29790,29920,29615,29690,501610
1637134200,29700,29750,29380,29570,642197
1637220600,29590,29780,29425,29780,554996
1637307000,29750,29810,29475,29790,665654
1637566200,29820,29915,29205,29370,846446
1637739000,29365,29580,29220,29520,690124
1637825400,29520,29525,28595,28785,919033
1637911800,28560,28785,27500,28220,1672875
1638171000,28330,28715,27470,27470,1296299
1638257400,27605,28180,27375,28180,1551513
1638343800,28125,28235,27455,27750,1140088
1638430200,27750,28070,27505,28070,1189922
1638516600,28055,28180,27580,27850,1106257
1638775800,27835,28615,27700,28520,906856
1638862200,28540,28915,28525,28890,663826
1638948600,28840,28930,28735,28750,364623
1639035000,28685,28715,28325,28380,596344
1639121400,28375,28735,28365,28650,552938
1639380600,28610,28680,28235,28340,621903
1639467000,28415,28475,28115,28470,573875
1639553400,28420,29025,28390,29000,758853
1639639800,29090,29150,28445,28520,805156
1639726200,28545,28620,27825,27900,1006289
1639985400,27795,28515,27780,28500,826151
1640071800,28520,28660,28360,28440,532223
1640158200,28455,28745,28390,28710,427410
1640244600,28700,28885,28660,28710,304921
1640331000,28725,28750,28595,28650,218844
1640590200,28655,29070,28625,28940,512322
1640676600,28920,29085,28700,28830,535800
1640763000,28850,28900,28545,28780,569367
1640849400,28850,29300,28805,29230,572678
1641281400,29210,29370,29175,29270,596053
1641367800,29290,29345,28460,28500,903236
1641454200,28570,28830,28265,28450,1010462
1641540600,28485,28490,28060,28150,819444
1641886200,28155,28790,28115,28740,762569
1641972600,28710,28795,28435,28550,721097
1642059000,28530,28670,27855,28190,996411
1642145400,28190,28435,28015,28340,894498
1642404600,28340,28730,28100,28250,759396
1642491000,28250,28305,27285,27520,1243048
1642577400,27475,27865,27185,27790,1358346
1642663800,27800,27945,27105,27520,1216533
1642750200,27580,27685,27160,27580,1292000
1643009400,27540,27555,26685,27060,2058815
1643095800,26960,27340,26830,27010,1446799
1643182200,27010,27400,26025,26220,1908208
1643268600,26320,26840,26255,26710,1499269
1643355000,26660,27120,26225,27050,1482102
1643614200,26970,27395,26815,27030,993896
1643700600,27080,27545,26965,27540,848205
1643787000,27490,27565,27145,27200,706448
1643873400,27180,27435,26945,27410,937684
1643959800,27390,27440,27065,27220,929095
1644219000,27265,27450,27125,27280,699374
1644305400,27270,27605,27190,27550,721904
1644391800,27540,27860,27510,27700,648374
1644478200,27690,27750,26920,27100,1186046
1644823800,27060,27155,26695,26840,1421659
1644910200,26860,27465,26815,27430,1009621
1644996600,27410,27545,27055,27160,997585
1645083000,27220,27320,26780,27090,1061517
1645169400,27060,27130,26530,26940,1158366
1645428600,26990,27010,26225,26430,1131313
1645515000,26370,26915,25750,25935,1869775
1645687800,25660,26480,25595,26480,1719062
1645774200,26480,26975,26250,26560,1413493
1646033400,26580,27015,26480,26880,1151767
1646119800,26940,26955,26275,26360,1255115
1646206200,26250,26730,26230,26650,983730
1646292600,26635,26695,25765,26100,1554010
1646379000,26120,26190,25000,25210,1477103
1646638200,25250,25525,24690,24690,1657834
1646724600,24680,25160,24555,24750,1412756
1646811000,24850,25740,24800,25740,703614
1646897400,25485,25500,24720,25090,1297826
1646983800,25140,25515,24900,25050,1241640
1647243000,25100,25265,24950,25130,928651
1647329400,25010,25595,24840,25595,1241620
1647415800,25630,26460,25600,26440,1411521
1647502200,26420,26730,26265,26730,900166
1647588600,26700,27120,26595,27070,885912
1647934200,27090,27855,27090,27855,920042
1648020600,27750,27935,27350,27835,900670
1648107000,27860,28140,27705,27910,906202
1648193400,27880,28055,27570,27650,793830
1648452600,27790,28035,27705,27915,784851
1648539000,28020,28410,27720,27995,1131480
1648625400,27945,28100,27670,27790,793364
1648711800,27840,27920,27390,27660,800192
1648798200,27730,27870,27570,27790,621051
1649057400,27690,28030,27635,27800,661686
1649143800,27840,27885,27200,27420,908544
1649230200,27430,27440,26785,26900,1053557
1649316600,26960,27220,26755,27040,931565
1649403000,27090,27175,26715,26820,740845
1649662200,26890,26975,26255,26320,895508
1649748600,26265,26885,26245,26880,1134818
1649835000,26820,27205,26655,27190,825840
1649921400,27165,27310,26775,27085,802618
1650007800,27110,27115,26560,26750,504770
1650267000,26735,27105,26660,27050,836670
1650353400,26955,27390,26860,27180,989165
1650439800,27205,27580,27080,27520,852911
1650526200,27520,27760,26890,27100,1090354
1650612600,27075,27230,26475,26540,1273243
1650871800,26600,26850,26400,26650,1349144
1650958200,26540,26630,25965,26390,1308090
1651044600,26235,26880,26185,26860,1357849
1651131000,26995,27380,26600,26810,1379002
1651476600,26890,27105,26540,27105,1166149
1651822200,27000,27095,26310,26390,1455939
1652081400,26420,26470,25765,26260,1393778
1652167800,26290,26335,25910,26250,1293567
1652254200,26155,26390,25675,25770,1472480
1652340600,25680,26475,25535,26390,1613267
1652427000,26385,26875,26360,26480,1198501
1652686200,26500,26710,26420,26630,869060
1652772600,26650,27060,26640,26860,999333
1652859000,26855,26930,26120,26370,1210545
1652945400,26210,26770,26075,26770,1415163
1653031800,26780,27050,26360,27050,1288036
1653291000,27030,27145,26730,26740,1035710
1653377400,26735,26840,26510,26680,924108
1653463800,26700,26910,26490,26610,988951
1653550200,26645,27030,26585,26810,948292
1653636600,26840,27405,26830,27400,949808
1653895800,27370,27475,27250,27260,728446
1653982200,27210,27500,27135,27500,961099
1654068600,27555,27615,27255,27460,911255
1654155000,27530,27800,27410,27785,814972
1654241400,27735,27990,27515,27900,917503
1654500600,27935,28120,27865,28010,1070805
1654587000,28040,28245,27880,28195,750415
1654673400,28200,28395,28100,28300,402691
1654759800,28230,28350,27740,27850,1002710
1654846200,27670,27780,26840,26840,1352563
1655105400,26860,26885,26290,26655,1381872
1655191800,26545,26655,26230,26280,1132333
1655278200,26270,26900,26135,26425,1252477
1655364600,26210,26215,25550,25780,1686998
1655451000,25890,26165,25455,25780,1241756
1655710200,25795,26370,25735,26230,823793
1655796600,26290,26485,26085,26100,748083
1655883000,26000,26395,25935,26120,1156882
1655969400,26020,26480,25970,26480,1012125
1656055800,26430,26890,26415,26765,842082
1656315000,26850,27070,26660,27070,869561
1656401400,27070,27230,26650,26680,892061
1656487800,26700,26850,26295,26310,994631
1656574200,26240,26505,25810,25835,1273807
1656660600,25880,26325,25870,26180,1148533
1656919800,26170,26520,26105,26340,718902
1657006200,26340,26350,25890,26010,1168729
1657092600,26150,26530,26020,26490,1099906
1657179000,26470,26855,26390,26610,1207482
1657265400,26620,27040,26515,26660,1018722
1657524600,26680,26820,26245,26280,877796
1657611000,26290,26560,26235,26440,800612
1657697400,26430,26700,26205,26695,1038176
1657783800,26720,26855,26415,26760,993286
1657870200,26730,27025,26695,26930,800625
1658215800,26980,27695,26900,27680,885849
1658302200,27690,27810,27460,27780,882048
1658388600,27760,27935,27655,27890,854986
1658475000,27910,27955,27570,27700,789431
1658734200,27690,27800,27510,27655,645438
1658820600,27670,27760,27405,27760,675971
1658907000,27770,28055,27625,27815,799944
1658993400,27835,28000,27595,27750,837380
1659079800,27790,28000,27730,28000,687672
1659339000,28000,28060,27510,27670,786720
1659425400,27610,27910,27575,27710,746848
1659511800,27730,28015,27695,27950,621628
1659598200,27965,28175,27810,28170,722961
1659684600,28130,28265,27975,28240,760576
1659943800,28205,28320,27940,27960,658584
1660030200,27940,28000,27710,27800,610409
1660116600,27830,28540,27825,28540,934333
1660289400,28570,28890,28560,28860,708730
1660548600,28830,28920,28620,28850,599027
1660635000,28855,29225,28780,29185,759565
1660721400,29185,29190,28830,28940,725200
1660807800,28910,29135,28895,28925,590866
1660894200,28900,28920,28550,28720,648957
1661153400,28670,28685,28375,28390,688444
1661239800,28435,28575,28260,28320,718680
1661326200,28290,28525,28245,28510,597940
1661412600,28610,28790,28450,28610,635034
1661499000,28650,28750,27765,27910,1048313
1661758200,27930,28230,27885,28200,882501
1661844600,28250,28340,27850,28120,895988
1661931000,27635,28085,27580,27635,911035
1662017400,27625,27815,27550,27660,785676
1662103800,27675,27905,27455,27645,840211
1662363000,27600,27815,27555,27600,522913
1662449400,27720,27755,27260,27460,799589
1662622200,27740,28065,27585,28000,927546
1662708600,28040,28395,27980,28260,677227
1662967800,28320,28440,28285,28400,562032
1663054200,28390,28460,27545,27650,1095546
1663140600,27680,27825,27550,27680,765399
1663227000,27705,27715,27295,27355,751261
1663313400,27340,27690,27205,27450,725945
1663659000,27500,27510,27030,27120,766345
1663745400,27070,27450,26725,27025,102173
1663831800,27080,27180,26190,26205,1531270
1664177400,26370,26495,26235,26320,944649
1664263800,26420,26455,25680,25920,1334076
1664350200,25840,26545,25840,26340,1394543
1664436600,26180,26360,25790,26005,1184357
1664523000,26140,26250,25610,26225,1196852
1664782200,26185,26990,26075,26910,1039463
1664868600,26955,27190,26920,27080,795373
1664955000,27050,27395,26835,27290,832123
1665041400,27210,27225,26905,27100,836275
1665127800,27105,27180,26360,26430,1417663
1665473400,26450,26615,26280,26385,992446
1665559800,26350,26490,26210,26220,768935
1665646200,26265,27175,25855,27050,1570946
1665732600,26990,27125,26575,26725,1216658
1665991800,26760,27265,26730,27190,1008700
1666078200,27160,27370,26965,27230,1043785
1666164600,27150,27230,26865,27000,1045754
1666251000,26980,27295,26870,26900,873466
1666337400,26920,27305,26790,26960,1185829
1666596600,26920,27330,26855,27260,1088119
1666683000,27220,27595,27155,27435,771323
1666769400,27450,27630,27275,27300,806160
1666855800,27250,27365,26930,27010,982302
1666942200,27010,27585,27000,27550,884606
1667201400,27520,27695,27450,27690,670794
1667287800,27635,27775,27505,27635,693168
1667374200,27615,27750,27015,27185,1384290
1667547000,27200,27575,27170,27550,1119690
1667806200,27530,27945,27480,27885,819371
1667892600,27860,28005,27650,27650,755954
1667979000,27690,27775,27355,27435,760963
1668065400,27380,28330,27365,28270,1193187
1668151800,28260,28305,27940,27970,880892
1668411000,27990,28165,27885,28025,586515
1668497400,28050,28215,27730,28040,965050
1668583800,28070,28110,27890,27980,583462
1668670200,28000,28050,27775,27880,700156
1668756600,27910,28020,27840,27960,574516
1669015800,27950,28200,27910,28120,623387
1669102200,28090,28500,28045,28365,797386
1669275000,28385,28415,28250,28325,394864
1669361400,28330,28385,28040,28160,504744
1669620600,28180,28305,27900,28060,600613
1669707000,28085,28105,27805,28040,610388
1669793400,28060,28495,27965,28250,770428
1669879800,28200,28260,27660,27760,816932
1669966200,27765,27865,27370,27840,649335
1670225400,27840,27945,27630,27860,539341
1670311800,27860,27915,27550,27650,496240
1670398200,27660,27720,27410,27560,353641
1670484600,27520,27885,27470,27850,682505
1670571000,27850,27930,27640,27765,576805
1670830200,27760,28040,27730,27890,515335
1670916600,27900,28250,27880,28080,800870
1671003000,28060,28115,27815,27965,643613
1671089400,27945,27945,27425,27470,880365
1671175800,27480,27485,27080,27215,835535
1671435000,27230,27315,26055,26520,1035345
1671521400,26610,26615,26190,26320,894098
1671607800,26320,26535,26240,26440,660862
1671694200,26420,26465,25900,26150,758204
1671780600,26130,26375,26055,26365,539940
1672039800,26370,26560,26350,26360,324416
1672126200,26350,26405,26120,26230,535466
1672212600,26260,26305,25895,25980,644614
1672299000,25990,26330,25985,25995,561548
1672385400,25985,26025,25565,25610,1124056
1672817400,25625,25925,25615,25780,777673
1672903800,25750,26005,25675,25930,753185
1672990200,25900,26295,25880,26160,785016
1673335800,26135,26450,26065,26410,672716
1673422200,26355,26525,26345,26370,565781
1673508600,26355,26360,25975,26085,1029903
1673595000,26080,26080,25670,25770,827958
1673854200,25785,26170,25780,26140,568469
1673940600,26130,26950,26100,26730,988428
1674027000,26715,26755,26335,26340,828592
1674113400,26335,26540,26230,26525,676240
1674199800,26545,26910,26540,26880,727374
1674459000,26915,27365,26885,27270,753167
1674545400,27260,27455,27075,27320,761391
1674631800,27360,27490,27150,27380,677736
1674718200,27370,27520,27295,27360,635648
1674804600,27350,27480,27280,27375,698630
1675063800,27345,27575,27280,27300,653557
1675150200,27305,27525,27185,27310,719068
1675236600,27335,27500,27110,27390,732038
1675323000,27390,27600,27355,27490,805913
1675409400,27480,27820,27405,27680,930664
1675668600,27660,27795,27525,27600,605024
1675755000,27600,27670,27350,27600,741928
1675841400,27580,27620,27360,27530,622156
1675927800,27575,27790,27495,27650,739274
1676014200,27525,27685,27240,27440,879661
1676273400,27450,27715,27430,27620,543184
1676359800,27615,27770,27420,27445,835228
1676446200,27450,27725,27440,27665,625052
1676532600,27670,27680,27435,27460,647853
1676619000,27470,27525,27375,27520,493260
1676878200,27520,27520,27330,27450,425309
1676964600,27430,27460,27020,27125,701992
1677051000,27120,27450,26940,27380,1075179
1677223800,27380,27460,27265,27410,597615
1677483000,27430,27585,27400,27470,542165
1677569400,27425,27560,27300,27530,627119
1677655800,27540,27610,27395,27520,659477
1677742200,27515,27970,27460,27900,841650
1677828600,27900,28320,27855,28255,700031
1678087800,28235,28405,28175,28325,503294
1678174200,28320,28475,28165,28425,581528
1678260600,28430,28730,28390,28640,359007
1678347000,28330,28335,27825,27860,1024859
1678433400,27880,28015,27365,27640,1328549
1678692600,27590,27650,26835,26900,1911207
1678779000,26905,27240,26835,27045,1105713
1678865400,27055,27080,26195,26735,1714796
1678951800,26675,27100,26430,27030,1169823
1679038200,27060,27150,26640,26675,1273677
1679297400,26500,27265,26385,27225,1658160
1679470200,27200,27370,26915,27120,874679
1679556600,27160,27370,26925,27175,951242
1679643000,27190,27285,26845,27265,1080402
1679902200,27240,27355,27140,27290,713947
1679988600,27285,27615,27140,27580,853551
1680075000,27600,27870,27590,27795,950938
1680161400,27810,28125,27805,28090,1013119
1680247800,28045,28255,27995,28245,780171
1680507000,28240,28305,28035,28260,660030
1680593400,28260,28330,27785,27820,890775
1680679800,27820,27845,27430,27535,992223
1680766200,27560,27675,27450,27530,598126
1680852600,27520,27740,27460,27665,415174
1681111800,27650,28075,27625,27935,767407
1681198200,27935,28120,27880,28085,628171
1681284600,28100,28240,27905,28195,867378
1681371000,28215,28510,28125,28420,902371
1681457400,28460,28600,28320,28530,768734
1681716600,28555,28725,28430,28650,624565
1681803000,28665,28760,28525,28580,602255
1681889400,28560,28695,28400,28640,635966
1681975800,28600,28780,28495,28560,750406
1682062200,28530,28710,28480,28590,616115
1682321400,28600,28800,28595,28620,675132
1682407800,28580,28645,28320,28405,856451
1682494200,28375,28460,28240,28440,713180
1682580600,28460,28870,28445,28870,1092985
1682667000,28910,29165,28735,29160,820978
1682926200,29170,29360,29085,29125,618367
1683012600,29120,29150,28565,28950,1841465
1683531000,28990,29255,28940,29240,506629
1683617400,29220,29270,29065,29140,531506
1683703800,29145,29230,28895,29120,719381
1683790200,29110,29425,28955,29420,868325
1683876600,29430,29670,29425,29670,750137
1684135800,29680,29925,29640,29840,712403
1684222200,29850,30140,29820,30055,715482
1684308600,30050,30675,30040,30590,1048908
1684395000,30660,30945,30660,30900,951637
1684481400,30910,31090,30665,31030,911351
1684740600,31050,31360,30825,30855,1177800
1684827000,30870,30905,30540,30610,1040287
1684913400,30555,30915,30405,30830,996655
1684999800,30835,31110,30715,30950,998720
1685086200,30980,31665,30930,31300,1069484
1685345400,31365,31385,31060,31380,705150
1685431800,31300,31445,30785,30850,1048388
1685518200,30910,31195,30635,31150,1034784
1685604600,31235,31550,31175,31550,761530
1685691000,31620,32290,31610,32240,963960
1685950200,32330,32570,31930,32420,1128983
1686036600,32395,32720,31855,31865,1199177
1686123000,31835,32095,31415,31690,482296
1686209400,31695,32245,31430,32195,1009687
1686295800,32140,32490,32110,32415,928802
1686555000,32460,33080,32440,33030,947904
1686641400,33070,33615,33060,33550,1315721
1686727800,33680,33770,33210,33410,1242683
1686814200,33515,33725,33105,33645,1120106
1686900600,33730,33960,33170,33410,1059404
1687159800,33455,33545,33030,33340,757842
1687246200,33270,33610,33015,33570,867731
1687332600,33585,33740,33170,33170,838825
1687419000,33150,33515,32520,32670,1175181
1687505400,32680,32870,32330,32650,1048383
1687764600,32550,32685,32245,32570,882854
1687851000,32555,33135,32435,33135,953613
1687937400,33160,33520,33040,33180,971504
1688023800,33180,33295,32895,33190,805208
1688110200,33200,33745,33160,33650,762594
1688369400,33720,33810,33305,33325,803736
1688455800,33320,33370,33010,33320,704990
1688542200,33230,33240,32610,32730,1023080
1688628600,32600,32720,32220,32430,1101034
1688715000,32295,32665,32035,32140,1166529
1688974200,32100,32465,32055,32240,877749
1689060600,32200,32370,31765,31940,977423
1689147000,31940,32550,31805,32530,1008254
1689233400,32530,32850,32200,32340,1104919
1689319800,32350,32695,32085,32375,1090159
1689665400,32360,32980,32320,32980,810852
1689751800,33035,33050,32415,32415,744042
1689838200,32360,32500,32050,32280,790837
1689924600,32350,32820,32345,32610,859410
1690183800,32640,32760,32485,32640,595714
1690270200,32590,32710,32460,32600,557962
1690356600,32570,32940,32385,32920,731366
1690443000,32930,33220,32000,32765,1508302
1690529400,32680,33390,32550,33260,1159550
1690788600,33290,33470,33190,33405,683290
1690875000,33390,33400,32585,32610,1013326
1690961400,32550,32630,32085,32180,1210951
1691047800,32010,32280,31660,32145,1023484
1691134200,32110,32320,31790,32320,860198
1691393400,32330,32525,32205,32290,700594
1691479800,32275,32395,32085,32220,696822
1691566200,32275,32560,32010,32560,699197
1691652600,32570,32815,32010,32090,1361197
1691998200,32190,32390,32065,32245,681268
1692084600,32150,32155,31700,31730,806823
1692171000,31800,31905,31285,31670,873797
1692257400,31660,31775,31230,31470,842215
1692343800,31400,31765,31265,31505,824682
1692603000,31570,31920,31565,31920,667006
1692689400,31930,32025,31690,31965,604420
1692775800,32010,32290,31825,32220,663945
1692862200,32195,32210,31540,31630,847520
1692948600,31655,32195,31610,32170,796843
1693207800,32185,32375,32105,32210,590807
1693294200,32250,32565,32145,32285,693057
1693380600,32270,32700,32190,32605,723853
1693467000,32590,32850,32390,32700,712360
1693553400,32680,32970,32605,32970,658828
1693812600,33010,33090,32780,32970,514975
1693899000,32930,33285,32825,33235,646006
1693985400,33225,33335,32985,33000,350138
1694071800,32735,32845,32285,32420,894726
1694158200,32420,32565,32165,32280,830263
1694417400,32300,32615,32225,32615,717533
1694503800,32565,32680,32400,32450,751909
1694590200,32520,33035,32435,32980,859965
1694676600,32960,33440,32920,33290,875302
1694763000,33320,33365,32915,33040,1088032
1695108600,33095,33175,32785,32885,636537
1695195000,32910,33065,32345,32410,782212
1695281400,32410,32435,31940,32265,1007310
1695367800,32295,32515,32170,32480,736808
1695627000,32515,32535,32080,32080,830624
1695713400,32005,32150,31740,32150,907862
1695799800,32170,32260,31660,31850,1137790
1695886200,31830,32070,31660,32015,1058272
1695972600,31980,32410,31740,31820,1140513
1696231800,31890,31925,31145,31200,1284508
1696318200,31190,31360,30400,30400,1443628
1696404600,30320,31080,30290,31020,1262258
1696491000,30935,31200,30835,31020,948514
1696577400,31080,31820,30855,31730,1520419
1696923000,31785,32040,31760,31900,842925
1697009400,31970,32660,31865,32640,939388
1697095800,32610,32650,32090,32255,990233
1697182200,32310,32345,31555,31685,1128177
1697441400,31690,32260,31590,32035,887282
1697527800,32020,32240,31815,32040,896803
1697614200,31960,32075,31395,31400,838412
1697700600,31445,31735,31105,31225,1037979
1697787000,31230,31375,30970,31000,829045
1698046200,30950,31210,30545,31150,1320226
1698132600,31150,31465,30910,31240,856391
1698219000,31215,31365,30545,30595,1026875
1698305400,30540,31095,30455,31040,1114781
1698391800,30945,30995,30525,30700,964670
1698651000,30730,30975,30385,30850,1181769
1698737400,30915,31640,30870,31600,1076425
1698823800,31650,32090,31455,31880,939151
1698910200,31925,32770,31815,32675,894725
1699255800,32700,32760,32250,32270,740652
1699342200,32240,32570,32045,32140,860828
1699428600,32125,32735,32120,32600,845717
1699515000,32630,32875,32245,32580,886917
1699601400,32605,33000,32420,32570,833967
1699860600,32600,32850,32570,32705,628347
1699947000,32700,33565,32695,33450,977934
1700033400,33470,33620,33225,33450,860347
1700119800,33450,33605,33210,33600,736375
1700206200,33595,33865,33330,33330,807107
1700465400,33350,33470,33190,33350,694608
1700551800,33320,33600,33110,33440,678837
1700638200,33460,33825,33445,33600,791498
1700811000,33620,33815,33395,33440,620158
1701070200,33460,33620,33295,33380,611637
1701156600,33350,33525,33180,33270,764514
1701243000,33295,33500,33160,33500,718022
1701329400,33500,33585,33365,33420,765807
1701415800,33435,33490,33010,33160,812957
1701675000,33115,33175,32715,32775,775006
1701761400,32700,33450,32695,33450,617171
1701847800,33400,33465,32790,32950,292569
1701934200,32780,32805,32085,32200,1225057
1702020600,32250,32860,32135,32720,882787
1702279800,32710,33135,32695,32710,675107
1702366200,32710,33020,32685,32825,626083
1702452600,32860,33090,32420,32525,891433
1702539000,32570,33040,32430,32890,834813
1702625400,32915,32950,32460,32700,679677
1702884600,32665,33200,32570,33130,736490
1702971000,33270,33755,33240,33600,953238
1703057400,33580,33600,33005,33120,801224
1703143800,33165,33290,33020,33060,667354
1703230200,33050,33395,33040,33200,409192
1703489400,33205,33260,33100,33220,237419
1703575800,33250,33690,33200,33600,537039
1703662200,33635,33650,33365,33480,628645
1703748600,33445,33620,33260,33415,758844
1703835000,33425,33515,32660,33230,1300630
1704353400,33260,33555,33210,33320,832693
1704439800,33360,33970,33275,33760,991066
1704785400,33770,34530,33595,34450,968833
1704871800,34485,35250,34455,35250,1053084
1704958200,35320,35715,34990,35610,1167575
1705044600,35570,36000,35385,36000,830981
1705303800,36140,36175,35570,35650,919200
1705390200,35665,36235,35455,35490,1267424
1705476600,35445,35725,35290,35580,988028
1705563000,35580,36140,35530,36000,993415
1705649400,35965,36610,35905,36610,856793
1705908600,36600,36980,36405,36540,1062646
1705995000,36415,36510,36025,36260,937861
1706081400,36280,36400,35880,36220,895509
1706167800,36210,36215,35670,35680,914369
1706254200,35740,36180,35700,36035,783781
1706513400,36020,36235,35865,36000,656075
1706599800,35910,36370,35655,36370,766805
1706686200,36340,36365,35785,35920,1026920
1706772600,35880,36430,35715,36120,981406
1706859000,36120,36490,36015,36380,904379
1707118200,36400,36405,36050,36080,851685
1707204600,36110,36195,35810,36130,985462
1707291000,36095,36950,36050,36865,1083025
1707377400,36920,37275,36765,36895,1074960
1707463800,36955,38130,36915,38130,1261827
1707809400,38240,38255,37525,37770,1044113
1707895800,37780,38180,37745,38140,916235
1707982200,38170,38855,38150,38605,1243212
1708068600,38605,38685,38270,38520,783027
1708327800,38470,38735,38265,38505,735863
1708414200,38480,38545,38080,38290,827559
1708500600,38315,39155,38215,39120,989242
1708587000,39130,39620,39075,39230,1239609
1708932600,39225,39490,39090,39270,705707
1709019000,39280,39355,39075,39170,599090
1709105400,39160,39265,38885,39260,866048
1709191800,39230,40000,38990,39995,1004231
1709278200,40000,40355,39890,40150,956579
1709537400,40110,40260,39845,40140,690635
1709623800,40120,40190,39670,40085,589844
1709710200,40040,40570,39510,39585,490639
1709796600,39230,39765,38910,39505,1180450
1709883000,39490,39570,38280,38530,1359279
1710142200,38510,38605,38055,38490,1073614
1710228600,38500,38980,38230,38350,1126443
1710315000,38445,38620,38180,38590,779789
1710401400,38610,38675,38080,38390,879224
1710487800,38450,39550,38415,39525,956277
1710747000,39505,39790,39175,39600,915659
1710833400,39565,40620,39450,40580,1428723
1711006200,40585,40915,40490,40710,799170
1711092600,40630,40750,40110,40110,630455
1711351800,40135,40320,39970,40185,618576
1711438200,40260,40765,40190,40430,657733
1711524600,40435,40510,40075,40230,721585
1711611000,40210,40565,40180,40550,522880
1711697400,40545,40760,39695,39870,725094
1711956600,39940,40190,39730,39920,711291
1712043000,39900,39985,39245,39530,819715
1712129400,39555,40290,39535,39820,806395
1712215800,39890,40010,38775,38980,961675
1712302200,39050,39650,38915,39390,935144
1712561400,39395,39815,39350,39790,654474
1712647800,39755,39755,39290,39550,720748
1712734200,39585,39630,39025,39410,947383
1712820600,39450,39810,39100,39550,851610
1712907000,39565,39580,38790,39225,1000169
1713166200,39240,39510,38340,38395,1070331
1713252600,38430,38670,37840,37840,1212710
1713339000,37935,38245,37625,38165,1093863
1713425400,38195,38230,36710,37110,1602166
1713511800,37265,37600,37020,37430,1232996
1713771000,37390,37855,37330,37550,867722
1713857400,37580,38470,37530,38440,811289
1713943800,38395,38395,37600,37610,863322
1714030200,37610,38125,37125,37900,1078716
1714116600,37995,38750,37695,38470,1634369
1714462200,38490,38590,38040,38210,786436
1714548600,38210,38500,37750,38195,910262
1714635000,38180,38950,37735,38880,1655699
1715067000,38865,38910,38160,38220,803408
1715153400,38280,38465,38020,38040,671652
1715239800,38050,38770,37975,38240,796224
1715326200,38315,38440,37965,38120,692446
1715585400,38100,38495,38010,38305,624324
1715671800,38270,38835,38180,38380,704843
1715758200,38355,38965,38275,38890,888933
1715844600,38870,38975,38530,38740,677623
1715931000,38750,39455,38610,39070,864724
1716190200,39100,39365,38900,38940,623001
1716276600,38985,39010,38590,38620,696427
1716363000,38610,39150,38460,39100,813623
1716449400,39090,39190,38360,38600,847799
1716535800,38590,38925,38565,38925,579725
1716795000,38900,39000,38755,38850,462184
1716881400,38870,39160,38480,38490,741719
1716967800,38545,38555,37610,38000,927058
1717054200,37945,38540,37945,38490,851890
1717140600,38430,39045,38270,38940,871020
1717399800,38880,38905,38430,38750,724503
1717486200,38650,38710,38290,38520,836510
1717572600,38490,39075,38450,38760,721241
1717659000,38795,38855,38540,38655,539580
1717745400,38630,39090,38545,39000,770653
1718004600,38900,39340,38810,39185,660275
1718091000,39175,39225,38800,38960,526828
1718177400,38970,39290,38695,38715,350530
1718263800,38810,39020,38375,38840,766881
1718350200,38765,38790,37920,38000,935302
1718609400,38100,38490,38070,38400,636122
1718695800,38430,38780,38330,38490,620676
1718782200,38470,38610,38230,38605,520395
1718868600,38610,38770,38400,38600,670112
1718955000,38540,38880,38350,38740,804736
1719214200,38750,39200,38665,39155,781189
1719300600,39130,39785,39025,39620,771169
1719387000,39645,39685,39195,39405,747705
1719473400,39445,39795,39375,39620,717905
1719559800,39600,39960,39540,39665,730736
1719819000,39680,40195,39440,40110,946863
1719905400,40035,40710,39845,40600,787688
1719991800,40630,40975,40490,40890,687599
1720078200,40890,41125,40755,40860,605952
1720164600,40835,41115,40790,40850,653248
1720423800,40890,41785,40880,41620,846820
1720510200,41610,41960,41435,41940,735912
1720596600,41950,42500,41900,42365,821211
1720683000,42290,42395,41170,41170,1131776
1720769400,41240,41525,41015,41240,1014551
1721115000,41230,41595,41055,41080,708392
1721201400,40900,40910,40060,40240,960155
1721287800,40150,40360,39825,40040,851438
1721374200,39775,40035,39470,39485,837893
1721633400,39510,39975,39500,39540,693395
1721719800,39520,39680,39090,39120,762885
1721806200,39050,39110,37700,37730,1159161
1721892600,37680,38305,37325,37695,1246871
1721979000,37810,38715,37785,38445,854532
1722238200,38420,38560,38055,38490,651513
1722324600,38570,39225,37885,39225,1011124
1722411000,39090,39100,37725,37950,1154136
1722497400,37905,37960,35800,35920,1513870
1722583800,35770,35800,30380,31290,2070298
1722843000,31690,34915,31140,34235,2088787
1722929400,33950,35850,32820,35065,1519401
1723015800,34670,35685,33755,34765,969668
1723102200,34820,35920,34355,35035,914274
1723188600,35100,36220,34790,36220,737037
1723534200,36260,36670,35850,36380,684020
1723620600,36365,36870,35835,36650,589184
1723707000,36695,38130,36535,38090,686491
1723793400,38040,38110,37180,37180,709612
1724052600,37290,38275,37220,38080,595021
1724139000,38030,38090,37465,37970,493486
1724225400,37950,38395,37655,38230,563237
1724311800,38165,38645,37985,38410,540270
1724398200,38375,38675,37795,38040,516906
1724657400,38055,38345,37890,38300,381353
1724743800,38370,38535,38125,38375,395135
1724830200,38405,38580,37900,38350,465857
1724916600,38430,38835,38185,38710,563953
1725003000,38730,39150,38475,38690,566871
1725262200,38630,38980,38570,38790,356347
1725348600,38810,38855,36870,37000,926911
1725435000,36945,37245,36190,36610,852900
1725521400,36700,37115,36235,36360,668473
1725607800,36140,36860,35115,36225,1012210
1725867000,36350,36545,35955,36150,601587
1725953400,36245,36460,35255,35760,639710
1726039800,35900,36910,35410,36840,489321
1726126200,36680,36840,36140,36290,597216
1726212600,36450,36480,35565,36010,602964
1726558200,36020,36550,35895,36180,530797
1726644600,36220,37175,36040,36885,701721
1726731000,36855,37775,36800,37525,589803
1726817400,37790,38425,37685,37815,834722
1727163000,37920,38095,37475,37665,505508
1727249400,37775,38735,37760,38660,556664
1727335800,38820,39900,38755,39845,867686
1727422200,38000,38465,37285,37930,926105
1727681400,37985,38790,37860,38770,560303
1727767800,38650,38660,37595,37750,785704
1727854200,37920,39035,37780,38600,737112
1727940600,38445,38800,38330,38560,528567
1728027000,38570,39805,38570,39370,678999
1728286200,39290,39305,38705,38960,560378
1728372600,38865,39515,38825,39290,526160
1728459000,39170,39705,39145,39310,457671
1728545400,39275,39695,38900,39610,534978
1728631800,39505,40305,39410,39910,663541
1728977400,39820,39930,38830,39190,609033
1729063800,39135,39520,38785,39100,461683
1729150200,39185,39440,38920,39010,420070
1729236600,39110,39290,38795,39020,373823
1729495800,39090,39220,38205,38430,486484
1729582200,38530,38605,37990,38070,423969
1729668600,38170,38355,37645,38155,503813
1729755000,38230,38310,37730,38010,444497
1729841400,37960,38770,37500,38665,638726
1730100600,38705,38970,38265,38970,493002
1730187000,39085,39490,38880,39490,510971
1730273400,39550,39730,38840,39060,615969
1730359800,38820,38940,37950,38125,688876
1730446200,38060,38790,38005,38660,543985
1730793600,38640,39855,38545,39700,936469
1730880000,39790,40175,39035,39240,880175
1730966400,39170,39945,39165,39500,572391
1731052800,39530,39625,38955,39550,517175
1731312000,39610,39880,39140,39410,607336
1731398400,39500,39540,38610,38650,630454
1731484800,38720,39105,38490,38590,562687
1731571200,38660,39130,38605,38670,534417
1731657600,38570,38635,37770,38260,598947
1731916800,38195,38585,38140,38420,437883
1732003200,38415,38540,37705,38440,615436
1732089600,38480,38525,37850,38040,492136
1732176000,38030,38520,37705,38340,643935
1732262400,38345,39080,38040,38740,619022
1732521600,38740,38875,38025,38485,636268
1732608000,38395,38525,37995,38100,533578
1732694400,38105,38490,37640,38380,596602
1732780800,38370,38440,37985,38170,438014
1732867200,38090,38560,37950,38470,638449
1733126400,38440,39430,38380,39150,639639
1733212800,39200,39425,38850,39280,574852
1733299200,39360,39775,39325,39390,484014
1733385600,39430,39635,38935,39030,486013
1733472000,39110,39450,38975,39210,440098
1733731200,39320,39535,39165,39400,415956
1733817600,39395,39505,39140,39420,309906
1733904000,39380,40160,39235,39810,261919
1733990400,39850,39890,39235,39470,544045
1734076800,39495,39735,39365,39460,437220
1734336000,39430,39785,39340,39400,499079
1734422400,39350,39475,39090,39195,516707
1734508800,39240,39450,38200,39075,671547
1734595200,39190,39360,38690,38710,674124
1734681600,38710,39220,38345,39190,686939
1734940800,39190,39315,38875,39125,442350
1735027200,39115,39295,38935,39200,258630
1735113600,39165,39600,39080,39485,331532
1735200000,39450,40455,39345,40235,659667
1735286400,40180,40360,39880,39990,565393
1735861500,39930,40005,39225,39340,991111
1736150400,39360,40315,39345,39995,763153
1736236800,39995,40215,39640,39960,607352
1736323200,39960,40065,39380,39560,658538
1736409600,39485,39605,39170,39255,483128
1736496000,39280,39335,38315,38495,907040
1736841600,38540,38815,38320,38395,654297
1736928000,38330,38950,38230,38670,647902
1737014400,38775,38780,38060,38475,579122
1737100800,38470,39045,38395,38910,525252
1737360000,38915,39250,38635,38960,620238
1737446400,39020,39705,38955,39580,574019
1737532800,39580,40040,39505,39885,526430
1737619200,39860,40405,39705,39940,597506
1737705600,40040,40615,39480,39480,766160
1737964800,39410,39450,38655,39070,1030745
1738051200,39170,39590,38940,39590,680173
1738137600,39555,39615,39120,39420,549397
1738224000,39480,39710,39350,39630,549904
1738310400,39645,39825,38375,38600,890098
1738569600,38625,39310,38470,38770,985668
1738656000,38820,39130,38680,38740,607583
1738742400,38770,39190,38565,39090,563518
1738828800,39070,39160,38750,38840,507305
1738915200,38870,38945,38345,38760,625097
1739174400,38820,39125,38760,39000,641705
1739347200,39010,39595,38760,39440,597582
1739433600,39415,39580,39110,39110,547765
1739520000,39155,39240,38985,39200,408893
1739779200,39180,39500,39120,39300,408687
1739865600,39325,39355,38985,39170,447220
1739952000,39180,39180,38450,38710,590487
1740038400,38730,38805,38385,38790,557493
1740124800,38805,38865,37870,38240,1024710
1740470400,38055,38330,37670,38220,714834
1740556800,38205,38475,37920,38300,623473
1740643200,38250,38400,36840,37100,947393
1740729600,37230,37890,37040,37860,804934
1740988800,37820,38260,36810,37355,1005456
1741075200,37310,37610,36260,37425,1080622
1741161600,37410,37885,37090,37750,753985
1741248000,37610,37630,36770,36770,858173
1741334400,36860,37260,36465,37075,859985
1741593600,37010,37050,35975,36760,887557
1741680000,36730,36955,36105,36800,681870
1741766400,36850,37330,36750,36750,385434
1741852800,36515,36900,36275,36860,715066
1741939200,36835,37370,36780,37200,525554
1742198400,37250,37775,37180,37620,546000
1742284800,37635,37875,37390,37500,531359
1742371200,37405,37780,37160,37400,919646
1742544000,37410,37585,37090,37350,510851
1742803200,37425,37870,37335,37580,509744
1742889600,37580,37970,37545,37800,578035
1742976000,37790,37810,37290,37410,586455
1743062400,37390,37530,36900,37010,606750
1743148800,36880,36890,35575,35700,840011
1743408000,35770,36150,35470,35620,748916
1743494400,35555,35880,35125,35760,735874
1743580800,35705,36500,33390,34835,1106339
1743667200,34780,34835,33295,33760,1228325
1743753600,33550,33655,30650,30960,1956249
1744012800,30935,33430,30790,33100,1767713
1744099200,33185,33925,31275,31825,1391181
1744185600,32310,35140,31115,34635,1696363
1744272000,34255,34265,32460,33515,1182299
1744358400,33170,34350,32690,34165,893645
1744617600,34200,34505,33980,34355,539399
1744704000,34425,34640,33680,33920,563891
1744790400,33780,34430,33600,34430,642380
1744876800,34430,34830,34270,34830,525515
1744963200,34730,34825,34240,34260,310868
1745222400,34190,34375,33860,34280,468350
1745308800,34320,35400,34285,34910,627218
1745395200,35000,35520,34970,35025,637411
1745481600,34950,35875,34790,35780,640616
1745568000,35695,36100,35480,35905,532157
1745827200,35875,36225,35705,36025,684102
1746000000,36120,36575,35625,36550,585277
1746086400,36600,37070,36545,36810,619522
1746172800,36855,37340,36630,36780,1030168
1746604800,36835,37135,36590,37135,602658
1746691200,37160,37690,37140,37520,595290
1746777600,37550,37840,37305,37700,506201
1747036800,38200,38790,38155,38200,681290
1747123200,38185,38505,37865,38140,539820
1747209600,38170,38200,37595,37715,483458
1747296000,37685,37850,37485,37770,437471
1747382400,37830,37995,37390,37390,423976
1747641600,37410,37940,37245,37530,499132
1747728000,37460,37715,37260,37260,390385
1747814400,37340,37370,36815,37020,559400
1747900800,36920,37385,36700,37185,522798
1747987200,37210,37585,36455,37585,689194
1748246400,37580,37820,37420,37820,299321
1748332800,37890,38385,37700,37700,519720
1748419200,37750,38465,37655,38405,583548
1748505600,38365,38395,37715,37960,672888
1748592000,38000,38045,37320,37490,531904
1748851200,37390,37845,37275,37510,451517
1748937600,37450,37875,37380,37780,411451
1749024000,37850,37865,37480,37525,445673
1749110400,37640,37795,37305,37770,511847
1749196800,37745,38185,37730,38105,397221
1749456000,38100,38500,38080,38230,434004
1749542400,38220,38530,38135,38440,338413
1749628800,38475,38750,38090,38175,206795
1749715200,38085,38275,37465,37780,673125
1749801600,37880,38360,37850,38360,568587
1750060800,38400,38605,38285,38505,408877
1750147200,38430,38890,38195,38845,476058
1750233600,38840,38955,38460,38510,463875
1750320000,38500,38690,38325,38350,404019
1750406400,38460,38590,38000,38400,518004
1750665600,38485,38970,38215,38810,514407
1750752000,38700,38930,38595,38930,403514
1750838400,38960,39580,38880,39510,500810
1750924800,39475,40285,39380,40185,518967
1751011200,40205,40870,40160,40445,604128
1751270400,40460,40470,39890,39890,512853
1751356800,39840,39955,39430,39790,586434
1751443200,39760,39875,39565,39720,423060
1751529600,39765,40125,39690,39770,408601
1751616000,39750,39850,39530,39540,333401
1751875200,39595,39915,39345,39820,495568
1751961600,39850,40050,39575,39800,364475
1752048000,39830,39955,39540,39640,400763
1752134400,39675,39960,39490,39510,435646
1752220800,39380,39605,39270,39410,410777
1752480000,39485,39675,39300,39655,418126
1752566400,39640,39915,39510,39590,492486
1752652800,39630,39935,39130,39935,524003
1752739200,39870,40135,39735,39835,403426
1752825600,39860,40270,39580,39745,615739
1753171200,39740,41360,39450,41220,818131
1753257600,41105,42080,41100,41870,679510
1753344000,41855,41860,41365,41365,413122
1753430400,41335,41610,40910,40910,472925
1753689600,40955,41025,40560,40810,411768
1753776000,40880,40960,40555,40665,377477
1753862400,40660,41200,40485,41200,388424
1753948800,41110,41290,40575,40860,546160
1754035200,40680,40690,39730,40320,716253
1754294400,40360,40650,40300,40650,367505
1754380800,40600,40860,40340,40805,381034
1754467200,40810,41160,40600,41000,434392
1754553600,41010,42025,41005,41820,599076
1754640000,41830,43000,41815,42640,791949
1754985600,42725,43455,42600,43370,550811
1755072000,43450,43480,42595,42630,480761
1755158400,42670,43470,42520,43470,462410
1755244800,43440,43840,43240,43720,436191
1755504000,43715,43935,43415,43565,396533
1755590400,43605,43820,42715,42920,490728
1755676800,42970,43005,42555,42615,399469
1755763200,42630,42750,42315,42575,373571
1755849600,42670,43200,42665,42770,510264
1756108800,42730,42750,42115,42300,401595
1756195200,42235,42615,42160,42500,356464
1756281600,42470,42930,42275,42930,395969
1756368000,42985,43045,42620,42690,393758
1756454400,42660,42660,41775,42250,562277
1756713600,42265,42490,42090,42350,341093
1756800000,42150,42300,41685,42015,507226
1756886400,42055,42640,41920,42630,442018
1756972800,42625,43235,42495,43070,434197
1757059200,43045,43855,42585,43655,603611
1757318400,43605,44195,43435,43550,490986
1757404800,43575,43880,43070,43880,381876
1757491200,43880,44470,43690,44430,227441
1757577600,44270,44725,44265,44480,495681
1757664000,44425,44825,44330,44640,496478
1758009600,44590,44795,44365,44610,468167
1758096000,44650,45280,44345,45210,541325
1758182400,45250,45710,44240,44725,801162
1758268800,44840,45535,44825,45315,492597
1758528000,45240,45655,44970,45420,575996
1758700800,45470,45600,45260,45455,399904
1758787200,45455,45515,45015,45050,614001
1758873600,45130,45250,44925,45130,495973
1759132800,45080,45275,44785,44930,450771
1759219200,44835,44940,44415,44540,559457
1759305600,44415,45195,44370,45070,539345
1759392000,45025,45960,44930,45940,524779
1759478400,45990,48305,45905,48190,708288
1759737600,48125,48725,47940,47940,605270
1759824000,48020,48240,47760,47760,469152
1759910400,48005,48805,47875,48795,492002
1759996800,48760,48945,47525,47620,594062
1760083200,47450,47925,45125,46790,1323559
1760428800,46670,47835,46490,47810,583930
1760515200,47860,48435,47605,48420,527911
1760601600,48480,48540,47505,47550,550209
1760688000,47195,49350,47115,49300,654334
1760947200,49335,50010,49095,49165,622179
1761033600,49200,49990,48665,49305,591965
1761120000,49300,49305,48445,48665,490992
1761206400,48760,49490,48590,49320,403482
1761292800,49215,50630,49195,50590,503136
1761552000,50630,50685,50150,50465,395808
1761638400,50380,51535,50280,51330,548821
1761724800,51365,51725,50815,51460,728061
1761811200,51550,52530,51295,52470,674604
1761897600,52600,52695,51510,51510,801462
1762243200,51550,51595,49120,50530,1039026
1762329600,50450,51385,50295,50860,582721
1762416000,50750,51045,49670,50310,706224
1762502400,50440,51055,49520,51050,597773
1762761600,51050,51550,50605,51155,517003
1762848000,51025,51185,50580,51120,436573
1762934400,51130,51435,50980,51300,419051
1763020800,51230,51270,50020,50320,610297
1763107200,50215,50765,49695,50270,622136
1763366400,50320,50505,48510,48510,754404
1763452800,48540,49155,48270,48640,795950
1763539200,48755,50615,48670,49920,702063
1763625600,49870,50230,48285,48780,820320
1763712000,48410,49730,48025,48600,1076228
1764057600,48665,49780,48260,49675,522215
1764144000,49720,50350,49405,50130,392720
1764230400,50145,50280,49990,50250,233046
1764316800,50235,50385,49225,49300,410603
1764576000,49260,49660,49065,49270,371010
1764662400,49330,50165,49270,49825,417884
1764748800,49865,51060,49290,51000,490301
1764835200,50920,50990,50225,50480,411612
1764921600,50480,50850,50205,50595,320669
1765180800,50590,50835,50180,50835,315441
1765267200,50880,51110,50330,50600,297567
1765353600,50600,50910,49915,50140,166238
1765440000,50300,51175,50170,50760,477505
1765526400,50770,50780,49740,50240,480241
1765785600,50220,50365,49390,49460,436853
1765872000,49455,49905,49120,49710,496669
1765958400,49710,49780,48665,49150,478809
1766044800,49165,49880,49140,49550,468773
1766131200,49750,50625,49735,50420,413312
1766390400,50485,50570,50160,50490,277522
1766476800,50475,50715,50345,50345,255522
1766563200,50305,50520,50265,50510,146001
1766649600,50510,50970,50460,50725,199067
1766736000,50720,50820,50400,50480,287177
1766995200,50450,50600,50240,50500,275726
1767081600,50440,52095,50425,51820,428790
1767600000,51800,52690,51755,52690,430264
1767686400,52655,52660,51885,52010,412177
1767772800,52050,52135,51090,51190,392607
1767859200,51350,52110,51340,52075,413477
1767945600,52020,54185,51970,53760,846778
1768291200,53780,54550,53745,54340,484605
1768377600,54430,54570,53675,54200,539370
1768464000,54225,54500,53760,54060,420466
1768550400,54020,54100,53130,53660,382908
1768809600,53510,53735,52765,52805,372663
1768896000,52710,52890,51855,52835,589250
1768982400,52750,53960,52425,53730,496878
1769068800,53790,54155,53650,53700,370254
1769155200,53700,53710,52265,52860,539062
1769414400,52935,53390,52205,53350,400872
1769500800,53340,53825,52765,53690,486879
1769587200,53800,54130,53125,53315,563637
1769673600,53435,53615,52390,53390,553389
1769760000,53200,54275,52585,52630,785831
1770019200,52895,54835,52890,54620,547604
1770105600,54680,54740,53510,54515,533514
1770192000,54535,55120,53690,53990,609754
1770278400,54130,54410,52965,54410,694758
1770364800,54330,58000,54235,56135,921557
1770624000,56295,58040,56080,57600,610329
1770710400,57730,58525,57360,57440,850250
1770883200,57550,57795,56540,56990,539839
1770969600,57150,57700,56785,56900,511834
1771228800,56985,57095,56145,56610,316785
1771315200,56680,57415,56465,57260,442481
1771401600,57300,57745,57070,57560,355208
1771488000,57550,57565,56695,56845,406464
1771574400,56820,57420,56460,57340,730660
1771920000,57665,58895,57330,58785,507003
1772006400,58790,59710,58620,58850,471617
1772092800,58810,59255,58165,59100,454235
1772179200,59220,59425,57295,58000,655886
1772438400,57700,57885,56110,56150,792363
1772524800,55675,55725,53600,54275,1313534
1772611200,54720,56640,54615,55140,838439
1772697600,55280,56130,53945,55730,789574
1772784000,55630,55790,51395,52590,977085
1773043200,52600,54945,52210,54455,756870
1773129600,54735,55790,54290,55210,536297
1773216000,54855,55160,53770,54425,307299
1773302400,54380,54575,52805,53375,513742
1773388800,52990,54065,52480,53525,571572
1773648000,53315,54375,53170,53420,431129
1773734400,53520,55095,53450,54910,431787
1773820800,54800,54800,52840,52985,562911
1773907200,52650,53455,50425,51040,1272775
1774252800,50690,54005,50660,52240,867769
1774339200,52690,53785,51940,53480,642595
1774425600,53615,54130,52905,53235,521777
1774512000,53145,53440,52080,52880,574028
1774598400,52680,52770,50485,52050,669598
1774857600,52075,52350,50635,51195,718712
1774944000,51630,54100,51275,54100,638194
1775030400,53890,54715,52360,52420,738933
1775116800,52800,53660,52225,53200,473703
1775203200,53180,54145,53020,53535,296554
1775462400,53955,54190,53245,53590,387912
1775548800,53610,56550,52855,56435,723695
1775635200,56480,57355,55880,56310,548809
1775721600,55915,57115,55770,56860,409684
1775808000,56925,57500,56155,56580,379206
1776067200,56705,58090,56400,58040,373672
1776153600,58230,58900,57915,58355,387764
1776240000,58415,59795,58160,59590,395132
1776326400,59470,59490,58590,58800,346668
1776412800,58900,60110,58780,58900,399242
1776672000,58800,59715,58700,59340,313824
1776758400,59385,59800,58340,59800,434583
1776844800,59800,60270,58700,59140,536407
1776931200,59180,59830,58365,59720,488437
1777017600,59760,60980,59415,60240,563687
1777276800,60340,60650,59770,60020,387894
1777363200,60105,60150,58620,59530,803336
1777536000,59570,59895,58860,59415,435680
1777622400,59375,63270,59110,63135,1550042
1778140800,63340,63395,62015,62840,525791
1778227200,62860,63810,62360,62405,470619
1778486400,62650,63270,62210,62650,431892
1778572800,62610,63435,61790,63305,440509
1778659200,63330,63855,62665,62725,446653
1778745600,62685,63285,60995,62035,536420
1778832000,61975,62195,60420,60670,584732
1779091200,60850,61840,60305,60880,611292
1779177600,61060,61155,59335,59695,637362
1779264000,59830,62075,59830,61530,545921
1779350400,61510,63500,61020,63340,549867
1779436800,63290,65430,62865,65285,498515
1779696000,65255,65690,64635,65145,336476
1779782400,65000,66520,64985,65025,485548
1779868800,65290,65600,63905,64565,521959
1779955200,64700,66545,64355,66455,495326
1780041600,66425,67245,66060,67075,454912
1780300800,67160,67625,65590,66745,621665
1780387200,66945,68800,66705,68555,470502
1780473600,68580,68745,66950,67640,525710
1780560000,67740,67895,65885,66670,601751
1780646400,66675,67175,63415,63845,870017
1780905600,64400,65910,63915,65435,752239
1780992000,65550,66110,63105,64340,794842
1781078400,64330,64845,62340,64335,473421
1781164800,64610,67190,64070,66120,736803
1781251200,66400,69845,66370,69400,674663
1781510400,69415,70150,69155,69375,454278
1781596800,69760,70265,68865,70050,439428
1781683200,70070,71535,69785,71240,593623
1781769600,71555,72335,70815,71620,572247
1781856000,71790,73095,71310,72860,401018
1782115200,72820,73765,69780,69780,613490
1782201600,69550,70335,68405,69550,812342
1782288000,69325,72705,68910,72560,615383
1782374400,72610,72725,68770,69615,786897
1782460800,69880,70195,68175,69780,693626
1782720000,69885,70865,68795,70140,545852
1782806400,70295,72115,69800,70630,516899
1782892800,70705,71095,68830,68865,625903
1782979200,68600,70040,67615,70040,732721
1783065600,69825,70525,68960,70010,413777
1783324800,70080,70495,68140,68420,538077
1783411200,68465,68665,66815,66815,704173
1783497600,67160,68605,65425,67915,763151
1783584000,68000,69505,67475,68810,538456
1783670400,68755,69370,66755,67270,636733
1783929600,67435,68055,66365,67790,614011
1784016000,67640,68910,67580,68860,515535
1784102400,68755,68760,66580,66840,579435
1784188800,66500,66940,62785,64055,762934
1784275200,63995,66375,63440,66320,1086878
1784620800,66270,67680,65995,66070,565088
1784707200,65820,67095,65640,66340,499006
1784793600,66055,66535,64225,64560,634973
1784880000,64960,65640,64185,65155,582002
1785139200,64995,65325,62005,62405,633937
1785225600,62450,63255,60510,62445,876411
1785312000,62500,63080,60905,61710,845623
1785398400,61665,65510,61470,63720,737972
1785484800,64050,64315,62635,63830,713166
1785744000,63770,64305,62100,63900,570104
1785830400,64000,66350,63660,66340,502259
1785916800,66110,66820,64975,65550,457673
1786003200,65545,66375,64685,65650,468194
1786089600,65755,67170,65685,67150,437609
1786348800,67300,67720,66315,67650,545759
1786521600,67720,68935,67670,68260,436403
1786608000,68225,69650,68145,68690,436581
1786694400,68700,69290,68460,69290,296002
1786953600,69285,69555,67390,67545,411130
1787040000,67430,67435,65150,65475,578227
1787126400,66000,66900,65660,66360,502038
1787212800,65920,66175,64880,66090,478577
1787299200,66265,66465,65440,65440,383806
1787558400,65395,65955,64605,65930,422661
1787644800,65850,66505,65380,66400,362176
1787731200,66250,67185,65750,66150,414916
1787817600,66160,66860,65670,66450,407562
1787904000,66550,66850,64610,66440,508936
1788163200,66370,66555,65570,66160,397100
1788249600,66010,66035,64215,64345,564585
1788336000,64400,64850,63725,64230,506439
1788422400,64230,65205,63705,65015,545875
1788508800,65100,66685,64655,66490,510317
1788768000,66425,66785,65105,65190,354414
1788854400,65000,65780,64800,65250,411297
1788940800,65250,65345,64135,65170,254260
1789027200,64940,65050,62875,63960,506723
1789113600,64000,64740,62530,63350,486655
1789372800,63160,63920,62620,63320,527479
1789459200,63075,63840,62920,63840,416738
1789545600,63850,64745,63460,64200,517155
1789632000,64280,65355,64020,65100,423318
1789718400,65335,67150,64585,65460,1198378
1790236800,65505,66300,65090,66290,458652
1790323200,66230,66850,65570,65570,488815
1790582400,65680,65995,64885,65810,551012
1790668800,65770,67150,65655,67145,549411
1790755200,67365,69240,67010,69005,622143
1790841600,68455,68925,67790,68630,589074
1790928000,68995,70270,68870,70095,539777
1791187200,70200,71025,69750,70900,420450
1791273600,70975,71515,70205,70350,402848
1791360000,70265,70305,69210,69820,207448