time,open,high,low,close,Volume
1759219200,44835,44850,44620,44620,22709
1759220100,44620,44715,44620,44695,7793
1759221000,44700,44745,44685,44740,5308
1759221900,44740,44765,44715,44735,4585
1759222800,44735,44745,44705,44725,3150
1759223700,44720,44745,44700,44720,3128
1759224600,44720,44745,44680,44690,2685
1759225500,44690,44735,44675,44730,2856
1759226400,44730,44750,44720,44725,2176
1759227300,44725,44725,44700,44715,2149
1759228200,44710,44735,44700,44730,2383
1759229100,44730,44750,44725,44735,1637
1759230000,44730,44755,44725,44735,2252
1759230900,44735,44760,44725,44740,1511
1759231800,44740,44740,44730,44735,1492
1759232700,44735,44745,44720,44730,2168
1759233600,44730,44740,44695,44700,3681
1759234500,44700,44725,44680,44700,3474
1759235400,44700,44745,44695,44735,4650
1759236300,44735,44745,44720,44725,2610
1759237200,44725,44730,44690,44705,2914
1759238100,44705,44710,44675,44685,3199
1759239000,44685,44705,44625,44700,8479
1759239900,44700,44735,44630,44695,7988
1759240800,44695,44730,44620,44635,8630
1759241700,44635,44690,44635,44655,4629
1759242600,44655,44690,44640,44660,4343
1759243500,44660,44725,44660,44700,4166
1759244400,44695,44780,44690,44760,5484
1759245300,44760,44775,44695,44725,4357
1759246200,44725,44765,44715,44730,3359
1759247100,44735,44805,44730,44785,4768
1759248000,44790,44800,44755,44775,2597
1759248900,44780,44865,44780,44805,6068
1759249800,44810,44825,44785,44820,2604
1759250700,44815,44820,44765,44780,2290
1759251600,44780,44790,44735,44750,3524
1759252500,44745,44760,44700,44730,1983
1759253400,44730,44745,44720,44735,1325
1759254300,44735,44780,44735,44735,1657
1759255200,44735,44770,44715,44755,1339
1759256100,44755,44780,44740,44770,998
1759257000,44765,44790,44760,44790,889
1759257900,44790,44810,44785,44800,1058
1759258800,44805,44820,44790,44800,1172
1759259700,44805,44840,44800,44830,1252
1759260600,44835,44845,44810,44815,1041
1759261500,44820,44880,44820,44845,2866
1759262400,44845,44850,44815,44825,1152
1759263300,44825,44855,44820,44840,528
1759264200,44840,44845,44820,44825,577
1759265100,44825,44845,44810,44835,753
1759266000,44880,44880,44880,44880,735
1759275900,44835,44870,44775,44840,12871
1759276800,44845,44940,44685,44685,43798
1759277700,44685,44715,44515,44615,33368
1759278600,44610,44785,44610,44775,29693
1759279500,44775,44800,44710,44730,12363
1759280400,44725,44785,44650,44675,12838
1759281300,44670,44695,44545,44600,15427
1759282200,44605,44645,44505,44560,19414
1759283100,44560,44600,44450,44455,12614
1759284000,44450,44530,44440,44490,12830
1759284900,44485,44505,44415,44475,14598
1759285800,44470,44510,44470,44475,4234
1759286700,44480,44495,44450,44470,3024
1759287600,44475,44475,44430,44460,4360
1759288500,44455,44480,44440,44440,3555
1759289400,44445,44550,44425,44480,14895
1759290300,44480,44550,44420,44520,12081
1759291200,44520,44575,44520,44570,10991
1759292100,44565,44635,44565,44630,10619
1759293000,44625,44645,44550,44580,9195
1759293900,44580,44625,44535,44560,8861
1759294800,44560,44615,44515,44585,7951
1759295700,44580,44585,44540,44570,5182
1759296600,44565,44635,44525,44605,8320
1759297500,44605,44680,44600,44635,11937
1759298400,44630,44700,44610,44635,13776
1759299300,44635,44675,44625,44650,13984
1759300200,44650,44650,44540,44560,13299
1759301100,44540,44540,44540,44540,2258
1759305600,44415,44460,44390,44425,11191
1759306500,44425,44445,44370,44445,5616
1759307400,44445,44560,44435,44555,6967
1759308300,44550,44565,44530,44565,3957
1759309200,44560,44620,44555,44605,7205
1759310100,44600,44670,44595,44660,3554
1759311000,44660,44665,44620,44640,2898
1759311900,44640,44645,44620,44635,1670
1759312800,44635,44675,44635,44645,2655
1759313700,44650,44690,44635,44650,3014
1759314600,44645,44655,44590,44600,2375
1759315500,44600,44630,44600,44605,2449
1759316400,44605,44675,44605,44675,2899
1759317300,44675,44675,44655,44675,1836
1759318200,44675,44690,44660,44680,1848
1759319100,44680,44735,44680,44725,2881
1759320000,44720,44740,44710,44730,3423
1759320900,44730,44735,44640,44695,6515
1759321800,44695,44720,44655,44695,3354
1759322700,44695,44725,44690,44695,2494
1759323600,44695,44730,44695,44720,4160
1759324500,44720,44725,44685,44685,1963
1759325400,44690,44835,44685,44820,10772
1759326300,44820,44820,44720,44765,7398
1759327200,44765,44810,44755,44795,4767
1759328100,44795,44865,44795,44840,6060
1759329000,44840,44855,44775,44785,6404
1759329900,44785,44800,44740,44750,4601
1759330800,44750,44800,44730,44755,3954
1759331700,44755,44795,44750,44775,2500
1759332600,44780,44805,44760,44795,3229
1759333500,44795,44805,44745,44745,3017
1759334400,44750,44795,44745,44795,2328
1759335300,44795,44835,44790,44820,1943
1759336200,44820,44830,44775,44780,1372
1759337100,44780,44780,44750,44770,1592
1759338000,44765,44790,44760,44785,1297
1759338900,44785,44805,44785,44800,1465
1759339800,44800,44800,44765,44775,1502
1759340700,44770,44800,44770,44800,885
1759341600,44800,44830,44790,44815,1949
1759342500,44815,44845,44815,44825,1800
1759343400,44830,44865,44825,44855,2706
1759344300,44855,44855,44830,44835,2484
1759345200,44835,44845,44820,44840,1071
1759346100,44840,44850,44825,44850,1439
1759347000,44845,44865,44830,44840,1953
1759347900,44840,44860,44825,44830,3464
1759348800,44825,44830,44795,44815,1636
1759349700,44810,44815,44795,44810,1265
1759350600,44810,44830,44810,44820,439
1759351500,44830,44835,44815,44825,593
1759352400,44850,44850,44850,44850,1167
1759362300,44855,44950,44850,44950,15666
1759363200,44950,45160,44945,45115,48845
1759364100,45120,45195,44960,44970,30890
1759365000,44975,44980,44825,44835,32611
1759365900,44835,44890,44770,44805,18186
1759366800,44805,44880,44725,44870,18154
1759367700,44870,44910,44810,44820,11099
1759368600,44820,44880,44795,44850,10794
1759369500,44850,44905,44835,44890,7311
1759370400,44890,44895,44750,44755,9361
1759371300,44755,44790,44730,44745,8910
1759372200,44750,44805,44745,44795,5346
1759373100,44795,44820,44790,44815,4594
1759374000,44815,44820,44775,44795,2679
1759374900,44795,44805,44775,44805,2842
1759375800,44800,44890,44780,44880,12090
1759376700,44880,44965,44880,44965,13768
1759377600,44960,44985,44925,44970,10194
1759378500,44965,45000,44915,45000,8579
1759379400,44995,45055,44980,45050,9726
1759380300,45045,45080,45015,45060,9976
1759381200,45060,45160,45055,45105,13347
1759382100,45105,45110,45030,45080,11324
1759383000,45080,45130,45075,45120,7173
1759383900,45120,45145,45085,45100,7310
1759384800,45100,45105,45040,45055,9309
1759385700,45055,45060,44990,45015,14714
1759386600,45020,45045,45000,45025,10112
1759387500,45070,45070,45070,45070,2459
1759392000,45025,45085,45005,45040,6399
1759392900,45045,45060,45005,45010,3017
1759393800,45015,45035,44985,45035,4797
1759394700,45040,45040,45005,45020,2536
1759395600,45020,45020,44975,44985,4094
1759396500,44985,45015,44980,44990,4860
1759397400,44990,44990,44930,44960,3889
1759398300,44965,44980,44945,44975,2676
1759399200,44975,45045,44970,45045,3221
1759400100,45040,45055,45015,45025,2990
1759401000,45025,45070,45020,45060,2628
1759401900,45055,45065,45040,45065,1071
1759402800,45065,45105,45060,45090,3077
1759403700,45090,45115,45085,45095,2051
1759404600,45090,45140,45090,45130,2249
1759405500,45130,45145,45110,45120,3786
1759406400,45120,45125,45090,45115,2460
1759407300,45115,45150,45105,45150,5317
1759408200,45150,45175,45140,45160,3780
1759409100,45155,45220,45155,45185,5264
1759410000,45185,45195,45155,45165,3113
1759410900,45165,45205,45165,45190,2135
1759411800,45190,45230,45130,45140,11035
1759412700,45135,45175,45120,45150,6524
1759413600,45145,45165,45085,45085,8295
1759414500,45085,45105,45040,45065,7120
1759415400,45065,45120,45060,45065,4978
1759416300,45070,45070,44955,44960,8140
1759417200,44960,45040,44950,45010,6621
1759418100,45010,45070,45000,45050,3670
1759419000,45050,45060,44975,45045,5947
1759419900,45040,45090,45030,45085,2577
1759420800,45080,45085,45045,45065,1459
1759421700,45070,45075,45050,45065,1574
1759422600,45065,45070,45030,45060,1679
1759423500,45055,45090,45055,45080,962
1759424400,45075,45075,45025,45040,2417
1759425300,45035,45040,45020,45030,1372
1759426200,45025,45060,45020,45045,1957
1759427100,45045,45055,45040,45045,963
1759428000,45045,45095,45045,45095,875
1759428900,45090,45130,45090,45115,1289
1759429800,45115,45115,45080,45090,721
1759430700,45095,45110,45075,45095,940
1759431600,45100,45100,45080,45090,611
1759432500,45090,45125,45080,45115,1477
1759433400,45115,45125,45090,45095,969
1759434300,45100,45125,45070,45095,2812
1759435200,45095,45110,45075,45090,650
1759436100,45090,45095,45080,45090,447
1759437000,45090,45095,45055,45065,3050
1759437900,45060,45080,45055,45070,1676
1759438800,45050,45050,45050,45050,1049
1759448700,45030,45155,45030,45150,11194
1759449600,45155,45355,45120,45215,43381
1759450500,45215,45370,45200,45335,20255
1759451400,45340,45500,45325,45440,25795
1759452300,45445,45650,45440,45620,24883
1759453200,45625,45775,45580,45730,23602
1759454100,45725,45810,45635,45640,21556
1759455000,45640,45730,45630,45700,15117
1759455900,45700,45730,45660,45675,8605
1759456800,45675,45760,45670,45715,9366
1759457700,45715,45755,45630,45640,8290
1759458600,45645,45670,45615,45620,4765
1759459500,45620,45665,45610,45635,3336
1759460400,45630,45670,45625,45645,3018
1759461300,45640,45665,45630,45640,2839
1759462200,45640,45695,45625,45640,10401
1759463100,45640,45720,45640,45685,6835
1759464000,45685,45760,45665,45735,7823
1759464900,45735,45760,45695,45750,5355
1759465800,45745,45770,45725,45730,5045
1759466700,45725,45730,45640,45660,8181
1759467600,45660,45760,45660,45750,9089
1759468500,45750,45760,45700,45760,5658
1759469400,45760,45825,45755,45775,10293
1759470300,45775,45820,45775,45790,8370
1759471200,45790,45840,45770,45780,12204
1759472100,45780,45835,45765,45825,14118
1759473000,45825,45960,45815,45925,22979
1759473900,45940,45940,45940,45940,3160
1759478400,45990,46070,45985,46060,10864
1759479300,46065,46075,45990,45990,4930
1759480200,45990,46015,45940,45960,4971
1759481100,45960,46040,45945,46025,5135
1759482000,46030,46045,46015,46040,2492
1759482900,46045,46110,46025,46100,4255
1759483800,46100,46165,46095,46135,6494
1759484700,46130,46165,46110,46145,3048
1759485600,46150,46150,46100,46125,2422
1759486500,46125,46155,46115,46125,1593
1759487400,46130,46135,46080,46100,2749
1759488300,46105,46115,46055,46060,2251
1759489200,46060,46080,46040,46055,2463
1759490100,46055,46065,46040,46045,1517
1759491000,46045,46045,45970,46010,4319
1759491900,46010,46055,45985,46010,4624
1759492800,46005,46010,45980,46000,2039
1759493700,46000,46010,45950,45980,2696
1759494600,45975,46010,45970,45970,2216
1759495500,45975,45980,45945,45960,2593
1759496400,45960,45995,45955,45980,2873
1759497300,45980,46005,45975,46000,2615
1759498200,46000,46110,45975,46085,9347
1759499100,46080,46130,46050,46070,5958
1759500000,46070,46130,46005,46120,9404
1759500900,46120,46210,46115,46205,8423
1759501800,46200,46220,46145,46160,7026
1759502700,46165,46195,46150,46165,5369
1759503600,46165,46165,46080,46140,6010
1759504500,46140,46180,46125,46165,4701
1759505400,46165,46190,46135,46160,3110
1759506300,46160,46195,46150,46175,2147
1759507200,46175,46195,46170,46185,1062
1759508100,46185,46200,46165,46190,1663
1759509000,46185,46190,46175,46175,824
1759509900,46175,46180,46155,46165,1033
1759510800,46160,46160,46030,46105,4774
1759511700,46105,46120,46060,46075,1734
1759512600,46075,46115,46045,46045,1716
1759513500,46055,46055,45905,45975,5373
1759514400,45980,46005,45925,45990,2802
1759515300,45985,46085,45980,46060,2087
1759516200,46060,46065,46000,46045,2033
1759517100,46040,46060,46020,46060,1292
1759518000,46060,46075,46035,46045,1611
1759518900,46040,46055,46030,46040,947
1759519800,46035,46065,46035,46040,1364
1759520700,46045,46050,46005,46020,2523
1759521600,46025,46050,46015,46045,780
1759522500,46045,46060,46025,46060,454
1759523400,46060,46075,46055,46070,640
1759524300,46070,46090,46065,46080,680
1759525200,46085,46085,46085,46085,1004
1759707900,48145,48305,47640,47645,54476
1759708800,47645,47845,47340,47830,72138
1759709700,47835,47845,47490,47580,37568
1759710600,47575,47750,47515,47740,25724
1759711500,47745,47780,47590,47690,19552
1759712400,47690,47810,47615,47805,18874
1759713300,47805,47815,47675,47720,14871
1759714200,47720,47910,47720,47910,17926
1759715100,47910,47955,47760,47795,17554
1759716000,47790,47930,47775,47910,12074
1759716900,47910,47940,47865,47915,7393
1759717800,47920,48020,47920,47955,8267
1759718700,47960,47975,47890,47900,4593
1759719600,47900,47970,47890,47960,3973
1759720500,47955,47955,47875,47945,6336
1759721400,47940,47965,47840,47920,17509
1759722300,47920,48045,47865,47870,17428
1759723200,47875,47885,47650,47815,28183
1759724100,47820,47850,47730,47820,11684
1759725000,47820,47980,47810,47955,13558
1759725900,47950,48010,47930,48005,8824
1759726800,48010,48045,47965,47995,12355
1759727700,47990,48135,47980,48115,14427
1759728600,48110,48160,48090,48130,11314
1759729500,48135,48220,48100,48105,14414
1759730400,48110,48140,48035,48120,18046
1759731300,48125,48125,48015,48045,18942
1759732200,48050,48195,48020,48185,19276
1759733100,48190,48190,48190,48190,3679
1759737600,48125,48350,48100,48170,20126
1759738500,48170,48170,48085,48100,10082
1759739400,48100,48220,48095,48165,8888
1759740300,48160,48255,48140,48210,5355
1759741200,48215,48270,48195,48200,5434
1759742100,48200,48240,48145,48230,4482
1759743000,48230,48370,48205,48365,6148
1759743900,48365,48375,48305,48355,4349
1759744800,48355,48365,48290,48290,3082
1759745700,48290,48320,48275,48300,2120
1759746600,48300,48310,48245,48275,2176
1759747500,48280,48370,48265,48350,4948
1759748400,48350,48370,48290,48360,4086
1759749300,48365,48395,48335,48350,3582
1759750200,48350,48435,48345,48415,5092
1759751100,48415,48530,48415,48510,8044
1759752000,48510,48525,48310,48420,20602
1759752900,48425,48500,48405,48455,4914
1759753800,48455,48475,48380,48390,4539
1759754700,48385,48435,48380,48390,2948
1759755600,48390,48425,48385,48415,3521
1759756500,48420,48445,48385,48445,3077
1759757400,48440,48560,48430,48470,14050
1759758300,48470,48540,48405,48435,8821
1759759200,48435,48480,48345,48480,9664
1759760100,48485,48550,48475,48520,5537
1759761000,48520,48545,48480,48510,5684
1759761900,48510,48620,48495,48600,7035
1759762800,48600,48660,48585,48630,6252
1759763700,48630,48675,48630,48650,3183
1759764600,48650,48720,48640,48665,6301
1759765500,48665,48680,48615,48660,2323
1759766400,48655,48665,48620,48660,1762
1759767300,48660,48700,48655,48695,1920
1759768200,48695,48700,48645,48670,1180
1759769100,48670,48695,48655,48690,1054
1759770000,48690,48690,48650,48680,1502
1759770900,48685,48725,48670,48680,2318
1759771800,48685,48685,48630,48630,1541
1759772700,48635,48670,48615,48665,1339
1759773600,48660,48690,48655,48675,840
1759774500,48680,48680,48630,48630,717
1759775400,48635,48665,48620,48635,718
1759776300,48640,48685,48640,48680,969
1759777200,48680,48700,48665,48695,1175
1759778100,48695,48695,48665,48680,919
1759779000,48675,48675,48635,48650,1309
1759779900,48650,48660,48580,48580,2841
1759780800,48580,48585,48545,48550,1215
1759781700,48550,48575,48535,48570,896
1759782600,48570,48625,48570,48610,840
1759783500,48605,48615,48575,48575,687
1759784400,48595,48595,48595,48595,712
1759794300,48510,48540,48385,48415,18676
1759795200,48415,48590,48400,48520,36777
1759796100,48525,48550,48305,48325,25511
1759797000,48330,48380,48115,48125,27653
1759797900,48120,48370,48090,48315,26649
1759798800,48320,48445,48310,48405,17022
1759799700,48405,48430,48295,48410,10425
1759800600,48410,48460,48275,48285,11490
1759801500,48285,48330,48230,48300,10536
1759802400,48300,48355,48230,48280,9522
1759803300,48285,48345,48270,48340,6990
1759804200,48340,48435,48280,48430,7490
1759805100,48430,48435,48400,48420,3370
1759806000,48425,48435,48365,48390,3191
1759806900,48390,48445,48385,48395,4506
1759807800,48400,48430,48275,48420,14786
1759808700,48420,48460,48360,48370,8295
1759809600,48370,48385,48295,48345,8701
1759810500,48345,48385,48270,48300,7701
1759811400,48300,48325,48185,48230,9146
1759812300,48230,48325,48220,48305,7138
1759813200,48300,48315,48170,48170,12270
1759814100,48165,48200,48130,48145,8538
1759815000,48150,48180,48105,48130,9284
1759815900,48125,48135,48020,48065,20653
1759816800,48060,48120,48035,48075,14053
1759817700,48070,48080,47980,48040,15387
1759818600,48035,48100,48015,48030,13640
1759819500,47940,47940,47940,47940,2971
1759824000,48020,48055,47955,47985,9595
1759824900,47990,48030,47915,47930,6509
1759825800,47930,47990,47885,47975,6015
1759826700,47975,48110,47975,48080,8593
1759827600,48075,48125,48075,48110,3864
1759828500,48115,48120,48080,48100,2108
1759829400,48100,48115,48085,48105,1376
1759830300,48110,48120,48070,48120,2373
1759831200,48120,48120,48070,48115,1869
1759832100,48115,48125,48100,48105,1429
1759833000,48105,48130,48085,48085,2749
1759833900,48085,48095,48070,48070,1588
1759834800,48070,48090,48030,48085,3939
1759835700,48085,48085,48040,48065,2153
1759836600,48065,48100,48065,48070,1771
1759837500,48070,48115,48060,48110,2614
1759838400,48110,48165,48100,48160,5221
1759839300,48160,48200,48140,48155,4263
1759840200,48155,48165,48120,48160,2709
1759841100,48160,48195,48120,48185,2675
1759842000,48180,48200,48155,48185,4666
1759842900,48190,48205,48165,48190,3189
1759843800,48190,48210,48155,48185,6176
1759844700,48185,48240,48180,48220,6170
1759845600,48215,48235,48115,48130,5760
1759846500,48135,48190,48120,48120,2971
1759847400,48120,48200,48120,48135,4477
1759848300,48130,48145,48085,48135,5222
1759849200,48135,48165,47880,47970,15785
1759850100,47970,48020,47935,47980,6582
1759851000,47975,47990,47870,47915,8968
1759851900,47920,47930,47830,47895,10119
1759852800,47895,47960,47885,47905,5304
1759853700,47910,47940,47855,47905,3631
1759854600,47905,48010,47905,47975,2794
1759855500,47975,47980,47925,47945,2420
1759856400,47945,48015,47935,47985,3031
1759857300,47990,48000,47965,47980,1201
1759858200,47975,48000,47945,48000,1232
1759859100,48000,48010,47940,47940,1242
1759860000,47945,47975,47910,47955,1472
1759860900,47955,48015,47935,47990,1471
1759861800,47990,48040,47985,48020,1272
1759862700,48020,48045,48015,48030,1085
1759863600,48030,48040,47965,47975,1312
1759864500,47975,47995,47970,47990,982
1759865400,47990,48040,47990,48040,1266
1759866300,48040,48040,47990,48015,2079
1759867200,48015,48035,48005,48030,779
1759868100,48030,48030,48015,48020,419
1759869000,48020,48035,48015,48025,278
1759869900,48025,48050,48010,48045,781
1759870800,48070,48070,48070,48070,722
1759880700,47990,48025,47940,47940,12909
1759881600,47940,48080,47930,47950,30863
1759882500,47945,48155,47935,48090,25734
1759883400,48095,48205,48025,48190,17409
1759884300,48190,48240,48115,48125,16139
1759885200,48125,48165,48105,48115,12984
1759886100,48115,48165,48075,48095,9160
1759887000,48095,48140,47985,48030,12763
1759887900,48035,48085,47965,47980,9218
1759888800,47980,48085,47955,48085,7645
1759889700,48085,48110,48020,48040,6895
1759890600,48040,48100,48040,48045,3083
1759891500,48045,48050,47995,48030,3253
1759892400,48030,48060,48020,48050,2195
1759893300,48050,48075,48035,48060,1878
1759894200,48055,48105,47965,48010,9170
1759895100,48015,48070,48010,48025,6277
1759896000,48030,48035,47980,47990,5593
1759896900,47990,47995,47930,47945,6365
1759897800,47950,47960,47840,47870,7892
1759898700,47870,47910,47855,47865,5638
1759899600,47870,47910,47860,47875,5258
1759900500,47880,47880,47825,47845,6830
1759901400,47845,47895,47845,47870,7536
1759902300,47865,47920,47850,47905,9104
1759903200,47900,47940,47800,47835,11724
1759904100,47830,47845,47795,47835,10807
1759905000,47830,47875,47790,47835,14213
1759905900,47760,47760,47760,47760,2346
1759910400,48005,48035,47940,47940,9602
1759911300,47940,47950,47890,47890,3279
1759912200,47895,48000,47890,47985,4449
1759913100,47980,48000,47940,47975,3123
1759914000,47980,48075,47980,48070,6069
1759914900,48070,48085,48010,48020,3015
1759915800,48020,48050,48000,48030,2550
1759916700,48030,48040,48000,48015,2504
1759917600,48015,48030,47955,48000,2394
1759918500,47995,48020,47975,47985,2198
1759919400,47990,48040,47990,48020,1752
1759920300,48020,48070,48005,48040,6201
1759921200,48035,48055,48005,48020,3043
1759922100,48020,48030,47955,47955,2808
1759923000,47955,47965,47925,47960,3583
1759923900,47965,47985,47950,47970,2161
1759924800,47970,47970,47915,47915,2437
1759925700,47920,47955,47900,47945,3647
1759926600,47950,47970,47915,47955,2869
1759927500,47955,47970,47915,47925,2302
1759928400,47930,47945,47910,47920,1420
1759929300,47920,47950,47875,47940,3929
1759930200,47940,48025,47935,47975,7804
1759931100,47975,48020,47965,48005,4951
1759932000,48005,48075,48005,48075,6130
1759932900,48075,48075,48020,48065,3647
1759933800,48065,48080,48020,48035,3215
1759934700,48040,48045,48005,48030,2195
1759935600,48035,48075,48035,48070,1840
1759936500,48065,48110,48060,48100,3099
1759937400,48095,48105,48065,48070,2338
1759938300,48075,48090,48050,48050,1561
1759939200,48055,48080,48035,48080,1252
1759940100,48080,48130,48075,48095,2259
1759941000,48090,48100,48060,48065,944
1759941900,48065,48085,48050,48080,723
1759942800,48080,48085,48065,48080,789
1759943700,48080,48100,48075,48085,727
1759944600,48090,48090,48060,48060,463
1759945500,48065,48095,48060,48085,737
1759946400,48085,48110,48080,48100,1007
1759947300,48100,48130,48070,48080,1282
1759948200,48085,48085,48045,48050,1003
1759949100,48050,48055,48030,48040,890
1759950000,48040,48050,48020,48040,1192
1759950900,48040,48085,48040,48085,1301
1759951800,48080,48100,48075,48085,1506
1759952700,48085,48145,48085,48125,2409
1759953600,48130,48160,48115,48150,1272
1759954500,48145,48180,48145,48175,992
1759955400,48175,48230,48170,48195,2331
1759956300,48200,48225,48195,48210,672
1759957200,48170,48170,48170,48170,906
1759967100,48160,48210,48105,48205,14748
1759968000,48200,48235,48090,48135,31795
1759968900,48130,48390,48120,48320,27639
1759969800,48325,48420,48300,48305,18229
1759970700,48300,48475,48295,48465,16255
1759971600,48465,48505,48405,48445,21971
1759972500,48445,48455,48315,48420,16972
1759973400,48415,48470,48365,48440,13587
1759974300,48440,48535,48380,48485,14246
1759975200,48490,48495,48335,48390,12504
1759976100,48395,48470,48385,48465,6424
1759977000,48465,48515,48425,48440,4377
1759977900,48440,48450,48410,48425,2827
1759978800,48430,48485,48425,48475,3550
1759979700,48475,48495,48450,48450,2603
1759980600,48450,48475,48365,48395,11899
1759981500,48395,48430,48370,48395,6634
1759982400,48400,48520,48395,48480,11807
1759983300,48485,48525,48450,48490,7773
1759984200,48490,48500,48440,48455,6078
1759985100,48455,48480,48450,48460,4143
1759986000,48465,48515,48445,48485,6732
1759986900,48490,48545,48490,48535,6174
1759987800,48535,48600,48530,48560,10642
1759988700,48560,48575,48505,48555,9787
1759989600,48560,48660,48550,48650,12655
1759990500,48650,48655,48600,48615,15737
1759991400,48615,48805,48615,48770,34211
1759992300,48795,48795,48795,48795,3231
1759996800,48760,48770,48655,48665,12298
1759997700,48665,48705,48635,48695,4867
1759998600,48695,48705,48570,48580,5180
1759999500,48580,48585,48530,48545,7180
1760000400,48550,48610,48440,48600,10203
1760001300,48605,48625,48570,48615,3400
1760002200,48615,48670,48615,48660,3653
1760003100,48660,48695,48635,48635,3528
1760004000,48635,48685,48625,48660,2311
1760004900,48660,48675,48645,48645,1286
1760005800,48645,48665,48635,48650,1311
1760006700,48645,48675,48625,48665,1527
1760007600,48660,48740,48655,48735,3507
1760008500,48740,48785,48735,48785,2677
1760009400,48780,48780,48735,48750,3248
1760010300,48750,48770,48745,48760,1916
1760011200,48765,48835,48760,48835,6471
1760012100,48835,48885,48825,48870,7418
1760013000,48880,48945,48860,48920,6419
1760013900,48920,48930,48880,48890,3662
1760014800,48890,48935,48790,48830,13516
1760015700,48825,48905,48820,48890,4787
1760016600,48890,48940,48840,48845,8784
1760017500,48845,48865,48750,48780,8699
1760018400,48780,48850,48765,48820,4711
1760019300,48820,48845,48770,48800,4453
1760020200,48800,48800,48695,48695,7231
1760021100,48700,48765,48685,48765,6200
1760022000,48765,48790,48750,48755,2454
1760022900,48755,48785,48690,48690,2416
1760023800,48695,48715,48615,48675,4939
1760024700,48675,48775,48665,48765,2336
1760025600,48765,48775,48715,48720,1628
1760026500,48720,48735,48665,48685,2193
1760027400,48685,48710,48640,48670,1483
1760028300,48675,48700,48575,48590,2487
1760029200,48585,48605,48490,48535,5607
1760030100,48535,48555,48480,48490,2649
1760031000,48490,48565,48480,48545,3004
1760031900,48545,48605,48530,48595,2133
1760032800,48595,48600,48505,48550,2931
1760033700,48550,48615,48545,48560,2349
1760034600,48555,48585,48535,48585,800
1760035500,48585,48615,48565,48595,906
1760036400,48600,48640,48585,48620,1285
1760037300,48620,48650,48605,48630,1538
1760038200,48630,48650,48620,48650,702
1760039100,48650,48675,48635,48675,1879
1760040000,48670,48685,48630,48635,1418
1760040900,48635,48635,48585,48585,890
1760041800,48590,48600,48550,48595,1037
1760042700,48595,48605,48555,48565,526
1760043600,48540,48540,48540,48540,753
1760053500,48545,48690,48540,48665,25944
1760054400,48665,48780,48365,48425,59072
1760055300,48425,48495,48380,48405,17707
1760056200,48405,48485,48320,48345,20344
1760057100,48340,48435,48265,48425,19314
1760058000,48425,48435,48270,48290,16375
1760058900,48290,48355,48225,48320,15350
1760059800,48320,48380,48235,48295,11617
1760060700,48290,48335,48260,48290,6027
1760061600,48290,48290,48170,48170,11040
1760062500,48170,48200,48135,48155,10145
1760063400,48155,48200,48150,48170,3061
1760064300,48165,48185,48155,48175,2004
1760065200,48175,48185,48125,48155,5022
1760066100,48160,48180,48125,48135,3226
1760067000,48130,48175,48060,48090,14324
1760067900,48090,48145,48060,48145,8200
1760068800,48145,48220,48105,48165,11735
1760069700,48160,48190,48120,48140,6566
1760070600,48140,48200,48130,48170,5824
1760071500,48175,48185,48020,48040,10502
1760072400,48040,48135,48020,48105,13356
1760073300,48105,48175,48100,48125,7264
1760074200,48130,48185,48125,48160,5709
1760075100,48165,48240,48155,48225,10459
1760076000,48220,48265,48205,48245,9711
1760076900,48245,48255,48105,48105,14771
1760077800,48105,48190,47525,47600,44634
1760078700,47620,47620,47620,47620,3972
1760083200,47450,47810,47385,47755,25141
1760084100,47755,47780,47640,47665,7179
1760085000,47665,47870,47665,47855,10419
1760085900,47855,47900,47785,47795,8068
1760086800,47790,47810,47680,47680,9323
1760087700,47680,47710,47625,47625,7728
1760088600,47630,47665,47530,47555,8451
1760089500,47555,47570,47440,47450,7958
1760090400,47450,47500,47390,47475,8317
1760091300,47475,47540,47470,47530,4181
1760092200,47530,47560,47460,47550,4884
1760093100,47555,47570,47505,47530,2840
1760094000,47530,47615,47525,47605,4213
1760094900,47600,47605,47540,47590,5515
1760095800,47590,47640,47570,47585,3819
1760096700,47585,47630,47560,47600,3272
1760097600,47600,47660,47580,47660,3160
1760098500,47660,47695,47640,47690,2209
1760099400,47690,47710,47605,47615,3786
1760100300,47610,47670,47610,47645,2111
1760101200,47645,47685,47580,47605,3281
1760102100,47610,47650,47610,47645,2453
1760103000,47645,47755,47640,47730,6860
1760103900,47730,47750,47600,47610,5386
1760104800,47605,47625,47505,47510,7900
1760105700,47510,47595,47470,47550,6214
1760106600,47550,47570,47480,47535,4561
1760107500,47535,47585,47320,47380,13476
1760108400,47380,47385,46915,47045,41784
1760109300,47045,47080,46610,46690,26500
1760110200,46690,46750,46505,46745,28446
1760111100,46745,46865,46605,46725,18561
1760112000,46720,46720,46570,46705,12221
1760112900,46705,46755,46595,46660,8540
1760113800,46660,46730,46585,46600,7114
1760114700,46600,46630,46415,46425,8612
1760115600,46420,46450,46260,46330,10992
1760116500,46335,46400,46285,46385,6391
1760117400,46385,46485,46345,46390,5769
1760118300,46390,46405,46315,46355,4997
1760119200,46350,46375,46275,46365,4529
1760120100,46360,46390,46295,46300,3243
1760121000,46300,46330,46190,46195,3973
1760121900,46200,46235,46090,46125,4310
1760122800,46125,46240,46090,46105,5717
1760123700,46105,46165,46030,46055,4270
1760124600,46060,46075,45870,46050,9290
1760125500,46050,46110,45915,45980,6868
1760126400,45980,45990,45835,45850,4112
1760127300,45845,45850,45730,45845,3685
1760128200,45845,45860,45765,45795,3090
1760129100,45790,45810,45125,45245,6886
1760130000,45240,45240,45240,45240,1399
1760312700,46560,46700,46415,46590,26154
1760313600,46590,46665,46440,46530,17582
1760314500,46525,46565,46360,46395,12368
1760315400,46395,46555,46370,46510,8907
1760316300,46505,46580,46460,46485,7032
1760317200,46485,46530,46405,46445,6017
1760318100,46450,46520,46415,46465,6396
1760319000,46470,46610,46470,46590,7484
1760319900,46595,46730,46590,46710,6715
1760320800,46705,46715,46655,46700,3359
1760321700,46700,46715,46620,46695,4129
1760322600,46695,46745,46675,46720,3570
1760323500,46720,46735,46600,46600,3284
1760324400,46600,46710,46575,46700,3930
1760325300,46695,46705,46605,46610,2595
1760326200,46610,46620,46530,46570,3365
1760327100,46565,46575,46450,46475,3839
1760328000,46475,46545,46475,46510,3094
1760328900,46510,46515,46425,46485,3183
1760329800,46485,46520,46460,46485,2137
1760330700,46485,46555,46485,46545,1796
1760331600,46545,46620,46510,46615,3609
1760332500,46615,46630,46550,46595,2147
1760333400,46595,46630,46565,46585,2510
1760334300,46585,46645,46560,46620,2196
1760335200,46620,46670,46575,46580,3961
1760336100,46580,46655,46580,46655,2149
1760337000,46655,46740,46645,46715,4760
1760337900,46620,46620,46620,46620,2574
1760342400,46805,46900,46780,46815,10468
1760343300,46810,46825,46710,46710,3854
1760344200,46715,46810,46670,46680,4791
1760345100,46680,46775,46675,46765,3413
1760346000,46765,46790,46715,46760,2502
1760346900,46755,46795,46745,46750,1908
1760347800,46755,46770,46735,46765,1455
1760348700,46765,46770,46730,46730,1455
1760349600,46730,46760,46710,46740,1441
1760350500,46735,46745,46670,46735,2465
1760351400,46725,46765,46680,46690,1705
1760352300,46685,46695,46650,46675,2063
1760353200,46675,46730,46505,46585,9413
1760354100,46580,46595,46535,46540,3106
1760355000,46545,46655,46495,46640,4585
1760355900,46635,46660,46585,46620,2614
1760356800,46620,46645,46575,46645,2659
1760357700,46640,46655,46590,46635,2161
1760358600,46635,46720,46630,46715,2701
1760359500,46715,46730,46665,46675,2556
1760360400,46675,46775,46675,46715,5090
1760361300,46715,46750,46710,46730,1827
1760362200,46730,46785,46615,46720,11144
1760363100,46715,46875,46690,46865,8459
1760364000,46860,46880,46820,46840,5674
1760364900,46845,46890,46755,46795,6278
1760365800,46795,46880,46745,46845,4594
1760366700,46840,46860,46750,46760,4342
1760367600,46760,46870,46740,46850,3477
1760368500,46855,46965,46850,46925,5029
1760369400,46925,46960,46905,46910,3971
1760370300,46915,46965,46915,46960,1964
1760371200,46960,46990,46940,46970,4053
1760372100,46970,47020,46930,46995,6554
1760373000,46995,47025,46965,46980,2510
1760373900,46975,47050,46960,47040,2860
1760374800,47040,47060,46990,46995,1602
1760375700,46995,47010,46960,46970,1925
1760376600,46970,46985,46960,46970,769
1760377500,46970,46990,46935,46985,1217
1760378400,46985,47015,46975,47005,1283
1760379300,47005,47060,47005,47045,1506
1760380200,47040,47055,47000,47010,904
1760381100,47010,47010,46935,46945,1050
1760382000,46950,46990,46920,46965,1524
1760382900,46965,47040,46965,46995,1425
1760383800,46995,47025,46980,47020,770
1760384700,47020,47030,46980,47015,1549
1760385600,47015,47045,47010,47030,990
1760386500,47030,47035,47010,47020,606
1760387400,47015,47030,47005,47025,372
1760388300,47020,47050,47020,47030,490
1760389200,46985,46985,46985,46985,842
1760399100,47050,47255,46985,47240,23429
1760400000,47240,47595,47235,47385,63408
1760400900,47385,47915,47385,47880,39378
1760401800,47885,47925,47735,47765,25593
1760402700,47765,47775,47520,47630,26457
1760403600,47630,47655,47440,47610,26653
1760404500,47610,47775,47535,47695,15690
1760405400,47695,47865,47650,47810,15335
1760406300,47810,47895,47780,47830,13337
1760407200,47830,47845,47715,47740,9486
1760408100,47745,47785,47595,47595,8570
1760409000,47600,47630,47565,47605,6232
1760409900,47605,47610,47535,47535,3591
1760410800,47530,47560,47510,47510,4173
1760411700,47510,47535,47480,47520,4537
1760412600,47525,47540,47365,47370,15623
1760413500,47365,47410,47290,47310,14569
1760414400,47310,47315,47060,47085,24171
1760415300,47080,47080,46700,46825,49451
1760416200,46825,46930,46680,46880,30007
1760417100,46880,46920,46745,46885,18680
1760418000,46880,46910,46760,46825,16995
1760418900,46825,46985,46810,46935,18391
1760419800,46945,47015,46625,46655,25484
1760420700,46660,46835,46590,46805,22038
1760421600,46810,46905,46710,46870,19465
1760422500,46870,46900,46755,46820,15326
1760423400,46825,46890,46760,46760,16296
1760424300,46790,46790,46790,46790,2383
1760428800,46670,46810,46640,46765,13943
1760429700,46770,46835,46710,46830,4872
1760430600,46830,46930,46780,46925,7968
1760431500,46925,46940,46800,46915,6395
1760432400,46920,46960,46905,46910,3889
1760433300,46905,46930,46875,46890,2650
1760434200,46885,46905,46835,46860,2250
1760435100,46865,46880,46815,46815,2680
1760436000,46815,46820,46720,46760,4129
1760436900,46760,46760,46675,46675,4504
1760437800,46670,46675,46545,46570,8061
1760438700,46565,46625,46490,46625,7792
1760439600,46620,46705,46605,46690,6430
1760440500,46690,46780,46675,46760,6758
1760441400,46760,46795,46725,46745,5244
1760442300,46740,46825,46720,46775,4871
1760443200,46775,46780,46700,46755,4866
1760444100,46755,46755,46690,46730,3495
1760445000,46730,46730,46570,46600,6045
1760445900,46600,46695,46600,46690,3814
1760446800,46685,46750,46685,46730,3584
1760447700,46730,46770,46690,46750,3933
1760448600,46755,46795,46570,46610,13674
1760449500,46610,46805,46580,46800,11187
1760450400,46795,46895,46770,46890,9721
1760451300,46885,47000,46860,46990,8927
1760452200,46990,47015,46935,46965,6724
1760453100,46970,47010,46925,46960,5019
1760454000,46960,47045,46945,46970,5629
1760454900,46970,46985,46905,46945,5000
1760455800,46945,47085,46935,47050,8207
1760456700,47055,47180,47055,47145,6419
1760457600,47150,47160,47095,47140,3170
1760458500,47140,47250,47130,47225,5411
1760459400,47225,47255,47200,47250,2422
1760460300,47245,47300,47220,47225,3878
1760461200,47225,47265,47155,47240,2920
1760462100,47235,47290,47230,47270,2029
1760463000,47270,47275,47200,47245,2252
1760463900,47245,47290,47230,47235,1379
1760464800,47240,47255,47220,47230,1279
1760465700,47235,47260,47210,47240,1179
1760466600,47245,47260,47190,47200,1127
1760467500,47200,47245,47190,47210,890
1760468400,47210,47235,47195,47205,853
1760469300,47210,47235,47170,47175,2397
1760470200,47175,47190,46870,46910,8307
1760471100,46905,47005,46855,46985,5482
1760472000,46990,47025,46875,46915,2091
1760472900,46910,46915,46860,46905,961
1760473800,46905,46950,46905,46950,659
1760474700,46950,46970,46935,46945,637
1760475600,47000,47000,47000,47000,779
1760485500,47080,47120,47035,47060,14579
1760486400,47060,47210,46955,47185,35860
1760487300,47185,47285,47135,47260,18952
1760488200,47260,47285,47115,47200,14099
1760489100,47200,47315,47200,47290,14877
1760490000,47285,47290,47165,47245,9514
1760490900,47245,47360,47225,47340,9830
1760491800,47340,47375,47310,47365,7490
1760492700,47365,47370,47310,47340,5327
1760493600,47340,47420,47325,47410,8886
1760494500,47410,47520,47400,47510,17103
1760495400,47505,47520,47470,47515,4440
1760496300,47510,47525,47485,47510,2837
1760497200,47515,47525,47485,47495,3160
1760498100,47495,47550,47475,47535,5900
1760499000,47535,47595,47445,47450,13206
1760499900,47455,47465,47385,47445,12029
1760500800,47445,47560,47430,47510,12810
1760501700,47510,47650,47510,47640,8742
1760502600,47640,47680,47605,47620,11350
1760503500,47615,47645,47600,47620,3950
1760504400,47625,47835,47625,47770,26094
1760505300,47765,47810,47685,47685,11945
1760506200,47680,47805,47670,47795,10178
1760507100,47790,47820,47725,47745,8435
1760508000,47750,47755,47650,47705,10063
1760508900,47700,47760,47655,47745,13071
1760509800,47745,47790,47665,47785,17452
1760510700,47810,47810,47810,47810,2969
1760515200,47860,47980,47850,47965,15090
1760516100,47970,48080,47940,48005,13650
1760517000,48005,48020,47915,47950,6238
1760517900,47955,48000,47920,47970,3873
1760518800,47965,48145,47960,48135,8241
1760519700,48135,48145,48075,48095,3485
1760520600,48090,48135,48075,48120,2745
1760521500,48120,48170,48105,48140,3570
1760522400,48135,48195,48135,48165,3546
1760523300,48165,48165,48120,48135,2795
1760524200,48140,48155,48105,48145,2245
1760525100,48145,48190,48130,48130,2684
1760526000,48130,48155,48120,48125,2151
1760526900,48125,48185,48080,48155,5795
1760527800,48150,48200,48130,48175,3642
1760528700,48175,48185,48160,48175,1723
1760529600,48175,48240,48165,48230,5595
1760530500,48230,48265,48205,48215,6825
1760531400,48220,48235,48125,48155,6628
1760532300,48155,48215,48110,48200,5015
1760533200,48200,48200,48160,48165,2426
1760534100,48165,48195,48160,48170,1889
1760535000,48165,48180,48030,48075,11542
1760535900,48075,48175,47980,48135,13269
1760536800,48140,48285,48140,48230,9496
1760537700,48230,48250,48185,48205,3929
1760538600,48210,48245,48190,48210,3422
1760539500,48210,48215,48155,48205,3941
1760540400,48205,48235,48095,48135,4664
1760541300,48135,48185,48120,48125,4192
1760542200,48125,48155,47960,48005,8366
1760543100,48005,48005,47865,47955,7908
1760544000,47955,48060,47945,48040,6614
1760544900,48040,48125,47995,48045,3905
1760545800,48045,48055,47980,48010,2912
1760546700,48015,48020,47925,47940,3556
1760547600,47945,47950,47635,47650,11721
1760548500,47645,47825,47605,47760,9518
1760549400,47765,47895,47740,47895,5364
1760550300,47895,47985,47880,47970,4564
1760551200,47970,47990,47925,47975,3269
1760552100,47980,48000,47935,47940,2207
1760553000,47930,48030,47925,47990,1754
1760553900,47990,48045,47955,48035,1352
1760554800,48030,48035,47965,48010,1689
1760555700,48010,48040,48000,48035,1030
1760556600,48035,48050,47955,48005,1706
1760557500,48000,48015,47930,48010,2988
1760558400,48010,48050,47990,48000,1316
1760559300,48005,48030,47975,48005,660
1760560200,48005,48020,47980,48005,784
1760561100,48010,48035,47995,48035,542
1760562000,48050,48050,48050,48050,698
1760571900,48070,48180,48025,48175,14581
1760572800,48175,48240,47990,48000,28726
1760573700,48000,48185,48000,48175,14813
1760574600,48175,48175,48005,48010,14589
1760575500,48005,48080,47980,48070,11113
1760576400,48075,48155,48025,48025,11689
1760577300,48025,48110,48015,48060,7558
1760578200,48055,48135,48025,48090,8565
1760579100,48090,48095,48010,48060,5766
1760580000,48060,48110,48025,48080,4827
1760580900,48080,48150,48075,48140,5949
1760581800,48135,48155,48040,48065,5395
1760582700,48065,48155,48065,48150,2688
1760583600,48150,48220,48140,48160,7387
1760584500,48160,48165,48125,48140,3132
1760585400,48140,48195,48075,48120,10692
1760586300,48120,48175,48060,48175,9363
1760587200,48170,48265,48170,48235,10702
1760588100,48235,48255,48185,48220,5640
1760589000,48215,48275,48215,48260,5684
1760589900,48255,48330,48250,48325,8362
1760590800,48325,48360,48310,48335,8768
1760591700,48335,48340,48280,48280,6854
1760592600,48285,48365,48270,48315,11667
1760593500,48315,48325,48230,48305,9052
1760594400,48305,48375,48240,48260,13645
1760595300,48260,48340,48240,48330,11932
1760596200,48330,48435,48325,48420,17244
1760597100,48420,48420,48420,48420,2797
1760601600,48480,48490,48385,48425,9833
1760602500,48425,48430,48320,48325,5541
1760603400,48325,48380,48325,48375,3347
1760604300,48375,48385,48350,48355,2029
1760605200,48360,48415,48360,48380,3050
1760606100,48380,48450,48370,48445,2541
1760607000,48445,48445,48395,48420,2190
1760607900,48420,48470,48420,48445,2186
1760608800,48445,48485,48440,48460,1800
1760609700,48455,48480,48450,48470,1624
1760610600,48470,48490,48435,48440,1570
1760611500,48440,48470,48410,48455,2186
1760612400,48450,48455,48435,48440,1557
1760613300,48440,48500,48425,48495,2357
1760614200,48500,48510,48460,48465,2254
1760615100,48465,48490,48460,48475,1328
1760616000,48475,48490,48410,48415,2951
1760616900,48415,48440,48380,48410,3008
1760617800,48415,48520,48385,48510,4928
1760618700,48505,48510,48470,48475,3396
1760619600,48475,48540,48465,48530,3788
1760620500,48530,48535,48455,48465,4937
1760621400,48465,48495,48395,48455,8829
1760622300,48450,48485,48305,48330,11402
1760623200,48335,48360,48235,48255,8441
1760624100,48255,48390,48245,48345,7913
1760625000,48345,48470,48335,48450,5540
1760625900,48450,48465,48305,48320,6613
1760626800,48320,48395,48300,48395,4052
1760627700,48400,48405,48190,48195,7443
1760628600,48190,48285,48150,48195,8733
1760629500,48195,48235,48140,48175,5560
1760630400,48175,48245,48140,48225,4697
1760631300,48225,48245,48020,48040,7856
1760632200,48040,48040,47845,47945,13158
1760633100,47950,48125,47865,48120,8483
1760634000,48125,48140,47990,48085,8178
1760634900,48085,48215,48070,48170,5188
1760635800,48165,48195,48070,48110,3686
1760636700,48110,48120,48040,48095,3754
1760637600,48095,48115,47860,47870,6879
1760638500,47865,47930,47775,47880,8104
1760639400,47875,48005,47800,47990,6812
1760640300,47990,48035,47945,48015,3909
1760641200,48015,48035,47955,47960,2758
1760642100,47960,47980,47870,47945,4286
1760643000,47950,47990,47865,47980,4480
1760643900,47985,48065,47965,48025,3932
1760644800,48025,48055,47890,47900,2703
1760645700,47900,47970,47895,47930,915
1760646600,47935,47975,47915,47965,526
1760647500,47970,47980,47950,47975,494
1760648400,48045,48045,48045,48045,637
1760658300,47740,47815,47680,47800,18966
1760659200,47795,47975,47705,47825,30060
1760660100,47825,47875,47780,47820,12223
1760661000,47815,47875,47780,47870,10148
1760661900,47875,47955,47765,47915,11639
1760662800,47915,48065,47915,48040,12898
1760663700,48040,48175,48035,48175,11186
1760664600,48175,48185,48090,48115,8881
1760665500,48110,48115,47890,47925,14022
1760666400,47930,47970,47860,47920,10386
1760667300,47925,47965,47885,47885,6062
1760668200,47890,47950,47885,47935,3972
1760669100,47930,47950,47820,47860,6073
1760670000,47860,47865,47810,47820,4075
1760670900,47820,47865,47815,47845,2220
1760671800,47845,47885,47615,47685,25089
1760672700,47680,47785,47620,47760,17610
1760673600,47760,47800,47680,47705,8999
1760674500,47700,47715,47640,47685,8203
1760675400,47685,47735,47670,47690,5049
1760676300,47685,47705,47655,47660,4674
1760677200,47660,47670,47625,47635,7153
1760678100,47630,47685,47575,47665,11344
1760679000,47670,47680,47530,47570,9843
1760679900,47570,47645,47555,47580,7067
1760680800,47580,47655,47570,47575,9095
1760681700,47575,47620,47540,47565,11106
1760682600,47570,47635,47505,47530,15415
1760683500,47550,47550,47550,47550,2312
1760688000,47195,47265,47115,47195,21348
1760688900,47195,47340,47155,47305,9618
1760689800,47310,47440,47285,47390,7784
1760690700,47395,47455,47385,47415,6705
1760691600,47415,47520,47400,47510,6091
1760692500,47510,47610,47510,47570,6127
1760693400,47575,47635,47505,47530,7255
1760694300,47530,47560,47480,47500,4415
1760695200,47505,47595,47505,47525,3917
1760696100,47520,47535,47440,47440,5494
1760697000,47445,47595,47440,47595,6244
1760697900,47595,47720,47545,47685,9614
1760698800,47690,48070,47655,48035,22829
1760699700,48040,48070,47905,47980,10580
1760700600,47980,47990,47905,47940,6907
1760701500,47940,47975,47885,47965,5037
1760702400,47965,48080,47940,48005,9642
1760703300,48000,48100,47990,48045,5118
1760704200,48050,48085,47995,48055,6464
1760705100,48050,48070,47985,47995,3341
1760706000,47995,48060,47980,48010,4968
1760706900,48010,48035,47960,47970,2683
1760707800,47965,48100,47875,47905,15093
1760708700,47905,48210,47880,48080,17315
1760709600,48080,48285,48025,48265,17781
1760710500,48265,48295,48150,48185,11552
1760711400,48185,48185,48040,48070,9517
1760712300,48070,48190,47960,47995,9543
1760713200,47995,48090,47940,47940,6718
1760714100,47940,48020,47885,47975,7314
1760715000,47975,48050,47880,48040,6747
1760715900,48035,48160,48025,48110,6716
1760716800,48115,48220,48110,48185,5345
1760717700,48185,48215,48130,48175,3182
1760718600,48180,48210,48135,48160,2245
1760719500,48165,48230,48080,48130,3553
1760720400,48130,48145,48085,48115,2000
1760721300,48115,48125,48060,48085,2322
1760722200,48085,48165,48060,48075,3521
1760723100,48075,48200,48030,48185,4267
1760724000,48185,48240,48185,48215,2343
1760724900,48215,48260,48215,48240,2656
1760725800,48245,48270,48190,48200,1839
1760726700,48200,48235,48190,48210,958
1760727600,48220,48290,48215,48270,1510
1760728500,48270,48295,48250,48255,998
1760729400,48250,48275,48220,48265,1334
1760730300,48265,48295,48230,48250,3590
1760731200,48250,48280,48240,48255,714
1760732100,48250,48270,48225,48250,773
1760733000,48245,48265,48240,48245,628
1760733900,48245,48260,48235,48255,499
1760734800,48295,48295,48295,48295,1037
1760917500,48390,48520,48355,48510,19014
1760918400,48505,48515,48330,48420,27943
1760919300,48420,48590,48420,48550,23678
1760920200,48555,48830,48530,48820,28416
1760921100,48820,48865,48740,48775,17764
1760922000,48775,48860,48770,48825,11178
1760922900,48825,48875,48815,48860,9912
1760923800,48865,48985,48850,48985,12961
1760924700,48980,49000,48895,48955,11116
1760925600,48955,48985,48900,48945,8316
1760926500,48950,49040,48940,49035,11905
1760927400,49035,49070,48995,49060,5973
1760928300,49060,49075,49030,49035,3810
1760929200,49040,49055,49030,49050,2504
1760930100,49055,49055,49025,49030,1848
1760931000,49030,49070,48990,49025,9946
1760931900,49020,49055,48900,48930,12880
1760932800,48930,49065,48915,49060,11204
1760933700,49065,49070,49015,49030,4901
1760934600,49030,49035,48920,48970,8028
1760935500,48975,49005,48925,49000,4205
1760936400,48995,49040,48975,49020,6060
1760937300,49020,49070,49020,49040,5078
1760938200,49045,49095,49010,49095,6794
1760939100,49095,49150,49090,49140,10244
1760940000,49135,49135,49055,49110,10651
1760940900,49110,49220,49100,49215,16443
1760941800,49215,49350,49210,49315,22825
1760942700,49300,49300,49300,49300,2925
1760947200,49335,49345,49225,49270,7804
1760948100,49270,49280,49200,49220,3911
1760949000,49220,49250,49165,49165,4570
1760949900,49170,49190,49095,49135,5868
1760950800,49140,49165,49100,49150,4357
1760951700,49155,49240,49145,49225,4594
1760952600,49225,49230,49175,49205,2754
1760953500,49205,49320,49205,49300,4178
1760954400,49300,49360,49295,49345,4226
1760955300,49345,49350,49300,49320,3174
1760956200,49320,49380,49310,49325,4544
1760957100,49325,49335,49270,49280,2747
1760958000,49275,49345,49265,49335,2570
1760958900,49335,49360,49330,49355,1449
1760959800,49350,49355,49325,49335,1493
1760960700,49335,49425,49335,49395,4983
1760961600,49395,49405,49355,49385,2520
1760962500,49380,49405,49365,49375,2092
1760963400,49380,49390,49360,49360,2133
1760964300,49360,49450,49340,49440,6473
1760965200,49440,49520,49415,49470,11472
1760966100,49470,49490,49450,49475,3641
1760967000,49480,49600,49480,49580,13479
1760967900,49580,49645,49565,49600,8382
1760968800,49605,49640,49595,49620,4348
1760969700,49615,49690,49580,49685,5596
1760970600,49690,49780,49675,49760,8036
1760971500,49755,49795,49745,49785,5720
1760972400,49780,49780,49705,49710,4478
1760973300,49710,49755,49705,49735,2441
1760974200,49735,49765,49725,49740,3172
1760975100,49735,49765,49665,49690,4089
1760976000,49690,49715,49675,49695,1496
1760976900,49695,49725,49685,49725,1639
1760977800,49725,49730,49680,49695,1207
1760978700,49700,49720,49695,49705,862
1760979600,49705,49740,49705,49730,1511
1760980500,49730,49750,49725,49725,998
1760981400,49730,49735,49720,49730,660
1760982300,49730,49760,49715,49720,1093
1760983200,49715,49755,49715,49745,903
1760984100,49745,49750,49695,49715,753
1760985000,49720,49730,49700,49700,482
1760985900,49700,49720,49680,49715,795
1760986800,49710,49720,49695,49700,655
1760987700,49695,49700,49655,49690,1231
1760988600,49685,49695,49670,49675,711
1760989500,49675,49695,49665,49670,2328
1760990400,49665,49690,49645,49670,1070
1760991300,49665,49685,49645,49685,834
1760992200,49685,49730,49680,49715,775
1760993100,49720,49725,49680,49690,948
1760994000,49620,49620,49620,49620,935
1761003900,49820,49865,49740,49850,15907
1761004800,49845,49855,49500,49585,38466
1761005700,49590,49765,49590,49730,15977
1761006600,49730,49795,49630,49775,13430
1761007500,49775,49855,49740,49845,12270
1761008400,49845,49910,49760,49765,15032
1761009300,49765,49860,49765,49850,8086
1761010200,49855,49945,49840,49945,9065
1761011100,49940,49970,49915,49930,9918
1761012000,49930,49970,49930,49960,5100
1761012900,49960,50010,49955,49985,11511
1761013800,49985,49995,49890,49890,4859
1761014700,49885,49935,49860,49930,5018
1761015600,49930,49975,49915,49970,2695
1761016500,49975,49990,49960,49985,4160
1761017400,49990,49990,49725,49780,22127
1761018300,49785,49795,49540,49705,29911
1761019200,49705,49725,49485,49565,20716
1761020100,49560,49690,49540,49680,12315
1761021000,49675,49700,49590,49645,8506
1761021900,49650,49765,49280,49470,46076
1761022800,49475,49640,49325,49530,33555
1761023700,49535,49595,49490,49540,11808
1761024600,49540,49565,49315,49330,17439
1761025500,49330,49405,49185,49390,25129
1761026400,49395,49420,49235,49245,14081
1761027300,49240,49365,49230,49325,14036
1761028200,49320,49370,49260,49285,17072
1761029100,49165,49165,49165,49165,4734
1761033600,49200,49265,49165,49195,12007
1761034500,49195,49245,49125,49230,8481
1761035400,49230,49240,49175,49240,2785
1761036300,49240,49305,49230,49245,3970
1761037200,49250,49365,49245,49350,4754
1761038100,49355,49375,49325,49375,3036
1761039000,49370,49415,49365,49400,5191
1761039900,49400,49435,49395,49395,3179
1761040800,49395,49410,49375,49395,1972
1761041700,49390,49435,49385,49435,2007
1761042600,49435,49505,49435,49505,5685
1761043500,49510,49530,49460,49485,6304
1761044400,49485,49560,49475,49555,4308
1761045300,49560,49595,49555,49585,4586
1761046200,49590,49590,49540,49540,3919
1761047100,49540,49565,49530,49560,2805
1761048000,49560,49575,49530,49540,2110
1761048900,49540,49545,49520,49530,1793
1761049800,49530,49540,49455,49520,5362
1761050700,49520,49535,49495,49520,2014
1761051600,49520,49550,49340,49390,11448
1761052500,49390,49480,49270,49480,10521
1761053400,49480,49485,49295,49325,11848
1761054300,49325,49345,49210,49265,10337
1761055200,49270,49395,49245,49395,9113
1761056100,49395,49495,49360,49390,8722
1761057000,49385,49435,49360,49390,4531
1761057900,49395,49550,49380,49530,6744
1761058800,49530,49535,49500,49505,3313
1761059700,49500,49500,49410,49415,3617
1761060600,49415,49475,49395,49450,3790
1761061500,49450,49505,49435,49455,2987
1761062400,49450,49505,49445,49480,2422
1761063300,49480,49505,49455,49500,1211
1761064200,49495,49510,49475,49500,1243
1761065100,49500,49535,49365,49390,4363
1761066000,49385,49430,49330,49425,4292
1761066900,49425,49430,49355,49395,1477
1761067800,49395,49430,49370,49395,1245
1761068700,49400,49455,49390,49450,1170
1761069600,49450,49470,49430,49455,894
1761070500,49455,49475,49420,49440,874
1761071400,49445,49460,49420,49425,659
1761072300,49425,49455,49415,49425,803
1761073200,49420,49425,49385,49395,1328
1761074100,49390,49405,49370,49375,992
1761075000,49370,49375,49340,49370,1091
1761075900,49365,49415,49350,49360,1458
1761076800,49365,49365,49315,49340,881
1761077700,49340,49365,49335,49360,276
1761078600,49360,49380,49355,49375,333
1761079500,49375,49385,49355,49370,544
1761080400,49385,49385,49385,49385,645
1761090300,49350,49360,49255,49265,10778
1761091200,49270,49335,48965,49000,40162
1761092100,49000,49065,48905,49025,23631
1761093000,49030,49035,48770,48770,23132
1761093900,48770,48870,48695,48720,21742
1761094800,48720,48880,48665,48860,16914
1761095700,48860,48960,48790,48945,12885
1761096600,48940,49030,48910,49000,15156
1761097500,49000,49005,48910,48995,8539
1761098400,49000,49150,48990,49145,12641
1761099300,49140,49175,49090,49130,7927
1761100200,49125,49135,49090,49130,3871
1761101100,49130,49135,49105,49120,1507
1761102000,49115,49165,49100,49165,3784
1761102900,49160,49195,49145,49175,5232
1761103800,49175,49220,49055,49150,16287
1761104700,49150,49410,49150,49380,21738
1761105600,49380,49460,49360,49365,17958
1761106500,49365,49450,49320,49330,10694
1761107400,49325,49435,49325,49420,7410
1761108300,49420,49480,49420,49450,8556
1761109200,49450,49460,49365,49400,7525
1761110100,49400,49405,49280,49330,9314
1761111000,49330,49440,49315,49400,8983
1761111900,49400,49425,49365,49370,6263
1761112800,49370,49505,49325,49495,10887
1761113700,49490,49990,49280,49340,32226
1761114600,49340,49365,49195,49290,23154
1761115500,49305,49305,49305,49305,1629
1761120000,49300,49305,49065,49075,10276
1761120900,49075,49105,49005,49065,8759
1761121800,49065,49115,49020,49060,5711
1761122700,49055,49080,49010,49055,4625
1761123600,49055,49070,48955,48980,6486
1761124500,48980,49100,48955,49080,4135
1761125400,49080,49155,49070,49090,5269
1761126300,49090,49140,49040,49140,3382
1761127200,49135,49150,49090,49120,2384
1761128100,49115,49135,49105,49125,1184
1761129000,49120,49155,49110,49145,1381
1761129900,49145,49145,49065,49070,2054
1761130800,49070,49095,48925,48995,7361
1761131700,48995,49035,48935,48960,4238
1761132600,48960,49010,48900,48935,4854
1761133500,48935,48985,48905,48935,3808
1761134400,48935,49030,48925,49005,4961
1761135300,49010,49020,48960,48995,2326
1761136200,48995,49015,48975,49010,1918
1761137100,49015,49025,48990,49000,1540
1761138000,49000,49060,48965,49060,3126
1761138900,49060,49090,49035,49080,2410
1761139800,49085,49130,48970,49125,10484
1761140700,49125,49165,49075,49120,6853
1761141600,49120,49155,49055,49060,4749
1761142500,49060,49110,48915,48935,7024
1761143400,48930,48985,48870,48875,8358
1761144300,48875,49020,48825,49005,8981
1761145200,49010,49035,48945,48965,5376
1761146100,48965,48975,48770,48780,7951
1761147000,48785,48865,48750,48845,6277
1761147900,48850,48910,48825,48830,3466
1761148800,48830,48855,48765,48785,3888
1761149700,48785,48820,48715,48760,3860
1761150600,48765,48805,48445,48725,21253
1761151500,48725,48810,48670,48750,7404
1761152400,48750,48785,48660,48665,4884
1761153300,48665,48690,48550,48600,5307
1761154200,48595,48640,48460,48475,5632
1761155100,48480,48555,48450,48550,4515
1761156000,48550,48610,48510,48510,2715
1761156900,48510,48640,48470,48620,3204
1761157800,48620,48665,48575,48645,2896
1761158700,48645,48690,48590,48680,2410
1761159600,48680,48755,48640,48725,3321
1761160500,48725,48765,48705,48750,2239
1761161400,48750,48815,48750,48785,2113
1761162300,48785,48830,48780,48815,2178
1761163200,48820,48850,48800,48825,1800
1761164100,48825,48830,48765,48770,650
1761165000,48770,48795,48765,48795,484
1761165900,48800,48800,48770,48775,305
1761166800,48815,48815,48815,48815,769
1761176700,48700,48770,48650,48695,17532
1761177600,48695,48695,48450,48660,36221
1761178500,48660,48740,48610,48700,17748
1761179400,48700,48755,48585,48620,11564
1761180300,48625,48725,48585,48670,9793
1761181200,48665,48740,48610,48635,11723
1761182100,48635,48755,48620,48735,7418
1761183000,48730,48815,48725,48780,9074
1761183900,48780,48795,48675,48715,7350
1761184800,48715,48750,48625,48665,7255
1761185700,48660,48725,48660,48715,5284
1761186600,48715,48745,48690,48725,2193
1761187500,48730,48775,48715,48715,3040
1761188400,48715,48770,48685,48755,2733
1761189300,48755,48780,48725,48730,2605
1761190200,48730,48755,48635,48665,7585
1761191100,48670,48735,48645,48705,5419
1761192000,48710,48735,48640,48650,5243
1761192900,48645,48675,48595,48635,7115
1761193800,48635,48635,48530,48560,7932
1761194700,48555,48585,48525,48525,5153
1761195600,48530,48565,48475,48530,8438
1761196500,48530,48625,48520,48625,7042
1761197400,48620,48655,48595,48635,6878
1761198300,48630,48710,48620,48710,7049
1761199200,48705,48735,48690,48710,7055
1761200100,48715,48730,48660,48690,10064
1761201000,48685,48725,48645,48650,8505
1761201900,48665,48665,48665,48665,2447
1761206400,48760,48810,48725,48775,7068
1761207300,48775,48825,48765,48785,3702
1761208200,48785,48820,48770,48805,2618
1761209100,48805,48815,48755,48810,2642
1761210000,48810,48860,48785,48830,4903
1761210900,48825,48830,48740,48760,3168
1761211800,48760,48790,48735,48750,1973
1761212700,48750,48780,48710,48770,2721
1761213600,48765,48795,48745,48780,1549
1761214500,48785,48840,48785,48825,2656
1761215400,48830,48840,48815,48825,1076
1761216300,48820,48845,48800,48845,1854
1761217200,48840,48860,48765,48780,3098
1761218100,48785,48810,48770,48790,1445
1761219000,48790,48790,48740,48750,1906
1761219900,48750,48750,48680,48685,3688
1761220800,48685,48705,48645,48680,4664
1761221700,48680,48710,48625,48670,3752
1761222600,48675,48675,48590,48635,4247
1761223500,48630,48705,48625,48680,2941
1761224400,48680,48700,48595,48640,3748
1761225300,48635,48710,48635,48700,2100
1761226200,48700,48855,48700,48855,9225
1761227100,48855,48995,48855,48935,11849
1761228000,48935,48965,48845,48880,6557
1761228900,48880,48920,48815,48880,5864
1761229800,48875,48950,48860,48905,3349
1761230700,48900,48940,48855,48905,4192
1761231600,48905,48920,48875,48895,2506
1761232500,48900,48950,48875,48940,2587
1761233400,48940,48965,48875,48880,3810
1761234300,48880,49010,48870,48975,3918
1761235200,48970,49015,48960,49015,3506
1761236100,49015,49015,48950,48970,1882
1761237000,48965,49000,48965,48995,1191
1761237900,49000,49005,48975,48985,889
1761238800,48985,49005,48910,48995,4962
1761239700,48995,49000,48955,48965,1015
1761240600,48970,49060,48965,49055,3354
1761241500,49055,49075,49040,49060,1696
1761242400,49070,49070,49030,49045,1240
1761243300,49045,49065,49020,49045,2097
1761244200,49045,49060,49035,49045,741
1761245100,49045,49080,49035,49065,1374
1761246000,49060,49075,49050,49070,751
1761246900,49070,49075,49035,49045,822
1761247800,49040,49045,49005,49005,1148
1761248700,49005,49025,48970,48990,2456
1761249600,48990,49010,48970,49010,831
1761250500,49005,49020,49000,49010,226
1761251400,49015,49030,48990,48995,404
1761252300,48990,49000,48975,48975,481
1761253200,48985,48985,48985,48985,605
1761263100,49125,49170,49095,49160,13150
1761264000,49155,49240,49005,49105,34913
1761264900,49105,49185,49065,49065,10864
1761265800,49070,49290,49065,49250,12452
1761266700,49250,49320,49205,49220,12806
1761267600,49220,49315,49210,49270,10298
1761268500,49275,49290,49230,49235,7891
1761269400,49235,49275,49220,49275,5785
1761270300,49270,49385,49265,49370,9771
1761271200,49375,49415,49320,49340,12045
1761272100,49340,49390,49335,49370,4446
1761273000,49370,49380,49305,49310,3043
1761273900,49310,49350,49310,49330,2395
1761274800,49330,49335,49295,49320,2817
1761275700,49320,49375,49320,49365,2947
1761276600,49370,49490,49365,49440,12878
1761277500,49435,49450,49395,49405,7131
1761278400,49400,49470,49380,49460,6638
1761279300,49455,49470,49430,49455,4494
1761280200,49455,49470,49430,49445,4600
1761281100,49445,49455,49380,49385,4269
1761282000,49385,49445,49280,49295,10031
1761282900,49295,49425,49285,49420,8948
1761283800,49415,49420,49320,49365,7775
1761284700,49365,49370,49280,49325,7435
1761285600,49320,49390,49305,49330,8022
1761286500,49330,49390,49315,49350,8004
1761287400,49350,49390,49325,49355,12281
1761288300,49320,49320,49320,49320,2306
1761292800,49215,49265,49195,49220,10214
1761293700,49220,49310,49215,49285,3329
1761294600,49280,49280,49235,49270,2429
1761295500,49270,49330,49270,49310,2676
1761296400,49310,49365,49300,49340,3446
1761297300,49340,49405,49335,49395,2853
1761298200,49400,49435,49390,49425,2181
1761299100,49430,49440,49400,49425,2144
1761300000,49425,49435,49405,49425,1354
1761300900,49430,49430,49400,49415,1171
1761301800,49415,49445,49395,49395,2306
1761302700,49400,49420,49375,49390,1756
1761303600,49385,49415,49375,49405,1599
1761304500,49410,49410,49375,49400,1437
1761305400,49395,49425,49385,49415,1207
1761306300,49415,49425,49390,49390,1244
1761307200,49390,49420,49350,49355,2003
1761308100,49355,49390,49325,49380,3001
1761309000,49380,49590,49360,49480,15946
1761309900,49480,49510,49450,49465,4007
1761310800,49470,49510,49470,49500,2944
1761311700,49500,49565,49495,49525,5505
1761312600,49530,49650,49480,49620,11511
1761313500,49625,49665,49585,49620,7000
1761314400,49625,49645,49580,49585,5290
1761315300,49590,49590,49535,49545,4240
1761316200,49545,49595,49490,49590,4201
1761317100,49590,49595,49435,49485,4848
1761318000,49485,49580,49465,49570,5083
1761318900,49570,49620,49570,49595,3645
1761319800,49595,49615,49575,49585,2653
1761320700,49580,49595,49555,49580,3232
1761321600,49585,49595,49560,49580,1128
1761322500,49575,49585,49540,49545,1681
1761323400,49545,49555,49510,49510,1417
1761324300,49510,49560,49505,49535,1574
1761325200,49535,49550,49510,49515,842
1761326100,49520,49570,49515,49560,909
1761327000,49555,49560,49535,49555,629
1761327900,49560,49585,49550,49580,1028
1761328800,49580,49580,49555,49565,615
1761329700,49565,49580,49560,49570,650
1761330600,49570,49580,49565,49570,521
1761331500,49570,49590,49555,49590,1069
1761332400,49585,49595,49570,49580,1035
1761333300,49580,49590,49570,49580,572
1761334200,49580,49580,49565,49570,559
1761335100,49570,49580,49530,49540,3269
1761336000,49545,49545,49510,49520,1072
1761336900,49520,49540,49515,49535,324
1761337800,49535,49570,49535,49560,725
1761338700,49555,49560,49535,49550,517
1761339600,49555,49555,49555,49555,789
1761522300,50010,50125,50005,50080,23926
1761523200,50070,50335,50005,50325,40951
1761524100,50330,50390,50270,50365,22812
1761525000,50370,50440,50315,50320,18324
1761525900,50320,50375,50105,50125,26936
1761526800,50125,50175,50065,50105,18081
1761527700,50100,50300,50065,50285,15197
1761528600,50290,50530,50285,50525,21530
1761529500,50530,50550,50445,50490,14283
1761530400,50490,50495,50365,50375,10297
1761531300,50370,50445,50365,50400,6173
1761532200,50405,50445,50405,50445,2677
1761533100,50440,50455,50420,50420,1938
1761534000,50420,50440,50410,50420,2405
1761534900,50420,50460,50410,50440,3150
1761535800,50435,50455,50330,50345,9987
1761536700,50345,50405,50280,50355,9122
1761537600,50350,50375,50280,50285,6470
1761538500,50285,50420,50255,50410,10112
1761539400,50415,50425,50355,50420,7783
1761540300,50420,50430,50375,50425,5559
1761541200,50425,50465,50395,50455,10658
1761542100,50455,50480,50400,50455,9435
1761543000,50455,50520,50445,50510,9427
1761543900,50510,50525,50480,50500,5659
1761544800,50490,50550,50480,50545,7708
1761545700,50545,50620,50540,50580,15048
1761546600,50575,50630,50545,50595,17323
1761547500,50590,50590,50590,50590,2785
1761552000,50630,50685,50510,50525,10490
1761552900,50525,50550,50495,50515,4456
1761553800,50515,50585,50490,50565,3688
1761554700,50570,50605,50550,50585,2879
1761555600,50585,50590,50535,50550,2366
1761556500,50555,50560,50515,50515,1774
1761557400,50520,50560,50505,50550,2753
1761558300,50545,50570,50545,50565,1581
1761559200,50565,50570,50535,50550,1142
1761560100,50555,50570,50530,50565,1632
1761561000,50565,50570,50545,50560,1508
1761561900,50560,50570,50540,50540,1599
1761562800,50540,50565,50520,50540,2069
1761563700,50535,50545,50470,50475,3735
1761564600,50475,50495,50460,50470,2588
1761565500,50470,50480,50420,50455,3244
1761566400,50450,50490,50425,50485,3821
1761567300,50485,50490,50440,50450,2201
1761568200,50450,50490,50435,50455,2647
1761569100,50455,50460,50435,50445,2003
1761570000,50445,50455,50420,50420,2184
1761570900,50425,50445,50390,50430,3296
1761571800,50425,50505,50420,50485,10175
1761572700,50480,50500,50425,50460,4374
1761573600,50460,50470,50430,50450,3679
1761574500,50450,50460,50390,50455,4952
1761575400,50455,50485,50435,50470,3801
1761576300,50470,50470,50380,50385,4981
1761577200,50385,50435,50380,50435,2406
1761578100,50435,50440,50385,50425,2243
1761579000,50425,50455,50415,50440,2066
1761579900,50440,50440,50405,50415,1563
1761580800,50420,50430,50405,50415,1040
1761581700,50420,50435,50405,50420,1228
1761582600,50425,50440,50420,50435,1069
1761583500,50435,50475,50435,50460,1527
1761584400,50465,50470,50420,50430,846
1761585300,50430,50430,50405,50430,867
1761586200,50430,50470,50430,50465,675
1761587100,50465,50470,50445,50455,811
1761588000,50455,50460,50445,50455,508
1761588900,50455,50455,50425,50430,614
1761589800,50430,50440,50415,50420,856
1761590700,50425,50425,50405,50425,953
1761591600,50425,50430,50410,50430,394
1761592500,50425,50450,50410,50445,819
1761593400,50450,50465,50430,50445,1101
1761594300,50445,50505,50440,50480,2735
1761595200,50475,50485,50450,50480,561
1761596100,50475,50525,50470,50515,848
1761597000,50515,50540,50510,50530,535
1761597900,50535,50565,50530,50550,856
1761598800,50520,50520,50520,50520,641
1761608700,50560,50565,50375,50395,14133
1761609600,50395,50470,50235,50355,35488
1761610500,50355,50490,50350,50435,15349
1761611400,50440,50450,50340,50395,13272
1761612300,50395,50495,50375,50455,10162
1761613200,50455,50485,50395,50435,7488
1761614100,50440,50455,50335,50350,7259
1761615000,50350,50445,50335,50365,7072
1761615900,50365,50400,50295,50300,8208
1761616800,50305,50405,50270,50390,8671
1761617700,50390,50475,50335,50475,8165
1761618600,50475,50495,50450,50450,3206
1761619500,50450,50480,50415,50455,2726
1761620400,50460,50465,50410,50415,1914
1761621300,50415,50455,50405,50450,1794
1761622200,50450,50520,50365,50495,9981
1761623100,50500,50530,50465,50505,6433
1761624000,50500,50500,50425,50465,5152
1761624900,50465,50470,50340,50355,8563
1761625800,50355,50365,50290,50295,7501
1761626700,50300,50330,50225,50250,10118
1761627600,50255,50265,50150,50175,12313
1761628500,50170,50250,50155,50215,9081
1761629400,50210,50260,50165,50175,7456
1761630300,50170,50250,50150,50215,7380
1761631200,50210,50255,50200,50230,7390
1761632100,50230,50290,50190,50245,10871
1761633000,50245,50480,50240,50435,22935
1761633900,50465,50465,50465,50465,2347
1761638400,50380,50430,50330,50335,8619
1761639300,50335,50365,50315,50365,3405
1761640200,50365,50370,50280,50310,3768
1761641100,50310,50365,50305,50345,2481
1761642000,50345,50385,50345,50365,1943
1761642900,50365,50380,50360,50375,1949
1761643800,50375,50385,50350,50365,1663
1761644700,50365,50385,50350,50375,858
1761645600,50370,50420,50370,50410,2612
1761646500,50410,50455,50400,50445,3025
1761647400,50445,50450,50420,50430,1368
1761648300,50430,50450,50420,50435,1537
1761649200,50435,50475,50425,50460,3113
1761650100,50460,50490,50410,50475,5391
1761651000,50475,50515,50465,50500,2811
1761651900,50500,50520,50490,50495,1916
1761652800,50495,50515,50490,50505,2114
1761653700,50505,50515,50485,50495,2256
1761654600,50495,50500,50465,50465,2203
1761655500,50465,50480,50450,50470,2788
1761656400,50470,50590,50460,50570,6837
1761657300,50575,50585,50545,50580,2854
1761658200,50580,50610,50560,50590,7408
1761659100,50590,50605,50525,50545,6084
1761660000,50550,50560,50510,50540,3778
1761660900,50545,50555,50520,50545,2582
1761661800,50540,50580,50525,50545,3044
1761662700,50545,50560,50510,50525,3662
1761663600,50520,50540,50490,50505,2949
1761664500,50510,50530,50505,50525,1579
1761665400,50525,50530,50460,50475,3065
1761666300,50475,50535,50465,50530,2441
1761667200,50530,50595,50530,50585,3045
1761668100,50585,50650,50580,50650,4499
1761669000,50650,50785,50640,50720,10857
1761669900,50725,50770,50715,50715,2836
1761670800,50715,50745,50685,50735,2371
1761671700,50735,50755,50700,50705,1679
1761672600,50705,50745,50700,50745,997
1761673500,50745,50765,50730,50760,1555
1761674400,50760,50775,50745,50760,1258
1761675300,50755,50795,50755,50780,1271
1761676200,50780,50810,50750,50760,1830
1761677100,50760,50760,50725,50745,840
1761678000,50745,50760,50720,50760,1155
1761678900,50760,50775,50740,50775,1189
1761679800,50770,50770,50700,50720,2203
1761680700,50720,50725,50685,50695,2578
1761681600,50700,50705,50660,50665,1253
1761682500,50665,50705,50665,50700,444
1761683400,50700,50700,50675,50700,437
1761684300,50700,50705,50685,50690,451
1761685200,50665,50665,50665,50665,810
1761695100,50700,50750,50665,50740,13924
1761696000,50740,50840,50685,50795,38107
1761696900,50800,50885,50745,50865,24854
1761697800,50865,50950,50850,50925,19382
1761698700,50925,50930,50785,50890,15041
1761699600,50890,51010,50855,50985,19186
1761700500,50980,51090,50965,51060,21266
1761701400,51055,51285,51055,51175,28235
1761702300,51175,51315,51120,51275,18666
1761703200,51280,51350,51245,51255,14664
1761704100,51260,51365,51220,51300,11243
1761705000,51300,51355,51290,51340,4562
1761705900,51340,51380,51320,51345,4891
1761706800,51340,51340,51265,51280,4696
1761707700,51280,51300,51250,51265,3444
1761708600,51265,51330,51195,51265,13553
1761709500,51265,51315,51245,51300,7109
1761710400,51300,51330,51125,51155,12419
1761711300,51155,51290,51145,51255,8283
1761712200,51255,51270,51225,51250,5527
1761713100,51250,51265,51200,51260,4907
1761714000,51255,51350,51250,51345,9720
1761714900,51340,51445,51335,51440,21304
1761715800,51445,51535,51415,51420,19598
1761716700,51420,51425,51345,51370,14904
1761717600,51365,51480,51330,51475,11947
1761718500,51470,51495,51400,51425,13864
1761719400,51430,51450,51350,51380,15069
1761720300,51330,51330,51330,51330,2795
1761724800,51365,51470,51350,51465,10556
1761725700,51465,51555,51450,51455,8977
1761726600,51455,51500,51355,51375,7534
1761727500,51375,51405,51315,51340,5179
1761728400,51340,51350,51210,51215,6458
1761729300,51215,51265,51210,51250,5613
1761730200,51255,51280,51230,51270,2321
1761731100,51270,51285,51205,51235,3580
1761732000,51235,51330,51220,51330,4178
1761732900,51325,51385,51310,51340,3974
1761733800,51345,51380,51320,51365,2565
1761734700,51365,51415,51355,51355,3279
1761735600,51355,51390,51335,51360,1980
1761736500,51355,51390,51310,51380,2691
1761737400,51375,51380,51345,51375,1601
1761738300,51375,51375,51335,51345,1424
1761739200,51340,51355,51290,51320,2898
1761740100,51320,51345,51290,51305,1558
1761741000,51305,51310,51260,51285,2025
1761741900,51285,51305,51265,51275,2208
1761742800,51275,51300,51255,51270,2276
1761743700,51270,51275,51220,51250,2002
1761744600,51255,51295,51145,51210,9090
1761745500,51215,51245,51180,51220,5348
1761746400,51220,51225,51120,51190,6098
1761747300,51195,51230,51170,51225,3744
1761748200,51225,51245,51200,51210,4047
1761749100,51210,51230,51145,51175,3737
1761750000,51175,51230,51175,51220,2552
1761750900,51220,51280,51200,51265,3447
1761751800,51260,51260,51215,51225,2049
1761752700,51220,51225,51170,51180,2510
1761753600,51180,51210,51125,51205,3638
1761754500,51200,51220,51185,51220,1943
1761755400,51220,51245,51205,51215,2240
1761756300,51220,51240,51180,51225,1824
1761757200,51225,51240,51195,51240,1584
1761758100,51240,51250,51170,51190,1181
1761759000,51185,51230,51170,51225,776
1761759900,51225,51250,51210,51225,1325
1761760800,51225,51275,51170,51175,3282
1761761700,51175,51235,51165,51230,1742
1761762600,51235,51295,50815,50845,21345
1761763500,50845,51130,50835,51085,8725
1761764400,51090,51140,50910,50965,6313
1761765300,50975,51040,50880,50945,5597
1761766200,50945,50970,50875,50965,3712
1761767100,50970,51130,50955,51125,4595
1761768000,51120,51195,50985,51010,6105
1761768900,51010,51040,50970,51020,1240
1761769800,51020,51065,50990,51060,802
1761770700,51065,51085,51035,51040,636
1761771600,51045,51045,51045,51045,712
1761781500,50960,51185,50930,51180,16808
1761782400,51180,51400,51135,51385,51341
1761783300,51385,51460,51285,51430,26567
1761784200,51435,51580,51280,51300,27949
1761785100,51295,51375,51160,51250,25501
1761786000,51255,51375,51065,51250,24881
1761786900,51250,51255,51120,51160,11391
1761787800,51160,51355,51070,51325,19060
1761788700,51330,51360,51280,51320,7450
1761789600,51315,51395,51275,51395,7798
1761790500,51395,51465,51375,51445,7942
1761791400,51450,51470,51360,51365,4117
1761792300,51370,51395,51340,51345,2529
1761793200,51340,51350,51285,51320,2790
1761794100,51325,51535,51325,51520,12887
1761795000,51515,51670,51505,51615,19605
1761795900,51610,51725,51585,51650,14597
1761796800,51645,51700,51165,51260,30481
1761797700,51255,51375,51090,51170,28446
1761798600,51175,51455,51130,51220,37000
1761799500,51220,51260,51045,51120,18122
1761800400,51125,51195,51020,51145,18637
1761801300,51150,51375,51120,51370,16149
1761802200,51370,51520,51365,51495,19515
1761803100,51495,51605,51485,51545,15823
1761804000,51545,51565,51350,51375,16144
1761804900,51375,51385,51280,51335,16864
1761805800,51335,51480,51290,51380,18122
1761806700,51460,51460,51460,51460,2717
1761811200,51550,51710,51535,51635,16405
1761812100,51640,51760,51595,51720,10428
1761813000,51720,51745,51675,51730,5666
1761813900,51735,51770,51695,51760,4282
1761814800,51760,51880,51760,51835,9480
1761815700,51840,51850,51725,51775,5117
1761816600,51780,51790,51680,51705,4497
1761817500,51710,51710,51640,51690,3844
1761818400,51690,51745,51660,51740,3229
1761819300,51745,51780,51680,51685,4062
1761820200,51690,51790,51690,51770,2689
1761821100,51775,51835,51765,51780,4564
1761822000,51780,51840,51780,51815,3096
1761822900,51810,51850,51810,51830,2620
1761823800,51830,51835,51765,51820,2675
1761824700,51820,51820,51760,51775,2873
1761825600,51775,51790,51665,51680,4728
1761826500,51680,51715,51610,51610,5954
1761827400,51615,51670,51560,51595,9272
1761828300,51590,51615,51515,51540,5506
1761829200,51540,51595,51520,51560,4394
1761830100,51555,51580,51475,51540,5488
1761831000,51540,51575,51400,51485,13407
1761831900,51480,51795,51470,51690,14887
1761832800,51695,51755,51595,51650,9217
1761833700,51655,51655,51490,51500,9365
1761834600,51500,51650,51500,51620,7322
1761835500,51620,51640,51505,51585,5936
1761836400,51585,51655,51565,51650,4416
1761837300,51645,51655,51610,51635,3590
1761838200,51640,51655,51530,51560,2838
1761839100,51555,51580,51495,51510,3423
1761840000,51510,51660,51495,51655,3409
1761840900,51655,51660,51600,51635,3115
1761841800,51635,51635,51575,51625,2692
1761842700,51625,51640,51590,51630,1370
1761843600,51625,51625,51500,51525,2433
1761844500,51525,51600,51515,51580,2606
1761845400,51575,51585,51535,51585,1576
1761846300,51585,51630,51585,51610,1592
1761847200,51605,51610,51505,51510,1366
1761848100,51510,51545,51495,51515,1071
1761849000,51525,51550,51455,51470,1606
1761849900,51470,51535,51470,51490,1237
1761850800,51490,51495,51410,51435,2801
1761851700,51435,51445,51340,51400,3904
1761852600,51405,51450,51345,51350,1893
1761853500,51350,51385,51310,51325,3318
1761854400,51320,51445,51295,51415,3192
1761855300,51415,51460,51415,51455,773
1761856200,51455,51555,51395,51545,3516
1761857100,51545,51560,51520,51530,685
1761858000,51550,51550,51550,51550,610
1761867900,51545,51760,51530,51750,14151
1761868800,51755,51935,51740,51910,32953
1761869700,51915,52310,51870,52255,34721
1761870600,52250,52320,52190,52240,24861
1761871500,52240,52450,52230,52230,24597
1761872400,52225,52280,52040,52120,23581
1761873300,52120,52150,51965,52075,16708
1761874200,52075,52145,51785,51810,23356
1761875100,51810,52015,51750,51995,20798
1761876000,51990,52060,51885,52055,12042
1761876900,52055,52080,51965,51990,10642
1761877800,51995,52015,51930,51940,4514
1761878700,51945,52065,51905,52060,4402
1761879600,52065,52110,52060,52095,4409
1761880500,52095,52105,51995,52035,5115
1761881400,52035,52185,51955,52155,14614
1761882300,52155,52300,52145,52240,14330
1761883200,52235,52300,52220,52240,10339
1761884100,52240,52290,52200,52240,7591
1761885000,52240,52340,52220,52245,10425
1761885900,52240,52360,52130,52315,15221
1761886800,52315,52415,52295,52390,12192
1761887700,52395,52445,52345,52360,11836
1761888600,52360,52405,52280,52400,12305
1761889500,52395,52415,52285,52315,11895
1761890400,52315,52400,52215,52360,14553
1761891300,52360,52500,52335,52485,19690
1761892200,52480,52530,52425,52440,20036
1761893100,52470,52470,52470,52470,2692
1761897600,52600,52640,52530,52540,11943
1761898500,52540,52615,52520,52610,6575
1761899400,52610,52615,52530,52535,4081
1761900300,52535,52550,52480,52530,4322
1761901200,52530,52570,52505,52515,2762
1761902100,52515,52530,52440,52465,3805
1761903000,52465,52475,52415,52430,3175
1761903900,52425,52470,52420,52440,2206
1761904800,52440,52455,52415,52440,1713
1761905700,52440,52460,52415,52435,1900
1761906600,52435,52475,52415,52450,2568
1761907500,52450,52490,52430,52435,2216
1761908400,52435,52435,52365,52410,3958
1761909300,52405,52535,52400,52530,2975
1761910200,52525,52560,52505,52545,3401
1761911100,52545,52610,52540,52595,3816
1761912000,52590,52610,52565,52600,2947
1761912900,52605,52675,52600,52640,4748
1761913800,52645,52645,52485,52510,6276
1761914700,52510,52545,52465,52480,4871
1761915600,52475,52510,52450,52480,2561
1761916500,52480,52500,52445,52465,2640
1761917400,52460,52525,52405,52430,8367
1761918300,52430,52480,52380,52415,6498
1761919200,52420,52480,52335,52420,8645
1761920100,52420,52475,52345,52395,5898
1761921000,52390,52490,52385,52480,4203
1761921900,52485,52520,52480,52505,3683
1761922800,52505,52510,52450,52465,2664
1761923700,52470,52505,52430,52440,2697
1761924600,52445,52500,52400,52500,6207
1761925500,52500,52535,52360,52370,7740
1761926400,52370,52380,52290,52350,6022
1761927300,52350,52365,52290,52320,4546
1761928200,52315,52370,52235,52260,5021
1761929100,52260,52275,52175,52190,3432
1761930000,52190,52220,52130,52170,3449
1761930900,52165,52190,52115,52130,3467
1761931800,52130,52180,52085,52170,3329
1761932700,52175,52235,52170,52195,2158
1761933600,52195,52265,52195,52260,1984
1761934500,52260,52290,52235,52280,2146
1761935400,52280,52295,52260,52280,2267
1761936300,52280,52290,52225,52285,2151
1761937200,52280,52305,52250,52300,2120
1761938100,52300,52385,52280,52380,2994
1761939000,52380,52390,52350,52375,2033
1761939900,52370,52385,52285,52290,4828
1761940800,52285,52295,52225,52255,1942
1761941700,52260,52270,52245,52260,435
1761942600,52270,52285,52260,52280,560
1761943500,52275,52305,52275,52305,731
1761944400,52270,52270,52270,52270,1025
1762127100,52465,52510,52415,52415,7262
1762128000,52415,52450,52355,52375,4378
1762128900,52375,52410,52335,52365,4198
1762129800,52370,52375,52300,52310,3013
1762130700,52310,52325,52255,52315,3940
1762131600,52315,52320,52245,52255,3160
1762132500,52260,52305,52260,52300,1976
1762133400,52305,52310,52220,52255,3882
1762134300,52260,52275,52250,52255,1525
1762135200,52260,52260,52180,52225,3397
1762136100,52225,52290,52220,52240,2323
1762137000,52240,52245,52190,52220,2295
1762137900,52220,52260,52210,52235,1189
1762138800,52235,52250,52200,52210,1037
1762139700,52215,52225,52160,52185,2001
1762140600,52190,52230,52175,52215,1659
1762141500,52215,52275,52195,52270,1953
1762142400,52265,52275,52220,52260,1975
1762143300,52255,52310,52255,52285,2229
1762144200,52285,52330,52265,52295,2574
1762145100,52295,52305,52270,52300,1615
1762146000,52305,52330,52295,52305,1746
1762146900,52300,52330,52260,52325,1856
1762147800,52330,52365,52310,52355,2549
1762148700,52360,52360,52320,52340,1549
1762149600,52340,52385,52315,52320,2235
1762150500,52320,52325,52265,52290,2051
1762151400,52290,52310,52265,52285,1467
1762152300,52290,52290,52290,52290,810
1762156800,52260,52325,52220,52315,5521
1762157700,52320,52330,52270,52325,2840
1762158600,52325,52355,52290,52355,2401
1762159500,52355,52410,52345,52355,3004
1762160400,52360,52420,52345,52415,2420
1762161300,52415,52460,52405,52450,2424
1762162200,52450,52470,52425,52445,1632
1762163100,52445,52445,52410,52420,1142
1762164000,52425,52450,52410,52435,1306
1762164900,52435,52460,52435,52445,916
1762165800,52445,52460,52415,52460,1605
1762166700,52460,52490,52445,52455,2040
1762167600,52460,52490,52460,52470,1627
1762168500,52470,52500,52465,52475,1453
1762169400,52480,52490,52455,52475,890
1762170300,52475,52485,52455,52465,1103
1762171200,52460,52480,52430,52475,1878
1762172100,52475,52490,52445,52445,1193
1762173000,52450,52475,52430,52440,1017
1762173900,52440,52490,52440,52465,1174
1762174800,52465,52475,52430,52465,1524
1762175700,52465,52480,52435,52455,1003
1762176600,52455,52555,52455,52550,3401
1762177500,52550,52555,52520,52545,2156
1762178400,52545,52630,52545,52585,7172
1762179300,52585,52625,52570,52610,1853
1762180200,52610,52640,52445,52450,6921
1762181100,52445,52450,52330,52365,7030
1762182000,52365,52400,52285,52330,8618
1762182900,52330,52370,52230,52250,5905
1762183800,52255,52365,52240,52350,5887
1762184700,52350,52380,52320,52345,4296
1762185600,52345,52395,52310,52385,3457
1762186500,52385,52430,52345,52360,3294
1762187400,52360,52430,52355,52380,2661
1762188300,52385,52505,52360,52490,2672
1762189200,52485,52510,52440,52510,2304
1762190100,52515,52560,52475,52505,2395
1762191000,52505,52580,52505,52565,1214
1762191900,52565,52595,52560,52585,663
1762192800,52580,52595,52565,52585,753
1762193700,52580,52580,52555,52560,953
1762194600,52565,52610,52565,52595,1099
1762195500,52595,52595,52555,52560,701
1762196400,52565,52580,52540,52560,1252
1762197300,52565,52570,52540,52550,525
1762198200,52550,52565,52505,52540,1177
1762199100,52540,52570,52540,52550,704
1762200000,52550,52560,52520,52535,912
1762200900,52530,52555,52525,52545,574
1762201800,52545,52545,52505,52535,1196
1762202700,52545,52545,52505,52520,853
1762203600,52575,52575,52575,52575,762
1762213500,52360,52470,52350,52445,15642
1762214400,52445,52470,52260,52325,35969
1762215300,52320,52345,52080,52190,27839
1762216200,52185,52365,52185,52320,15634
1762217100,52315,52480,52290,52470,15559
1762218000,52470,52555,52410,52515,15530
1762218900,52510,52695,52490,52615,19133
1762219800,52615,52630,52495,52530,13585
1762220700,52535,52615,52470,52585,11348
1762221600,52585,52590,52475,52485,8453
1762222500,52480,52510,52415,52425,8323
1762223400,52425,52470,52395,52405,4168
1762224300,52405,52425,52330,52345,5757
1762225200,52340,52445,52335,52435,4338
1762226100,52440,52465,52400,52460,2425
1762227000,52455,52480,52240,52285,15326
1762227900,52290,52305,52185,52185,11277
1762228800,52190,52235,52140,52185,11313
1762229700,52190,52260,52110,52165,12616
1762230600,52165,52225,52115,52155,8229
1762231500,52160,52230,52140,52215,8603
1762232400,52215,52225,52145,52155,6159
1762233300,52155,52175,52055,52065,13060
1762234200,52065,52085,51780,51830,22130
1762235100,51835,51920,51790,51885,17934
1762236000,51885,51905,51670,51720,21561
1762236900,51720,51750,51650,51670,26091
1762237800,51670,51675,51540,51570,25683
1762238700,51510,51510,51510,51510,3736
1762243200,51550,51595,51340,51350,18338
1762244100,51345,51490,51280,51440,14892
1762245000,51440,51555,51435,51530,7013
1762245900,51535,51545,51435,51485,5594
1762246800,51490,51540,51430,51460,4294
1762247700,51465,51495,51355,51360,5187
1762248600,51360,51425,51330,51330,5072
1762249500,51335,51385,51190,51205,8884
1762250400,51200,51255,51150,51225,7866
1762251300,51225,51330,51180,51310,5959
1762252200,51305,51435,51295,51435,5723
1762253100,51430,51455,51385,51385,4011
1762254000,51385,51440,51365,51385,3983
1762254900,51385,51420,51380,51400,2387
1762255800,51400,51455,51395,51445,3231
1762256700,51440,51465,51390,51425,3385
1762257600,51430,51430,51310,51350,5285
1762258500,51355,51410,51350,51400,3128
1762259400,51400,51435,51350,51360,3025
1762260300,51360,51385,51335,51360,2840
1762261200,51355,51385,51315,51325,3065
1762262100,51330,51350,51260,51280,3661
1762263000,51280,51300,51240,51270,3731
1762263900,51275,51310,51230,51270,4626
1762264800,51265,51305,51210,51290,4615
1762265700,51290,51345,51290,51315,3314
1762266600,51310,51405,51220,51395,11744
1762267500,51395,51570,51345,51570,11726
1762268400,51570,51575,51475,51505,7578
1762269300,51505,51560,51500,51510,3257
1762270200,51505,51570,51490,51555,3318
1762271100,51555,51555,51380,51455,6352
1762272000,51450,51515,51395,51415,4768
1762272900,51420,51435,51335,51415,5035
1762273800,51410,51480,51400,51445,4083
1762274700,51450,51470,51395,51450,2191
1762275600,51450,51455,51375,51390,1545
1762276500,51390,51440,51300,51395,3999
1762277400,51390,51405,51325,51345,2363
1762278300,51350,51415,51305,51325,1781
1762279200,51325,51340,51275,51315,1835
1762280100,51315,51320,51240,51255,1579
1762281000,51260,51290,51215,51270,2030
1762281900,51270,51295,51225,51280,1330
1762282800,51275,51315,51240,51265,1133
1762283700,51270,51320,51270,51295,932
1762284600,51295,51305,51175,51200,2103
1762285500,51200,51230,51180,51220,1282
1762286400,51225,51290,51220,51290,1398
1762287300,51290,51300,51225,51285,1739
1762288200,51290,51310,51240,51300,1528
1762289100,51300,51310,51210,51210,1572
1762290000,51200,51200,51200,51200,775
1762299900,51000,51030,50685,50700,26896
1762300800,50695,50695,50410,50575,63095
1762301700,50575,50670,50295,50325,50950
1762302600,50320,50450,50165,50250,34997
1762303500,50255,50415,50210,50255,27201
1762304400,50260,50290,50035,50085,34348
1762305300,50085,50095,49555,49635,55482
1762306200,49635,49760,49330,49405,53171
1762307100,49400,49660,49360,49515,31426
1762308000,49515,49530,49275,49375,34209
1762308900,49375,49375,49120,49125,25818
1762309800,49125,49485,49120,49365,18650
1762310700,49365,49555,49355,49545,15660
1762311600,49545,49640,49525,49635,13411
1762312500,49630,49695,49535,49685,10917
1762313400,49685,49945,49665,49935,45940
1762314300,49940,50200,49930,50050,46914
1762315200,50050,50110,49760,49900,28306
1762316100,49905,50020,49835,50010,15726
1762317000,50015,50140,49950,50095,15707
1762317900,50090,50170,49975,50000,16680
1762318800,50000,50155,49890,50140,17844
1762319700,50135,50315,50130,50245,24096
1762320600,50245,50285,50075,50075,15256
1762321500,50075,50085,49885,50055,21402
1762322400,50055,50185,49925,50140,18698
1762323300,50140,50330,50140,50305,21240
1762324200,50310,50450,50255,50415,18709
1762325100,50530,50530,50530,50530,4192
1762329600,50450,50540,50355,50520,17986
1762330500,50520,50540,50435,50540,5788
1762331400,50540,50610,50525,50545,8054
1762332300,50550,50610,50515,50580,7437
1762333200,50580,50655,50545,50580,7331
1762334100,50580,50580,50465,50500,6644
1762335000,50500,50525,50415,50495,4684
1762335900,50495,50560,50475,50530,3493
1762336800,50530,50570,50455,50470,5910
1762337700,50470,50535,50455,50510,2840
1762338600,50510,50530,50485,50530,1563
1762339500,50530,50530,50320,50320,5513
1762340400,50320,50380,50295,50365,4530
1762341300,50365,50425,50355,50360,3571
1762342200,50360,50420,50320,50410,3654
1762343100,50415,50445,50380,50415,2980
1762344000,50410,50475,50375,50445,4291
1762344900,50450,50505,50440,50475,3209
1762345800,50475,50545,50465,50525,3038
1762346700,50525,50555,50485,50545,3196
1762347600,50540,50560,50520,50535,1936
1762348500,50535,50645,50535,50645,4890
1762349400,50645,50780,50610,50780,8037
1762350300,50785,50855,50760,50840,10637
1762351200,50835,50840,50765,50775,5639
1762352100,50775,50775,50710,50720,3779
1762353000,50720,50785,50665,50760,9138
1762353900,50755,51015,50755,51005,14724
1762354800,51015,51140,50980,51030,12970
1762355700,51030,51145,50955,51100,11929
1762356600,51100,51140,51060,51110,5899
1762357500,51115,51135,51035,51135,4956
1762358400,51135,51135,51030,51040,4353
1762359300,51040,51135,51010,51130,3844
1762360200,51130,51195,51100,51185,4238
1762361100,51185,51255,51175,51195,5013
1762362000,51195,51235,51185,51215,1891
1762362900,51215,51255,51200,51235,1782
1762363800,51240,51300,51230,51265,4156
1762364700,51265,51270,51225,51250,1419
1762365600,51250,51280,51225,51260,1681
1762366500,51260,51310,51250,51310,1409
1762367400,51305,51330,51280,51320,2465
1762368300,51320,51350,51320,51350,1073
1762369200,51345,51345,51275,51330,2800
1762370100,51325,51360,51325,51335,1875
1762371000,51330,51360,51330,51355,812
1762371900,51350,51355,51325,51340,1319
1762372800,51340,51375,51330,51375,1290
1762373700,51375,51385,51325,51335,1201
1762374600,51330,51345,51300,51320,1762
1762375500,51320,51345,51260,51275,1787
1762376400,51205,51205,51205,51205,1009
1762386300,51265,51280,51090,51160,16041
1762387200,51165,51310,50940,50995,35084
1762388100,50995,51085,50690,50840,29502
1762389000,50845,51050,50820,50920,22936
1762389900,50925,51020,50845,50950,17018
1762390800,50950,50950,50790,50890,15167
1762391700,50890,50965,50735,50795,13623
1762392600,50795,50980,50765,50980,12096
1762393500,50980,50995,50815,50830,9874
1762394400,50830,50845,50625,50645,14205
1762395300,50645,50800,50630,50795,10208
1762396200,50795,50930,50735,50895,7953
1762397100,50895,50930,50855,50925,3630
1762398000,50920,50950,50905,50930,3279
1762398900,50930,50960,50885,50910,3626
1762399800,50905,51005,50835,50970,12888
1762400700,50970,50995,50875,50975,8520
1762401600,50970,51005,50905,51005,7518
1762402500,51000,51065,50965,51035,8935
1762403400,51035,51060,50975,51025,6237
1762404300,51025,51025,50970,51005,4210
1762405200,51010,51030,50925,50975,7332
1762406100,50970,51040,50935,50955,5790
1762407000,50950,51020,50915,50955,7763
1762407900,50960,50985,50890,50925,7663
1762408800,50925,50965,50860,50905,9110
1762409700,50900,50960,50810,50825,13793
1762410600,50825,50965,50780,50935,18926
1762411500,50860,50860,50860,50860,2369
1762416000,50750,50815,50715,50780,9136
1762416900,50780,50785,50565,50585,12937
1762417800,50580,50645,50540,50640,7418
1762418700,50635,50730,50615,50665,7001
1762419600,50665,50780,50665,50775,5487
1762420500,50770,50850,50770,50815,5743
1762421400,50815,50825,50770,50825,3496
1762422300,50825,50870,50825,50845,4540
1762423200,50850,50900,50825,50885,2340
1762424100,50885,50940,50870,50930,3122
1762425000,50925,50980,50915,50920,3065
1762425900,50920,50945,50890,50910,2944
1762426800,50910,50915,50855,50860,3024
1762427700,50860,50935,50860,50925,3798
1762428600,50925,50955,50890,50925,2202
1762429500,50920,50925,50875,50875,2164
1762430400,50885,50945,50855,50910,3753
1762431300,50915,50990,50910,50985,5392
1762432200,50985,51045,50970,51030,5254
1762433100,51030,51035,51000,51015,2046
1762434000,51015,51025,50980,51015,2606
1762434900,51015,51030,50985,51010,1993
1762435800,51015,51025,50970,51010,2180
1762436700,51005,51015,50910,50930,3515
1762437600,50930,50955,50745,50830,9940
1762438500,50835,50835,50725,50760,5326
1762439400,50760,50810,50630,50655,11261
1762440300,50655,50770,50540,50540,14259
1762441200,50540,50540,50300,50375,22250
1762442100,50375,50620,50330,50545,13562
1762443000,50550,50555,50205,50220,14451
1762443900,50220,50310,50180,50195,14856
1762444800,50200,50335,50190,50280,10352
1762445700,50275,50310,50140,50270,10542
1762446600,50265,50265,50040,50105,11687
1762447500,50100,50190,50045,50085,8336
1762448400,50085,50235,50085,50170,6795
1762449300,50165,50175,50040,50130,4136
1762450200,50125,50215,50085,50215,3661
1762451100,50210,50325,50210,50265,5135
1762452000,50260,50275,50065,50120,4283
1762452900,50120,50285,50115,50235,2902
1762453800,50235,50365,50235,50355,4059
1762454700,50355,50395,50320,50350,4108
1762455600,50350,50485,50340,50475,4781
1762456500,50475,50555,50430,50545,4078
1762457400,50545,50565,50455,50515,3099
1762458300,50520,50520,50420,50480,2174
1762459200,50485,50495,50435,50455,2414
1762460100,50455,50490,50400,50410,1520
1762461000,50410,50435,50320,50330,2456
1762461900,50330,50345,50250,50250,2156
1762462800,50215,50215,50215,50215,834
1762472700,50230,50280,50120,50145,18025
1762473600,50145,50460,50095,50230,42225
1762474500,50230,50290,50115,50160,21237
1762475400,50165,50295,50135,50290,13638
1762476300,50290,50340,50185,50200,14221
1762477200,50205,50210,49890,50035,26768
1762478100,50035,50110,49940,49985,17358
1762479000,49985,50020,49805,49905,20770
1762479900,49905,50020,49905,49995,9725
1762480800,49995,50020,49860,49900,9007
1762481700,49900,49935,49810,49810,8953
1762482600,49815,49975,49815,49865,8087
1762483500,49870,49945,49865,49895,3672
1762484400,49900,49930,49810,49835,4194
1762485300,49835,49860,49735,49790,7073
1762486200,49790,49850,49740,49780,14216
1762487100,49785,49830,49710,49825,13016
1762488000,49825,49825,49670,49790,13387
1762488900,49795,49980,49790,49915,15182
1762489800,49910,49920,49825,49850,7698
1762490700,49850,49970,49850,49960,7768
1762491600,49960,50140,49955,50070,17281
1762492500,50065,50120,50000,50005,11221
1762493400,50000,50110,49970,50105,11467
1762494300,50105,50160,50040,50155,7777
1762495200,50155,50315,50135,50280,19949
1762496100,50280,50370,50275,50365,13157
1762497000,50370,50370,50270,50275,15591
1762497900,50310,50310,50310,50310,2966
1762502400,50440,50485,50365,50470,11681
1762503300,50470,50475,50345,50360,6038
1762504200,50360,50385,50300,50365,5780
1762505100,50370,50470,50365,50465,4443
1762506000,50465,50480,50375,50475,4914
1762506900,50475,50505,50405,50425,4418
1762507800,50420,50445,50330,50360,3737
1762508700,50360,50380,50320,50345,4368
1762509600,50340,50410,50290,50295,4230
1762510500,50295,50305,50215,50275,6661
1762511400,50280,50370,50275,50330,4014
1762512300,50325,50355,50310,50340,2442
1762513200,50340,50345,50150,50150,5236
1762514100,50150,50190,50025,50075,10232
1762515000,50075,50125,50015,50120,6260
1762515900,50125,50255,50120,50245,5933
1762516800,50245,50275,50225,50240,4373
1762517700,50240,50260,50120,50185,7614
1762518600,50180,50185,50110,50110,3204
1762519500,50110,50110,50025,50060,6474
1762520400,50060,50135,49975,50090,8948
1762521300,50095,50160,50050,50055,4279
1762522200,50060,50105,50030,50060,4275
1762523100,50060,50185,50060,50145,4403
1762524000,50145,50170,50080,50130,3660
1762524900,50135,50185,50085,50155,2997
1762525800,50155,50155,49805,49960,20340
1762526700,49965,50080,49895,50040,12964
1762527600,50050,50070,49855,50040,12002
1762528500,50040,50110,49960,50010,11167
1762529400,50010,50040,49860,49875,7705
1762530300,49880,49880,49770,49775,8817
1762531200,49770,49845,49700,49725,7248
1762532100,49725,49830,49680,49755,9165
1762533000,49755,49810,49665,49765,6217
1762533900,49770,49780,49570,49620,7837
1762534800,49620,49680,49520,49675,7698
1762535700,49670,49815,49665,49770,6111
1762536600,49770,49820,49730,49745,3600
1762537500,49750,49825,49665,49820,4184
1762538400,49820,49895,49805,49895,3843
1762539300,49895,49950,49850,49930,3459
1762540200,49930,50025,49925,49990,3165
1762541100,49990,50005,49835,49960,3948
1762542000,49955,50010,49935,50005,2162
1762542900,50000,50040,49980,50030,1807
1762543800,50035,50315,50035,50305,6586
1762544700,50305,50385,50245,50375,7199
1762545600,50375,50400,50270,50335,4332
1762546500,50335,50345,50225,50280,2755
1762547400,50285,50375,50280,50370,1769
1762548300,50365,50390,50295,50385,1776
1762549200,50400,50400,50400,50400,1168
1762731900,50760,50920,50740,50845,22317
1762732800,50840,50845,50465,50650,34993
1762733700,50650,50790,50610,50725,17851
1762734600,50725,50800,50610,50670,14193
1762735500,50670,50705,50605,50635,10148
1762736400,50630,50740,50585,50735,10196
1762737300,50735,50820,50720,50765,11608
1762738200,50770,50805,50710,50755,8051
1762739100,50755,50905,50745,50880,8868
1762740000,50880,50965,50850,50900,13240
1762740900,50900,50910,50785,50805,7958
1762741800,50805,50875,50780,50785,5134
1762742700,50785,50825,50765,50775,3101
1762743600,50780,50850,50780,50845,3991
1762744500,50850,50865,50825,50840,3343
1762745400,50840,50890,50735,50775,10638
1762746300,50770,50880,50750,50750,10373
1762747200,50750,50810,50700,50790,8513
1762748100,50790,50810,50770,50785,4177
1762749000,50785,50895,50780,50885,6910
1762749900,50880,50940,50860,50885,8039
1762750800,50890,50980,50870,50965,8003
1762751700,50965,50980,50920,50965,6344
1762752600,50965,50990,50930,50975,7396
1762753500,50970,50990,50940,50950,8822
1762754400,50950,50975,50905,50955,8597
1762755300,50955,51010,50945,50970,12325
1762756200,50970,51055,50955,51025,10176
1762757100,51050,51050,51050,51050,2830
1762761600,51050,51070,50895,50915,8781
1762762500,50915,50985,50890,50945,5293
1762763400,50945,51060,50915,51040,5186
1762764300,51040,51090,51030,51070,3001
1762765200,51070,51115,51035,51060,3695
1762766100,51060,51140,51040,51105,5265
1762767000,51110,51150,51095,51140,3073
1762767900,51140,51220,51130,51195,5142
1762768800,51200,51210,51160,51180,2794
1762769700,51180,51190,51150,51155,1991
1762770600,51160,51180,51145,51145,2136
1762771500,51145,51155,51065,51085,4455
1762772400,51080,51110,51030,51045,4424
1762773300,51040,51055,50985,51015,4116
1762774200,51015,51050,50975,51040,2758
1762775100,51045,51070,51025,51065,3401
1762776000,51060,51060,50975,51010,4245
1762776900,51010,51010,50930,50940,3707
1762777800,50940,50965,50915,50965,2952
1762778700,50965,50995,50935,50975,4592
1762779600,50975,51000,50955,50970,2017
1762780500,50970,51020,50940,51015,2459
1762781400,51020,51030,50965,50985,2734
1762782300,50980,51010,50935,51005,2357
1762783200,51005,51010,50960,50965,2104
1762784100,50965,51010,50965,50985,1915
1762785000,50985,51065,50965,51010,9023
1762785900,51015,51050,50880,50940,8806
1762786800,50945,51010,50920,50950,4387
1762787700,50960,51060,50945,51035,4376
1762788600,51035,51055,50935,50935,4509
1762789500,50935,50960,50775,50790,8564
1762790400,50790,50890,50750,50850,6954
1762791300,50845,50870,50790,50790,3922
1762792200,50790,50865,50745,50820,5040
1762793100,50820,50885,50780,50880,3443
1762794000,50880,50975,50865,50905,5475
1762794900,50900,50975,50890,50955,1777
1762795800,50960,51040,50955,51015,2387
1762796700,51015,51115,51010,51090,3962
1762797600,51095,51110,51085,51090,1230
1762798500,51090,51115,51075,51080,1259
1762799400,51080,51140,51080,51130,1964
1762800300,51125,51155,51105,51110,1150
1762801200,51110,51145,51105,51130,863
1762802100,51130,51190,51125,51180,1320
1762803000,51180,51210,51165,51200,1843
1762803900,51200,51230,51185,51200,1985
1762804800,51205,51245,51190,51240,1590
1762805700,51235,51235,51195,51200,1017
1762806600,51200,51255,51190,51250,1549
1762807500,51245,51300,51240,51290,2678
1762808400,51270,51270,51270,51270,842
1762818300,51340,51460,51305,51440,15087
1762819200,51440,51455,51290,51405,24196
1762820100,51405,51470,51280,51465,18677
1762821000,51470,51550,51390,51485,15286
1762821900,51480,51510,51345,51390,13220
1762822800,51390,51405,51225,51270,17886
1762823700,51270,51345,51240,51330,11199
1762824600,51330,51350,51205,51280,8777
1762825500,51280,51290,51185,51195,6746
1762826400,51190,51190,51110,51115,9416
1762827300,51115,51175,51100,51175,7913
1762828200,51175,51215,51125,51190,5367
1762829100,51195,51210,51165,51210,2330
1762830000,51210,51225,51150,51160,3730
1762830900,51160,51180,51130,51155,2255
1762831800,51160,51255,51135,51240,10848
1762832700,51235,51240,51070,51145,9530
1762833600,51145,51160,51085,51110,5298
1762834500,51110,51140,51035,51085,7927
1762835400,51085,51150,51065,51105,7293
1762836300,51100,51115,50815,50870,17267
1762837200,50865,50910,50680,50715,22349
1762838100,50710,50815,50650,50815,14620
1762839000,50820,50820,50675,50675,10693
1762839900,50680,50760,50655,50680,8876
1762840800,50680,50855,50605,50845,18251
1762841700,50845,50910,50840,50870,11949
1762842600,50870,51115,50865,51115,20363
1762843500,51155,51155,51155,51155,3146
1762848000,51025,51095,51010,51050,8590
1762848900,51055,51115,51020,51040,6500
1762849800,51040,51080,51000,51015,4191
1762850700,51010,51020,50960,50995,5053
1762851600,50995,51060,50985,51050,3317
1762852500,51050,51070,50990,51015,3384
1762853400,51015,51035,50955,50990,3061
1762854300,50995,51040,50970,50990,2758
1762855200,50985,51020,50970,51010,1528
1762856100,51010,51045,51000,51040,1461
1762857000,51045,51065,51000,51025,2145
1762857900,51025,51050,51015,51035,1205
1762858800,51040,51085,51025,51080,1569
1762859700,51075,51075,50995,51020,2565
1762860600,51015,51025,50980,51000,1283
1762861500,51000,51000,50940,50975,2711
1762862400,50970,51010,50955,50990,1722
1762863300,50995,51000,50960,50980,1259
1762864200,50985,51005,50925,50950,2996
1762865100,50950,50970,50915,50915,1969
1762866000,50925,50960,50920,50950,1386
1762866900,50950,50955,50815,50840,4587
1762867800,50835,50930,50835,50860,4094
1762868700,50860,50895,50845,50865,2111
1762869600,50870,50900,50845,50895,1808
1762870500,50900,50930,50895,50920,1845
1762871400,50920,51005,50895,50920,6438
1762872300,50920,51000,50885,50990,5135
1762873200,50985,50990,50875,50895,5224
1762874100,50895,50920,50835,50865,4215
1762875000,50860,50890,50770,50870,6815
1762875900,50875,50885,50815,50860,3158
1762876800,50860,50920,50845,50900,2166
1762877700,50900,51025,50890,50910,4519
1762878600,50915,50985,50880,50975,2802
1762879500,50975,51010,50960,50975,1407
1762880400,50965,51050,50965,51035,1685
1762881300,51035,51085,51020,51050,1834
1762882200,51050,51075,51035,51055,1321
1762883100,51065,51140,51050,51115,2608
1762884000,51115,51140,51105,51110,1166
1762884900,51115,51175,51110,51150,1386
1762885800,51150,51170,51090,51150,1504
1762886700,51150,51185,51150,51180,875
1762887600,51180,51180,51120,51145,1739
1762888500,51150,51170,51140,51155,559
1762889400,51160,51165,51125,51125,617
1762890300,51120,51170,51110,51145,909
1762891200,51150,51165,51140,51150,542
1762892100,51145,51150,51110,51130,825
1762893000,51130,51155,51100,51150,1014
1762893900,51155,51175,51130,51160,944
1762894800,51115,51115,51115,51115,845
1762904700,51135,51160,50845,50875,17539
1762905600,50870,50935,50580,50660,43143
1762906500,50660,50915,50630,50795,23813
1762907400,50805,51005,50790,51000,15828
1762908300,51000,51015,50895,50915,11370
1762909200,50920,51060,50895,50950,14983
1762910100,50945,50990,50855,50885,8403
1762911000,50880,50955,50850,50955,7875
1762911900,50955,51055,50920,51000,9213
1762912800,50995,51055,50965,51030,6584
1762913700,51030,51065,50945,50980,5765
1762914600,50975,50980,50885,50925,3561
1762915500,50920,50920,50850,50880,3771
1762916400,50880,50880,50830,50850,3570
1762917300,50850,50855,50780,50790,4980
1762918200,50790,50840,50680,50695,15202
1762919100,50695,50755,50680,50715,8902
1762920000,50715,50845,50700,50830,10601
1762920900,50830,50875,50760,50860,9643
1762921800,50860,50905,50810,50875,7331
1762922700,50875,50945,50870,50930,6300
1762923600,50925,50975,50895,50945,8277
1762924500,50945,50950,50865,50940,6997
1762925400,50935,51040,50930,51025,8244
1762926300,51025,51055,50975,51020,7852
1762927200,51015,51100,51000,51075,9882
1762928100,51075,51110,51045,51105,8796
1762929000,51105,51150,51090,51150,9070
1762929900,51120,51120,51120,51120,1728
1762934400,51130,51135,51045,51110,8283
1762935300,51110,51220,51105,51215,6803
1762936200,51220,51230,51155,51185,3962
1762937100,51185,51210,51165,51180,2771
1762938000,51185,51200,51155,51180,2025
1762938900,51180,51230,51175,51225,2293
1762939800,51225,51325,51225,51315,5016
1762940700,51315,51325,51290,51320,2983
1762941600,51320,51390,51305,51310,7701
1762942500,51315,51330,51280,51295,3504
1762943400,51295,51345,51285,51285,2365
1762944300,51285,51315,51275,51315,2252
1762945200,51315,51330,51300,51300,1962
1762946100,51295,51315,51265,51265,1633
1762947000,51265,51295,51250,51295,2593
1762947900,51290,51305,51270,51285,1483
1762948800,51285,51330,51270,51295,3323
1762949700,51300,51335,51300,51325,1671
1762950600,51325,51355,51320,51325,2106
1762951500,51325,51375,51325,51360,4164
1762952400,51360,51380,51340,51380,1961
1762953300,51375,51400,51370,51395,2043
1762954200,51390,51435,51390,51400,3220
1762955100,51400,51420,51370,51370,2126
1762956000,51365,51370,51320,51325,3696
1762956900,51330,51360,51315,51345,2268
1762957800,51345,51345,51270,51280,6859
1762958700,51275,51305,51180,51265,9848
1762959600,51265,51345,51240,51250,7907
1762960500,51255,51305,51225,51285,3647
1762961400,51285,51290,51175,51280,6073
1762962300,51285,51305,51195,51245,3655
1762963200,51245,51265,51180,51195,3499
1762964100,51200,51280,51195,51265,4264
1762965000,51260,51310,51200,51210,4314
1762965900,51210,51230,51110,51160,4015
1762966800,51165,51195,51120,51185,1716
1762967700,51185,51215,51140,51160,1566
1762968600,51155,51275,51155,51235,1786
1762969500,51235,51265,51185,51255,1480
1762970400,51255,51260,51195,51250,1196
1762971300,51250,51275,51205,51225,1151
1762972200,51220,51295,51220,51245,1035
1762973100,51245,51270,51220,51265,606
1762974000,51265,51275,51210,51215,918
1762974900,51215,51225,51170,51190,841
1762975800,51195,51215,51160,51200,690
1762976700,51205,51230,51175,51195,637
1762977600,51195,51205,51150,51170,770
1762978500,51165,51245,51160,51240,937
1762979400,51240,51270,51225,51260,1673
1762980300,51260,51285,51245,51270,1106
1762981200,51265,51265,51265,51265,1036
1762991100,51120,51165,51000,51000,15295
1762992000,51000,51260,50980,51170,26739
1762992900,51175,51205,51040,51055,14936
1762993800,51055,51140,50985,51120,15004
1762994700,51120,51125,51015,51075,8888
1762995600,51070,51365,51045,51305,22399
1762996500,51300,51370,51260,51260,13730
1762997400,51260,51335,51250,51265,9497
1762998300,51270,51290,51185,51225,8120
1762999200,51220,51240,51130,51195,7773
1763000100,51200,51280,51135,51200,8528
1763001000,51200,51200,51135,51145,3154
1763001900,51145,51165,51100,51125,3852
1763002800,51130,51135,51075,51105,3434
1763003700,51110,51160,51080,51160,4134
1763004600,51155,51195,51090,51180,8188
1763005500,51180,51235,51125,51230,6423
1763006400,51230,51230,51165,51190,5957
1763007300,51195,51265,51170,51210,6273
1763008200,51215,51310,51195,51305,5863
1763009100,51305,51330,51275,51295,6941
1763010000,51295,51365,51285,51300,8932
1763010900,51305,51315,51215,51245,8122
1763011800,51250,51275,51225,51265,5981
1763012700,51260,51270,51215,51250,6344
1763013600,51250,51265,51160,51250,10196
1763014500,51250,51315,51230,51310,8793
1763015400,51310,51340,51310,51325,6227
1763016300,51300,51300,51300,51300,1896
1763020800,51230,51270,51175,51215,7454
1763021700,51210,51255,51200,51210,3053
1763022600,51210,51210,51155,51185,5958
1763023500,51180,51200,51150,51155,3273
1763024400,51150,51160,50975,50990,8876
1763025300,50990,51025,50920,50935,7949
1763026200,50935,50965,50885,50965,6641
1763027100,50965,50995,50955,50960,3415
1763028000,50965,51025,50955,50995,5299
1763028900,50990,51030,50975,51005,2255
1763029800,51005,51050,50990,51010,2876
1763030700,51010,51010,50965,50980,2505
1763031600,50975,51025,50970,51015,2716
1763032500,51020,51030,50950,50955,3797
1763033400,50955,50975,50895,50935,5063
1763034300,50935,50950,50880,50920,3316
1763035200,50920,50930,50855,50880,4728
1763036100,50880,50900,50865,50890,1936
1763037000,50890,50940,50880,50935,2954
1763037900,50935,50945,50880,50890,2587
1763038800,50885,50890,50845,50890,3418
1763039700,50890,50910,50855,50900,2319
1763040600,50890,50905,50780,50785,4908
1763041500,50790,50845,50780,50795,3147
1763042400,50800,50810,50725,50775,5501
1763043300,50775,50820,50765,50805,3657
1763044200,50800,50825,50580,50595,13614
1763045100,50595,50725,50580,50685,9728
1763046000,50680,50800,50610,50800,8294
1763046900,50800,50830,50640,50665,7472
1763047800,50665,50670,50445,50460,14332
1763048700,50460,50470,50350,50430,9737
1763049600,50430,50455,50320,50395,6931
1763050500,50400,50435,50335,50385,5790
1763051400,50380,50435,50275,50315,7570
1763052300,50315,50385,50305,50360,3581
1763053200,50355,50420,50305,50330,4828
1763054100,50330,50410,50330,50385,2874
1763055000,50390,50415,50320,50325,2799
1763055900,50325,50335,50245,50270,4821
1763056800,50275,50300,50180,50245,5766
1763057700,50245,50255,50075,50090,5651
1763058600,50090,50110,50020,50090,6257
1763059500,50090,50140,50060,50125,4242
1763060400,50135,50150,50050,50065,3226
1763061300,50065,50240,50055,50240,2670
1763062200,50245,50250,50085,50145,3516
1763063100,50145,50160,50035,50100,2562
1763064000,50100,50130,50045,50090,3230
1763064900,50100,50125,50035,50100,2611
1763065800,50105,50200,50085,50155,4111
1763066700,50155,50190,50070,50075,2319
1763067600,50100,50100,50100,50100,1021
1763077500,50170,50180,50020,50065,24281
1763078400,50060,50465,50045,50445,47189
1763079300,50445,50565,50390,50530,24359
1763080200,50525,50610,50465,50605,18143
1763081100,50610,50620,50480,50605,16869
1763082000,50605,50755,50595,50690,17523
1763082900,50695,50715,50515,50525,15982
1763083800,50530,50635,50515,50570,10085
1763084700,50575,50575,50440,50465,8707
1763085600,50465,50565,50420,50520,10322
1763086500,50515,50555,50460,50470,6560
1763087400,50470,50515,50370,50380,6050
1763088300,50380,50465,50365,50430,3981
1763089200,50435,50495,50365,50485,4869
1763090100,50485,50520,50465,50485,4298
1763091000,50485,50495,50385,50450,10363
1763091900,50455,50600,50450,50525,12884
1763092800,50530,50555,50425,50450,8579
1763093700,50445,50475,50340,50370,11205
1763094600,50365,50430,50345,50415,6768
1763095500,50420,50445,50365,50405,6298
1763096400,50405,50430,50310,50330,9054
1763097300,50330,50455,50280,50420,13491
1763098200,50425,50470,50350,50450,8193
1763099100,50450,50475,50375,50395,7347
1763100000,50395,50410,50320,50345,9666
1763100900,50350,50405,50305,50395,10776
1763101800,50400,50445,50295,50320,15310
1763107200,50215,50290,50160,50165,13621
1763108100,50165,50200,50120,50165,7445
1763109000,50165,50235,50105,50180,7928
1763109900,50185,50285,50135,50275,9026
1763110800,50280,50375,50255,50325,7993
1763111700,50325,50340,50300,50305,2452
1763112600,50305,50310,50260,50275,4271
1763113500,50275,50275,50185,50220,3845
1763114400,50215,50335,50185,50310,4084
1763115300,50310,50325,50265,50300,2427
1763116200,50295,50350,50290,50320,2333
1763117100,50320,50335,50210,50245,3202
1763118000,50240,50240,50060,50075,6845
1763118900,50075,50080,49970,50015,8817
1763119800,50015,50030,49910,49945,8075
1763120700,49940,49955,49865,49950,7381
1763121600,49945,49955,49805,49830,9989
1763122500,49825,49845,49720,49810,8558
1763123400,49815,49830,49695,49745,7894
1763124300,49745,49885,49710,49825,8350
1763125200,49820,49895,49795,49870,6222
1763126100,49870,49870,49755,49815,4715
1763127000,49815,49855,49735,49765,6528
1763127900,49770,49875,49740,49845,5531
1763128800,49845,49940,49810,49880,5796
1763129700,49880,49940,49875,49885,3621
1763130600,49890,50095,49760,50075,21149
1763131500,50075,50240,50065,50180,22580
1763132400,50180,50235,50070,50115,13428
1763133300,50110,50370,50105,50340,16643
1763134200,50340,50460,50285,50450,13534
1763135100,50445,50545,50430,50505,11034
1763136000,50510,50520,50400,50470,7812
1763136900,50480,50685,50480,50640,9710
1763137800,50645,50720,50615,50635,6497
1763138700,50635,50690,50570,50670,5093
1763139600,50670,50745,50635,50710,4398
1763140500,50715,50730,50660,50705,3794
1763141400,50705,50765,50660,50680,3928
1763142300,50680,50710,50565,50640,4272
1763143200,50635,50650,50490,50650,6118
1763144100,50650,50650,50490,50520,3555
1763145000,50515,50550,50395,50415,3850
1763145900,50420,50540,50405,50505,2843
1763146800,50505,50520,50420,50470,1701
1763147700,50475,50540,50460,50520,2036
1763148600,50525,50545,50485,50505,2022
1763149500,50510,50565,50490,50535,2683
1763150400,50530,50555,50465,50475,2524
1763151300,50480,50480,50395,50445,2571
1763152200,50440,50495,50420,50440,1664
1763153100,50440,50485,50400,50450,2067
1763154000,50440,50440,50440,50440,1348
1763336700,50300,50410,50200,50200,13722
1763337600,50200,50235,49930,50005,34431
1763338500,50005,50170,49875,50145,23082
1763339400,50150,50305,50115,50255,18995
1763340300,50250,50430,50240,50305,17524
1763341200,50305,50325,50120,50270,20425
1763342100,50265,50335,50240,50290,8076
1763343000,50295,50335,50185,50205,9783
1763343900,50205,50245,50080,50085,10412
1763344800,50090,50170,50025,50155,11601
1763345700,50150,50190,50045,50045,6624
1763346600,50050,50135,50050,50130,3894
1763347500,50130,50175,50120,50155,2788
1763348400,50160,50205,50145,50175,3331
1763349300,50175,50175,50110,50125,2643
1763350200,50125,50260,50105,50190,8785
1763351100,50190,50300,50170,50250,9899
1763352000,50260,50290,50220,50250,5583
1763352900,50250,50285,50220,50255,4361
1763353800,50250,50280,50215,50250,4742
1763354700,50255,50305,50240,50250,3456
1763355600,50250,50345,50235,50340,6062
1763356500,50340,50385,50310,50370,9589
1763357400,50370,50385,50275,50305,6324
1763358300,50305,50330,50280,50285,5043
1763359200,50285,50320,50260,50310,6250
1763360100,50310,50415,50300,50395,11098
1763361000,50395,50395,50290,50295,6246
1763361900,50270,50270,50270,50270,1536
1763366400,50320,50440,50315,50425,8651
1763367300,50430,50455,50395,50420,3824
1763368200,50425,50505,50405,50425,7727
1763369100,50420,50425,50370,50405,3940
1763370000,50400,50405,50290,50330,3818
1763370900,50330,50355,50310,50335,1607
1763371800,50330,50355,50260,50315,3362
1763372700,50310,50335,50295,50300,2058
1763373600,50295,50305,50260,50270,3435
1763374500,50265,50265,50175,50190,5233
1763375400,50190,50215,50140,50150,5856
1763376300,50155,50185,50100,50150,4543
1763377200,50150,50210,50125,50205,3712
1763378100,50205,50240,50190,50195,3176
1763379000,50190,50270,50175,50210,4135
1763379900,50215,50250,50180,50200,3037
1763380800,50205,50205,50125,50145,5037
1763381700,50150,50180,50140,50140,2636
1763382600,50135,50160,50100,50130,2802
1763383500,50135,50155,50065,50145,4523
1763384400,50145,50155,50050,50070,4507
1763385300,50065,50120,50065,50095,3615
1763386200,50090,50090,50015,50020,3121
1763387100,50020,50110,50000,50105,4534
1763388000,50105,50135,50055,50075,4745
1763388900,50080,50115,50055,50065,2543
1763389800,50065,50345,50025,50295,15911
1763390700,50295,50400,50285,50330,8615
1763391600,50330,50355,50180,50290,11606
1763392500,50295,50330,50200,50305,6048
1763393400,50300,50330,50195,50310,6603
1763394300,50310,50355,50200,50230,5918
1763395200,50230,50250,50060,50085,7075
1763396100,50080,50235,50035,50210,6822
1763397000,50210,50385,50205,50365,8827
1763397900,50370,50460,50360,50445,5448
1763398800,50445,50450,50390,50410,2937
1763399700,50415,50425,50385,50410,3029
1763400600,50410,50435,50265,50300,4487
1763401500,50305,50315,50210,50210,3474
1763402400,50215,50220,50130,50180,5384
1763403300,50180,50215,50135,50165,1854
1763404200,50155,50180,50115,50175,2891
1763405100,50170,50220,49950,49955,6246
1763406000,49955,49970,49835,49855,6858
1763406900,49860,49870,49785,49845,2907
1763407800,49845,49870,49645,49720,5246
1763408700,49715,49720,49515,49520,5212
1763409600,49515,49640,49495,49590,6279
1763410500,49595,49655,49565,49610,3295
1763411400,49610,49650,49560,49630,3091
1763412300,49630,49810,49625,49725,4314
1763413200,49800,49800,49800,49800,1072
1763423100,49825,49835,49725,49755,15838
1763424000,49760,49975,49755,49835,29003
1763424900,49835,49840,49430,49440,27526
1763425800,49440,49550,49285,49295,27919
1763426700,49290,49450,49290,49320,19492
1763427600,49320,49390,49130,49370,26961
1763428500,49370,49470,49270,49300,21106
1763429400,49300,49450,49275,49440,16210
1763430300,49445,49525,49410,49470,13855
1763431200,49465,49525,49365,49380,13480
1763432100,49385,49430,49310,49430,8863
1763433000,49435,49450,49325,49345,5948
1763433900,49340,49385,49220,49235,8532
1763434800,49235,49245,49180,49220,8289
1763435700,49215,49295,49215,49260,5622
1763436600,49260,49270,49020,49060,26675
1763437500,49065,49115,48940,49000,22615
1763438400,49000,49005,48840,48890,23502
1763439300,48895,48925,48680,48725,28145
1763440200,48725,48945,48725,48860,20532
1763441100,48860,49005,48835,48940,15777
1763442000,48940,48990,48795,48965,17490
1763442900,48960,49015,48860,48885,10879
1763443800,48885,48970,48850,48860,9948
1763444700,48860,48910,48780,48820,11350
1763445600,48820,48940,48810,48875,15015
1763446500,48875,48915,48825,48870,15399
1763447400,48870,48875,48520,48555,27486
1763448300,48510,48510,48510,48510,3207
1763452800,48540,48785,48535,48700,19142
1763453700,48695,48760,48630,48730,9429
1763454600,48725,48910,48705,48855,15017
1763455500,48855,48875,48715,48760,8090
1763456400,48760,48845,48705,48835,7210
1763457300,48830,48915,48800,48825,7999
1763458200,48820,48830,48710,48780,6843
1763459100,48775,48865,48740,48840,4019
1763460000,48840,48845,48760,48775,3371
1763460900,48775,48840,48765,48840,4059
1763461800,48840,48905,48835,48870,4600
1763462700,48870,48955,48860,48940,5564
1763463600,48935,48970,48855,48880,5064
1763464500,48880,48945,48850,48900,3471
1763465400,48900,48915,48850,48870,3773
1763466300,48870,48880,48805,48840,4457
1763467200,48835,48835,48620,48650,10229
1763468100,48650,48760,48645,48695,5575
1763469000,48695,48780,48680,48710,4367
1763469900,48710,48730,48580,48640,8286
1763470800,48645,48775,48635,48765,5889
1763471700,48760,48795,48710,48715,4942
1763472600,48710,48795,48695,48735,4329
1763473500,48735,48840,48715,48790,4256
1763474400,48785,48825,48730,48750,3675
1763475300,48750,48770,48715,48735,4436
1763476200,48730,48905,48650,48730,20736
1763477100,48730,48855,48575,48585,13794
1763478000,48580,48645,48405,48570,20967
1763478900,48565,48715,48440,48610,16786
1763479800,48610,48705,48495,48540,13160
1763480700,48540,48590,48435,48505,11871
1763481600,48505,48695,48415,48635,12134
1763482500,48630,48850,48610,48820,9977
1763483400,48825,48885,48795,48885,8135
1763484300,48885,48905,48795,48860,6249
1763485200,48860,48890,48765,48770,3807
1763486100,48780,48830,48675,48685,4830
1763487000,48685,48975,48635,48970,9937
1763487900,48970,49065,48885,49015,7505
1763488800,49015,49070,48995,49025,4512
1763489700,49030,49050,48965,48985,3354
1763490600,48990,49115,48970,49030,4088
1763491500,49030,49080,48930,48950,2795
1763492400,48950,49040,48945,49030,1941
1763493300,49030,49040,48925,48945,1965
1763494200,48950,49050,48905,48975,2749
1763495100,48975,49055,48945,49045,1954
1763496000,49045,49065,48970,48990,1789
1763496900,48985,49025,48900,48940,2919
1763497800,48940,48955,48885,48885,1329
1763498700,48890,48930,48855,48865,2756
1763499600,48880,48880,48880,48880,1360
1763509500,48935,48950,48795,48865,16483
1763510400,48860,48995,48470,48485,49699
1763511300,48490,48580,48270,48420,39003
1763512200,48425,48860,48380,48845,29683
1763513100,48845,48940,48750,48840,19695
1763514000,48840,48925,48705,48785,19566
1763514900,48780,49085,48780,48960,19926
1763515800,48960,49055,48930,49015,10909
1763516700,49015,49070,48835,48915,11156
1763517600,48915,49065,48915,49015,11498
1763518500,49010,49125,48985,49090,8897
1763519400,49090,49155,49045,49070,6809
1763520300,49075,49115,49060,49100,4440
1763521200,49100,49155,49050,49060,3774
1763522100,49065,49065,48960,49010,9036
1763523000,49005,49025,48820,48845,12768
1763523900,48850,48870,48655,48715,19444
1763524800,48715,48815,48645,48745,14514
1763525700,48745,48810,48685,48765,11883
1763526600,48770,48775,48590,48670,13448
1763527500,48670,48760,48635,48645,10545
1763528400,48650,48740,48635,48720,9040
1763529300,48720,48790,48600,48610,9933
1763530200,48615,48625,48440,48475,16686
1763531100,48475,48700,48440,48670,13767
1763532000,48670,48735,48620,48670,11386
1763532900,48670,48735,48620,48625,12666
1763533800,48625,48675,48565,48620,15354
1763534700,48640,48640,48640,48640,2410
1763539200,48755,48805,48670,48710,9652
1763540100,48710,48840,48685,48830,6415
1763541000,48830,48875,48750,48770,5666
1763541900,48770,48770,48690,48715,4516
1763542800,48715,48795,48670,48790,4255
1763543700,48790,48825,48765,48820,2644
1763544600,48820,48885,48755,48865,7568
1763545500,48860,48985,48845,48980,8326
1763546400,48975,48985,48920,48945,3692
1763547300,48945,48990,48940,48970,2717
1763548200,48970,48985,48925,48985,2938
1763549100,48985,49050,48960,49040,5131
1763550000,49040,49060,48990,49040,5309
1763550900,49040,49080,49035,49060,3630
1763551800,49060,49080,49025,49065,3163
1763552700,49060,49100,49035,49050,4138
1763553600,49045,49075,49015,49075,3759
1763554500,49075,49085,49035,49065,2663
1763555400,49070,49130,49070,49110,4030
1763556300,49105,49140,49095,49100,3341
1763557200,49100,49115,48960,48990,5756
1763558100,48985,49070,48970,49065,4580
1763559000,49070,49115,49040,49085,5007
1763559900,49090,49160,49090,49160,5138
1763560800,49160,49180,49070,49070,5337
1763561700,49075,49120,49065,49080,3590
1763562600,49080,49305,49055,49280,13876
1763563500,49275,49500,49250,49485,13004
1763564400,49485,49515,49420,49475,10794
1763565300,49475,49530,49405,49415,7810
1763566200,49415,49440,49325,49375,6261
1763567100,49380,49385,49205,49235,7746
1763568000,49235,49265,49130,49170,6868
1763568900,49170,49245,49090,49135,8186
1763569800,49130,49175,49090,49130,4490
1763570700,49130,49185,49095,49185,3524
1763571600,49185,49210,49045,49070,4928
1763572500,49070,49165,49060,49145,2893
1763573400,49140,49165,48955,49125,5820
1763574300,49125,49205,49060,49180,3061
1763575200,49175,49240,49130,49220,2931
1763576100,49230,49240,49155,49165,2099
1763577000,49160,49320,49155,49180,3561
1763577900,49175,49260,49105,49225,2038
1763578800,49230,49245,49175,49220,1963
1763579700,49220,49230,49075,49105,1684
1763580600,49105,49145,49080,49135,1800
1763581500,49135,49270,49100,49205,2215
1763582400,49210,49290,49175,49280,1429
1763583300,49285,49395,49285,49345,2548
1763584200,49355,49435,49325,49360,2021
1763585100,49360,49365,49250,49320,1867
1763586000,49305,49305,49305,49305,1035
1763595900,49990,50285,49975,50270,30613
1763596800,50270,50570,50240,50250,55637
1763597700,50250,50615,50210,50545,41027
1763598600,50550,50565,50265,50335,25134
1763599500,50340,50385,50225,50230,15837
1763600400,50225,50390,50165,50345,18384
1763601300,50350,50405,50230,50340,11912
1763602200,50340,50350,50250,50280,7639
1763603100,50280,50295,50115,50210,14721
1763604000,50210,50260,50085,50125,13226
1763604900,50120,50145,50045,50060,8906
1763605800,50065,50220,50065,50195,6995
1763606700,50190,50215,50165,50180,4206
1763607600,50180,50280,50175,50210,8292
1763608500,50210,50295,50180,50260,5595
1763609400,50265,50295,50045,50065,15354
1763610300,50070,50075,49675,49800,36533
1763611200,49795,49950,49760,49825,18750
1763612100,49830,49880,49720,49795,12665
1763613000,49795,49950,49765,49895,8523
1763613900,49890,49940,49820,49915,6958
1763614800,49920,50030,49875,49980,12326
1763615700,49980,50090,49960,49975,10239
1763616600,49975,50005,49920,50005,8646
1763617500,50000,50000,49875,49955,8589
1763618400,49960,49965,49840,49870,10026
1763619300,49870,49870,49755,49795,14568
1763620200,49795,49970,49790,49955,18667
1763621100,49920,49920,49920,49920,2682
1763625600,49870,49890,49805,49810,10192
1763626500,49815,49860,49775,49815,4255
1763627400,49815,49835,49750,49800,4724
1763628300,49805,49850,49690,49690,4869
1763629200,49695,49730,49635,49715,6094
1763630100,49710,49725,49600,49610,4500
1763631000,49605,49685,49605,49645,3774
1763631900,49645,49655,49590,49635,4718
1763632800,49640,49690,49615,49665,3900
1763633700,49670,49770,49670,49755,5973
1763634600,49750,49795,49750,49790,2917
1763635500,49790,49845,49780,49825,2905
1763636400,49825,49835,49750,49800,3742
1763637300,49800,49800,49730,49770,3740
1763638200,49770,49830,49770,49820,2523
1763639100,49820,49825,49710,49760,3184
1763640000,49760,49780,49705,49740,3168
1763640900,49735,49795,49715,49760,2916
1763641800,49760,49785,49755,49775,2247
1763642700,49780,49925,49775,49920,5881
1763643600,49920,49975,49895,49920,5803
1763644500,49920,49920,49830,49865,5309
1763645400,49875,50000,49865,49935,10547
1763646300,49935,50095,49920,50050,8113
1763647200,50060,50075,50005,50030,5315
1763648100,50030,50095,50015,50055,4633
1763649000,50060,50110,49895,49965,15521
1763649900,49970,50120,49910,50110,10500
1763650800,50110,50170,49965,50000,9502
1763651700,50000,50180,49985,50165,8482
1763652600,50170,50230,50130,50200,7632
1763653500,50200,50205,49980,49985,6239
1763654400,49985,49985,49720,49730,9955
1763655300,49735,49735,49520,49560,14077
1763656200,49555,49585,49285,49295,16007
1763657100,49300,49405,48875,48925,20657
1763658000,48920,49130,48740,48825,22447
1763658900,48825,48830,48615,48760,16761
1763659800,48760,48845,48525,48610,16603
1763660700,48610,48740,48550,48685,9674
1763661600,48685,49105,48645,49100,12905
1763662500,49100,49110,48840,48885,10722
1763663400,48880,48935,48620,48630,8252
1763664300,48630,48655,48470,48595,10249
1763665200,48595,48665,48505,48650,6656
1763666100,48645,48795,48595,48765,6034
1763667000,48765,48765,48650,48755,4340
1763667900,48750,48820,48655,48805,3795
1763668800,48805,48810,48640,48680,4555
1763669700,48680,48765,48645,48705,3301
1763670600,48705,48715,48435,48500,7255
1763671500,48495,48555,48445,48475,3461
1763672400,48455,48455,48455,48455,1005
1763682300,48520,48695,48315,48395,30716
1763683200,48390,48690,48285,48640,46011
1763684100,48640,48830,48580,48725,25777
1763685000,48725,48780,48625,48660,18857
1763685900,48660,48945,48655,48770,21984
1763686800,48770,48835,48715,48800,16268
1763687700,48795,49040,48795,49040,16891
1763688600,49040,49050,48835,48980,19621
1763689500,48975,49030,48880,48890,12720
1763690400,48890,48915,48735,48735,13143
1763691300,48730,48790,48670,48690,10988
1763692200,48690,48790,48680,48770,6064
1763693100,48775,48790,48685,48690,3419
1763694000,48695,48775,48660,48750,6060
1763694900,48745,48780,48705,48775,4495
1763695800,48775,48920,48675,48790,25843
1763696700,48795,48860,48620,48660,16313
1763697600,48665,48685,48570,48635,13823
1763698500,48635,48705,48570,48700,14756
1763699400,48700,48720,48565,48590,11589
1763700300,48585,48715,48510,48710,14610
1763701200,48705,48785,48665,48740,12540
1763702100,48740,48785,48715,48725,6917
1763703000,48725,48755,48635,48700,8173
1763703900,48700,48730,48640,48685,7033
1763704800,48685,48750,48645,48700,9556
1763705700,48700,48825,48675,48705,15882
1763706600,48705,48775,48665,48705,15292
1763707500,48780,48780,48780,48780,2450
1763712000,48410,48610,48360,48575,17314
1763712900,48580,48610,48475,48590,9106
1763713800,48585,48640,48535,48615,8060
1763714700,48610,48810,48610,48795,9314
1763715600,48790,48815,48750,48760,4940
1763716500,48755,48765,48575,48620,7706
1763717400,48615,48645,48430,48430,9638
1763718300,48425,48500,48395,48405,8474
1763719200,48405,48415,48095,48150,21901
1763720100,48155,48170,48025,48055,11494
1763721000,48055,48310,48055,48235,10318
1763721900,48235,48385,48230,48380,6777
1763722800,48385,48485,48340,48480,8750
1763723700,48485,48510,48395,48395,7388
1763724600,48395,48450,48355,48420,4764
1763725500,48420,48430,48285,48355,6038
1763726400,48360,48390,48195,48290,7107
1763727300,48290,48310,48140,48160,6602
1763728200,48160,48570,48160,48560,24945
1763729100,48560,48690,48545,48570,12379
1763730000,48575,48650,48510,48640,6768
1763730900,48640,48755,48620,48625,8406
1763731800,48630,48760,48630,48730,5447
1763732700,48730,48770,48705,48740,4707
1763733600,48740,48740,48650,48690,5473
1763734500,48675,48705,48635,48670,2932
1763735400,48670,48770,48560,48590,16123
1763736300,48600,48770,48490,48645,14089
1763737200,48645,48710,48430,48465,20124
1763738100,48465,48615,48335,48400,15560
1763739000,48395,48475,48190,48320,18605
1763739900,48320,48415,48255,48280,12513
1763740800,48275,48360,48140,48350,12341
1763741700,48350,48490,48235,48485,11584
1763742600,48480,48600,48440,48570,10921
1763743500,48570,48785,48520,48785,8226
1763744400,48785,48850,48710,48780,7626
1763745300,48785,48845,48725,48805,5139
1763746200,48805,48845,48755,48800,3857
1763747100,48805,48820,48670,48700,4432
1763748000,48700,48720,48505,48510,5992
1763748900,48505,48590,48455,48580,4354
1763749800,48580,48785,48555,48775,3712
1763750700,48780,49035,48740,48890,12032
1763751600,48890,48980,48850,48920,3223
1763752500,48925,49075,48910,49065,3882
1763753400,49060,49070,48915,48935,4242
1763754300,48930,48940,48815,48860,3414
1763755200,48860,48930,48845,48910,2727
1763756100,48905,48950,48860,48860,2667
1763757000,48855,48940,48800,48885,3693
1763757900,48880,48955,48820,48825,1857
1763758800,48800,48800,48800,48800,1059
1763941500,48905,49050,48875,48960,10399
1763942400,48960,48960,48675,48755,13381
1763943300,48760,48815,48670,48785,6875
1763944200,48785,48820,48720,48765,3636
1763945100,48765,48845,48740,48800,5009
1763946000,48800,48840,48750,48830,4461
1763946900,48830,48940,48790,48915,5601
1763947800,48910,48930,48775,48795,5053
1763948700,48795,48900,48790,48880,3482
1763949600,48880,48935,48850,48870,2980
1763950500,48870,49060,48870,49020,5849
1763951400,49020,49070,48965,49070,3579
1763952300,49070,49115,49050,49110,3728
1763953200,49110,49135,49055,49055,2402
1763954100,49055,49070,48995,49020,2910
1763955000,49015,49030,48940,49010,2945
1763955900,49015,49100,48980,49070,3315
1763956800,49075,49120,49015,49015,3627
1763957700,49010,49020,48960,49000,3163
1763958600,49005,49020,48950,48995,2911
1763959500,48995,49005,48940,48945,2473
1763960400,48945,49080,48915,49040,3790
1763961300,49040,49075,49030,49050,1684
1763962200,49050,49050,48950,48970,2724
1763963100,48970,49020,48965,49020,1636
1763964000,49025,49030,48950,48970,1729
1763964900,48970,49015,48940,48950,1759
1763965800,48945,49000,48940,48975,1836
1763966700,49015,49015,49015,49015,1618
1763971200,49050,49055,48915,49025,6333
1763972100,49025,49095,49025,49070,3676
1763973000,49070,49095,49045,49075,1980
1763973900,49075,49165,49075,49145,3725
1763974800,49140,49170,49075,49075,2959
1763975700,49080,49105,48745,48755,12219
1763976600,48755,48905,48740,48825,8745
1763977500,48835,48880,48810,48830,3585
1763978400,48830,48855,48730,48750,4860
1763979300,48750,48805,48690,48725,3565
1763980200,48720,48775,48650,48755,5275
1763981100,48750,48780,48700,48730,2629
1763982000,48730,48760,48695,48730,2546
1763982900,48725,48775,48715,48745,2408
1763983800,48740,48810,48735,48795,2048
1763984700,48795,48885,48780,48840,3584
1763985600,48840,48840,48780,48800,2770
1763986500,48800,48890,48790,48875,2991
1763987400,48870,48890,48825,48830,2288
1763988300,48835,48905,48835,48890,3916
1763989200,48890,48985,48885,48980,3614
1763990100,48980,48985,48945,48965,2095
1763991000,48965,48995,48955,48965,1577
1763991900,48965,48975,48880,48900,2153
1763992800,48895,49020,48890,49015,2459
1763993700,49015,49015,48935,48965,2435
1763994600,48965,49215,48940,49040,15599
1763995500,49035,49145,48955,49135,11097
1763996400,49140,49315,49140,49250,15536
1763997300,49250,49275,49175,49250,6992
1763998200,49255,49340,49210,49320,6169
1763999100,49320,49375,49235,49255,6444
1764000000,49255,49340,49255,49305,3752
1764000900,49310,49365,49295,49335,2872
1764001800,49330,49360,49300,49340,2075
1764002700,49340,49345,49270,49285,1507
1764003600,49290,49315,49225,49265,1862
1764004500,49265,49290,49255,49275,1309
1764005400,49280,49385,49275,49365,2676
1764006300,49365,49430,49360,49420,3113
1764007200,49425,49460,49400,49460,2038
1764008100,49460,49465,49405,49420,1110
1764009000,49420,49495,49400,49495,3532
1764009900,49490,49510,49475,49485,1730
1764010800,49485,49520,49485,49510,1062
1764011700,49510,49515,49465,49475,1018
1764012600,49480,49500,49450,49495,1052
1764013500,49490,49510,49460,49480,1796
1764014400,49480,49570,49480,49555,2228
1764015300,49550,49585,49535,49550,1060
1764016200,49545,49585,49535,49580,1488
1764017100,49580,49620,49555,49615,1744
1764018000,49600,49600,49600,49600,766
1764027900,49600,49730,49495,49505,18627
1764028800,49500,49505,48975,49000,45970
1764029700,49000,49065,48820,48890,22548
1764030600,48885,49050,48810,48980,17037
1764031500,48975,49100,48915,49050,12397
1764032400,49045,49100,48975,49050,9860
1764033300,49050,49100,48960,49020,9135
1764034200,49025,49030,48915,48995,9845
1764035100,48985,49035,48920,48980,6106
1764036000,48980,49015,48925,48970,7306
1764036900,48975,49095,48825,48850,11482
1764037800,48845,48965,48830,48945,4529
1764038700,48945,48990,48920,48990,3308
1764039600,48990,49000,48955,48985,3004
1764040500,48985,48990,48935,48940,2003
1764041400,48940,48940,48630,48710,22328
1764042300,48710,48720,48535,48625,14089
1764043200,48630,48705,48610,48670,9681
1764044100,48665,48735,48635,48690,7360
1764045000,48685,48790,48665,48725,8118
1764045900,48725,48785,48725,48775,5427
1764046800,48770,48815,48730,48765,7926
1764047700,48765,48770,48605,48625,9281
1764048600,48625,48720,48625,48650,7749
1764049500,48650,48680,48585,48650,7667
1764050400,48650,48715,48610,48690,8673
1764051300,48685,48705,48635,48660,9721
1764052200,48660,48740,48635,48665,8730
1764053100,48600,48600,48600,48600,2928
1764057600,48665,48710,48625,48650,7456
1764058500,48655,48755,48655,48725,4997
1764059400,48725,48755,48650,48655,2975
1764060300,48655,48660,48505,48560,6017
1764061200,48560,48655,48550,48615,4184
1764062100,48620,48630,48485,48485,3458
1764063000,48485,48505,48420,48485,5721
1764063900,48485,48570,48460,48565,3904
1764064800,48560,48575,48490,48560,3425
1764065700,48565,48570,48525,48545,2100
1764066600,48535,48630,48480,48605,3739
1764067500,48610,48675,48595,48650,3438
1764068400,48645,48665,48610,48640,2709
1764069300,48640,48650,48620,48635,2018
1764070200,48630,48655,48620,48645,2041
1764071100,48640,48665,48615,48660,1817
1764072000,48660,48765,48650,48745,4791
1764072900,48745,48750,48705,48745,2521
1764073800,48745,48875,48650,48810,7927
1764074700,48805,48825,48675,48685,6539
1764075600,48680,48740,48645,48700,5555
1764076500,48705,48785,48695,48750,2849
1764077400,48750,48800,48685,48705,4290
1764078300,48700,48770,48700,48760,3004
1764079200,48760,48775,48695,48750,2963
1764080100,48750,48765,48725,48755,1467
1764081000,48755,48810,48535,48540,16902
1764081900,48535,48620,48260,48610,26003
1764082800,48610,48615,48385,48490,15723
1764083700,48490,48590,48465,48585,9599
1764084600,48590,48800,48575,48795,10874
1764085500,48795,48855,48680,48750,7862
1764086400,48745,48765,48690,48715,4554
1764087300,48715,48855,48700,48810,5151
1764088200,48810,48850,48795,48830,3583
1764089100,48830,48880,48795,48855,2599
1764090000,48850,48915,48850,48915,4983
1764090900,48915,48960,48880,48935,3007
1764091800,48935,49010,48935,48980,2594
1764092700,48980,49010,48920,48925,1890
1764093600,48925,48955,48910,48945,2152
1764094500,48940,48960,48920,48950,1509
1764095400,48955,48960,48910,48930,926
1764096300,48935,48975,48935,48955,958
1764097200,48950,48975,48930,48960,783
1764098100,48960,48960,48900,48935,1212
1764099000,48935,48945,48865,48900,1537
1764099900,48895,48980,48890,48970,918
1764100800,48975,49010,48975,49010,1885
1764101700,49005,49035,49000,49025,1102
1764102600,49030,49095,49025,49085,1950
1764103500,49085,49165,49070,49135,2572
1764104400,49105,49105,49105,49105,860
1764114300,49000,49065,48980,49035,11057
1764115200,49030,49155,48980,49125,26874
1764116100,49125,49335,49120,49270,22123
1764117000,49270,49325,49225,49295,11119
1764117900,49290,49420,49235,49405,12102
1764118800,49405,49565,49400,49515,17614
1764119700,49515,49625,49500,49600,13206
1764120600,49605,49670,49490,49625,24755
1764121500,49620,49670,49590,49655,8196
1764122400,49650,49750,49625,49655,11984
1764123300,49655,49680,49615,49640,7747
1764124200,49645,49715,49625,49690,3968
1764125100,49690,49690,49635,49665,2705
1764126000,49670,49725,49665,49715,3643
1764126900,49720,49720,49685,49695,2579
1764127800,49690,49780,49650,49660,12909
1764128700,49660,49705,49635,49670,6629
1764129600,49670,49730,49580,49600,8595
1764130500,49605,49625,49515,49550,8283
1764131400,49550,49555,49480,49515,7586
1764132300,49515,49565,49500,49525,4602
1764133200,49520,49630,49515,49605,6881
1764134100,49605,49660,49580,49630,5127
1764135000,49630,49690,49630,49680,5963
1764135900,49685,49690,49625,49645,6163
1764136800,49645,49660,49525,49575,8826
1764137700,49570,49575,49510,49560,8559
1764138600,49565,49690,49560,49640,14473
1764139500,49675,49675,49675,49675,2354
1764144000,49720,49720,49580,49650,8337
1764144900,49650,49710,49635,49655,3682
1764145800,49660,49665,49560,49580,3511
1764146700,49580,49620,49565,49565,2637
1764147600,49570,49570,49500,49510,4297
1764148500,49510,49540,49490,49525,2895
1764149400,49530,49580,49530,49565,2348
1764150300,49565,49580,49520,49545,2064
1764151200,49545,49610,49545,49610,2322
1764152100,49610,49660,49605,49625,2964
1764153000,49625,49650,49585,49620,2382
1764153900,49620,49645,49610,49630,1321
1764154800,49630,49650,49610,49650,1228
1764155700,49650,49675,49635,49655,1469
1764156600,49650,49655,49565,49580,3048
1764157500,49585,49610,49535,49555,2873
1764158400,49550,49575,49425,49455,12322
1764159300,49455,49475,49415,49460,3975
1764160200,49460,49490,49405,49480,4207
1764161100,49480,49525,49470,49500,3382
1764162000,49500,49535,49495,49515,2400
1764162900,49520,49570,49520,49545,2516
1764163800,49555,49605,49530,49590,4281
1764164700,49590,49650,49575,49650,2785
1764165600,49650,49675,49605,49670,2327
1764166500,49670,49705,49660,49700,2828
1764167400,49705,49835,49695,49800,11962
1764168300,49805,49865,49670,49675,8721
1764169200,49680,49770,49615,49730,9129
1764170100,49720,49790,49695,49765,5129
1764171000,49770,49885,49765,49830,7141
1764171900,49825,49905,49790,49895,4324
1764172800,49895,49935,49880,49905,3762
1764173700,49905,49970,49905,49930,2992
1764174600,49935,50015,49905,49995,4686
1764175500,49995,50035,49980,50020,3077
1764176400,50025,50055,50020,50030,3343
1764177300,50035,50055,50015,50045,1801
1764178200,50045,50120,50045,50120,3205
1764179100,50120,50130,50060,50085,2268
1764180000,50085,50120,50020,50085,5319
1764180900,50085,50160,50070,50135,2215
1764181800,50135,50145,50090,50105,1588
1764182700,50105,50155,50085,50145,1360
1764183600,50145,50155,50115,50155,1250
1764184500,50150,50180,50145,50170,1477
1764185400,50170,50190,50130,50135,1830
1764186300,50140,50155,50125,50150,1169
1764187200,50150,50175,50120,50170,1382
1764188100,50175,50200,50170,50185,1674
1764189000,50180,50200,50165,50175,1062
1764189900,50175,50180,50110,50115,1383
1764190800,50105,50105,50105,50105,868
1764200700,50090,50110,49965,49980,12268
1764201600,49980,50190,49950,50165,26227
1764202500,50165,50250,50120,50215,15754
1764203400,50215,50350,50195,50320,16428
1764204300,50320,50320,50185,50220,11431
1764205200,50215,50275,50170,50180,9702
1764206100,50180,50250,50155,50230,7842
1764207000,50225,50305,50175,50270,7412
1764207900,50270,50285,50165,50255,7068
1764208800,50265,50280,50175,50180,4824
1764209700,50180,50245,50165,50230,4355
1764210600,50230,50245,50135,50160,2779
1764211500,50160,50165,50110,50125,2901
1764212400,50130,50140,50090,50100,3221
1764213300,50100,50145,50095,50110,3732
1764214200,50115,50140,50050,50080,8764
1764215100,50080,50180,50055,50150,6718
1764216000,50150,50160,50075,50090,4783
1764216900,50090,50130,50075,50110,3293
1764217800,50115,50155,50105,50140,3374
1764218700,50140,50160,50115,50135,3318
1764219600,50135,50185,50115,50175,4417
1764220500,50170,50235,50145,50220,5922
1764221400,50215,50265,50190,50240,4953
1764222300,50240,50240,50190,50215,4884
1764223200,50215,50225,50160,50205,5588
1764224100,50200,50210,50130,50175,7802
1764225000,50175,50205,50125,50145,8487
1764225900,50130,50130,50130,50130,1955
1764230400,50145,50150,50030,50085,5684
1764231300,50090,50170,50090,50145,4334
1764232200,50145,50145,50115,50125,2031
1764233100,50120,50120,50070,50070,2643
1764234000,50070,50075,50030,50060,3494
1764234900,50060,50105,50045,50100,2092
1764235800,50100,50130,50075,50100,2372
1764236700,50100,50100,50040,50045,1840
1764237600,50045,50090,50040,50075,1465
1764238500,50075,50095,50075,50080,777
1764239400,50085,50105,50070,50105,1404
1764240300,50105,50140,50090,50130,1610
1764241200,50135,50160,50125,50160,1616
1764242100,50160,50175,50145,50145,1800
1764243000,50150,50195,50135,50190,1491
1764243900,50190,50195,50130,50130,1516
1764244800,50135,50165,50120,50155,1525
1764245700,50150,50155,50115,50145,936
1764246600,50140,50150,50115,50120,1081
1764247500,50120,50150,50115,50120,938
1764248400,50120,50125,50055,50070,2343
1764249300,50065,50090,50045,50070,1970
1764250200,50065,50110,50065,50070,2437
1764251100,50070,50070,50045,50050,1628
1764252000,50050,50070,50045,50050,1273
1764252900,50050,50075,50050,50055,952
1764253800,50055,50065,49990,50045,3011
1764254700,50040,50065,50030,50060,1128
1764255600,50060,50080,50045,50075,1171
1764256500,50075,50080,50055,50065,606
1764257400,50070,50080,50050,50060,885
1764258300,50060,50080,50060,50075,713
1764259200,50070,50100,50055,50085,1125
1764260100,50085,50100,50075,50075,694
1764261000,50080,50090,50040,50050,1042
1764261900,50050,50075,50025,50070,776
1764262800,50075,50085,50040,50045,441
1764263700,50045,50055,50035,50050,680
1764264600,50050,50065,50045,50050,249
1764265500,50050,50055,50040,50050,139
1764266400,50055,50060,50045,50050,191
1764267300,50045,50050,50045,50050,70
1764268200,50050,50055,50045,50050,152
1764269100,50055,50055,50030,50035,174
1764270000,50040,50045,50035,50040,105
1764270900,50030,50045,50030,50040,64
1764271800,50040,50040,50035,50035,41
1764272700,50035,50035,50030,50035,66
1764273600,50030,50030,50015,50015,203
1764274500,50020,50030,50015,50030,135
1764275400,50035,50050,50030,50050,160
1764276300,50050,50070,50045,50070,256
1764277200,50070,50070,50070,50070,681
1764287100,50100,50235,50065,50215,9152
1764288000,50220,50280,50080,50095,26499
1764288900,50095,50150,50045,50100,11010
1764289800,50105,50135,50050,50075,6985
1764290700,50075,50140,50050,50125,6204
1764291600,50125,50130,50020,50100,8035
1764292500,50105,50235,50095,50175,9154
1764293400,50180,50180,50050,50095,7940
1764294300,50090,50115,50055,50100,4075
1764295200,50100,50175,50090,50140,4635
1764296100,50140,50160,50115,50150,3169
1764297000,50150,50170,50130,50145,2479
1764297900,50145,50175,50145,50165,1552
1764298800,50160,50200,50160,50160,2652
1764299700,50160,50175,50115,50130,2017
1764300600,50130,50195,50125,50150,5287
1764301500,50150,50175,50080,50155,5080
1764302400,50160,50185,50105,50120,3835
1764303300,50115,50140,50080,50100,3106
1764304200,50100,50215,50085,50190,4661
1764305100,50185,50200,50160,50160,3491
1764306000,50160,50250,50160,50235,5687
1764306900,50235,50255,50195,50255,3712
1764307800,50250,50275,50215,50245,4109
1764308700,50245,50250,50200,50235,3562
1764309600,50235,50260,50230,50255,4340
1764310500,50250,50265,50225,50255,7017
1764311400,50255,50270,50215,50220,5655
1764312300,50250,50250,50250,50250,1736
1764316800,50235,50240,50170,50185,5122
1764317700,50185,50205,50160,50180,2681
1764318600,50180,50185,50125,50125,2491
1764319500,50125,50145,50105,50115,1973
1764320400,50115,50165,50115,50120,2570
1764321300,50120,50190,50115,50185,2312
1764322200,50185,50190,50155,50170,1758
1764323100,50170,50180,50145,50175,869
1764324000,50175,50185,50165,50175,1255
1764324900,50175,50180,50160,50165,788
1764325800,50165,50180,50160,50170,940
1764326700,50175,50195,50170,50175,911
1764327600,50175,50195,50170,50190,621
1764328500,50190,50210,50180,50180,1390
1764329400,50180,50190,50160,50190,1042
1764330300,50185,50200,50180,50195,462
1764331200,50200,50250,50195,50230,1977
1764332100,50235,50245,50220,50220,1957
1764333000,50225,50230,50210,50215,747
1764333900,50215,50225,50175,50175,2049
1764334800,50180,50180,50115,50135,3628
1764335700,50135,50165,50135,50150,1191
1764336600,50150,50185,50115,50125,5018
1764337500,50120,50145,50115,50120,1501
1764338400,50125,50140,50085,50100,1925
1764339300,50100,50140,50100,50135,1872
1764340200,50135,50190,50100,50145,4998
1764341100,50140,50175,50125,50145,2582
1764342000,50140,50170,50130,50160,2530
1764342900,50160,50205,50145,50160,3112
1764343800,50155,50165,50120,50155,1681
1764344700,50150,50190,50135,50145,1980
1764345600,50145,50205,50125,50195,1856
1764346500,50195,50210,50125,50160,2611
1764347400,50160,50185,50130,50160,2222
1764348300,50160,50205,50155,50200,1489
1764349200,50200,50225,50180,50215,1112
1764350100,50215,50230,50190,50210,786
1764351000,50210,50215,50185,50185,632
1764351900,50190,50240,50175,50230,2031
1764352800,50235,50250,50220,50240,1041
1764353700,50245,50250,50220,50225,372
1764354600,50225,50245,50225,50245,150
1764355500,50240,50250,50235,50235,343
1764356400,50235,50245,50235,50240,115
1764357300,50240,50245,50235,50245,208
1764358200,50245,50250,50240,50245,123
1764359100,50245,50295,50240,50285,1230
1764360000,50285,50315,50285,50305,1265
1764360900,50305,50345,50305,50325,1245
1764361800,50320,50330,50280,50315,657
1764362700,50315,50320,50290,50290,410
1764363600,50285,50285,50285,50285,719
1764546300,50240,50315,50200,50310,11617
1764547200,50310,50385,49970,50055,33481
1764548100,50050,50110,49850,49915,21485
1764549000,49910,49945,49675,49680,20019
1764549900,49680,49680,49565,49650,21932
1764550800,49645,49660,49320,49390,30672
1764551700,49390,49555,49350,49420,20650
1764552600,49420,49540,49395,49535,13122
1764553500,49540,49625,49490,49495,11439
1764554400,49495,49510,49415,49430,9447
1764555300,49430,49445,49375,49415,8239
1764556200,49415,49445,49340,49370,4810
1764557100,49370,49390,49325,49375,3516
1764558000,49375,49380,49315,49325,3841
1764558900,49325,49370,49320,49365,2824
1764559800,49360,49415,49300,49390,10703
1764560700,49385,49405,49325,49370,6625
1764561600,49365,49365,49285,49300,7669
1764562500,49300,49395,49300,49380,6834
1764563400,49375,49410,49335,49385,5751
1764564300,49390,49390,49290,49295,5902
1764565200,49295,49310,49230,49275,9738
1764566100,49280,49285,49235,49260,6353
1764567000,49255,49300,49225,49250,8036
1764567900,49250,49320,49230,49315,7186
1764568800,49310,49330,49265,49305,7776
1764569700,49305,49365,49275,49330,10515
1764570600,49330,49340,49245,49275,11545
1764571500,49300,49300,49300,49300,2326
1764576000,49260,49335,49240,49330,6688
1764576900,49330,49410,49330,49375,4813
1764577800,49380,49430,49350,49430,3231
1764578700,49430,49430,49385,49405,3158
1764579600,49405,49455,49395,49440,2976
1764580500,49440,49455,49400,49415,1727
1764581400,49415,49415,49345,49370,2595
1764582300,49370,49375,49265,49265,4619
1764583200,49265,49325,49255,49310,4122
1764584100,49310,49315,49270,49300,2041
1764585000,49295,49300,49255,49300,2270
1764585900,49305,49315,49265,49280,1731
1764586800,49275,49290,49220,49290,4453
1764587700,49285,49310,49245,49265,2703
1764588600,49260,49265,49195,49200,3577
1764589500,49205,49235,49195,49210,2705
1764590400,49210,49220,49125,49155,5231
1764591300,49155,49175,49115,49120,3373
1764592200,49125,49145,49100,49115,4780
1764593100,49115,49130,49065,49100,3741
1764594000,49100,49120,49075,49105,3033
1764594900,49105,49160,49100,49135,2711
1764595800,49130,49185,49120,49180,2466
1764596700,49180,49250,49170,49240,3699
1764597600,49240,49265,49210,49260,2826
1764598500,49260,49270,49185,49220,3255
1764599400,49225,49325,49210,49265,8573
1764600300,49270,49495,49250,49475,10374
1764601200,49475,49510,49440,49460,7149
1764602100,49460,49490,49435,49455,3903
1764603000,49460,49485,49370,49445,6096
1764603900,49450,49580,49420,49535,4563
1764604800,49535,49545,49420,49420,4603
1764605700,49420,49520,49405,49510,3313
1764606600,49510,49585,49505,49560,3942
1764607500,49560,49585,49530,49540,1630
1764608400,49540,49605,49540,49580,2016
1764609300,49580,49580,49540,49550,1471
1764610200,49555,49585,49530,49585,1248
1764611100,49580,49605,49535,49545,1716
1764612000,49545,49590,49540,49590,948
1764612900,49590,49600,49555,49595,1021
1764613800,49600,49630,49600,49620,1402
1764614700,49620,49650,49615,49640,2602
1764615600,49635,49640,49550,49585,1370
1764616500,49580,49580,49460,49480,1792
1764617400,49475,49515,49425,49460,2641
1764618300,49465,49475,49445,49450,1321
1764619200,49445,49510,49445,49505,1319
1764620100,49500,49510,49480,49510,1062
1764621000,49510,49525,49485,49515,1039
1764621900,49515,49525,49490,49500,1450
1764622800,49465,49465,49465,49465,813
1764632700,49575,49610,49500,49560,10009
1764633600,49560,49640,49425,49540,24830
1764634500,49535,49610,49530,49560,12568
1764635400,49560,49620,49465,49480,11734
1764636300,49480,49500,49405,49465,9327
1764637200,49465,49645,49445,49630,12435
1764638100,49630,49660,49560,49605,9089
1764639000,49605,49620,49535,49560,6316
1764639900,49560,49610,49555,49575,4182
1764640800,49575,49605,49530,49550,5984
1764641700,49550,49585,49520,49525,3547
1764642600,49525,49605,49515,49605,2803
1764643500,49600,49615,49565,49570,1969
1764644400,49570,49570,49500,49500,2423
1764645300,49500,49500,49410,49420,4512
1764646200,49425,49530,49310,49520,13788
1764647100,49520,49530,49425,49450,9034
1764648000,49450,49485,49410,49440,4784
1764648900,49440,49455,49410,49410,3536
1764649800,49410,49470,49380,49385,5866
1764650700,49385,49425,49355,49380,4748
1764651600,49380,49410,49365,49390,3992
1764652500,49395,49435,49370,49390,4289
1764653400,49390,49415,49360,49360,3974
1764654300,49365,49385,49340,49365,3972
1764655200,49360,49380,49295,49320,6393
1764656100,49315,49315,49270,49280,7926
1764657000,49280,49315,49260,49305,6838
1764657900,49270,49270,49270,49270,2241
1764662400,49330,49380,49310,49360,6170
1764663300,49365,49400,49355,49390,2707
1764664200,49390,49445,49380,49435,4437
1764665100,49435,49490,49430,49480,4172
1764666000,49480,49510,49465,49485,2697
1764666900,49485,49520,49475,49500,2156
1764667800,49500,49500,49440,49470,2742
1764668700,49465,49500,49455,49475,1565
1764669600,49480,49515,49475,49515,1247
1764670500,49515,49535,49495,49525,1662
1764671400,49525,49565,49525,49555,2359
1764672300,49555,49605,49550,49595,3121
1764673200,49595,49605,49570,49595,1906
1764674100,49590,49605,49580,49600,1523
1764675000,49595,49610,49560,49575,1917
1764675900,49580,49595,49570,49575,1366
1764676800,49575,49585,49545,49560,2114
1764677700,49565,49630,49555,49615,2641
1764678600,49615,49615,49570,49595,2350
1764679500,49590,49670,49585,49670,2865
1764680400,49665,49670,49615,49620,2281
1764681300,49615,49630,49590,49600,2073
1764682200,49605,49635,49580,49625,2159
1764683100,49625,49635,49600,49630,1655
1764684000,49630,49650,49620,49640,2008
1764684900,49640,49650,49615,49625,1412
1764685800,49620,49740,49590,49665,10860
1764686700,49670,49685,49550,49605,8034
1764687600,49605,49655,49585,49640,5934
1764688500,49645,49665,49515,49520,6414
1764689400,49520,49605,49455,49600,7535
1764690300,49605,49650,49585,49610,4312
1764691200,49605,49625,49440,49465,12505
1764692100,49460,49470,49305,49330,8266
1764693000,49325,49450,49270,49365,6627
1764693900,49360,49445,49355,49415,2717
1764694800,49410,49480,49410,49480,2385
1764695700,49485,49565,49480,49530,3546
1764696600,49530,49550,49490,49500,2228
1764697500,49500,49510,49410,49410,4289
1764698400,49405,49495,49390,49480,1975
1764699300,49475,49505,49440,49465,1196
1764700200,49465,49475,49425,49455,821
1764701100,49450,49490,49435,49485,1104
1764702000,49480,49540,49480,49535,1939
1764702900,49530,49545,49485,49515,1816
1764703800,49515,49550,49510,49520,1652
1764704700,49520,49585,49515,49565,2073
1764705600,49570,49570,49525,49560,932
1764706500,49565,49585,49555,49570,817
1764707400,49570,49590,49550,49565,845
1764708300,49570,49580,49535,49535,1028
1764709200,49565,49565,49565,49565,896
1764719100,49600,49620,49535,49610,10469
1764720000,49610,49805,49605,49705,32896
1764720900,49705,49800,49625,49675,17517
1764721800,49670,49770,49620,49740,10845
1764722700,49745,49770,49680,49690,8166
1764723600,49685,49770,49655,49705,8611
1764724500,49705,49735,49675,49720,5527
1764725400,49715,49770,49640,49660,8067
1764726300,49665,49720,49645,49660,5328
1764727200,49660,49815,49655,49805,8396
1764728100,49810,49895,49775,49875,10980
1764729000,49870,49915,49845,49905,5342
1764729900,49905,49920,49885,49900,3348
1764730800,49900,49930,49885,49915,2627
1764731700,49920,49950,49915,49945,3023
1764732600,49945,50125,49940,50125,16667
1764733500,50125,50160,50045,50080,10392
1764734400,50080,50095,50045,50065,7194
1764735300,50070,50110,50035,50060,5609
1764736200,50060,50070,50025,50060,4651
1764737100,50060,50115,50055,50090,4941
1764738000,50095,50140,50080,50115,6783
1764738900,50115,50155,50105,50130,4799
1764739800,50130,50165,50065,50085,7304
1764740700,50085,50090,50025,50055,7023
1764741600,50050,50055,49945,49960,8069
1764742500,49960,49980,49875,49895,11258
1764743400,49890,49895,49795,49805,13758
1764744300,49825,49825,49825,49825,2243
1764748800,49865,49880,49835,49860,6540
1764749700,49865,49875,49770,49785,3828
1764750600,49785,49845,49785,49835,3154
1764751500,49835,49860,49820,49850,2104
1764752400,49850,49855,49775,49805,2704
1764753300,49810,49815,49785,49785,1971
1764754200,49790,49825,49750,49755,3222
1764755100,49755,49785,49750,49770,1883
1764756000,49775,49785,49760,49765,1541
1764756900,49770,49795,49765,49770,1887
1764757800,49770,49770,49685,49685,4260
1764758700,49690,49695,49610,49660,4127
1764759600,49655,49655,49600,49635,2930
1764760500,49640,49690,49635,49685,2201
1764761400,49685,49700,49670,49685,2152
1764762300,49685,49685,49645,49645,1967
1764763200,49645,49675,49625,49655,2757
1764764100,49650,49690,49625,49690,2626
1764765000,49685,49730,49685,49715,3604
1764765900,49720,49740,49680,49690,2583
1764766800,49690,49720,49680,49700,1914
1764767700,49695,49705,49635,49690,4615
1764768600,49690,49730,49660,49715,3029
1764769500,49715,49730,49695,49700,1594
1764770400,49700,49700,49290,49345,28230
1764771300,49345,49460,49325,49450,9326
1764772200,49450,49495,49410,49440,10486
1764773100,49440,49465,49355,49410,7307
1764774000,49410,49650,49395,49540,13737
1764774900,49540,49615,49510,49565,6297
1764775800,49560,49715,49555,49670,8705
1764776700,49670,49680,49600,49635,3023
1764777600,49630,49665,49555,49595,3309
1764778500,49590,49670,49580,49600,4149
1764779400,49605,49705,49595,49660,3314
1764780300,49660,49675,49525,49555,2749
1764781200,49555,49660,49555,49660,4408
1764782100,49660,49710,49645,49700,4144
1764783000,49700,49710,49675,49710,1658
1764783900,49710,49725,49690,49700,1018
1764784800,49705,49705,49670,49695,1473
1764785700,49700,49715,49680,49710,954
1764786600,49720,49785,49715,49785,1107
1764787500,49785,49790,49720,49730,1003
1764788400,49730,49760,49730,49760,774
1764789300,49760,49775,49745,49765,300
1764790200,49765,49815,49760,49805,987
1764791100,49800,49810,49785,49805,824
1764792000,49810,49835,49800,49825,994
1764792900,49825,49855,49815,49850,1112
1764793800,49845,49870,49835,49865,890
1764794700,49870,49920,49845,49895,1781
1764795600,49900,49900,49900,49900,844
1764805500,49825,49925,49815,49910,8866
1764806400,49915,50260,49905,50220,30985
1764807300,50220,50300,50140,50170,16539
1764808200,50170,50365,50170,50355,15707
1764809100,50350,50360,50165,50175,11662
1764810000,50180,50360,50170,50350,12591
1764810900,50350,50500,50350,50480,13782
1764811800,50480,50555,50455,50535,11269
1764812700,50530,50565,50445,50495,9846
1764813600,50495,50575,50480,50540,7178
1764814500,50535,50600,50520,50590,6774
1764815400,50585,50600,50510,50535,4055
1764816300,50535,50605,50510,50585,2743
1764817200,50585,50590,50530,50565,2439
1764818100,50565,50570,50530,50540,2000
1764819000,50540,50615,50510,50570,9825
1764819900,50575,50700,50575,50680,8751
1764820800,50685,50770,50660,50755,8129
1764821700,50760,50775,50685,50690,6602
1764822600,50690,50750,50660,50745,6846
1764823500,50745,50780,50725,50750,5727
1764824400,50745,50890,50745,50880,10965
1764825300,50885,50915,50815,50835,12641
1764826200,50835,50890,50780,50850,11866
1764827100,50855,50930,50840,50865,9944
1764828000,50870,51000,50865,50975,16333
1764828900,50970,51045,50920,51045,15812
1764829800,51035,51060,50990,51000,14096
1764830700,51000,51000,51000,51000,2232
1764835200,50920,50920,50790,50805,11099
1764836100,50805,50825,50720,50730,9710
1764837000,50730,50785,50710,50740,5696
1764837900,50740,50780,50710,50735,3670
1764838800,50740,50815,50730,50795,3060
1764839700,50795,50915,50755,50915,4622
1764840600,50915,50955,50905,50945,4845
1764841500,50950,50990,50945,50960,4013
1764842400,50960,50980,50920,50925,2846
1764843300,50920,50940,50910,50930,1716
1764844200,50930,50930,50870,50885,2379
1764845100,50885,50890,50820,50820,2050
1764846000,50820,50855,50795,50805,4347
1764846900,50800,50840,50790,50815,1835
1764847800,50820,50865,50810,50830,2244
1764848700,50835,50835,50760,50795,2475
1764849600,50795,50825,50780,50815,2345
1764850500,50815,50820,50780,50785,1495
1764851400,50790,50810,50760,50800,1765
1764852300,50800,50830,50770,50775,1941
1764853200,50775,50785,50740,50745,2408
1764854100,50745,50810,50740,50790,2064
1764855000,50795,50875,50740,50770,5731
1764855900,50770,50780,50725,50765,2938
1764856800,50765,50870,50765,50865,3924
1764857700,50870,50870,50765,50765,2907
1764858600,50770,50805,50640,50735,10928
1764859500,50730,50760,50590,50610,9491
1764860400,50610,50665,50585,50630,5915
1764861300,50635,50665,50525,50625,7135
1764862200,50625,50660,50595,50625,4371
1764863100,50625,50635,50545,50560,4690
1764864000,50560,50580,50480,50555,5301
1764864900,50555,50600,50495,50520,3464
1764865800,50515,50550,50500,50520,2949
1764866700,50520,50640,50520,50635,2826
1764867600,50630,50640,50560,50600,1847
1764868500,50600,50600,50540,50540,1494
1764869400,50540,50565,50510,50525,2017
1764870300,50530,50555,50520,50545,1333
1764871200,50545,50575,50510,50565,2400
1764872100,50565,50605,50560,50600,1057
1764873000,50600,50620,50555,50555,1165
1764873900,50560,50580,50550,50565,788
1764874800,50570,50570,50540,50550,896
1764875700,50550,50550,50380,50445,4568
1764876600,50445,50595,50425,50560,1840
1764877500,50560,50590,50545,50555,1318
1764878400,50555,50555,50450,50525,2344
1764879300,50525,50525,50455,50460,907
1764880200,50460,50505,50460,50505,1035
1764881100,50500,50555,50485,50530,1497
1764882000,50585,50585,50585,50585,923
1764891900,50625,50645,50475,50500,12615
1764892800,50500,50585,50310,50405,34985
1764893700,50405,50440,50320,50340,15924
1764894600,50340,50440,50275,50390,15221
1764895500,50395,50470,50310,50335,11781
1764896400,50340,50390,50305,50365,8814
1764897300,50365,50380,50295,50345,6223
1764898200,50340,50365,50260,50285,7279
1764899100,50290,50295,50225,50285,6413
1764900000,50285,50375,50275,50370,7956
1764900900,50375,50485,50350,50475,7521
1764901800,50475,50475,50360,50380,5312
1764902700,50380,50385,50325,50350,2753
1764903600,50350,50355,50325,50340,2058
1764904500,50340,50370,50325,50360,2448
1764905400,50365,50370,50240,50290,8434
1764906300,50285,50320,50250,50280,5168
1764907200,50280,50395,50270,50380,5268
1764908100,50375,50390,50300,50375,6718
1764909000,50375,50385,50320,50370,5431
1764909900,50370,50380,50325,50350,3551
1764910800,50355,50445,50330,50440,6954
1764911700,50440,50460,50370,50395,4823
1764912600,50400,50435,50385,50425,3959
1764913500,50430,50445,50400,50440,4077
1764914400,50440,50460,50400,50450,6039
1764915300,50450,50510,50425,50490,12338
1764916200,50495,50525,50450,50490,10946
1764917100,50480,50480,50480,50480,1979
1764921600,50480,50515,50435,50500,5722
1764922500,50500,50545,50475,50520,3427
1764923400,50520,50590,50510,50560,3353
1764924300,50560,50570,50510,50525,2010
1764925200,50520,50570,50515,50520,2275
1764926100,50520,50585,50515,50585,1815
1764927000,50585,50590,50540,50550,1918
1764927900,50555,50570,50540,50565,1248
1764928800,50560,50615,50555,50595,2004
1764929700,50600,50655,50595,50650,2554
1764930600,50650,50680,50630,50675,2053
1764931500,50680,50720,50665,50680,3095
1764932400,50680,50710,50660,50695,2005
1764933300,50690,50705,50660,50685,1420
1764934200,50685,50690,50670,50680,798
1764935100,50680,50700,50670,50690,1181
1764936000,50690,50725,50690,50720,1735
1764936900,50720,50745,50710,50725,2342
1764937800,50730,50755,50725,50740,2361
1764938700,50735,50750,50715,50745,1386
1764939600,50745,50765,50740,50755,1688
1764940500,50755,50765,50725,50725,1708
1764941400,50725,50735,50545,50570,8033
1764942300,50570,50620,50525,50575,6467
1764943200,50570,50620,50565,50605,2217
1764944100,50610,50660,50590,50660,2504
1764945000,50660,50805,50660,50710,10037
1764945900,50720,50775,50700,50745,4559
1764946800,50745,50850,50730,50805,6830
1764947700,50800,50805,50720,50735,3119
1764948600,50735,50780,50720,50740,2574
1764949500,50735,50760,50595,50635,4878
1764950400,50630,50670,50600,50610,3706
1764951300,50605,50660,50585,50600,3866
1764952200,50595,50595,50530,50545,4156
1764953100,50550,50630,50550,50595,4073
1764954000,50590,50615,50555,50570,2257
1764954900,50570,50615,50570,50590,1216
1764955800,50595,50605,50525,50580,1901
1764956700,50575,50675,50565,50665,1760
1764957600,50665,50680,50645,50660,1681
1764958500,50660,50685,50600,50675,1430
1764959400,50675,50705,50650,50665,915
1764960300,50665,50685,50655,50665,610
1764961200,50665,50665,50635,50660,995
1764962100,50655,50665,50630,50660,675
1764963000,50665,50680,50635,50660,889
1764963900,50660,50720,50655,50710,763
1764964800,50715,50715,50665,50700,1184
1764965700,50700,50700,50640,50660,898
1764966600,50660,50690,50635,50685,897
1764967500,50690,50695,50625,50665,1496
1764968400,50650,50650,50650,50650,861
1765151100,50650,50750,50630,50725,12285
1765152000,50725,50725,50205,50315,36945
1765152900,50310,50460,50275,50390,15419
1765153800,50390,50445,50325,50365,8331
1765154700,50365,50520,50310,50450,9605
1765155600,50450,50495,50400,50410,6428
1765156500,50405,50415,50325,50340,5282
1765157400,50345,50410,50325,50395,4286
1765158300,50395,50435,50360,50415,4406
1765159200,50415,50465,50380,50450,4748
1765160100,50445,50500,50440,50475,4463
1765161000,50475,50495,50430,50440,2744
1765161900,50440,50460,50435,50450,1036
1765162800,50455,50455,50400,50440,2025
1765163700,50440,50490,50425,50470,1948
1765164600,50470,50560,50450,50535,5905
1765165500,50540,50545,50390,50420,5889
1765166400,50420,50440,50380,50420,4202
1765167300,50420,50495,50415,50490,3774
1765168200,50495,50560,50485,50505,6547
1765169100,50505,50545,50505,50520,2107
1765170000,50515,50540,50485,50515,2773
1765170900,50515,50525,50480,50485,2530
1765171800,50490,50555,50485,50535,4103
1765172700,50540,50560,50515,50525,3851
1765173600,50525,50530,50430,50515,7159
1765174500,50510,50605,50505,50580,7865
1765175400,50575,50610,50550,50565,7048
1765176300,50595,50595,50595,50595,1420
1765180800,50590,50615,50545,50580,6025
1765181700,50575,50645,50570,50630,2820
1765182600,50630,50670,50620,50635,2713
1765183500,50635,50640,50605,50625,1418
1765184400,50625,50670,50615,50665,1533
1765185300,50665,50680,50635,50675,1533
1765186200,50670,50690,50640,50640,1703
1765187100,50645,50650,50605,50615,1643
1765188000,50615,50615,50560,50595,2698
1765188900,50595,50595,50555,50595,1416
1765189800,50590,50620,50585,50615,1353
1765190700,50615,50670,50610,50655,1490
1765191600,50650,50655,50600,50615,3012
1765192500,50615,50615,50555,50555,2483
1765193400,50560,50570,50530,50555,2051
1765194300,50555,50555,50535,50545,1063
1765195200,50545,50590,50530,50570,1980
1765196100,50575,50585,50540,50545,1489
1765197000,50550,50580,50540,50560,1344
1765197900,50565,50570,50525,50530,1369
1765198800,50530,50565,50515,50550,2128
1765199700,50550,50575,50535,50540,1775
1765200600,50540,50545,50495,50540,2326
1765201500,50545,50555,50500,50510,3243
1765202400,50505,50525,50505,50505,1135
1765203300,50500,50500,50295,50375,13212
1765204200,50370,50465,50335,50370,9788
1765205100,50370,50420,50280,50370,7471
1765206000,50370,50410,50315,50335,4468
1765206900,50335,50355,50230,50315,5865
1765207800,50315,50380,50290,50340,3995
1765208700,50335,50365,50265,50275,3128
1765209600,50275,50290,50225,50245,3897
1765210500,50245,50305,50235,50290,2616
1765211400,50285,50295,50255,50290,1708
1765212300,50290,50295,50255,50280,1333
1765213200,50280,50285,50230,50240,1826
1765214100,50240,50270,50190,50230,1895
1765215000,50230,50260,50220,50235,1019
1765215900,50230,50390,50215,50385,3435
1765216800,50380,50395,50335,50340,2167
1765217700,50345,50370,50260,50260,1530
1765218600,50260,50275,50215,50270,1849
1765219500,50275,50280,50180,50220,1110
1765220400,50215,50230,50180,50180,1074
1765221300,50185,50225,50185,50220,956
1765222200,50220,50260,50220,50250,973
1765223100,50250,50260,50230,50250,689
1765224000,50250,50275,50240,50275,752
1765224900,50275,50290,50255,50275,858
1765225800,50275,50285,50245,50280,946
1765226700,50280,50315,50270,50280,1162
1765227600,50315,50315,50315,50315,898
1765237500,50480,50630,50385,50630,16700
1765238400,50630,50785,50550,50590,26304
1765239300,50595,50610,50445,50455,15180
1765240200,50455,50485,50410,50485,9218
1765241100,50485,50550,50430,50550,6908
1765242000,50550,50580,50490,50515,7859
1765242900,50515,50550,50480,50505,3994
1765243800,50505,50545,50455,50480,4885
1765244700,50475,50560,50470,50555,3997
1765245600,50555,50615,50525,50605,4623
1765246500,50610,50700,50605,50695,5676
1765247400,50685,50705,50630,50665,2539
1765248300,50665,50685,50645,50665,1169
1765249200,50665,50700,50640,50695,1777
1765250100,50695,50720,50680,50705,2145
1765251000,50705,50800,50700,50760,8313
1765251900,50760,50765,50715,50715,3623
1765252800,50715,50715,50655,50700,4406
1765253700,50695,50730,50660,50670,3850
1765254600,50670,50690,50625,50675,3374
1765255500,50680,50690,50590,50595,3259
1765256400,50595,50605,50505,50570,6729
1765257300,50570,50590,50540,50555,3894
1765258200,50555,50635,50540,50635,3442
1765259100,50635,50715,50635,50690,6002
1765260000,50695,50715,50645,50675,5556
1765260900,50680,50685,50605,50625,6304
1765261800,50625,50690,50620,50670,8025
1765262700,50835,50835,50835,50835,3327
1765267200,50880,50950,50870,50920,9866
1765268100,50925,50970,50905,50935,3796
1765269000,50935,50945,50900,50930,2511
1765269900,50935,50955,50895,50920,2129
1765270800,50915,50915,50850,50870,3274
1765271700,50870,50875,50815,50850,2846
1765272600,50845,50865,50760,50785,3172
1765273500,50785,50820,50785,50800,2226
1765274400,50805,50875,50800,50860,1925
1765275300,50865,50875,50850,50855,1640
1765276200,50855,50870,50690,50830,10609
1765277100,50830,50905,50795,50900,3733
1765278000,50900,50905,50850,50865,3849
1765278900,50865,50910,50830,50905,2873
1765279800,50905,50915,50845,50895,2755
1765280700,50900,50900,50870,50890,851
1765281600,50895,50900,50835,50855,2904
1765282500,50860,50895,50850,50895,1580
1765283400,50890,50895,50850,50860,1446
1765284300,50860,50870,50825,50855,1545
1765285200,50855,50870,50830,50855,768
1765286100,50850,50855,50810,50830,1766
1765287000,50830,50840,50755,50780,2490
1765287900,50780,50800,50755,50765,1437
1765288800,50760,50785,50750,50760,1319
1765289700,50760,50815,50760,50815,1850
1765290600,50810,50875,50745,50845,7117
1765291500,50850,50890,50825,50865,3454
1765292400,50865,50945,50865,50905,4387
1765293300,50905,50930,50875,50925,2363
1765294200,50930,50965,50915,50965,2800
1765295100,50965,50980,50905,50980,2679
1765296000,50975,51030,50970,51010,2951
1765296900,51010,51035,50985,50985,2035
1765297800,50990,51005,50925,50930,2436
1765298700,50930,50965,50910,50935,2075
1765299600,50935,50965,50920,50950,713
1765300500,50945,50955,50915,50950,1242
1765301400,50950,50965,50915,50925,1187
1765302300,50930,50940,50900,50940,766
1765303200,50935,50935,50885,50910,1283
1765304100,50910,50925,50895,50920,446
1765305000,50920,50925,50870,50870,607
1765305900,50870,50915,50855,50890,968
1765306800,50890,50895,50870,50875,439
1765307700,50875,50890,50865,50870,339
1765308600,50870,50875,50825,50840,746
1765309500,50845,50885,50840,50865,527
1765310400,50870,50870,50840,50845,563
1765311300,50845,50845,50820,50835,366
1765312200,50835,50850,50830,50850,413
1765313100,50855,50880,50840,50845,516
1765314000,50825,50825,50825,50825,547
1765323900,50880,50900,50825,50870,7272
1765324800,50870,51110,50840,51065,21744
1765325700,51065,51075,50950,51020,11746
1765326600,51020,51050,50905,50915,8103
1765327500,50920,50920,50745,50745,11954
1765328400,50750,50810,50630,50675,9979
1765329300,50670,50675,50495,50520,8673
1765330200,50515,50560,50455,50490,8825
1765331100,50490,50500,50330,50390,9934
1765332000,50385,50485,50365,50480,7984
1765332900,50485,50525,50450,50460,5053
1765333800,50465,50475,50425,50450,2201
1765334700,50450,50480,50410,50410,1833
1765335600,50415,50465,50415,50445,2090
1765336500,50445,50470,50430,50450,1704
1765337400,50450,50520,50445,50480,5583
1765338300,50485,50500,50430,50490,3503
1765339200,50495,50570,50490,50540,4723
1765340100,50540,50555,50510,50540,2510
1765341000,50540,50615,50540,50570,3672
1765341900,50565,50580,50480,50485,4213
1765342800,50485,50485,50360,50380,6112
1765343700,50385,50470,50370,50460,4135
1765344600,50465,50470,50410,50425,3133
1765345500,50425,50490,50425,50485,3053
1765346400,50485,50620,50480,50605,5544
1765347300,50605,50620,50560,50560,5991
1765348200,50565,50625,50560,50610,5156
1765349100,50600,50600,50600,50600,2019
1765353600,50600,50625,50515,50605,5072
1765354500,50605,50655,50600,50605,3416
1765355400,50605,50615,50545,50555,1663
1765356300,50555,50600,50525,50595,1625
1765357200,50595,50610,50560,50560,1187
1765358100,50565,50565,50525,50555,1522
1765359000,50560,50570,50550,50560,719
1765359900,50565,50600,50560,50575,884
1765360800,50570,50675,50535,50550,7771
1765361700,50550,50565,50430,50435,3198
1765362600,50435,50485,50415,50470,2480
1765363500,50470,50500,50450,50475,1048
1765364400,50470,50520,50440,50500,2481
1765365300,50500,50515,50490,50505,538
1765366200,50500,50530,50490,50515,1078
1765367100,50510,50560,50510,50535,1317
1765368000,50530,50530,50475,50500,2197
1765368900,50505,50505,50490,50505,703
1765369800,50500,50515,50460,50470,826
1765370700,50470,50515,50460,50515,732
1765371600,50510,50540,50485,50540,1649
1765372500,50545,50620,50540,50595,2139
1765373400,50600,50615,50555,50590,1680
1765374300,50590,50590,50560,50565,1001
1765375200,50565,50575,50535,50540,1187
1765376100,50545,50550,50515,50525,1277
1765377000,50530,50560,50440,50510,4139
1765377900,50510,50525,50430,50505,2766
1765378800,50495,50495,50440,50455,1743
1765379700,50450,50485,50415,50440,1550
1765380600,50440,50445,50370,50400,2008
1765381500,50395,50455,50370,50390,1684
1765382400,50390,50430,50335,50425,2804
1765383300,50430,50555,50425,50535,2317
1765384200,50530,50560,50510,50520,1462
1765385100,50515,50550,50500,50525,758
1765386000,50520,50525,50485,50485,594
1765386900,50480,50490,50455,50455,602
1765387800,50455,50490,50450,50465,404
1765388700,50465,50530,50465,50515,445
1765389600,50515,50530,50500,50510,455
1765390500,50510,50515,50465,50470,365
1765391400,50465,50520,50455,50510,712
1765392300,50505,50515,50470,50490,457
1765393200,50485,50645,50485,50605,3410
1765394100,50605,50645,50535,50585,1431
1765395000,50585,50740,50515,50570,5106
1765395900,50565,50760,50560,50760,2651
1765396800,50765,50810,50715,50780,2029
1765397700,50780,50860,50780,50825,2049
1765398600,50820,50900,50820,50845,1788
1765399500,50845,50910,50845,50895,1313
1765400400,50845,50845,50845,50845,702
1765410300,50735,50840,50630,50790,5778
1765411200,50785,50820,50550,50700,6587
1765412100,50700,50720,50580,50595,2796
1765413000,50595,50615,50450,50605,3492
1765413900,50610,50670,50555,50620,2709
1765414800,50620,50725,50605,50655,2574
1765415700,50650,50680,50550,50605,1938
1765416600,50610,50610,50530,50550,1830
1765417500,50550,50550,50500,50535,1334
1765418400,50530,50540,50355,50400,2780
1765419300,50380,50400,50320,50325,2280
1765420200,50330,50335,50250,50285,2554
1765421100,50280,50285,50190,50230,1690
1765422000,50230,50230,49955,50015,4064
1765422900,50015,50130,50015,50115,2030
1765423800,50105,50120,49915,50095,3982
1765424700,50090,50165,50060,50105,2468
1765425600,50095,50175,50025,50150,1919
1765426500,50140,50220,50135,50170,1769
1765427400,50165,50205,50080,50180,2405
1765428300,50175,50200,50150,50155,1370
1765429200,50155,50180,50120,50130,1097
1765430100,50135,50175,50105,50105,1454
1765431000,50105,50140,50090,50100,1012
1765431900,50105,50215,50100,50205,1680
1765432800,50205,50240,50145,50185,1911
1765433700,50175,50180,50110,50140,1614
1765434600,50145,50170,50095,50150,1729
1765435500,50140,50140,50140,50140,2258
1765440000,50300,50325,50170,50200,8517
1765440900,50205,50270,50190,50230,3519
1765441800,50225,50270,50215,50265,3613
1765442700,50260,50365,50250,50360,5053
1765443600,50355,50410,50335,50400,4008
1765444500,50400,50445,50375,50400,3751
1765445400,50400,50440,50400,50415,2512
1765446300,50415,50460,50405,50445,2317
1765447200,50445,50470,50425,50465,2177
1765448100,50465,50480,50430,50460,1997
1765449000,50460,50465,50415,50465,2698
1765449900,50460,50490,50460,50465,1770
1765450800,50470,50480,50450,50465,1480
1765451700,50470,50475,50440,50455,1407
1765452600,50455,50460,50430,50440,1217
1765453500,50440,50490,50440,50485,2344
1765454400,50485,50525,50480,50515,3374
1765455300,50515,50575,50500,50560,3700
1765456200,50560,50590,50555,50560,3013
1765457100,50560,50590,50545,50570,1951
1765458000,50570,50580,50515,50540,2242
1765458900,50540,50555,50520,50525,1417
1765459800,50520,50535,50485,50505,2987
1765460700,50505,50515,50490,50500,1343
1765461600,50500,50545,50500,50540,1814
1765462500,50540,50550,50500,50500,2059
1765463400,50500,50565,50440,50515,9969
1765464300,50510,50515,50280,50305,12724
1765465200,50305,50520,50285,50510,10166
1765466100,50505,50615,50490,50560,8441
1765467000,50565,50575,50485,50515,4851
1765467900,50515,50595,50440,50585,6723
1765468800,50585,50630,50510,50530,5550
1765469700,50530,50580,50495,50525,3243
1765470600,50525,50660,50520,50635,4063
1765471500,50640,50655,50510,50535,2844
1765472400,50535,50620,50535,50605,1421
1765473300,50605,50670,50595,50645,1480
1765474200,50645,50670,50645,50660,1112
1765475100,50660,50670,50615,50635,1004
1765476000,50630,50650,50625,50645,1055
1765476900,50645,50705,50635,50685,3296
1765477800,50685,50765,50665,50750,2245
1765478700,50755,50765,50710,50755,2666
1765479600,50755,50795,50755,50795,1598
1765480500,50795,50845,50795,50845,1884
1765481400,50845,50900,50840,50885,3484
1765482300,50890,50900,50860,50880,1627
1765483200,50875,50915,50865,50900,2807
1765484100,50900,50920,50880,50885,1288
1765485000,50890,50910,50870,50910,1739
1765485900,50910,50925,50890,50895,1997
1765486800,50910,50910,50910,50910,888
1765496700,50820,50940,50725,50730,19798
1765497600,50730,50825,50530,50785,39709
1765498500,50785,50925,50750,50880,17567
1765499400,50880,51175,50865,51055,28985
1765500300,51055,51110,50940,50960,15956
1765501200,50955,50990,50675,50695,18530
1765502100,50695,50705,50580,50605,15663
1765503000,50605,50700,50500,50690,16836
1765503900,50690,50715,50615,50665,8488
1765504800,50665,50725,50625,50705,7339
1765505700,50700,50715,50640,50660,3491
1765506600,50660,50710,50655,50685,2727
1765507500,50690,50705,50665,50680,1692
1765508400,50675,50705,50660,50675,1947
1765509300,50675,50685,50650,50660,2662
1765510200,50660,50690,50585,50685,8760
1765511100,50685,50715,50640,50640,5180
1765512000,50645,50660,50565,50585,5381
1765512900,50590,50615,50535,50555,5360
1765513800,50555,50630,50515,50555,6833
1765514700,50550,50580,50520,50575,3986
1765515600,50575,50690,50570,50665,7736
1765516500,50670,50740,50670,50730,7460
1765517400,50735,50865,50725,50860,9593
1765518300,50865,50950,50855,50920,11351
1765519200,50925,50950,50875,50930,10367
1765520100,50930,50950,50895,50925,8876
1765521000,50925,50925,50785,50785,10584
1765521900,50760,50760,50760,50760,2203
1765526400,50770,50770,50695,50740,6168
1765527300,50740,50775,50725,50755,3934
1765528200,50755,50780,50710,50725,2919
1765529100,50720,50775,50690,50730,3140
1765530000,50725,50740,50625,50675,5183
1765530900,50675,50685,50595,50595,3413
1765531800,50600,50615,50545,50555,4975
1765532700,50555,50590,50545,50575,4236
1765533600,50570,50640,50565,50625,4143
1765534500,50625,50625,50545,50555,2729
1765535400,50555,50570,50500,50545,3300
1765536300,50540,50570,50540,50555,1866
1765537200,50555,50560,50510,50530,2543
1765538100,50530,50560,50525,50540,1831
1765539000,50540,50550,50485,50520,3047
1765539900,50520,50535,50485,50525,2340
1765540800,50530,50575,50465,50570,4491
1765541700,50565,50615,50550,50610,2496
1765542600,50605,50610,50570,50590,2066
1765543500,50595,50610,50570,50580,1929
1765544400,50575,50610,50570,50585,1674
1765545300,50585,50615,50585,50595,1092
1765546200,50600,50625,50595,50610,1163
1765547100,50605,50690,50605,50685,3401
1765548000,50690,50710,50660,50680,2970
1765548900,50685,50695,50655,50660,1768
1765549800,50660,50695,50620,50650,5650
1765550700,50650,50665,50565,50565,5265
1765551600,50565,50575,50395,50410,10465
1765552500,50410,50425,50200,50210,11352
1765553400,50210,50335,50160,50335,10703
1765554300,50335,50365,49970,49990,13780
1765555200,49985,50095,49865,49930,19086
1765556100,49930,49990,49825,49950,11558
1765557000,49950,49950,49740,49855,10420
1765557900,49855,49865,49780,49855,5688
1765558800,49850,49965,49835,49930,6560
1765559700,49930,49995,49910,49930,4763
1765560600,49930,50030,49880,50020,4903
1765561500,50015,50080,50015,50030,3024
1765562400,50035,50155,49995,50135,7517
1765563300,50130,50185,50100,50135,3164
1765564200,50135,50155,50090,50100,1830
1765565100,50100,50145,50075,50085,2027
1765566000,50085,50105,50035,50065,2088
1765566900,50060,50075,50005,50035,1704
1765567800,50035,50070,50015,50045,1470
1765568700,50045,50050,50020,50040,1029
1765569600,50040,50085,50000,50030,2747
1765570500,50030,50055,49990,50000,1687
1765571400,50000,50010,49940,49980,2469
1765572300,49980,50040,49980,49995,1847
1765573200,50000,50000,50000,50000,1093
1765755900,50030,50175,50000,50080,16231
1765756800,50075,50330,50000,50260,35927
1765757700,50265,50345,50185,50305,18146
1765758600,50305,50410,50235,50295,13772
1765759500,50300,50360,50220,50235,7775
1765760400,50230,50250,50140,50250,11388
1765761300,50245,50270,50215,50235,5018
1765762200,50230,50245,50160,50200,7225
1765763100,50205,50275,50200,50250,5101
1765764000,50250,50275,50180,50185,5122
1765764900,50185,50185,50095,50145,11202
1765765800,50145,50200,50045,50065,7096
1765766700,50060,50110,50050,50105,3916
1765767600,50105,50135,50080,50100,3653
1765768500,50095,50140,50085,50125,2439
1765769400,50125,50135,50005,50030,9415
1765770300,50030,50100,50020,50095,5624
1765771200,50095,50120,50060,50105,5475
1765772100,50100,50135,50050,50120,5394
1765773000,50120,50160,50090,50160,5356
1765773900,50160,50255,50150,50250,9201
1765774800,50250,50265,50210,50245,6003
1765775700,50240,50255,50170,50195,8648
1765776600,50190,50230,50155,50215,5415
1765777500,50220,50265,50210,50245,4446
1765778400,50245,50260,50190,50205,6032
1765779300,50205,50295,50200,50235,10026
1765780200,50240,50250,50130,50180,10480
1765781100,50240,50240,50240,50240,2009
1765785600,50220,50220,50110,50130,5427
1765786500,50135,50220,50125,50200,3588
1765787400,50200,50275,50190,50270,3501
1765788300,50270,50305,50250,50285,3763
1765789200,50285,50315,50265,50315,2655
1765790100,50315,50320,50280,50295,1976
1765791000,50295,50305,50280,50295,1384
1765791900,50295,50330,50280,50305,2045
1765792800,50300,50350,50295,50340,3049
1765793700,50340,50350,50300,50310,3598
1765794600,50310,50315,50280,50305,1737
1765795500,50305,50305,50280,50290,1383
1765796400,50295,50310,50280,50290,1088
1765797300,50290,50310,50275,50285,1573
1765798200,50285,50310,50280,50310,1108
1765799100,50310,50310,50285,50290,939
1765800000,50295,50310,50270,50280,1600
1765800900,50280,50290,50245,50260,1619
1765801800,50255,50360,50250,50360,2508
1765802700,50360,50360,50335,50340,1886
1765803600,50340,50345,50305,50335,1941
1765804500,50335,50340,50305,50325,1170
1765805400,50325,50330,50295,50310,1376
1765806300,50310,50355,50310,50345,1966
1765807200,50345,50365,50330,50345,1455
1765808100,50345,50350,50315,50325,1115
1765809000,50330,50355,50225,50240,8810
1765809900,50235,50255,50155,50170,9891
1765810800,50165,50180,50060,50100,10286
1765811700,50095,50120,49910,49965,11178
1765812600,49965,50075,49945,50075,7965
1765813500,50075,50155,50075,50105,8772
1765814400,50105,50130,50055,50075,4251
1765815300,50075,50250,50070,50230,6304
1765816200,50230,50240,50100,50100,6270
1765817100,50105,50165,50100,50125,3689
1765818000,50125,50140,50105,50110,2208
1765818900,50110,50115,50065,50090,2777
1765819800,50090,50140,50055,50120,1687
1765820700,50120,50135,50000,50055,1897
1765821600,50055,50115,50035,50110,1267
1765822500,50110,50130,50000,50015,1740
1765823400,50015,50050,50000,50040,1025
1765824300,50040,50145,50035,50120,1184
1765825200,50115,50160,50110,50110,1193
1765826100,50105,50130,50090,50110,1091
1765827000,50110,50125,50085,50090,2077
1765827900,50090,50145,50080,50140,947
1765828800,50140,50160,50095,50135,967
1765829700,50135,50150,50095,50115,1324
1765830600,50120,50125,50080,50085,1785
1765831500,50090,50130,50080,50095,2119
1765832400,50095,50095,50095,50095,1122
1765842300,50030,50065,49970,50020,10948
1765843200,50025,50065,49595,49615,37906
1765844100,49615,49780,49515,49760,26676
1765845000,49760,49860,49720,49725,16060
1765845900,49720,49810,49700,49710,9759
1765846800,49710,49790,49665,49775,8958
1765847700,49775,49815,49765,49795,5097
1765848600,49795,49800,49565,49640,14831
1765849500,49635,49650,49535,49600,9328
1765850400,49600,49600,49500,49545,8779
1765851300,49545,49595,49475,49580,8144
1765852200,49575,49590,49530,49575,3378
1765853100,49580,49600,49530,49545,3286
1765854000,49545,49575,49525,49540,3138
1765854900,49540,49585,49510,49525,2722
1765855800,49530,49580,49395,49575,13842
1765856700,49570,49650,49560,49605,10463
1765857600,49600,49610,49525,49545,6228
1765858500,49545,49600,49525,49595,5262
1765859400,49590,49610,49565,49590,3987
1765860300,49585,49635,49565,49585,4609
1765861200,49585,49595,49490,49505,7251
1765862100,49505,49515,49460,49475,5918
1765863000,49470,49520,49440,49505,5993
1765863900,49505,49535,49445,49470,7168
1765864800,49470,49565,49450,49555,10533
1765865700,49555,49575,49470,49480,11417
1765866600,49480,49495,49390,49400,13401
1765867500,49460,49460,49460,49460,2495
1765872000,49455,49630,49455,49620,8808
1765872900,49615,49665,49600,49660,4989
1765873800,49665,49680,49640,49670,3921
1765874700,49675,49710,49660,49705,3460
1765875600,49700,49710,49655,49705,4038
1765876500,49705,49720,49675,49695,2765
1765877400,49700,49700,49615,49640,4518
1765878300,49635,49645,49530,49545,3908
1765879200,49545,49615,49520,49615,3357
1765880100,49615,49665,49600,49665,2691
1765881000,49665,49715,49640,49705,3304
1765881900,49710,49715,49655,49675,2127
1765882800,49675,49690,49650,49670,1499
1765883700,49670,49675,49650,49660,1287
1765884600,49665,49700,49635,49690,2405
1765885500,49690,49705,49670,49700,1391
1765886400,49695,49750,49680,49735,3114
1765887300,49735,49740,49710,49715,1454
1765888200,49720,49730,49685,49715,2193
1765889100,49715,49720,49690,49695,1371
1765890000,49690,49710,49670,49705,1968
1765890900,49705,49735,49680,49720,2571
1765891800,49720,49835,49685,49685,12447
1765892700,49685,49730,49590,49655,7674
1765893600,49655,49725,49620,49705,4974
1765894500,49705,49760,49690,49700,4112
1765895400,49700,49825,49670,49710,12841
1765896300,49710,49905,49660,49870,16645
1765897200,49865,49875,49730,49755,11749
1765898100,49750,49755,49530,49615,9698
1765899000,49615,49730,49600,49715,9035
1765899900,49715,49825,49675,49800,7350
1765900800,49800,49825,49705,49725,5341
1765901700,49720,49760,49675,49745,5139
1765902600,49740,49770,49670,49705,4814
1765903500,49705,49795,49690,49785,4248
1765904400,49790,49835,49750,49810,2913
1765905300,49815,49835,49725,49740,2171
1765906200,49735,49775,49665,49680,3737
1765907100,49690,49700,49615,49615,4527
1765908000,49610,49630,49525,49580,5150
1765908900,49575,49605,49530,49565,2054
1765909800,49565,49680,49565,49675,4173
1765910700,49680,49730,49660,49670,3137
1765911600,49665,49670,49555,49560,2571
1765912500,49555,49620,49545,49620,3427
1765913400,49615,49670,49610,49650,1458
1765914300,49650,49700,49640,49665,1114
1765915200,49665,49725,49655,49690,1027
1765916100,49685,49735,49680,49725,897
1765917000,49725,49805,49720,49760,2287
1765917900,49755,49770,49710,49730,1763
1765918800,49680,49680,49680,49680,882
1765928700,49770,49780,49545,49565,14844
1765929600,49560,49560,49120,49385,47062
1765930500,49385,49420,49220,49270,18290
1765931400,49270,49350,49190,49280,14640
1765932300,49280,49385,49265,49315,11593
1765933200,49310,49495,49310,49420,13888
1765934100,49420,49435,49345,49395,9965
1765935000,49395,49510,49395,49480,10744
1765935900,49480,49595,49450,49590,8419
1765936800,49590,49600,49520,49545,6618
1765937700,49545,49610,49520,49600,4859
1765938600,49600,49620,49540,49580,3425
1765939500,49580,49590,49535,49555,2282
1765940400,49560,49585,49545,49575,2258
1765941300,49575,49605,49560,49585,2685
1765942200,49585,49615,49540,49605,7682
1765943100,49600,49605,49485,49505,6626
1765944000,49510,49560,49470,49490,5679
1765944900,49495,49510,49445,49460,4282
1765945800,49465,49475,49325,49345,10210
1765946700,49345,49370,49285,49295,8494
1765947600,49300,49440,49270,49410,8812
1765948500,49410,49460,49390,49430,5843
1765949400,49430,49530,49430,49530,7362
1765950300,49535,49605,49535,49585,6775
1765951200,49585,49610,49545,49600,7647
1765952100,49600,49630,49555,49625,7431
1765953000,49620,49685,49560,49655,9878
1765953900,49710,49710,49710,49710,1882
1765958400,49710,49720,49655,49700,6589
1765959300,49700,49735,49660,49735,3859
1765960200,49730,49750,49695,49715,4261
1765961100,49715,49735,49640,49690,3463
1765962000,49685,49695,49645,49685,3293
1765962900,49690,49750,49690,49720,4367
1765963800,49725,49750,49710,49730,1997
1765964700,49735,49755,49720,49735,1890
1765965600,49735,49780,49720,49775,2005
1765966500,49780,49780,49705,49710,2028
1765967400,49715,49745,49695,49710,2357
1765968300,49715,49725,49695,49715,2160
1765969200,49715,49730,49680,49680,3854
1765970100,49680,49710,49680,49705,1592
1765971000,49700,49710,49685,49705,903
1765971900,49705,49730,49685,49715,2783
1765972800,49715,49720,49640,49690,3193
1765973700,49690,49695,49655,49670,951
1765974600,49670,49700,49670,49690,976
1765975500,49690,49720,49680,49690,1242
1765976400,49690,49700,49625,49655,3085
1765977300,49655,49680,49540,49595,9220
1765978200,49595,49650,49580,49645,3625
1765979100,49640,49685,49600,49625,4319
1765980000,49625,49665,49595,49595,3684
1765980900,49595,49620,49585,49610,2528
1765981800,49605,49690,49520,49560,9811
1765982700,49560,49615,49490,49585,9020
1765983600,49585,49605,49525,49575,5189
1765984500,49580,49620,49520,49580,5790
1765985400,49580,49590,49325,49350,9635
1765986300,49350,49385,49175,49205,12836
1765987200,49200,49300,49130,49135,10834
1765988100,49130,49250,49120,49200,6744
1765989000,49200,49230,49125,49185,6254
1765989900,49180,49210,49075,49160,5547
1765990800,49160,49180,49095,49130,3638
1765991700,49130,49240,49115,49185,4460
1765992600,49185,49240,49125,49140,2108
1765993500,49140,49140,49085,49130,2535
1765994400,49130,49185,49085,49085,3047
1765995300,49080,49090,49040,49075,3489
1765996200,49070,49090,48975,49020,3553
1765997100,49015,49030,48960,49030,2866
1765998000,49030,49050,48970,49000,1812
1765998900,49000,49005,48945,48965,1953
1765999800,48960,49015,48935,49000,2073
1766000700,49000,49030,48980,49015,1432
1766001600,49015,49030,48975,49005,1393
1766002500,49000,49035,48985,49010,1216
1766003400,49010,49045,48985,49030,1503
1766004300,49035,49045,48980,48985,1464
1766005200,48945,48945,48945,48945,983
1766015100,49120,49135,48805,48835,17783
1766016000,48835,48930,48665,48890,41087
1766016900,48895,49170,48875,49010,33509
1766017800,49015,49145,49010,49100,12488
1766018700,49100,49205,49030,49070,14298
1766019600,49070,49110,48930,48945,11944
1766020500,48945,49020,48865,48985,10723
1766021400,48985,49005,48900,48965,7128
1766022300,48970,49015,48920,48965,6342
1766023200,48960,49025,48885,48965,8539
1766024100,48965,49090,48960,49045,8353
1766025000,49040,49070,49010,49010,3184
1766025900,49015,49035,48975,49020,2902
1766026800,49020,49040,48980,49005,3286
1766027700,49000,49005,48885,48925,6915
1766028600,48925,48950,48820,48840,11089
1766029500,48840,48985,48830,48945,7276
1766030400,48945,48980,48910,48940,4576
1766031300,48940,49035,48935,49030,4303
1766032200,49030,49135,49015,49120,7737
1766033100,49120,49145,49085,49120,5739
1766034000,49120,49155,49095,49135,4971
1766034900,49130,49135,49040,49070,5249
1766035800,49070,49105,49005,49090,7245
1766036700,49090,49150,49080,49145,5240
1766037600,49140,49150,49090,49105,5043
1766038500,49100,49135,49060,49100,8713
1766039400,49100,49145,49045,49125,9186
1766040300,49150,49150,49150,49150,2403
1766044800,49165,49230,49150,49190,6662
1766045700,49190,49245,49140,49170,4718
1766046600,49170,49245,49165,49220,4094
1766047500,49225,49270,49195,49225,4006
1766048400,49220,49255,49200,49225,2364
1766049300,49225,49235,49190,49200,1647
1766050200,49205,49255,49205,49255,1437
1766051100,49260,49275,49240,49270,2275
1766052000,49265,49265,49230,49245,1989
1766052900,49245,49270,49235,49260,1591
1766053800,49260,49285,49235,49245,2080
1766054700,49250,49250,49195,49205,1795
1766055600,49205,49230,49180,49225,1776
1766056500,49230,49240,49165,49190,2059
1766057400,49190,49210,49175,49190,1129
1766058300,49190,49240,49190,49235,1696
1766059200,49230,49265,49205,49205,2202
1766060100,49210,49240,49205,49225,1156
1766061000,49215,49265,49210,49250,2183
1766061900,49250,49265,49220,49235,1895
1766062800,49240,49255,49205,49250,1642
1766063700,49255,49265,49235,49260,3379
1766064600,49260,49480,49260,49465,13979
1766065500,49460,49465,49375,49380,5314
1766066400,49380,49410,49355,49395,5476
1766067300,49400,49435,49380,49435,3532
1766068200,49430,49500,49275,49295,12431
1766069100,49300,49400,49220,49390,10488
1766070000,49390,49425,49280,49310,7327
1766070900,49310,49490,49255,49470,8492
1766071800,49470,49575,49430,49530,9488
1766072700,49525,49545,49445,49475,7484
1766073600,49465,49520,49435,49465,4480
1766074500,49465,49510,49425,49430,2646
1766075400,49430,49500,49410,49480,3074
1766076300,49480,49505,49445,49455,1258
1766077200,49455,49460,49225,49250,6821
1766078100,49250,49250,49145,49200,5599
1766079000,49200,49375,49180,49375,3691
1766079900,49380,49395,49320,49385,2593
1766080800,49390,49450,49355,49420,2741
1766081700,49420,49460,49415,49445,1555
1766082600,49445,49495,49440,49445,963
1766083500,49445,49455,49380,49395,1832
1766084400,49390,49395,49310,49340,3418
1766085300,49340,49340,49300,49325,1124
1766086200,49325,49335,49270,49275,1336
1766087100,49280,49335,49215,49230,2595
1766088000,49235,49365,49220,49360,1607
1766088900,49360,49410,49350,49390,2347
1766089800,49395,49420,49375,49390,1452
1766090700,49390,49410,49325,49335,1618
1766091600,49290,49290,49290,49290,825
1766101500,49325,49460,49300,49405,13992
1766102400,49410,49520,49280,49325,31634
1766103300,49325,49410,49290,49375,12185
1766104200,49380,49535,49365,49500,14187
1766105100,49500,49530,49410,49500,9890
1766106000,49495,49505,49390,49470,10306
1766106900,49470,49500,49400,49430,6628
1766107800,49425,49560,49365,49485,14570
1766108700,49485,49555,49460,49545,7656
1766109600,49540,49590,49490,49545,5747
1766110500,49545,49620,49540,49605,5811
1766111400,49605,49690,49600,49670,5756
1766112300,49675,49705,49610,49625,3483
1766113200,49620,49665,49605,49660,1989
1766114100,49655,49880,49500,49745,17382
1766115000,49745,49815,49610,49695,15010
1766115900,49695,49730,49625,49630,6338
1766116800,49635,49680,49525,49665,8426
1766117700,49670,49675,49495,49540,9135
1766118600,49540,49570,49430,49465,10647
1766119500,49460,49540,49455,49525,6648
1766120400,49520,49590,49510,49545,7095
1766121300,49545,49680,49540,49680,7090
1766122200,49680,49680,49620,49650,5892
1766123100,49650,49650,49585,49620,5867
1766124000,49615,49665,49600,49655,6533
1766124900,49650,49665,49540,49560,8659
1766125800,49560,49565,49455,49500,16968
1766126700,49550,49550,49550,49550,1882
1766131200,49750,49980,49735,49895,21410
1766132100,49895,49930,49855,49855,6537
1766133000,49860,50010,49860,49995,7884
1766133900,49995,50045,49975,50005,5051
1766134800,50005,50010,49930,49940,5352
1766135700,49935,49995,49930,49990,3025
1766136600,49990,50020,49940,49955,3451
1766137500,49950,50020,49950,50010,3282
1766138400,50010,50075,49980,50075,5185
1766139300,50075,50090,50040,50055,2758
1766140200,50050,50070,50015,50040,2114
1766141100,50045,50080,50010,50020,2089
1766142000,50020,50020,49895,49955,5536
1766142900,49955,50000,49940,49990,3117
1766143800,49990,50040,49980,50005,2506
1766144700,50005,50015,49970,49985,1683
1766145600,49990,50020,49960,49995,3463
1766146500,49995,50015,49960,49995,2556
1766147400,49995,50000,49945,49955,1834
1766148300,49955,49985,49920,49925,2801
1766149200,49925,49970,49910,49960,2197
1766150100,49965,49990,49945,49990,2102
1766151000,49990,50085,49960,50060,5887
1766151900,50060,50065,50030,50040,2227
1766152800,50035,50080,50005,50035,3660
1766153700,50040,50100,50030,50080,4108
1766154600,50080,50295,50075,50290,15622
1766155500,50295,50325,50265,50320,8775
1766156400,50315,50365,50280,50315,7342
1766157300,50315,50340,50225,50285,6035
1766158200,50280,50320,50245,50270,4213
1766159100,50275,50285,50220,50270,6063
1766160000,50265,50340,50245,50300,3875
1766160900,50300,50325,50285,50320,2667
1766161800,50320,50340,50295,50295,2228
1766162700,50295,50300,50250,50280,2212
1766163600,50280,50345,50280,50340,1896
1766164500,50345,50375,50335,50355,2017
1766165400,50355,50370,50335,50355,1939
1766166300,50355,50365,50335,50335,1714
1766167200,50335,50360,50330,50350,1095
1766168100,50350,50360,50340,50350,642
1766169000,50350,50360,50310,50325,1034
1766169900,50325,50355,50315,50335,1119
1766170800,50335,50400,50335,50395,2610
1766171700,50395,50430,50390,50415,1925
1766172600,50415,50445,50410,50440,1143
1766173500,50445,50455,50430,50440,2291
1766174400,50440,50445,50425,50430,2165
1766175300,50430,50455,50420,50440,1958
1766176200,50440,50455,50385,50395,1786
1766177100,50400,50400,50325,50340,2336
1766178000,50330,50330,50330,50330,1194
1766360700,50480,50555,50430,50465,14148
1766361600,50465,50545,50265,50340,33313
1766362500,50340,50415,50260,50345,14547
1766363400,50345,50415,50280,50365,11781
1766364300,50365,50460,50345,50395,10342
1766365200,50400,50510,50385,50445,10312
1766366100,50445,50525,50415,50505,6815
1766367000,50510,50625,50500,50570,13952
1766367900,50565,50585,50455,50535,9047
1766368800,50530,50550,50470,50475,5873
1766369700,50475,50510,50455,50500,3469
1766370600,50510,50530,50435,50460,3928
1766371500,50465,50510,50460,50510,1962
1766372400,50510,50545,50505,50525,2401
1766373300,50525,50525,50450,50455,2250
1766374200,50455,50470,50395,50435,9051
1766375100,50435,50495,50405,50490,4918
1766376000,50495,50525,50445,50495,4176
1766376900,50495,50520,50450,50465,3340
1766377800,50465,50495,50440,50495,2834
1766378700,50495,50500,50465,50490,2838
1766379600,50490,50515,50460,50470,4198
1766380500,50470,50495,50425,50425,3885
1766381400,50430,50450,50400,50405,3674
1766382300,50400,50455,50400,50445,4046
1766383200,50445,50455,50390,50405,5520
1766384100,50400,50435,50375,50410,8005
1766385000,50415,50505,50410,50460,11041
1766385900,50420,50420,50420,50420,1935
1766390400,50485,50535,50455,50475,7205
1766391300,50475,50485,50420,50440,2822
1766392200,50440,50450,50390,50430,3623
1766393100,50425,50435,50370,50385,3502
1766394000,50385,50405,50375,50400,2376
1766394900,50400,50415,50385,50410,1784
1766395800,50415,50415,50340,50355,3600
1766396700,50355,50385,50350,50375,1685
1766397600,50380,50380,50350,50370,1499
1766398500,50370,50390,50355,50380,1546
1766399400,50375,50380,50325,50325,1543
1766400300,50330,50355,50325,50340,897
1766401200,50335,50355,50330,50345,1132
1766402100,50345,50370,50340,50360,828
1766403000,50360,50365,50330,50355,1037
1766403900,50355,50365,50335,50350,1094
1766404800,50350,50375,50320,50330,1510
1766405700,50325,50335,50305,50330,1837
1766406600,50325,50335,50310,50325,1245
1766407500,50320,50340,50315,50325,1265
1766408400,50325,50360,50245,50280,8078
1766409300,50280,50335,50280,50330,1783
1766410200,50330,50330,50240,50260,3291
1766411100,50260,50310,50255,50310,1366
1766412000,50310,50325,50290,50295,2514
1766412900,50295,50310,50275,50280,1958
1766413800,50280,50280,50160,50195,9162
1766414700,50190,50265,50190,50240,4444
1766415600,50240,50285,50220,50245,3803
1766416500,50240,50295,50240,50275,2314
1766417400,50275,50285,50190,50250,3048
1766418300,50255,50290,50240,50265,1658
1766419200,50265,50330,50265,50320,2476
1766420100,50325,50330,50300,50315,1147
1766421000,50315,50330,50285,50285,1744
1766421900,50280,50300,50270,50285,893
1766422800,50290,50300,50265,50290,1108
1766423700,50285,50305,50285,50285,625
1766424600,50290,50300,50275,50290,554
1766425500,50290,50320,50280,50305,1000
1766426400,50305,50310,50290,50300,553
1766427300,50295,50310,50285,50305,405
1766428200,50305,50305,50285,50290,293
1766429100,50290,50290,50270,50275,254
1766430000,50275,50280,50245,50245,466
1766430900,50245,50290,50235,50290,625
1766431800,50295,50305,50290,50300,278
1766432700,50300,50305,50290,50300,517
1766433600,50300,50335,50295,50315,597
1766434500,50320,50325,50310,50315,324
1766435400,50315,50330,50305,50305,450
1766436300,50305,50305,50285,50305,910
1766437200,50330,50330,50330,50330,810
1766447100,50300,50455,50300,50450,9704
1766448000,50450,50570,50400,50540,24951
1766448900,50535,50535,50440,50465,10066
1766449800,50465,50470,50355,50470,10484
1766450700,50470,50505,50375,50405,8346
1766451600,50400,50490,50375,50445,6745
1766452500,50445,50455,50380,50395,4248
1766453400,50395,50540,50395,50505,8170
1766454300,50505,50535,50465,50505,4845
1766455200,50500,50525,50470,50520,3760
1766456100,50525,50550,50465,50470,4785
1766457000,50475,50475,50380,50395,5304
1766457900,50400,50440,50390,50435,2708
1766458800,50435,50445,50400,50430,1780
1766459700,50430,50430,50405,50420,1782
1766460600,50425,50455,50410,50440,4495
1766461500,50440,50470,50425,50435,2879
1766462400,50430,50430,50345,50395,7529
1766463300,50390,50440,50385,50400,4042
1766464200,50400,50430,50365,50385,2842
1766465100,50380,50400,50285,50305,5392
1766466000,50300,50325,50290,50300,4113
1766466900,50300,50395,50290,50375,5013
1766467800,50375,50445,50355,50440,7237
1766468700,50440,50445,50375,50380,4015
1766469600,50375,50410,50360,50395,4481
1766470500,50395,50430,50365,50415,6431
1766471400,50420,50500,50400,50500,7860
1766472300,50490,50490,50490,50490,2037
1766476800,50475,50480,50400,50480,5232
1766477700,50480,50505,50460,50485,2547
1766478600,50485,50505,50475,50485,1541
1766479500,50480,50490,50435,50460,2446
1766480400,50455,50455,50415,50435,1765
1766481300,50435,50470,50435,50465,1281
1766482200,50465,50510,50465,50510,2089
1766483100,50510,50520,50485,50495,1496
1766484000,50500,50535,50500,50530,1627
1766484900,50530,50530,50495,50505,1100
1766485800,50500,50515,50485,50500,1205
1766486700,50500,50500,50475,50490,1310
1766487600,50495,50505,50480,50485,941
1766488500,50485,50490,50460,50475,841
1766489400,50470,50490,50465,50485,662
1766490300,50480,50490,50475,50485,670
1766491200,50490,50510,50465,50475,2019
1766492100,50480,50500,50475,50485,942
1766493000,50485,50490,50470,50475,1075
1766493900,50480,50495,50475,50490,721
1766494800,50490,50510,50490,50495,1333
1766495700,50495,50510,50485,50510,1281
1766496600,50510,50610,50505,50545,9053
1766497500,50550,50575,50540,50560,4517
1766498400,50555,50595,50535,50575,3930
1766499300,50575,50585,50550,50575,1831
1766500200,50570,50700,50570,50695,10966
1766501100,50700,50715,50590,50595,5679
1766502000,50590,50605,50500,50520,5942
1766502900,50515,50550,50505,50525,3356
1766503800,50520,50555,50515,50530,2116
1766504700,50530,50545,50505,50535,1660
1766505600,50540,50555,50515,50520,1994
1766506500,50520,50545,50520,50520,1590
1766507400,50520,50530,50500,50505,1495
1766508300,50510,50510,50475,50485,1602
1766509200,50485,50485,50455,50460,1511
1766510100,50460,50490,50440,50460,2129
1766511000,50460,50470,50445,50455,639
1766511900,50460,50465,50440,50440,857
1766512800,50440,50485,50440,50485,1209
1766513700,50485,50505,50480,50495,877
1766514600,50495,50515,50495,50505,547
1766515500,50505,50515,50495,50500,496
1766516400,50500,50550,50495,50545,925
1766517300,50550,50560,50545,50555,721
1766518200,50550,50555,50535,50540,389
1766519100,50540,50545,50515,50515,702
1766520000,50520,50550,50510,50540,693
1766520900,50545,50550,50520,50525,483
1766521800,50520,50540,50500,50500,722
1766522700,50500,50570,50500,50560,2642
1766523600,50575,50575,50575,50575,787
1766533500,50565,50585,50490,50545,9459
1766534400,50550,50605,50480,50550,20044
1766535300,50550,50620,50515,50535,9144
1766536200,50535,50615,50460,50595,11631
1766537100,50590,50665,50550,50650,9195
1766538000,50650,50670,50580,50640,5310
1766538900,50640,50670,50615,50640,4322
1766539800,50645,50650,50565,50605,6425
1766540700,50600,50625,50565,50590,3943
1766541600,50585,50595,50545,50570,4771
1766542500,50570,50570,50515,50525,4377
1766543400,50525,50525,50480,50505,3917
1766544300,50505,50520,50495,50495,1668
1766545200,50500,50500,50445,50475,3498
1766546100,50475,50475,50435,50475,2689
1766547000,50475,50515,50460,50485,5016
1766547900,50485,50500,50445,50490,3868
1766548800,50485,50510,50455,50475,2597
1766549700,50470,50470,50415,50425,3293
1766550600,50425,50465,50425,50450,1732
1766551500,50445,50450,50385,50405,3427
1766552400,50400,50400,50345,50370,4947
1766553300,50365,50390,50350,50375,2820
1766554200,50380,50425,50370,50415,3748
1766555100,50415,50425,50365,50390,2766
1766556000,50390,50415,50375,50390,3262
1766556900,50390,50410,50365,50385,5271
1766557800,50385,50405,50350,50375,4263
1766558700,50345,50345,50345,50345,1935
1766563200,50305,50350,50265,50340,6862
1766564100,50340,50365,50315,50350,2206
1766565000,50345,50345,50300,50325,1618
1766565900,50320,50345,50305,50345,1111
1766566800,50345,50345,50295,50330,1805
1766567700,50335,50380,50335,50375,1616
1766568600,50380,50390,50365,50390,1634
1766569500,50390,50400,50380,50395,833
1766570400,50400,50400,50380,50390,1064
1766571300,50390,50420,50375,50375,1889
1766572200,50380,50390,50365,50380,1083
1766573100,50380,50390,50370,50380,700
1766574000,50375,50395,50370,50390,607
1766574900,50390,50390,50370,50375,603
1766575800,50380,50390,50370,50385,654
1766576700,50385,50395,50380,50390,611
1766577600,50390,50410,50390,50405,1103
1766578500,50405,50435,50405,50415,1342
1766579400,50415,50435,50410,50415,1106
1766580300,50415,50425,50405,50425,756
1766581200,50425,50430,50360,50375,1596
1766582100,50380,50395,50360,50380,831
1766583000,50380,50395,50365,50375,718
1766583900,50380,50415,50380,50415,798
1766584800,50415,50415,50390,50395,503
1766585700,50395,50395,50365,50365,973
1766586600,50360,50385,50280,50310,4849
1766587500,50315,50340,50295,50325,2214
1766588400,50320,50340,50305,50330,1751
1766589300,50335,50365,50330,50360,1939
1766590200,50360,50390,50350,50380,1392
1766591100,50385,50420,50385,50405,1662
1766592000,50410,50460,50405,50460,1928
1766592900,50455,50465,50430,50455,1101
1766593800,50450,50480,50450,50475,1018
1766594700,50475,50475,50450,50465,874
1766595600,50465,50490,50465,50490,1172
1766596500,50490,50490,50465,50480,803
1766597400,50475,50495,50470,50475,687
1766598300,50475,50500,50435,50445,2761
1766599200,50445,50465,50425,50440,999
1766600100,50435,50440,50430,50440,190
1766601000,50445,50450,50430,50435,179
1766601900,50435,50440,50430,50440,81
1766602800,50435,50440,50430,50440,66
1766603700,50430,50440,50430,50440,65
1766604600,50435,50440,50430,50430,58
1766605500,50435,50445,50430,50445,81
1766606400,50445,50450,50430,50440,232
1766607300,50450,50460,50440,50455,136
1766608200,50455,50465,50445,50445,154
1766609100,50445,50460,50440,50460,224
1766610000,50480,50480,50480,50480,738
1766619900,50410,50470,50395,50470,5452
1766620800,50470,50520,50420,50490,10911
1766621700,50485,50515,50440,50450,4460
1766622600,50445,50470,50385,50390,4851
1766623500,50395,50435,50360,50410,5239
1766624400,50410,50440,50370,50415,2971
1766625300,50415,50460,50415,50450,1869
1766626200,50450,50450,50400,50415,1417
1766627100,50415,50425,50380,50390,2159
1766628000,50395,50400,50345,50360,2981
1766628900,50360,50375,50330,50370,2688
1766629800,50370,50395,50365,50380,1136
1766630700,50380,50380,50360,50370,711
1766631600,50370,50400,50365,50395,682
1766632500,50395,50395,50360,50360,671
1766633400,50365,50415,50335,50405,4097
1766634300,50405,50440,50400,50405,2301
1766635200,50405,50410,50355,50360,1841
1766636100,50360,50365,50340,50340,2262
1766637000,50340,50365,50315,50360,2289
1766637900,50365,50365,50310,50320,1567
1766638800,50315,50375,50310,50375,2117
1766639700,50380,50390,50355,50370,1432
1766640600,50375,50385,50370,50380,1358
1766641500,50380,50405,50375,50395,2291
1766642400,50390,50415,50390,50405,2273
1766643300,50405,50420,50385,50420,3310
1766644200,50415,50490,50390,50485,6316
1766645100,50510,50510,50510,50510,2373
1766649600,50510,50530,50485,50485,2481
1766650500,50485,50495,50475,50485,1049
1766651400,50485,50500,50480,50485,637
1766652300,50485,50485,50475,50480,251
1766653200,50480,50490,50480,50485,148
1766654100,50485,50490,50480,50485,147
1766655000,50485,50485,50480,50485,99
1766655900,50485,50485,50480,50485,263
1766656800,50485,50490,50480,50485,105
1766657700,50480,50490,50480,50485,68
1766658600,50485,50490,50480,50485,71
1766659500,50485,50490,50485,50485,36
1766660400,50485,50485,50475,50475,212
1766661300,50475,50480,50460,50465,237
1766662200,50465,50480,50465,50480,119
1766663100,50480,50480,50465,50475,207
1766664000,50475,50480,50465,50475,249
1766664900,50475,50475,50470,50470,10
1766665800,50475,50475,50470,50475,10
1766666700,50475,50480,50470,50475,229
1766667600,50475,50480,50470,50475,117
1766668500,50475,50480,50475,50475,35
1766669400,50475,50480,50475,50475,22
1766670300,50475,50480,50475,50480,21
1766671200,50480,50480,50475,50475,9
1766672100,50480,50495,50480,50495,339
1766673000,50495,50495,50485,50495,124
1766673900,50495,50495,50490,50495,48
1766674800,50490,50495,50490,50490,4
1766675700,50490,50495,50490,50495,41
1766676600,50495,50495,50490,50490,10
1766677500,50495,50495,50485,50485,11
1766678400,50495,50495,50485,50490,60
1766679300,50485,50495,50485,50495,17
1766680200,50495,50495,50490,50490,15
1766681100,50490,50490,50490,50490,4
1766682000,50490,50490,50490,50490,1
1766682900,50495,50495,50495,50495,2
1766683800,50490,50495,50490,50495,12
1766684700,50495,50495,50490,50490,3
1766685600,50490,50495,50485,50485,39
1766686500,50490,50495,50490,50495,19
1766687400,50495,50495,50490,50495,28
1766688300,50495,50510,50490,50510,250
1766689200,50505,50510,50505,50510,23
1766690100,50505,50505,50500,50500,26
1766691000,50500,50505,50495,50505,30
1766691900,50500,50505,50490,50500,79
1766692800,50500,50505,50495,50495,25
1766693700,50500,50500,50495,50495,34
1766694600,50495,50505,50495,50500,68
1766695500,50505,50520,50490,50515,265
1766696400,50495,50495,50495,50495,558
1766706300,50500,50550,50495,50530,7365
1766707200,50530,50810,50520,50730,29633
1766708100,50730,50830,50660,50790,13205
1766709000,50795,50920,50765,50895,12286
1766709900,50900,50905,50795,50795,9262
1766710800,50790,50900,50740,50885,9531
1766711700,50880,50925,50830,50850,6102
1766712600,50845,50920,50845,50900,5093
1766713500,50900,50935,50865,50870,5767
1766714400,50865,50920,50865,50915,3407
1766715300,50910,50960,50910,50930,4470
1766716200,50930,50960,50900,50915,2592
1766717100,50910,50910,50850,50855,3007
1766718000,50855,50905,50855,50905,2165
1766718900,50905,50905,50870,50885,2061
1766719800,50885,50970,50865,50945,7702
1766720700,50945,50960,50875,50880,4026
1766721600,50875,50880,50800,50855,6456
1766722500,50855,50910,50855,50900,4085
1766723400,50900,50900,50825,50850,3659
1766724300,50850,50865,50810,50820,2866
1766725200,50820,50830,50745,50780,6588
1766726100,50785,50790,50730,50745,4402
1766727000,50745,50750,50715,50720,4215
1766727900,50720,50745,50675,50700,5582
1766728800,50695,50715,50635,50670,6353
1766729700,50675,50740,50650,50740,8520
1766730600,50740,50775,50725,50765,7229
1766731500,50725,50725,50725,50725,2471
1766736000,50720,50720,50640,50670,5631
1766736900,50665,50690,50645,50680,2190
1766737800,50680,50695,50645,50675,2871
1766738700,50675,50720,50665,50710,1969
1766739600,50705,50740,50700,50725,1584
1766740500,50725,50730,50695,50705,882
1766741400,50705,50710,50695,50700,465
1766742300,50705,50730,50705,50715,616
1766743200,50715,50740,50710,50725,939
1766744100,50730,50755,50720,50735,1295
1766745000,50735,50735,50710,50715,793
1766745900,50710,50715,50700,50710,823
1766746800,50715,50725,50700,50710,705
1766747700,50710,50715,50690,50700,1184
1766748600,50700,50710,50670,50680,1189
1766749500,50675,50675,50645,50660,1618
1766750400,50670,50680,50655,50675,891
1766751300,50675,50680,50660,50660,795
1766752200,50665,50665,50630,50640,1501
1766753100,50640,50650,50625,50630,796
1766754000,50630,50655,50620,50635,1284
1766754900,50635,50640,50600,50600,1550
1766755800,50600,50630,50590,50620,1763
1766756700,50620,50630,50595,50620,1102
1766757600,50620,50650,50610,50645,972
1766758500,50645,50660,50625,50650,1404
1766759400,50645,50645,50565,50595,5497
1766760300,50590,50595,50495,50520,5851
1766761200,50520,50520,50425,50485,5138
1766762100,50485,50570,50460,50560,4028
1766763000,50560,50590,50545,50565,1934
1766763900,50565,50635,50560,50630,3502
1766764800,50630,50640,50585,50585,2071
1766765700,50585,50655,50585,50650,1628
1766766600,50650,50670,50640,50665,973
1766767500,50665,50665,50625,50630,705
1766768400,50625,50650,50615,50625,1154
1766769300,50625,50675,50615,50675,827
1766770200,50675,50690,50650,50655,1024
1766771100,50650,50675,50650,50660,1102
1766772000,50660,50665,50630,50630,926
1766772900,50630,50630,50595,50615,1184
1766773800,50615,50630,50590,50590,756
1766774700,50590,50635,50590,50635,626
1766775600,50630,50655,50625,50640,583
1766776500,50645,50645,50620,50625,364
1766777400,50625,50635,50615,50620,460
1766778300,50620,50635,50620,50620,488
1766779200,50620,50625,50595,50615,552
1766780100,50615,50635,50600,50630,445
1766781000,50630,50670,50630,50665,625
1766781900,50665,50690,50655,50675,927
1766782800,50690,50690,50690,50690,894
1766965500,50800,50820,50690,50760,10304
1766966400,50765,50780,50400,50500,35137
1766967300,50500,50720,50470,50690,19266
1766968200,50695,50700,50580,50645,9673
1766969100,50640,50655,50565,50650,6306
1766970000,50655,50715,50620,50680,7535
1766970900,50685,50700,50570,50575,6473
1766971800,50575,50580,50490,50550,9542
1766972700,50550,50615,50545,50590,4343
1766973600,50590,50600,50540,50570,3708
1766974500,50570,50620,50565,50610,3560
1766975400,50605,50610,50545,50570,3035
1766976300,50565,50590,50540,50550,1713
1766977200,50550,50575,50545,50560,1465
1766978100,50565,50565,50520,50535,1882
1766979000,50540,50705,50540,50705,8470
1766979900,50705,50705,50640,50650,3976
1766980800,50650,50735,50645,50725,4437
1766981700,50725,50755,50695,50720,3803
1766982600,50720,50725,50690,50720,2855
1766983500,50725,50735,50675,50675,3383
1766984400,50680,50685,50565,50575,7019
1766985300,50580,50595,50535,50555,5019
1766986200,50560,50565,50500,50510,5368
1766987100,50505,50515,50470,50475,6693
1766988000,50475,50505,50440,50485,6080
1766988900,50485,50530,50460,50500,11059
1766989800,50495,50565,50485,50510,12254
1766990700,50480,50480,50480,50480,1743
1766995200,50450,50465,50355,50375,7094
1766996100,50370,50420,50370,50390,2998
1766997000,50390,50415,50370,50395,2042
1766997900,50390,50395,50335,50370,3045
1766998800,50375,50455,50375,50445,3328
1766999700,50435,50445,50405,50425,2122
1767000600,50420,50425,50385,50410,1545
1767001500,50405,50435,50385,50425,915
1767002400,50425,50455,50415,50455,1716
1767003300,50455,50465,50430,50430,1060
1767004200,50435,50445,50415,50415,887
1767005100,50415,50445,50405,50435,1829
1767006000,50440,50460,50425,50430,1013
1767006900,50430,50440,50410,50425,711
1767007800,50425,50460,50425,50455,845
1767008700,50455,50470,50445,50460,1126
1767009600,50465,50465,50440,50455,886
1767010500,50450,50450,50420,50420,911
1767011400,50415,50430,50370,50370,1988
1767012300,50370,50390,50355,50370,1943
1767013200,50370,50380,50345,50365,2084
1767014100,50365,50395,50360,50390,1001
1767015000,50385,50395,50370,50390,944
1767015900,50385,50390,50280,50345,4850
1767016800,50345,50350,50290,50320,2204
1767017700,50320,50335,50290,50330,2462
1767018600,50330,50475,50265,50445,10970
1767019500,50445,50445,50340,50365,5160
1767020400,50365,50410,50280,50310,6455
1767021300,50310,50415,50305,50410,4373
1767022200,50410,50465,50400,50420,4121
1767023100,50420,50420,50315,50325,2927
1767024000,50330,50360,50325,50345,1707
1767024900,50340,50345,50300,50325,2665
1767025800,50325,50345,50270,50295,3175
1767026700,50295,50325,50290,50305,1051
1767027600,50310,50325,50280,50285,1048
1767028500,50290,50305,50245,50255,1545
1767029400,50260,50290,50255,50285,986
1767030300,50285,50325,50285,50320,889
1767031200,50315,50320,50295,50300,745
1767032100,50305,50330,50300,50325,568
1767033000,50325,50360,50325,50335,1062
1767033900,50340,50340,50305,50305,395
1767034800,50310,50310,50295,50305,293
1767035700,50310,50360,50305,50355,438
1767036600,50355,50385,50350,50380,780
1767037500,50380,50400,50370,50390,398
1767038400,50395,50395,50365,50375,448
1767039300,50375,50380,50360,50365,396
1767040200,50360,50385,50360,50370,562
1767041100,50370,50385,50350,50350,777
1767042000,50350,50350,50350,50350,827
1767051900,50285,50355,50240,50330,8675
1767052800,50335,50440,50290,50355,20264
1767053700,50355,50400,50255,50355,11533
1767054600,50355,50390,50275,50375,8298
1767055500,50380,50530,50370,50520,12299
1767056400,50520,50525,50445,50500,6559
1767057300,50500,50510,50440,50475,4894
1767058200,50475,50515,50440,50510,4749
1767059100,50515,50540,50440,50450,5359
1767060000,50450,50500,50405,50480,4955
1767060900,50480,50530,50470,50520,3742
1767061800,50520,50520,50470,50485,1742
1767062700,50490,50510,50485,50495,1659
1767063600,50495,50525,50495,50505,2191
1767064500,50505,50515,50490,50510,1293
1767065400,50510,50565,50505,50540,6049
1767066300,50545,50560,50435,50465,5565
1767067200,50465,50510,50430,50505,4556
1767068100,50505,50565,50505,50530,4837
1767069000,50530,50600,50525,50555,4901
1767069900,50555,50565,50535,50555,2934
1767070800,50555,50555,50490,50525,4271
1767071700,50525,50530,50485,50520,2832
1767072600,50520,50540,50490,50530,3734
1767073500,50530,50530,50470,50485,4606
1767074400,50485,50485,50430,50445,5421
1767075300,50445,50455,50380,50385,10077
1767076200,50385,50490,50375,50460,9351
1767077100,50500,50500,50500,50500,2070
1767081600,50440,50475,50430,50450,4230
1767082500,50450,50455,50425,50435,1988
1767083400,50440,50470,50435,50465,1995
1767084300,50465,50505,50465,50495,2104
1767085200,50490,50505,50465,50480,2595
1767086100,50480,50485,50450,50465,1406
1767087000,50465,50500,50465,50475,1189
1767087900,50475,50485,50460,50485,980
1767088800,50485,50500,50475,50475,936
1767089700,50475,50485,50470,50485,631
1767090600,50480,50480,50460,50465,840
1767091500,50460,50470,50440,50465,1495
1767092400,50470,50485,50455,50475,1299
1767093300,50475,50490,50465,50470,812
1767094200,50475,50490,50465,50485,1316
1767095100,50490,50535,50490,50505,3387
1767096000,50505,50540,50495,50530,1420
1767096900,50530,50555,50530,50555,1416
1767097800,50555,50585,50535,50580,2092
1767098700,50580,50600,50575,50585,1665
1767099600,50585,50620,50580,50605,1885
1767100500,50610,50635,50605,50610,1563
1767101400,50610,50615,50570,50590,1589
1767102300,50595,50620,50575,50615,1140
1767103200,50610,50625,50600,50620,883
1767104100,50620,50625,50600,50605,840
1767105000,50605,50630,50575,50585,2440
1767105900,50580,50650,50550,50630,3671
1767106800,50630,50630,50580,50595,1527
1767107700,50595,50650,50590,50620,1416
1767108600,50625,50645,50610,50630,971
1767109500,50630,50685,50630,50665,2311
1767110400,50660,50685,50650,50670,1237
1767111300,50675,50730,50675,50725,2203
1767112200,50725,50725,50650,50680,2306
1767113100,50680,50690,50660,50680,688
1767114000,50680,50690,50665,50665,607
1767114900,50665,50680,50660,50675,693
1767115800,50675,50705,50670,50685,534
1767116700,50685,50695,50670,50670,397
1767117600,50670,50680,50655,50680,519
1767118500,50680,50690,50665,50685,406
1767119400,50685,50690,50670,50680,255
1767120300,50685,50705,50680,50680,490
1767121200,50680,50690,50650,50685,891
1767122100,50685,50690,50670,50680,382
1767123000,50685,50695,50680,50695,405
1767123900,50695,50695,50665,50680,587
1767124800,50680,50685,50645,50660,551
1767125700,50655,50680,50645,50650,380
1767126600,50650,50675,50645,50660,773
1767127500,50660,50660,50615,50615,873
1767128400,50620,50620,50620,50620,1508
1767570300,50805,51270,50795,51230,33882
1767571200,51235,51630,51235,51450,57752
1767572100,51455,51680,51455,51605,32072
1767573000,51605,51675,51550,51630,15655
1767573900,51630,51780,51620,51765,14258
1767574800,51760,51815,51680,51725,15540
1767575700,51720,51845,51665,51835,13840
1767576600,51835,51890,51810,51825,9365
1767577500,51825,51830,51660,51720,12126
1767578400,51725,51825,51725,51770,6174
1767579300,51770,51805,51730,51795,5107
1767580200,51800,51810,51635,51725,8033
1767581100,51720,51750,51670,51680,3534
1767582000,51675,51730,51670,51710,2996
1767582900,51715,51745,51700,51710,2755
1767583800,51715,51730,51655,51695,7619
1767584700,51695,51740,51630,51715,6895
1767585600,51720,51760,51710,51745,4722
1767586500,51750,51825,51745,51820,6206
1767587400,51820,51925,51820,51920,9445
1767588300,51925,51955,51910,51925,6646
1767589200,51930,51965,51905,51930,6332
1767590100,51930,51980,51930,51965,8486
1767591000,51965,52025,51960,52020,9849
1767591900,52020,52095,52010,52070,10321
1767592800,52075,52090,51965,52000,12703
1767593700,52000,52035,51920,51945,14803
1767594600,51945,51970,51900,51920,17431
1767595500,51820,51820,51820,51820,3526
1767600000,51800,51945,51755,51920,11808
1767600900,51925,51945,51855,51880,5861
1767601800,51880,51895,51810,51825,6173
1767602700,51830,51915,51815,51890,4484
1767603600,51890,51960,51880,51930,4174
1767604500,51935,51960,51875,51890,3022
1767605400,51890,51925,51875,51920,2330
1767606300,51920,51955,51910,51925,2180
1767607200,51920,51950,51885,51945,2210
1767608100,51945,52040,51940,52010,6172
1767609000,52010,52010,51930,51935,2904
1767609900,51935,51955,51905,51920,2071
1767610800,51915,51930,51875,51905,2588
1767611700,51910,51955,51900,51910,2428
1767612600,51910,51950,51910,51935,1551
1767613500,51930,51970,51925,51960,1420
1767614400,51960,51995,51945,51995,2541
1767615300,51995,52030,51990,52005,2542
1767616200,52005,52025,51990,52000,1830
1767617100,52000,52025,51990,52005,1248
1767618000,52010,52065,52005,52040,3530
1767618900,52035,52035,51955,51985,2542
1767619800,51985,51995,51965,51975,1939
1767620700,51975,52030,51965,52015,2465
1767621600,52015,52080,52015,52020,3646
1767622500,52020,52035,51975,52030,3123
1767623400,52025,52120,51950,51995,16464
1767624300,51995,52040,51955,52015,6101
1767625200,52015,52085,51950,52060,5484
1767626100,52060,52135,52040,52125,4416
1767627000,52125,52150,52110,52120,3254
1767627900,52120,52240,52120,52220,3975
1767628800,52215,52265,52190,52230,3549
1767629700,52230,52290,52225,52265,2465
1767630600,52270,52300,52245,52250,2725
1767631500,52250,52295,52240,52265,1924
1767632400,52270,52285,52225,52240,1624
1767633300,52245,52255,52220,52235,913
1767634200,52235,52255,52215,52225,898
1767635100,52230,52255,52210,52225,711
1767636000,52225,52230,52185,52205,1663
1767636900,52205,52210,52155,52210,1243
1767637800,52205,52215,52175,52180,682
1767638700,52175,52190,52175,52175,553
1767639600,52180,52180,52145,52165,848
1767640500,52165,52200,52165,52175,697
1767641400,52170,52180,52135,52155,661
1767642300,52155,52175,52140,52170,528
1767643200,52160,52190,52155,52185,834
1767644100,52185,52200,52175,52180,845
1767645000,52180,52200,52155,52175,893
1767645900,52175,52220,52175,52215,1443
1767646800,52215,52215,52215,52215,945
1767656700,52155,52290,52130,52210,15503
1767657600,52210,52520,52190,52270,42194
1767658500,52265,52430,52205,52395,17502
1767659400,52395,52430,52135,52175,18067
1767660300,52175,52190,52075,52150,14103
1767661200,52150,52220,52110,52200,11049
1767662100,52205,52310,52155,52305,12790
1767663000,52310,52375,52265,52335,8171
1767663900,52335,52380,52335,52340,5118
1767664800,52340,52355,52255,52270,6229
1767665700,52265,52270,52170,52235,7671
1767666600,52235,52235,52135,52200,4384
1767667500,52195,52275,52190,52255,3417
1767668400,52260,52275,52225,52240,3147
1767669300,52245,52280,52220,52270,2623
1767670200,52275,52330,52265,52330,8894
1767671100,52335,52340,52240,52315,6005
1767672000,52315,52360,52310,52335,5646
1767672900,52335,52385,52330,52370,4326
1767673800,52370,52455,52370,52440,7171
1767674700,52445,52480,52420,52470,5023
1767675600,52475,52580,52470,52565,10434
1767676500,52565,52575,52465,52465,8099
1767677400,52460,52480,52425,52435,6533
1767678300,52430,52480,52425,52460,5784
1767679200,52460,52570,52455,52550,8935
1767680100,52545,52570,52490,52550,10556
1767681000,52550,52650,52525,52635,14627
1767681900,52690,52690,52690,52690,3143
1767686400,52655,52660,52435,52440,13128
1767687300,52440,52465,52320,52335,8451
1767688200,52335,52345,52225,52235,10198
1767689100,52235,52275,52220,52250,4644
1767690000,52245,52265,52175,52195,5833
1767690900,52190,52220,52145,52170,5031
1767691800,52165,52175,52115,52150,3711
1767692700,52150,52210,52125,52160,4756
1767693600,52160,52170,52130,52165,2319
1767694500,52165,52190,52135,52135,2373
1767695400,52135,52145,52070,52145,4104
1767696300,52145,52195,52120,52130,4514
1767697200,52130,52165,52130,52155,1841
1767698100,52150,52155,52130,52145,1480
1767699000,52145,52155,52090,52090,2374
1767699900,52090,52100,52045,52070,3465
1767700800,52070,52100,52040,52090,2644
1767701700,52090,52125,52085,52105,2062
1767702600,52110,52145,52095,52145,2661
1767703500,52145,52190,52140,52170,3316
1767704400,52175,52210,52165,52190,2926
1767705300,52195,52220,52180,52185,2169
1767706200,52185,52185,52125,52125,2825
1767707100,52125,52130,52005,52040,8560
1767708000,52040,52040,51955,51990,5743
1767708900,51985,52050,51985,52045,3721
1767709800,52045,52075,52005,52055,6502
1767710700,52060,52180,52055,52155,8641
1767711600,52155,52215,52150,52215,6841
1767712500,52210,52215,52155,52185,3609
1767713400,52190,52190,52120,52135,4009
1767714300,52130,52160,52105,52120,3808
1767715200,52115,52130,52050,52070,4510
1767716100,52070,52105,52040,52075,2454
1767717000,52075,52090,52030,52040,3570
1767717900,52045,52065,52015,52050,1776
1767718800,52050,52080,51990,52055,4059
1767719700,52055,52055,52025,52035,1549
1767720600,52040,52075,52025,52045,1435
1767721500,52050,52060,52030,52040,1302
1767722400,52035,52055,52025,52055,1076
1767723300,52055,52065,52020,52025,1081
1767724200,52020,52045,52005,52035,996
1767725100,52035,52060,52035,52060,961
1767726000,52055,52055,52030,52050,740
1767726900,52050,52055,52025,52035,937
1767727800,52035,52050,52025,52035,969
1767728700,52035,52070,52035,52070,747
1767729600,52065,52075,52055,52065,862
1767730500,52060,52100,52055,52085,1157
1767731400,52090,52125,52075,52110,1131
1767732300,52110,52120,52060,52070,1122
1767733200,52055,52055,52055,52055,768
1767743100,52090,52280,52080,52235,16128
1767744000,52235,52435,52165,52430,30643
1767744900,52425,52455,52360,52390,11862
1767745800,52390,52400,52230,52260,11706
1767746700,52260,52385,52220,52315,8757
1767747600,52320,52400,52280,52370,7509
1767748500,52370,52465,52290,52400,9783
1767749400,52405,52425,52335,52395,5868
1767750300,52395,52400,52270,52285,6228
1767751200,52285,52310,52250,52300,6109
1767752100,52300,52340,52265,52330,4246
1767753000,52325,52325,52275,52280,2983
1767753900,52280,52285,52225,52255,3295
1767754800,52260,52275,52240,52260,2233
1767755700,52255,52280,52235,52250,2563
1767756600,52255,52300,52205,52290,6371
1767757500,52290,52295,52140,52150,6841
1767758400,52150,52155,52050,52115,10309
1767759300,52115,52125,52070,52080,4933
1767760200,52075,52085,52040,52065,5754
1767761100,52065,52075,51905,51925,10433
1767762000,51925,52050,51885,52050,10101
1767762900,52050,52070,52010,52035,6662
1767763800,52035,52100,52030,52070,5681
1767764700,52075,52075,51970,51980,6160
1767765600,51980,52015,51960,52010,7310
1767766500,52015,52050,51975,52005,9537
1767767400,52005,52070,51990,52055,8282
1767768300,52010,52010,52010,52010,2429
1767772800,52050,52055,51975,51990,5240
1767773700,51995,52065,51990,51990,3355
1767774600,51990,52000,51950,51970,3135
1767775500,51975,51980,51935,51940,2077
1767776400,51945,51960,51900,51915,2661
1767777300,51915,51935,51900,51920,2229
1767778200,51915,51960,51915,51935,1547
1767779100,51935,51980,51930,51980,1149
1767780000,51975,52020,51965,52015,2653
1767780900,52015,52020,51985,51985,1149
1767781800,51985,52005,51970,52000,1508
1767782700,52000,52070,52000,52065,2699
1767783600,52070,52090,52050,52085,2749
1767784500,52090,52135,52085,52110,3234
1767785400,52115,52130,52090,52100,1685
1767786300,52100,52105,52065,52070,2383
1767787200,52065,52070,52000,52005,2825
1767788100,52005,52020,51995,52005,1837
1767789000,52005,52005,51945,51980,3752
1767789900,51980,52000,51960,51980,1742
1767790800,51980,52005,51965,52000,1540
1767791700,51995,52030,51990,51995,2566
1767792600,52000,52025,51980,52015,1487
1767793500,52015,52025,51980,52000,1461
1767794400,52005,52010,51950,51995,1656
1767795300,51990,52035,51990,52035,1541
1767796200,52035,52035,51975,52020,4413
1767797100,52020,52020,51930,51945,3857
1767798000,51950,52010,51915,51995,5120
1767798900,51995,52020,51940,52005,3524
1767799800,52005,52040,51905,51985,6018
1767800700,51985,52015,51980,51995,1277
1767801600,51995,52065,51995,52065,1989
1767802500,52060,52075,52040,52060,1258
1767803400,52065,52095,52055,52095,1121
1767804300,52095,52125,52085,52120,1399
1767805200,52120,52120,52090,52095,1626
1767806100,52095,52115,52090,52090,790
1767807000,52090,52095,52065,52090,725
1767807900,52090,52090,52045,52060,794
1767808800,52060,52065,52030,52045,1085
1767809700,52045,52045,52025,52035,695
1767810600,52035,52080,52030,52070,703
1767811500,52070,52090,52060,52080,365
1767812400,52075,52080,52030,52045,648
1767813300,52055,52055,52025,52040,629
1767814200,52040,52095,52035,52085,609
1767815100,52085,52110,52075,52095,684
1767816000,52095,52105,52035,52035,754
1767816900,52035,52055,52010,52015,1043
1767817800,52020,52020,51910,51930,2462
1767818700,51925,51995,51915,51985,1199
1767819600,51985,51985,51985,51985,651
1767829500,51920,51965,51760,51795,14082
1767830400,51800,51900,51700,51715,24983
1767831300,51720,51785,51545,51580,18763
1767832200,51580,51690,51575,51605,13607
1767833100,51605,51670,51585,51650,8140
1767834000,51650,51680,51570,51635,8995
1767834900,51630,51690,51605,51690,6626
1767835800,51690,51690,51645,51665,4647
1767836700,51665,51750,51630,51745,6663
1767837600,51745,51810,51715,51760,9361
1767838500,51765,51785,51650,51710,7780
1767839400,51715,51715,51550,51570,7267
1767840300,51570,51580,51475,51495,11956
1767841200,51495,51535,51440,51500,6009
1767842100,51495,51525,51470,51500,4531
1767843000,51500,51530,51395,51405,13133
1767843900,51400,51470,51385,51420,8972
1767844800,51425,51455,51355,51425,8293
1767845700,51420,51445,51365,51390,5434
1767846600,51395,51430,51370,51395,4259
1767847500,51390,51410,51335,51365,5774
1767848400,51365,51410,51340,51340,6049
1767849300,51345,51425,51340,51395,5517
1767850200,51395,51395,51340,51355,5485
1767851100,51355,51370,51310,51340,6857
1767852000,51335,51335,51125,51135,18362
1767852900,51135,51145,51090,51125,17247
1767853800,51130,51400,51095,51255,25768
1767854700,51190,51190,51190,51190,2749
1767859200,51350,51515,51350,51505,16529
1767860100,51505,51525,51455,51490,4840
1767861000,51490,51565,51485,51560,5840
1767861900,51560,51575,51520,51535,3438
1767862800,51535,51550,51500,51535,2874
1767863700,51535,51540,51495,51525,2366
1767864600,51525,51540,51495,51495,1959
1767865500,51490,51525,51460,51520,2559
1767866400,51520,51520,51450,51455,2785
1767867300,51450,51470,51440,51440,1918
1767868200,51440,51505,51430,51500,2726
1767869100,51500,51525,51480,51520,1769
1767870000,51515,51550,51505,51535,1968
1767870900,51535,51550,51515,51545,1274
1767871800,51540,51545,51365,51510,11164
1767872700,51510,51535,51470,51480,2210
1767873600,51480,51480,51375,51400,4325
1767874500,51400,51430,51380,51405,3851
1767875400,51400,51405,51340,51360,5840
1767876300,51360,51410,51350,51375,1909
1767877200,51375,51385,51350,51375,1586
1767878100,51375,51490,51375,51480,3276
1767879000,51485,51505,51450,51485,3357
1767879900,51480,51490,51460,51485,1758
1767880800,51485,51515,51450,51500,2852
1767881700,51500,51530,51475,51500,1962
1767882600,51495,51560,51410,51410,9712
1767883500,51410,51505,51380,51415,6151
1767884400,51415,51560,51355,51555,7257
1767885300,51555,51600,51540,51575,4735
1767886200,51575,51575,51475,51525,4065
1767887100,51530,51535,51415,51490,3085
1767888000,51490,51490,51430,51430,2000
1767888900,51430,51465,51405,51420,2346
1767889800,51415,51490,51410,51480,2602
1767890700,51480,51505,51435,51500,2168
1767891600,51500,51505,51450,51470,1381
1767892500,51470,51500,51430,51440,1474
1767893400,51440,51485,51440,51475,1331
1767894300,51480,51535,51480,51510,1922
1767895200,51510,51510,51410,51420,2422
1767896100,51420,51470,51410,51460,1254
1767897000,51465,51495,51455,51490,1140
1767897900,51495,51505,51460,51470,733
1767898800,51465,51495,51460,51465,802
1767899700,51465,51510,51440,51505,848
1767900600,51510,51525,51480,51485,512
1767901500,51480,51515,51480,51500,587
1767902400,51500,51530,51490,51520,700
1767903300,51525,51560,51505,51550,1007
1767904200,51555,51580,51550,51565,1272
1767905100,51565,51600,51560,51585,1080
1767906000,51610,51610,51610,51610,973
1767915900,51560,51590,51390,51505,15986
1767916800,51505,51705,51430,51700,33998
1767917700,51695,51700,51510,51535,15754
1767918600,51530,51595,51515,51595,10608
1767919500,51600,51610,51370,51380,12158
1767920400,51385,51520,51385,51470,9174
1767921300,51465,51530,51435,51495,7076
1767922200,51495,51530,51425,51450,6536
1767923100,51445,51555,51410,51550,7378
1767924000,51545,51680,51545,51640,11731
1767924900,51640,51760,51625,51740,9880
1767925800,51740,51800,51725,51800,6102
1767926700,51800,51810,51745,51775,3743
1767927600,51775,51775,51725,51725,2882
1767928500,51730,51755,51705,51710,3012
1767929400,51715,51765,51705,51750,6879
1767930300,51755,51785,51725,51770,4730
1767931200,51770,51845,51770,51820,6994
1767932100,51820,51865,51790,51855,5076
1767933000,51855,51880,51810,51875,4656
1767933900,51875,51890,51840,51870,4964
1767934800,51875,51945,51870,51935,6815
1767935700,51935,51975,51915,51970,6344
1767936600,51970,51995,51935,51945,6393
1767937500,51945,52025,51905,52000,10107
1767938400,52000,52020,51930,51960,8279
1767939300,51960,51965,51900,51945,7779
1767940200,51945,52110,51945,52090,15576
1767941100,52075,52075,52075,52075,2373
1767945600,52020,52075,51970,52045,7732
1767946500,52045,52100,52025,52065,4226
1767947400,52065,52075,52020,52055,2521
1767948300,52055,52060,51990,52030,3153
1767949200,52035,52080,52025,52075,2042
1767950100,52075,52135,52065,52125,3968
1767951000,52125,52170,52105,52105,5061
1767951900,52110,52160,52110,52140,1795
1767952800,52145,52165,52135,52150,1897
1767953700,52150,52190,52145,52145,1943
1767954600,52150,52170,52135,52160,1025
1767955500,52160,52170,52120,52140,2399
1767956400,52140,52170,52135,52165,1229
1767957300,52160,52170,52140,52165,1483
1767958200,52165,52215,52165,52195,3263
1767959100,52195,52205,52170,52185,1684
1767960000,52185,52200,52180,52190,1232
1767960900,52190,52190,52155,52160,1880
1767961800,52165,52175,52145,52175,1545
1767962700,52180,52225,52175,52215,2675
1767963600,52210,52215,52170,52175,1788
1767964500,52180,52235,52165,52225,2496
1767965400,52235,52350,52230,52295,10479
1767966300,52295,52310,52270,52300,3248
1767967200,52300,52765,52240,52740,26026
1767968100,52740,53265,52630,53250,38021
1767969000,53250,53545,53175,53385,35603
1767969900,53390,53860,53325,53845,28036
1767970800,53845,53865,53455,53725,25744
1767971700,53730,53770,53645,53715,12099
1767972600,53715,53730,53410,53445,12619
1767973500,53440,53540,53420,53515,6851
1767974400,53520,53620,53495,53600,5830
1767975300,53600,53665,53585,53605,4461
1767976200,53605,53655,53595,53625,3431
1767977100,53625,53700,53625,53660,3411
1767978000,53660,53680,53570,53585,3178
1767978900,53590,53590,53530,53550,2160
1767979800,53545,53625,53545,53615,2053
1767980700,53615,53635,53570,53585,1724
1767981600,53585,53600,53535,53555,1784
1767982500,53555,53565,53520,53555,1227
1767983400,53555,53615,53550,53590,1131
1767984300,53595,53620,53580,53600,918
1767985200,53600,53610,53570,53595,1192
1767986100,53600,53615,53590,53610,493
1767987000,53605,53625,53595,53625,704
1767987900,53625,53665,53615,53640,1494
1767988800,53635,53635,53575,53600,1465
1767989700,53600,53630,53590,53600,1087
1767990600,53595,53635,53590,53630,684
1767991500,53630,53650,53595,53600,1363
1767992400,53595,53595,53595,53595,1116
1768175100,53770,54080,53730,53830,17813
1768176000,53825,54000,53725,53985,13150
1768176900,53980,54025,53890,53950,6633
1768177800,53950,53950,53750,53860,7936
1768178700,53860,53965,53850,53930,5024
1768179600,53930,54030,53880,53965,7387
1768180500,53965,53975,53845,53950,4870
1768181400,53945,53970,53855,53965,4242
1768182300,53965,53985,53850,53855,4330
1768183200,53855,53950,53800,53920,4456
1768184100,53920,53925,53865,53885,2475
1768185000,53890,53955,53880,53920,3098
1768185900,53915,53920,53850,53855,3342
1768186800,53855,53900,53825,53875,2413
1768187700,53875,53910,53860,53905,1759
1768188600,53905,53975,53890,53945,2635
1768189500,53945,53945,53850,53915,3225
1768190400,53915,53920,53840,53850,2202
1768191300,53850,53860,53805,53830,2389
1768192200,53835,53865,53815,53830,1963
1768193100,53830,53850,53780,53795,2284
1768194000,53795,53815,53695,53750,5123
1768194900,53750,53785,53680,53695,3831
1768195800,53690,53725,53675,53720,2421
1768196700,53720,53790,53715,53780,2439
1768197600,53775,53910,53770,53895,3761
1768198500,53895,53900,53845,53850,2571
1768199400,53850,53910,53845,53885,1792
1768200300,53880,53880,53880,53880,934
1768204800,53805,53910,53790,53885,4409
1768205700,53880,53915,53810,53820,3110
1768206600,53820,53865,53770,53865,2950
1768207500,53870,53935,53840,53910,2962
1768208400,53915,54130,53915,54055,7149
1768209300,54055,54060,53925,53950,3286
1768210200,53945,53960,53885,53945,3831
1768211100,53945,53975,53920,53960,1864
1768212000,53965,53970,53925,53955,1672
1768212900,53950,53970,53930,53960,1366
1768213800,53960,54050,53960,54035,2096
1768214700,54040,54040,53980,54010,1335
1768215600,54010,54045,54005,54035,1399
1768216500,54035,54045,53995,54005,1172
1768217400,54010,54025,53975,53980,1623
1768218300,53985,54005,53980,54000,981
1768219200,53995,54035,53980,54000,1923
1768220100,54000,54010,53950,53955,1577
1768221000,53950,53950,53890,53915,2243
1768221900,53915,54000,53910,53980,3132
1768222800,53975,53985,53905,53940,1730
1768223700,53940,53975,53925,53950,1190
1768224600,53955,53975,53935,53965,1572
1768225500,53960,53990,53935,53985,1255
1768226400,53985,53985,53930,53945,1662
1768227300,53945,53955,53865,53920,2610
1768228200,53915,54040,53910,53945,6936
1768229100,53940,53975,53885,53965,4128
1768230000,53965,54020,53945,53985,3224
1768230900,53985,54025,53975,54015,1967
1768231800,54015,54045,53970,54045,2555
1768232700,54045,54090,54025,54085,2545
1768233600,54085,54145,54065,54145,2848
1768234500,54145,54160,54115,54125,2684
1768235400,54125,54125,54055,54055,2194
1768236300,54050,54075,54005,54020,1853
1768237200,54020,54040,53980,54035,2242
1768238100,54045,54105,54040,54100,1138
1768239000,54100,54105,54060,54075,700
1768239900,54080,54145,54080,54140,1246
1768240800,54135,54170,54135,54150,1097
1768241700,54150,54170,54130,54145,889
1768242600,54145,54155,54135,54135,487
1768243500,54140,54165,54135,54155,547
1768244400,54150,54185,54140,54145,1202
1768245300,54145,54150,54130,54130,650
1768246200,54135,54155,54130,54140,726
1768247100,54140,54150,54130,54145,463
1768248000,54140,54150,54110,54115,616
1768248900,54115,54135,54110,54130,536
1768249800,54135,54135,54110,54130,557
1768250700,54130,54160,54125,54155,1129
1768251600,54160,54160,54160,54160,834
1768261500,54160,54170,53910,53925,19869
1768262400,53920,53990,53740,53755,37766
1768263300,53760,53850,53590,53640,28143
1768264200,53640,53860,53635,53820,20825
1768265100,53825,53855,53725,53770,10611
1768266000,53770,53810,53705,53750,10105
1768266900,53745,53755,53650,53675,7881
1768267800,53675,53755,53625,53730,9504
1768268700,53735,53775,53625,53645,10399
1768269600,53640,53650,53540,53590,10071
1768270500,53590,53640,53590,53610,6489
1768271400,53615,53755,53615,53755,5130
1768272300,53755,53795,53750,53780,3359
1768273200,53780,53810,53760,53775,4769
1768274100,53775,53790,53725,53735,3083
1768275000,53735,53735,53580,53625,10450
1768275900,53625,53635,53560,53600,7303
1768276800,53600,53710,53595,53650,8008
1768277700,53655,53830,53645,53765,17861
1768278600,53765,53775,53650,53655,6043
1768279500,53660,53715,53615,53695,6406
1768280400,53700,53700,53635,53665,6044
1768281300,53665,53785,53650,53780,8899
1768282200,53785,53790,53680,53685,7630
1768283100,53685,53690,53635,53670,8539
1768284000,53670,53695,53625,53640,8918
1768284900,53635,53640,53510,53585,13856
1768285800,53585,53750,53565,53715,17111
1768286700,53760,53760,53760,53760,2447
1768291200,53780,53865,53760,53810,8899
1768292100,53815,53920,53810,53900,6155
1768293000,53900,53905,53745,53815,6790
1768293900,53815,53865,53810,53845,3408
1768294800,53850,53885,53830,53840,3203
1768295700,53845,53890,53815,53875,2134
1768296600,53875,53890,53810,53815,2661
1768297500,53815,53850,53810,53820,1484
1768298400,53825,53870,53810,53845,2886
1768299300,53845,53870,53835,53860,1894
1768300200,53860,53900,53850,53875,2056
1768301100,53870,53870,53815,53825,2376
1768302000,53825,53865,53825,53855,1389
1768302900,53855,53885,53840,53875,1385
1768303800,53870,53890,53850,53880,1744
1768304700,53880,53945,53880,53925,3035
1768305600,53920,53940,53915,53915,2236
1768306500,53920,53940,53910,53935,1342
1768307400,53940,53955,53915,53920,2179
1768308300,53915,53915,53845,53845,2914
1768309200,53845,53910,53830,53905,2486
1768310100,53900,53925,53885,53915,2305
1768311000,53915,54055,53915,54000,8760
1768311900,53995,54040,53960,54030,4962
1768312800,54025,54105,54025,54100,4075
1768313700,54100,54120,54070,54075,3879
1768314600,54075,54195,54040,54105,11779
1768315500,54100,54140,54060,54080,6182
1768316400,54070,54070,53900,53990,12012
1768317300,53990,53995,53820,53865,7832
1768318200,53865,53975,53860,53940,6521
1768319100,53940,54080,53925,54055,4923
1768320000,54050,54095,54000,54060,4095
1768320900,54065,54095,54005,54070,3605
1768321800,54070,54145,54045,54120,2989
1768322700,54125,54145,54100,54115,1365
1768323600,54115,54155,54115,54145,1258
1768324500,54140,54145,54085,54120,1259
1768325400,54125,54130,54040,54080,2304
1768326300,54080,54095,54000,54020,1441
1768327200,54015,54030,53940,54020,2291
1768328100,54015,54045,53995,54025,1152
1768329000,54025,54050,54015,54015,845
1768329900,54010,54045,54000,54010,1119
1768330800,54015,54035,53965,53980,903
1768331700,53980,54040,53980,54040,905
1768332600,54035,54050,54025,54030,772
1768333500,54030,54035,53970,54030,2230
1768334400,54030,54030,53925,53925,1303
1768335300,53925,53950,53905,53920,1338
1768336200,53915,53945,53885,53925,1637
1768337100,53930,53975,53910,53970,903
1768338000,53970,53970,53970,53970,663
1768347900,54000,54045,53840,54015,14034
1768348800,54010,54245,53855,54160,37215
1768349700,54155,54205,54000,54205,20259
1768350600,54210,54365,54140,54350,21866
1768351500,54350,54365,54225,54240,14945
1768352400,54240,54465,54240,54400,18439
1768353300,54405,54440,54360,54405,8758
1768354200,54405,54470,54300,54430,13428
1768355100,54430,54440,54350,54440,8697
1768356000,54440,54465,54380,54450,7146
1768356900,54455,54515,54435,54480,8217
1768357800,54475,54520,54465,54495,3732
1768358700,54495,54520,54425,54455,3804
1768359600,54450,54510,54440,54500,3915
1768360500,54500,54520,54485,54505,2945
1768361400,54500,54550,54370,54395,12612
1768362300,54390,54525,54355,54510,9884
1768363200,54505,54510,54450,54490,7712
1768364100,54490,54500,54410,54440,6723
1768365000,54435,54465,54395,54400,5378
1768365900,54400,54405,54185,54210,17144
1768366800,54205,54415,54160,54415,12639
1768367700,54415,54420,54340,54405,8114
1768368600,54405,54410,54320,54375,7825
1768369500,54370,54395,54270,54325,7492
1768370400,54325,54390,54300,54385,8935
1768371300,54385,54450,54350,54440,9648
1768372200,54435,54465,54345,54355,9968
1768373100,54340,54340,54340,54340,2868
1768377600,54430,54460,54375,54425,8582
1768378500,54430,54500,54410,54495,4076
1768379400,54495,54505,54360,54385,4553
1768380300,54385,54435,54365,54435,2502
1768381200,54435,54480,54420,54465,2647
1768382100,54460,54475,54415,54450,2540
1768383000,54455,54500,54450,54470,2622
1768383900,54470,54540,54440,54535,4096
1768384800,54540,54570,54495,54540,3600
1768385700,54540,54540,54350,54365,6793
1768386600,54365,54370,54250,54265,7557
1768387500,54265,54270,54195,54220,6406
1768388400,54215,54285,54180,54240,4988
1768389300,54240,54290,54205,54265,3121
1768390200,54270,54285,54230,54245,1828
1768391100,54250,54285,54045,54065,9015
1768392000,54065,54125,53675,54120,26990
1768392900,54115,54160,54075,54105,5459
1768393800,54105,54140,54050,54125,4371
1768394700,54125,54145,54100,54115,1750
1768395600,54120,54205,54115,54170,4391
1768396500,54170,54200,54110,54170,3324
1768397400,54170,54180,54135,54135,2331
1768398300,54130,54155,54090,54105,4103
1768399200,54105,54125,54015,54045,7054
1768400100,54050,54060,53970,54010,5258
1768401000,54010,54115,53910,53955,12087
1768401900,53950,54105,53945,54055,8738
1768402800,54045,54255,53955,54235,8471
1768403700,54235,54255,54115,54120,5677
1768404600,54120,54150,54015,54040,6402
1768405500,54035,54060,53930,54000,6439
1768406400,54000,54025,53975,54010,3451
1768407300,54005,54165,54000,54135,7995
1768408200,54130,54150,53920,53925,5619
1768409100,53920,53930,53790,53815,7144
1768410000,53810,53870,53790,53865,3944
1768410900,53860,53895,53800,53880,3136
1768411800,53875,53875,53795,53870,2013
1768412700,53865,53900,53795,53830,2717
1768413600,53830,53920,53815,53910,2634
1768414500,53905,53925,53875,53915,880
1768415400,53910,53925,53815,53865,1358
1768416300,53865,53975,53850,53970,2436
1768417200,53965,53980,53930,53945,874
1768418100,53945,53975,53925,53955,744
1768419000,53965,53975,53905,53915,1137
1768419900,53910,53970,53905,53940,980
1768420800,53940,54045,53880,53990,3093
1768421700,53990,53995,53940,53995,776
1768422600,53995,54100,53990,54025,2006
1768423500,54025,54030,53980,54015,1273
1768424400,54065,54065,54065,54065,694
1768434300,53995,54090,53960,54000,11915
1768435200,54000,54130,53935,53960,26720
1768436100,53955,53975,53815,53900,19183
1768437000,53905,54040,53890,54005,12358
1768437900,54005,54050,53755,53800,14722
1768438800,53800,54000,53775,53920,12808
1768439700,53920,53955,53845,53890,7844
1768440600,53890,53930,53770,53800,10968
1768441500,53800,53980,53790,53975,9278
1768442400,53980,54010,53950,53980,9431
1768443300,53980,54015,53880,53885,6951
1768444200,53890,53970,53885,53925,4105
1768445100,53920,53945,53900,53930,1307
1768446000,53930,53945,53900,53905,1866
1768446900,53910,53930,53855,53865,4270
1768447800,53865,53885,53780,53875,11250
1768448700,53870,53875,53785,53835,5910
1768449600,53835,53900,53835,53890,4410
1768450500,53890,53940,53860,53915,6903
1768451400,53910,53965,53900,53955,6137
1768452300,53960,53995,53930,53970,4915
1768453200,53970,53980,53925,53970,5375
1768454100,53975,54010,53900,53910,7511
1768455000,53910,54030,53885,54030,12151
1768455900,54025,54030,53920,53925,9577
1768456800,53925,53990,53860,53970,12639
1768457700,53970,54215,53970,54145,38520
1768458600,54150,54185,54010,54080,15304
1768459500,54200,54200,54200,54200,2367
1768464000,54225,54375,54130,54315,17208
1768464900,54315,54350,54220,54235,7453
1768465800,54235,54315,54225,54300,4513
1768466700,54305,54320,54255,54320,3027
1768467600,54320,54395,54315,54385,5061
1768468500,54390,54390,54275,54305,5838
1768469400,54310,54360,54305,54355,2765
1768470300,54355,54360,54310,54325,1957
1768471200,54325,54370,54310,54360,2483
1768472100,54360,54420,54350,54415,2955
1768473000,54415,54465,54400,54460,3522
1768473900,54455,54455,54420,54455,2009
1768474800,54450,54490,54450,54490,3104
1768475700,54485,54500,54465,54485,3236
1768476600,54485,54500,54445,54455,3137
1768477500,54455,54475,54455,54470,1334
1768478400,54470,54500,54440,54445,2390
1768479300,54445,54455,54410,54425,2578
1768480200,54425,54425,54370,54415,2268
1768481100,54420,54465,54405,54410,2986
1768482000,54410,54440,54385,54420,2441
1768482900,54420,54450,54400,54435,1672
1768483800,54440,54500,54440,54455,4646
1768484700,54455,54465,54365,54380,3398
1768485600,54380,54415,54350,54365,3666
1768486500,54365,54375,54325,54355,3786
1768487400,54350,54435,54330,54390,9118
1768488300,54390,54435,54335,54365,6909
1768489200,54360,54390,54260,54280,6159
1768490100,54280,54345,54220,54265,8524
1768491000,54260,54315,54260,54270,3935
1768491900,54265,54320,54180,54315,8735
1768492800,54310,54335,54275,54290,2996
1768493700,54285,54305,54270,54295,1691
1768494600,54290,54325,54250,54325,1784
1768495500,54325,54340,54290,54295,1518
1768496400,54295,54320,54275,54275,1113
1768497300,54275,54290,54240,54245,926
1768498200,54250,54280,54235,54260,906
1768499100,54260,54280,54225,54230,1084
1768500000,54230,54285,54225,54270,1230
1768500900,54265,54270,54230,54250,1055
1768501800,54245,54270,54230,54240,1496
1768502700,54245,54245,54190,54195,1320
1768503600,54200,54215,54140,54175,2128
1768504500,54175,54185,54090,54100,2056
1768505400,54095,54145,54040,54135,2720
1768506300,54135,54140,54035,54060,2194
1768507200,54055,54075,54015,54025,1806
1768508100,54025,54035,53960,54010,2184
1768509000,54010,54045,53985,54015,1168
1768509900,54015,54035,53965,54015,1857
1768510800,54000,54000,54000,54000,587
1768520700,54030,54145,54000,54110,13030
1768521600,54110,54180,53860,53995,34191
1768522500,53995,54010,53860,53895,14342
1768523400,53900,53980,53825,53850,13410
1768524300,53855,53920,53785,53890,11732
1768525200,53895,53985,53880,53915,9247
1768526100,53915,53920,53760,53880,12665
1768527000,53890,53930,53840,53910,6126
1768527900,53915,53960,53895,53930,5072
1768528800,53930,53980,53910,53955,5281
1768529700,53950,53960,53895,53935,4058
1768530600,53935,53955,53800,53885,5829
1768531500,53885,53960,53885,53940,3227
1768532400,53945,53950,53905,53910,2066
1768533300,53915,53945,53890,53930,2688
1768534200,53930,54005,53900,53980,8329
1768535100,53980,54060,53955,53955,12045
1768536000,53950,54055,53925,54045,6459
1768536900,54045,54155,54035,54130,9882
1768537800,54130,54165,54100,54135,6160
1768538700,54135,54165,54105,54110,3519
1768539600,54115,54145,54090,54115,4539
1768540500,54115,54155,54070,54125,9081
1768541400,54120,54125,54080,54090,4849
1768542300,54095,54120,54060,54110,8352
1768543200,54105,54110,53995,54035,9324
1768544100,54030,54030,53965,54015,9105
1768545000,54010,54055,53990,53995,7383
1768545900,54060,54060,54060,54060,1843
1768550400,54020,54100,53980,54015,7634
1768551300,54015,54055,54000,54020,2703
1768552200,54020,54020,53950,54010,3510
1768553100,54010,54015,53980,53995,1740
1768554000,53995,54010,53965,53965,1491
1768554900,53960,54000,53925,53985,2936
1768555800,53990,53995,53945,53945,1635
1768556700,53945,53950,53915,53930,1610
1768557600,53930,53970,53925,53955,1930
1768558500,53955,53955,53935,53950,1213
1768559400,53950,53985,53945,53975,1467
1768560300,53980,54000,53930,53945,2836
1768561200,53945,53950,53875,53915,4002
1768562100,53910,53935,53905,53915,1367
1768563000,53915,53915,53880,53880,1216
1768563900,53880,53890,53850,53865,3537
1768564800,53860,53865,53825,53845,2717
1768565700,53850,53870,53835,53850,1683
1768566600,53850,53860,53825,53860,1746
1768567500,53860,53875,53810,53835,2239
1768568400,53835,53835,53780,53795,2752
1768569300,53795,53810,53720,53795,4768
1768570200,53795,53810,53750,53755,2082
1768571100,53755,53775,53715,53745,3343
1768572000,53750,53770,53715,53740,2711
1768572900,53740,53785,53715,53760,2954
1768573800,53760,53815,53690,53695,7348
1768574700,53700,53775,53615,53630,7755
1768575600,53625,53745,53590,53715,7309
1768576500,53715,53735,53645,53660,5189
1768577400,53660,53680,53590,53655,5451
1768578300,53650,53705,53610,53700,3277
1768579200,53700,53735,53650,53695,2865
1768580100,53695,53755,53675,53750,2288
1768581000,53750,53790,53745,53765,3314
1768581900,53765,53790,53710,53750,2692
1768582800,53750,53755,53720,53730,1406
1768583700,53730,53760,53715,53740,976
1768584600,53740,53760,53720,53745,846
1768585500,53740,53740,53685,53695,1770
1768586400,53690,53755,53685,53735,879
1768587300,53735,53805,53735,53775,1527
1768588200,53770,53805,53770,53775,876
1768589100,53780,53780,53735,53745,1211
1768590000,53745,53795,53735,53735,1020
1768590900,53735,53735,53695,53700,1148
1768591800,53700,53740,53690,53720,1052
1768592700,53725,53730,53695,53720,1189
1768593600,53720,53725,53705,53725,1035
1768594500,53720,53730,53700,53700,693
1768595400,53695,53735,53665,53725,1681
1768596300,53725,53745,53705,53725,823
1768597200,53725,53725,53725,53725,865
1768779900,53460,53480,53250,53430,22543
1768780800,53425,53600,53225,53500,35242
1768781700,53500,53535,53275,53310,19414
1768782600,53310,53370,53230,53305,14585
1768783500,53300,53440,53275,53300,10934
1768784400,53300,53350,53260,53335,8616
1768785300,53330,53365,53140,53225,13304
1768786200,53225,53250,53130,53195,11526
1768787100,53200,53280,53190,53270,6079
1768788000,53270,53390,53265,53375,10207
1768788900,53375,53460,53365,53445,7433
1768789800,53440,53450,53345,53400,4687
1768790700,53400,53410,53355,53395,2420
1768791600,53395,53420,53365,53375,2282
1768792500,53380,53405,53340,53390,2821
1768793400,53390,53525,53385,53510,9348
1768794300,53510,53530,53470,53480,4410
1768795200,53485,53515,53455,53500,3481
1768796100,53500,53535,53470,53505,4149
1768797000,53510,53545,53500,53530,3683
1768797900,53530,53545,53455,53470,4244
1768798800,53475,53530,53430,53525,6466
1768799700,53520,53590,53495,53580,5373
1768800600,53580,53615,53550,53560,6152
1768801500,53560,53580,53510,53555,6186
1768802400,53555,53625,53550,53600,6613
1768803300,53595,53645,53570,53625,6785
1768804200,53630,53695,53615,53635,7634
1768805100,53660,53660,53660,53660,1983
1768809600,53510,53625,53485,53600,8448
1768810500,53605,53735,53600,53680,5917
1768811400,53680,53720,53655,53675,2987
1768812300,53675,53710,53665,53710,1650
1768813200,53715,53730,53585,53605,8589
1768814100,53605,53675,53430,53525,11977
1768815000,53525,53550,53425,53455,4930
1768815900,53450,53520,53450,53500,4064
1768816800,53500,53575,53495,53570,3489
1768817700,53570,53585,53545,53545,1696
1768818600,53545,53555,53470,53475,1988
1768819500,53475,53515,53460,53470,1730
1768820400,53470,53510,53465,53500,1879
1768821300,53500,53570,53495,53545,2732
1768822200,53545,53565,53500,53540,1967
1768823100,53540,53570,53535,53550,1497
1768824000,53545,53545,53505,53525,1920
1768824900,53525,53535,53510,53515,948
1768825800,53515,53580,53515,53575,1690
1768826700,53570,53600,53570,53595,2093
1768827600,53595,53625,53575,53605,2841
1768828500,53605,53635,53590,53620,1977
1768829400,53620,53665,53610,53640,2412
1768830300,53640,53660,53635,53650,1298
1768831200,53650,53680,53565,53575,3869
1768832100,53570,53575,53525,53560,2921
1768833000,53555,53560,53480,53490,3333
1768833900,53495,53560,53480,53555,2528
1768834800,53560,53590,53540,53570,2461
1768835700,53565,53570,53505,53550,2243
1768836600,53550,53575,53505,53555,2826
1768837500,53555,53560,53515,53535,1506
1768838400,53540,53595,53520,53590,1732
1768839300,53590,53595,53480,53505,2914
1768840200,53500,53535,53495,53515,1868
1768841100,53520,53535,53515,53535,658
1768842000,53530,53560,53525,53545,839
1768842900,53545,53570,53535,53560,425
1768843800,53560,53565,53540,53555,320
1768844700,53555,53565,53520,53525,680
1768845600,53525,53530,53510,53525,242
1768846500,53525,53535,53520,53525,223
1768847400,53530,53530,53520,53525,65
1768848300,53520,53535,53520,53530,54
1768849200,53530,53545,53525,53535,85
1768850100,53540,53555,53535,53555,105
1768851000,53555,53560,53545,53545,212
1768851900,53545,53545,53530,53540,152
1768852800,53540,53540,53525,53530,212
1768853700,53535,53540,53520,53540,123
1768854600,53535,53550,53535,53540,178
1768855500,53545,53550,53520,53530,239
1768856400,53495,53495,53495,53495,699
1768866300,53490,53560,53350,53420,13276
1768867200,53420,53475,53205,53225,26600
1768868100,53230,53235,52920,52990,23988
1768869000,52990,53215,52975,53195,20359
1768869900,53195,53260,53100,53120,11447
1768870800,53125,53265,53115,53230,10227
1768871700,53235,53270,53180,53250,8063
1768872600,53250,53250,53135,53145,7761
1768873500,53150,53200,53095,53100,5492
1768874400,53100,53200,53060,53065,7391
1768875300,53065,53080,52960,52990,11016
1768876200,52990,53130,52990,53120,5431
1768877100,53125,53150,53100,53115,3032
1768878000,53115,53130,53065,53100,3189
1768878900,53100,53115,53065,53080,3091
1768879800,53080,53100,52985,53045,9339
1768880700,53050,53090,53005,53040,4825
1768881600,53035,53060,52920,52955,7282
1768882500,52950,53020,52930,52980,4678
1768883400,52980,53000,52945,52980,3846
1768884300,52980,53040,52900,52940,6692
1768885200,52940,53090,52915,53060,8184
1768886100,53060,53140,53020,53110,6238
1768887000,53110,53135,53085,53115,4997
1768887900,53115,53165,53105,53155,4712
1768888800,53155,53155,53080,53130,6119
1768889700,53130,53130,53015,53035,9242
1768890600,53035,53060,52765,52795,19358
1768891500,52805,52805,52805,52805,2357
1768896000,52710,52740,52590,52670,18255
1768896900,52675,52700,52520,52525,9997
1768897800,52525,52530,52365,52460,14647
1768898700,52460,52490,52405,52430,7299
1768899600,52430,52455,52250,52270,11803
1768900500,52265,52325,52210,52255,9939
1768901400,52255,52255,52155,52185,8151
1768902300,52185,52215,52080,52120,9297
1768903200,52120,52275,52045,52255,10003
1768904100,52260,52315,52200,52295,7300
1768905000,52295,52315,52240,52270,5045
1768905900,52270,52295,52200,52215,4698
1768906800,52215,52270,52205,52230,2933
1768907700,52235,52255,52175,52220,4972
1768908600,52215,52225,52150,52165,3377
1768909500,52165,52205,52130,52165,3219
1768910400,52160,52200,52105,52160,4113
1768911300,52160,52190,52120,52160,2696
1768912200,52155,52240,52135,52240,4170
1768913100,52240,52265,52200,52225,4343
1768914000,52225,52260,52155,52170,3626
1768914900,52165,52225,52145,52180,3509
1768915800,52180,52200,52015,52150,11252
1768916700,52155,52175,52095,52105,4856
1768917600,52105,52170,52000,52115,19479
1768918500,52115,52125,52005,52115,4881
1768919400,52115,52290,52115,52280,14823
1768920300,52285,52330,52165,52295,9883
1768921200,52285,52305,52190,52250,8850
1768922100,52245,52370,52155,52370,8271
1768923000,52370,52465,52355,52410,9052
1768923900,52415,52460,52340,52460,7296
1768924800,52455,52495,52385,52465,5570
1768925700,52465,52530,52395,52525,4819
1768926600,52520,52550,52465,52490,4582
1768927500,52495,52545,52445,52530,3425
1768928400,52525,52540,52450,52485,1810
1768929300,52480,52505,52420,52435,2001
1768930200,52435,52460,52355,52355,3092
1768931100,52355,52385,52320,52380,2227
1768932000,52375,52390,52335,52370,1931
1768932900,52365,52375,52340,52345,1317
1768933800,52340,52360,52230,52240,2278
1768934700,52235,52260,52175,52230,2386
1768935600,52230,52310,52230,52270,1883
1768936500,52270,52270,52195,52205,1812
1768937400,52205,52225,52155,52185,2434
1768938300,52185,52220,52140,52190,3323
1768939200,52195,52200,52100,52105,2182
1768940100,52115,52215,52115,52155,2457
1768941000,52160,52220,52110,52135,2005
1768941900,52135,52150,52100,52115,1758
1768942800,52125,52125,52125,52125,838
1768952700,52200,52215,51855,51975,22367
1768953600,51975,52420,51975,52345,38512
1768954500,52345,52505,52260,52455,20902
1768955400,52460,52635,52415,52575,16894
1768956300,52570,52685,52555,52610,13877
1768957200,52610,52770,52575,52750,17339
1768958100,52750,52830,52740,52765,11695
1768959000,52775,52880,52715,52860,12337
1768959900,52855,52865,52795,52830,7364
1768960800,52835,52850,52780,52830,6277
1768961700,52830,52830,52725,52735,7861
1768962600,52735,52740,52625,52670,6282
1768963500,52665,52715,52640,52695,3068
1768964400,52695,52780,52695,52760,3315
1768965300,52755,52890,52755,52815,6559
1768966200,52825,52870,52735,52760,8074
1768967100,52765,52800,52645,52670,6492
1768968000,52665,52775,52645,52660,7010
1768968900,52660,52720,52620,52715,5153
1768969800,52715,52795,52685,52795,4699
1768970700,52790,52795,52680,52690,4505
1768971600,52690,52840,52655,52840,12061
1768972500,52835,52850,52785,52825,5170
1768973400,52825,52870,52790,52860,4261
1768974300,52860,52865,52780,52800,5391
1768975200,52800,52800,52720,52765,7968
1768976100,52765,52775,52710,52765,7281
1768977000,52760,52840,52745,52800,7981
1768977900,52835,52835,52835,52835,2390
1768982400,52750,52785,52675,52680,8190
1768983300,52685,52795,52680,52760,3156
1768984200,52765,52790,52720,52780,2681
1768985100,52780,52810,52755,52770,1784
1768986000,52770,52780,52710,52750,1666
1768986900,52750,52765,52700,52725,2404
1768987800,52720,52720,52660,52675,2415
1768988700,52675,52675,52545,52550,4420
1768989600,52550,52645,52545,52645,3426
1768990500,52650,52710,52640,52710,2686
1768991400,52710,52730,52700,52705,1596
1768992300,52710,52720,52660,52675,1407
1768993200,52675,52675,52620,52630,2200
1768994100,52630,52660,52605,52620,1637
1768995000,52615,52640,52550,52575,3081
1768995900,52575,52585,52460,52475,5640
1768996800,52480,52540,52460,52510,4382
1768997700,52510,52575,52490,52545,2919
1768998600,52545,52545,52470,52480,2655
1768999500,52485,52550,52425,52545,4195
1769000400,52550,52580,52490,52555,3575
1769001300,52560,52565,52520,52535,1504
1769002200,52530,52565,52480,52490,2572
1769003100,52490,52630,52480,52590,4882
1769004000,52585,52810,52515,52770,15900
1769004900,52770,52840,52655,52785,9292
1769005800,52775,52945,52735,52910,12609
1769006700,52915,53095,52900,53080,9824
1769007600,53080,53100,52990,53065,8076
1769008500,53070,53200,53065,53145,8337
1769009400,53145,53205,53140,53160,4560
1769010300,53160,53195,53135,53180,3170
1769011200,53180,53185,53120,53135,2419
1769012100,53130,53155,53065,53100,2925
1769013000,53095,53100,52905,52910,5607
1769013900,52905,52955,52770,52785,5538
1769014800,52785,52860,52655,52665,5336
1769015700,52670,52805,52640,52765,4170
1769016600,52765,52795,52710,52730,3284
1769017500,52730,52830,52715,52815,2542
1769018400,52815,52850,52675,52815,2431
1769019300,52825,52880,52790,52865,1447
1769020200,52865,52900,52825,52865,1469
1769021100,52870,52955,52840,52925,1935
1769022000,52925,52945,52855,52865,1010
1769022900,52860,53230,52850,53205,5868
1769023800,53215,53510,53195,53475,12316
1769024700,53475,53510,53365,53490,5169
1769025600,53490,53510,53375,53380,3121
1769026500,53385,53410,53265,53265,2356
1769027400,53260,53340,53225,53310,2670
1769028300,53310,53320,53250,53270,2000
1769029200,53230,53230,53230,53230,832
1769039100,53450,53610,53400,53595,17620
1769040000,53600,53660,53335,53350,32477
1769040900,53350,53460,53320,53390,15524
1769041800,53395,53480,53320,53430,12158
1769042700,53425,53480,53380,53425,7930
1769043600,53430,53440,53350,53420,8182
1769044500,53420,53640,53420,53630,14792
1769045400,53630,53815,53625,53775,15617
1769046300,53775,53800,53695,53740,10777
1769047200,53740,53855,53725,53830,10183
1769048100,53830,53865,53785,53800,7208
1769049000,53795,53810,53725,53775,4615
1769049900,53780,53810,53750,53785,3129
1769050800,53785,53795,53770,53795,2768
1769051700,53790,53800,53765,53780,2781
1769052600,53785,53830,53725,53775,9798
1769053500,53780,53860,53770,53815,8533
1769054400,53815,53890,53760,53835,8084
1769055300,53835,53845,53745,53840,8390
1769056200,53840,53890,53830,53875,5506
1769057100,53875,53905,53855,53890,5165
1769058000,53895,53960,53865,53935,7465
1769058900,53935,53940,53870,53900,4682
1769059800,53895,53945,53860,53880,6552
1769060700,53875,53930,53850,53855,7282
1769061600,53860,53880,53725,53745,11320
1769062500,53745,53790,53665,53710,11382
1769063400,53710,53765,53685,53730,13155
1769064300,53730,53730,53730,53730,2512
1769068800,53790,53885,53765,53820,9140
1769069700,53820,53870,53785,53835,4574
1769070600,53835,53900,53805,53875,3653
1769071500,53875,53930,53840,53920,3894
1769072400,53920,54000,53910,53960,6219
1769073300,53960,54000,53925,53945,3368
1769074200,53945,53950,53880,53940,3830
1769075100,53940,53960,53910,53935,2347
1769076000,53935,53970,53910,53915,1931
1769076900,53915,53940,53880,53915,2974
1769077800,53920,53955,53915,53935,1393
1769078700,53935,53980,53935,53980,2414
1769079600,53975,53995,53955,53965,2328
1769080500,53960,53975,53915,53965,2680
1769081400,53970,53990,53920,53925,3380
1769082300,53925,53940,53910,53925,1184
1769083200,53930,53950,53915,53950,1370
1769084100,53950,53995,53950,53980,2336
1769085000,53975,54040,53970,54040,4343
1769085900,54040,54040,54005,54020,1820
1769086800,54020,54035,53960,53975,2939
1769087700,53980,54015,53975,54010,1674
1769088600,54015,54065,53980,54050,4466
1769089500,54055,54140,54055,54135,4529
1769090400,54140,54140,54070,54085,3188
1769091300,54080,54110,54070,54070,2429
1769092200,54075,54105,53995,54005,8948
1769093100,54005,54010,53880,53935,9822
1769094000,53930,53960,53890,53900,5269
1769094900,53895,53985,53880,53970,4621
1769095800,53970,54065,53950,54045,4374
1769096700,54045,54065,54015,54030,2707
1769097600,54030,54080,54030,54050,1919
1769098500,54045,54075,54035,54050,1992
1769099400,54055,54055,53990,53995,1881
1769100300,54000,54015,53955,53970,1576
1769101200,53970,54025,53945,54000,1866
1769102100,54000,54000,53970,54000,897
1769103000,54005,54055,54005,54040,1169
1769103900,54040,54060,54030,54035,854
1769104800,54030,54050,54000,54030,2317
1769105700,54030,54090,54030,54080,1649
1769106600,54080,54125,54070,54110,2019
1769107500,54115,54135,54105,54115,1366
1769108400,54120,54155,54090,54135,1274
1769109300,54135,54150,54125,54135,580
1769110200,54135,54140,54095,54100,770
1769111100,54100,54105,54040,54040,1068
1769112000,54035,54070,54025,54070,1526
1769112900,54070,54100,54025,54025,1369
1769113800,54020,54025,53985,53990,1629
1769114700,53990,54055,53990,54050,961
1769115600,54055,54055,54055,54055,804
1769125500,53930,54020,53875,53990,14296
1769126400,53985,54000,53655,53700,30832
1769127300,53705,53760,53650,53740,13375
1769128200,53740,53905,53740,53820,12832
1769129100,53820,53880,53780,53860,8088
1769130000,53860,53890,53810,53815,6747
1769130900,53815,53880,53815,53840,4488
1769131800,53845,53925,53815,53830,7623
1769132700,53830,53865,53785,53860,6427
1769133600,53855,53915,53840,53915,4825
1769134500,53915,53940,53890,53910,4037
1769135400,53910,53915,53860,53865,1617
1769136300,53865,53895,53850,53895,1753
1769137200,53895,53970,53820,53960,6264
1769138100,53955,53985,53925,53940,3208
1769139000,53940,54010,53900,53975,8792
1769139900,53975,54085,53955,54000,9176
1769140800,54000,54030,53840,53915,9931
1769141700,53910,53915,53810,53880,7171
1769142600,53875,53915,53845,53855,4428
1769143500,53850,53850,53735,53760,7175
1769144400,53755,53835,53695,53830,8585
1769145300,53825,53865,53800,53850,4940
1769146200,53855,53885,53835,53850,6042
1769147100,53850,53880,53825,53865,4108
1769148000,53865,53900,53840,53885,5191
1769148900,53885,53920,53825,53890,7297
1769149800,53890,53905,53675,53700,9404
1769150700,53700,53700,53700,53700,1972
1769155200,53700,53710,53570,53630,12231
1769156100,53625,53655,53450,53465,12743
1769157000,53460,53565,53445,53510,8544
1769157900,53510,53540,53420,53450,5383
1769158800,53445,53490,53385,53410,6024
1769159700,53410,53455,53340,53345,5960
1769160600,53345,53390,53280,53295,6830
1769161500,53295,53395,53275,53375,5317
1769162400,53375,53425,53355,53375,3827
1769163300,53375,53420,53370,53385,2523
1769164200,53380,53400,53370,53375,1514
1769165100,53370,53440,53370,53435,2406
1769166000,53435,53540,53430,53520,6733
1769166900,53525,53555,53505,53555,2974
1769167800,53555,53565,53475,53485,3300
1769168700,53485,53490,53385,53410,6050
1769169600,53405,53425,53375,53390,3109
1769170500,53390,53410,53370,53395,2054
1769171400,53390,53425,53330,53415,3832
1769172300,53415,53435,53375,53415,3030
1769173200,53410,53430,53385,53410,2344
1769174100,53410,53430,53325,53330,2784
1769175000,53325,53375,53325,53355,2234
1769175900,53350,53365,53285,53325,4299
1769176800,53320,53345,53300,53340,3375
1769177700,53340,53400,53335,53385,2852
1769178600,53380,53410,53315,53360,7276
1769179500,53360,53410,53300,53405,5204
1769180400,53405,53475,53400,53420,5859
1769181300,53420,53525,53385,53490,6235
1769182200,53490,53550,53490,53540,3623
1769183100,53545,53575,53520,53545,3021
1769184000,53540,53550,53480,53480,3090
1769184900,53485,53495,53345,53370,6764
1769185800,53365,53405,53295,53380,7495
1769186700,53380,53395,53325,53370,2306
1769187600,53365,53365,53255,53270,3198
1769188500,53270,53270,53095,53125,9654
1769189400,53110,53155,52925,52990,8987
1769190300,52985,53035,52885,52915,6198
1769191200,52920,53040,52910,52985,4130
1769192100,52985,53045,52940,52955,2337
1769193000,52960,53020,52945,52950,2375
1769193900,52950,53010,52920,53000,1651
1769194800,53000,53035,52970,52995,2291
1769195700,53000,53110,52995,53045,2722
1769196600,53040,53070,52985,53015,1497
1769197500,53010,53030,52950,52960,2764
1769198400,52960,52980,52905,52955,1570
1769199300,52955,52985,52905,52920,1233
1769200200,52915,52965,52875,52960,1656
1769201100,52955,52960,52920,52935,1002
1769202000,52895,52895,52895,52895,665
1769384700,52360,52720,52265,52660,28016
1769385600,52665,53010,52595,52975,44942
1769386500,52975,53175,52925,53155,28943
1769387400,53150,53155,53000,53040,14988
1769388300,53045,53085,52925,52955,15824
1769389200,52960,53115,52925,53040,11382
1769390100,53045,53130,52965,53000,11427
1769391000,53000,53045,52955,52985,6657
1769391900,52985,52995,52880,52940,9784
1769392800,52940,52985,52860,52875,7070
1769393700,52875,52940,52815,52855,7679
1769394600,52860,52905,52820,52825,3714
1769395500,52820,52825,52705,52760,6272
1769396400,52760,52880,52755,52870,4905
1769397300,52875,52880,52815,52865,3126
1769398200,52860,52905,52800,52840,7349
1769399100,52845,52960,52820,52885,6246
1769400000,52880,52880,52765,52775,6138
1769400900,52775,52870,52755,52870,4590
1769401800,52875,52925,52745,52750,7061
1769402700,52750,52780,52730,52755,4385
1769403600,52750,52800,52690,52790,7054
1769404500,52795,52910,52780,52880,5731
1769405400,52885,52970,52860,52945,5550
1769406300,52945,52980,52920,52975,5593
1769407200,52975,53025,52895,52925,17482
1769408100,52925,52960,52845,52925,12444
1769409000,52920,52935,52760,52860,15339
1769409900,52860,52860,52860,52860,2294
1769414400,52935,52955,52790,52795,8193
1769415300,52795,52935,52755,52875,6214
1769416200,52875,52905,52770,52805,8263
1769417100,52810,52820,52725,52780,4002
1769418000,52785,52825,52685,52695,5267
1769418900,52695,52710,52545,52570,6717
1769419800,52570,52575,52250,52265,11739
1769420700,52265,52370,52205,52340,12386
1769421600,52340,52430,52320,52430,5577
1769422500,52430,52480,52405,52470,3859
1769423400,52470,52540,52470,52500,4347
1769424300,52500,52505,52420,52420,3786
1769425200,52420,52445,52360,52435,4353
1769426100,52435,52470,52410,52450,2691
1769427000,52450,52485,52435,52460,1859
1769427900,52460,52510,52435,52500,1948
1769428800,52495,52595,52490,52590,3393
1769429700,52590,52600,52565,52580,1592
1769430600,52580,52610,52550,52600,2115
1769431500,52600,52615,52555,52595,1985
1769432400,52595,52635,52575,52625,2375
1769433300,52630,52650,52580,52610,2103
1769434200,52610,52645,52585,52620,1841
1769435100,52615,52665,52605,52620,2497
1769436000,52620,52645,52610,52615,2085
1769436900,52615,52650,52615,52645,1599
1769437800,52650,52755,52585,52710,9524
1769438700,52705,52740,52630,52705,4043
1769439600,52700,52735,52660,52700,4220
1769440500,52700,52725,52600,52605,3155
1769441400,52605,52640,52530,52555,4532
1769442300,52560,52680,52560,52655,2831
1769443200,52655,52670,52610,52625,2253
1769444100,52625,52640,52570,52640,2414
1769445000,52640,52655,52580,52585,2041
1769445900,52580,52595,52550,52560,1521
1769446800,52560,52650,52550,52640,1584
1769447700,52645,52660,52635,52645,1031
1769448600,52645,52665,52605,52660,1214
1769449500,52660,52660,52615,52625,926
1769450400,52620,52630,52570,52575,1127
1769451300,52575,52655,52570,52640,813
1769452200,52640,52645,52605,52635,971
1769453100,52635,52645,52620,52645,502
1769454000,52640,52675,52635,52655,1009
1769454900,52655,52660,52600,52615,610
1769455800,52620,52625,52585,52600,662
1769456700,52595,52595,52540,52545,1056
1769457600,52550,52590,52520,52565,1091
1769458500,52570,52585,52560,52570,702
1769459400,52570,52615,52565,52595,687
1769460300,52590,52610,52575,52595,768
1769461200,52600,52600,52600,52600,879
1769471100,52695,52915,52695,52890,17355
1769472000,52890,52955,52655,52710,32820
1769472900,52710,52880,52705,52850,13312
1769473800,52845,52980,52810,52975,12726
1769474700,52975,52990,52855,52925,9912
1769475600,52925,52975,52870,52920,7389
1769476500,52920,53025,52830,52895,11088
1769477400,52895,52990,52870,52920,6463
1769478300,52925,52950,52885,52900,3933
1769479200,52900,53025,52870,52985,6861
1769480100,52985,53040,52970,53030,4566
1769481000,53025,53050,52975,52995,4096
1769481900,52995,53040,52970,53030,2281
1769482800,53025,53060,53020,53035,2624
1769483700,53035,53080,53025,53055,3074
1769484600,53055,53180,53055,53155,12393
1769485500,53150,53185,53120,53150,6208
1769486400,53155,53245,53150,53210,7691
1769487300,53210,53220,53165,53195,3654
1769488200,53190,53280,53180,53280,5155
1769489100,53275,53325,53255,53315,7238
1769490000,53320,53335,53250,53280,6094
1769490900,53280,53310,53260,53280,4963
1769491800,53275,53325,53265,53310,4600
1769492700,53305,53315,53265,53305,5192
1769493600,53305,53355,53290,53340,8399
1769494500,53335,53355,53245,53310,10294
1769495400,53310,53390,53290,53330,13207
1769496300,53350,53350,53350,53350,2332
1769500800,53340,53340,53160,53205,8828
1769501700,53205,53240,53165,53185,3727
1769502600,53185,53230,53165,53200,3856
1769503500,53200,53210,53180,53185,1889
1769504400,53185,53245,53170,53205,2895
1769505300,53210,53260,53210,53255,1806
1769506200,53255,53285,53235,53280,2677
1769507100,53275,53280,52910,53030,23232
1769508000,53025,53175,53010,53130,7223
1769508900,53130,53150,53105,53135,2164
1769509800,53135,53140,53035,53050,3681
1769510700,53055,53075,53000,53020,2944
1769511600,53020,53020,52955,53000,3614
1769512500,52995,53055,52980,52990,3915
1769513400,52990,53060,52985,53040,2464
1769514300,53035,53050,52995,53030,2299
1769515200,53030,53045,52985,52985,2408
1769516100,52985,52990,52890,52935,4273
1769517000,52930,52990,52925,52955,3128
1769517900,52955,52955,52855,52865,4119
1769518800,52860,52870,52815,52855,5545
1769519700,52855,52870,52810,52845,2645
1769520600,52840,52925,52835,52885,4551
1769521500,52880,52895,52780,52860,5223
1769522400,52860,52870,52835,52840,2069
1769523300,52840,52860,52810,52815,2145
1769524200,52815,52930,52765,52920,8092
1769525100,52920,52980,52905,52915,7048
1769526000,52920,52920,52785,52890,6821
1769526900,52890,52940,52875,52915,3071
1769527800,52915,53095,52910,53080,7354
1769528700,53075,53115,53055,53095,4051
1769529600,53095,53110,53060,53080,2352
1769530500,53080,53110,53060,53090,1778
1769531400,53090,53095,53030,53070,2152
1769532300,53070,53085,53045,53060,1598
1769533200,53055,53080,53040,53050,1594
1769534100,53045,53055,52995,53045,2247
1769535000,53050,53060,52950,52950,1957
1769535900,52950,52990,52925,52930,1848
1769536800,52935,52960,52875,52955,2674
1769537700,52960,52995,52955,52995,1056
1769538600,52995,53030,52985,52995,1157
1769539500,52990,53035,52985,53020,1044
1769540400,53020,53055,53005,53050,835
1769541300,53050,53070,53040,53045,1045
1769542200,53045,53055,53015,53020,901
1769543100,53020,53050,53015,53045,1236
1769544000,53035,53080,53015,53070,968
1769544900,53075,53080,53015,53030,1052
1769545800,53025,53035,53000,53005,1292
1769546700,53000,53000,52840,52850,3444
1769547600,52830,52830,52830,52830,744
1769557500,53000,53075,52920,52975,16674
1769558400,52980,53100,52845,52945,31419
1769559300,52950,52990,52875,52930,16133
1769560200,52930,52955,52870,52885,10705
1769561100,52890,53030,52810,53010,14944
1769562000,53010,53125,52975,53100,12662
1769562900,53100,53160,53060,53130,9275
1769563800,53130,53145,53045,53050,8017
1769564700,53050,53055,52945,53015,7816
1769565600,53015,53180,53000,53090,9383
1769566500,53085,53090,53030,53045,5504
1769567400,53040,53065,53015,53040,2388
1769568300,53035,53080,53015,53070,1891
1769569200,53065,53085,53035,53055,2030
1769570100,53050,53095,53035,53045,2786
1769571000,53045,53205,53045,53085,12748
1769571900,53080,53105,52960,53005,9713
1769572800,53005,53080,53000,53040,4663
1769573700,53040,53140,53040,53125,5425
1769574600,53125,53135,53065,53085,4077
1769575500,53080,53085,53010,53020,3436
1769576400,53020,53100,53015,53070,4801
1769577300,53075,53125,53025,53095,4611
1769578200,53090,53165,53075,53165,5609
1769579100,53165,53195,53095,53100,6310
1769580000,53100,53545,53100,53315,43339
1769580900,53315,53415,53275,53380,12019
1769581800,53375,53825,53355,53645,32542
1769582700,53690,53690,53690,53690,3125
1769587200,53800,53820,53675,53730,16311
1769588100,53730,53760,53575,53615,7624
1769589000,53610,53665,53595,53595,4033
1769589900,53590,53590,53530,53540,4258
1769590800,53540,53590,53520,53525,4274
1769591700,53525,53540,53440,53460,3989
1769592600,53465,53550,53465,53525,2905
1769593500,53520,53520,53445,53470,3040
1769594400,53470,53490,53440,53470,2602
1769595300,53470,53480,53430,53465,1833
1769596200,53460,53465,53390,53435,3791
1769597100,53435,53450,53390,53430,2043
1769598000,53425,53450,53380,53395,2375
1769598900,53400,53405,53340,53380,3504
1769599800,53380,53410,53365,53380,1904
1769600700,53380,53400,53350,53360,2210
1769601600,53360,53395,53270,53290,7327
1769602500,53295,53315,53200,53245,5611
1769603400,53250,53265,53210,53240,3683
1769604300,53240,53270,53215,53230,3535
1769605200,53230,53320,53220,53230,4240
1769606100,53230,53260,53190,53220,2902
1769607000,53225,53290,53220,53235,2247
1769607900,53235,53270,53225,53255,2017
1769608800,53255,53480,53250,53350,13846
1769609700,53355,53510,53350,53460,8159
1769610600,53460,53475,53320,53440,8677
1769611500,53445,53495,53355,53430,6860
1769612400,53425,53620,53385,53510,13459
1769613300,53515,53650,53505,53560,6126
1769614200,53560,53605,53460,53465,5092
1769615100,53465,53560,53465,53505,3476
1769616000,53510,53650,53505,53650,3793
1769616900,53645,53685,53630,53665,4347
1769617800,53660,53660,53555,53575,3189
1769618700,53575,53600,53545,53560,1720
1769619600,53555,53645,53530,53645,2020
1769620500,53650,53680,53630,53635,1910
1769621400,53640,53675,53625,53665,2014
1769622300,53660,53700,53655,53665,1529
1769623200,53660,53715,53650,53690,1358
1769624100,53690,53730,53690,53720,1354
1769625000,53715,53730,53685,53710,921
1769625900,53710,53740,53685,53700,973
1769626800,53695,53805,53665,53760,4157
1769627700,53760,53780,53710,53720,1399
1769628600,53720,53780,53675,53725,2661
1769629500,53730,53805,53725,53740,1569
1769630400,53745,53835,53740,53810,1717
1769631300,53805,53810,53750,53765,1009
1769632200,53765,53810,53735,53785,1784
1769633100,53785,53800,53750,53770,1367
1769634000,53705,53705,53705,53705,752
1769643900,53845,54130,53835,54030,23485
1769644800,54030,54085,53585,53690,53106
1769645700,53685,53755,53525,53610,31298
1769646600,53610,53630,53370,53420,24999
1769647500,53420,53510,53255,53500,20921
1769648400,53500,53540,53425,53455,12288
1769649300,53455,53530,53245,53345,17502
1769650200,53345,53350,53125,53210,24698
1769651100,53205,53335,53195,53325,9975
1769652000,53330,53430,53300,53335,9814
1769652900,53335,53370,53190,53305,10128
1769653800,53305,53330,53225,53225,4030
1769654700,53220,53280,53140,53190,8742
1769655600,53195,53280,53195,53280,3900
1769656500,53275,53350,53275,53315,4003
1769657400,53315,53420,53315,53375,13914
1769658300,53370,53410,53320,53405,6818
1769659200,53405,53435,53330,53395,10367
1769660100,53395,53520,53370,53510,9488
1769661000,53505,53515,53420,53445,4436
1769661900,53445,53470,53410,53455,3805
1769662800,53455,53485,53365,53390,5587
1769663700,53390,53505,53385,53495,4791
1769664600,53500,53570,53495,53550,9109
1769665500,53550,53550,53490,53545,5565
1769666400,53550,53575,53510,53530,5766
1769667300,53535,53540,53375,53405,9609
1769668200,53405,53450,53350,53400,7811
1769669100,53315,53315,53315,53315,2186
1769673600,53435,53540,53350,53500,8831
1769674500,53505,53535,53445,53505,3595
1769675400,53505,53515,53440,53455,2530
1769676300,53455,53470,53390,53425,3403
1769677200,53425,53470,53405,53425,3490
1769678100,53425,53515,53415,53475,3615
1769679000,53475,53490,53425,53470,1431
1769679900,53465,53470,53340,53350,2890
1769680800,53345,53375,53325,53340,4600
1769681700,53345,53415,53340,53405,2408
1769682600,53405,53415,53385,53390,1761
1769683500,53390,53410,53345,53355,2280
1769684400,53360,53395,53345,53385,3569
1769685300,53385,53395,53360,53380,1401
1769686200,53380,53400,53365,53385,1950
1769687100,53390,53420,53375,53410,2499
1769688000,53410,53440,53400,53420,2060
1769688900,53415,53445,53410,53425,1400
1769689800,53425,53430,53360,53375,2190
1769690700,53375,53395,53310,53355,3725
1769691600,53355,53425,53350,53420,2029
1769692500,53415,53420,53375,53405,2165
1769693400,53410,53475,53405,53470,3715
1769694300,53470,53500,53450,53495,2746
1769695200,53495,53500,53440,53465,2860
1769696100,53465,53495,53465,53470,1836
1769697000,53465,53515,53430,53430,10228
1769697900,53435,53440,53075,53085,16423
1769698800,53085,53115,52715,52720,28196
1769699700,52720,52840,52625,52650,19203
1769700600,52650,52740,52475,52490,17223
1769701500,52495,52560,52390,52450,17043
1769702400,52450,52650,52395,52640,12435
1769703300,52635,52725,52620,52665,10273
1769704200,52660,52745,52650,52695,5823
1769705100,52700,52740,52665,52690,5285
1769706000,52695,52890,52690,52875,5776
1769706900,52875,52925,52855,52915,3934
1769707800,52905,53010,52895,52950,3896
1769708700,52945,52945,52800,52840,3453
1769709600,52840,53010,52830,53000,4226
1769710500,52995,53015,52940,53000,3167
1769711400,53000,53055,52960,53030,2845
1769712300,53025,53040,52995,53000,2043
1769713200,52995,53125,52975,53120,1887
1769714100,53120,53135,53080,53115,1787
1769715000,53120,53130,53045,53100,1301
1769715900,53100,53105,53030,53030,1000
1769716800,53035,53120,53025,53100,1084
1769717700,53095,53120,53060,53080,924
1769718600,53075,53200,53070,53200,1873
1769719500,53200,53235,53185,53220,2579
1769720400,53295,53295,53295,53295,793
1769730300,53150,53305,53140,53285,14681
1769731200,53285,53455,53210,53240,29147
1769732100,53240,53390,53230,53325,13139
1769733000,53320,53525,53310,53480,17148
1769733900,53485,53615,53425,53520,13258
1769734800,53525,53605,53495,53515,9281
1769735700,53515,53545,53420,53435,8170
1769736600,53435,53455,53190,53245,13226
1769737500,53250,53250,53125,53205,13337
1769738400,53200,53250,53145,53165,8525
1769739300,53165,53175,52970,52970,19068
1769740200,52965,53065,52915,53050,11009
1769741100,53045,53180,53030,53165,6754
1769742000,53170,53240,53155,53205,6219
1769742900,53210,53235,53170,53195,4657
1769743800,53200,53270,53165,53220,10169
1769744700,53225,53280,53200,53240,8658
1769745600,53240,53390,53230,53360,7786
1769746500,53365,53420,53335,53415,5955
1769747400,53415,53440,53395,53420,5522
1769748300,53425,53470,53395,53460,6551
1769749200,53455,53530,53450,53485,7801
1769750100,53480,53505,53435,53500,6307
1769751000,53500,53515,53465,53500,5686
1769751900,53495,53525,53450,53450,6091
1769752800,53450,53475,53370,53450,9948
1769753700,53450,53450,53290,53315,14160
1769754600,53310,53455,53310,53425,9883
1769755500,53390,53390,53390,53390,1574
1769760000,53200,53215,53075,53195,12993
1769760900,53200,53285,53160,53235,8725
1769761800,53235,53235,53080,53210,7271
1769762700,53210,53340,53180,53325,7051
1769763600,53330,53360,53210,53215,4791
1769764500,53215,53275,53175,53235,3885
1769765400,53240,53260,53165,53210,3232
1769766300,53215,53230,53105,53155,6926
1769767200,53155,53235,53150,53190,3808
1769768100,53185,53200,53130,53170,3601
1769769000,53170,53295,53170,53280,3876
1769769900,53285,53305,53230,53260,3199
1769770800,53265,53360,53260,53350,4129
1769771700,53350,53420,53335,53420,4528
1769772600,53415,53505,53410,53485,5506
1769773500,53490,53630,53440,53615,8254
1769774400,53615,53665,53580,53595,5870
1769775300,53590,53615,53530,53565,4143
1769776200,53565,53590,53510,53510,3502
1769777100,53510,53550,53475,53510,4541
1769778000,53510,53595,53500,53575,3791
1769778900,53575,53575,53495,53540,2650
1769779800,53535,53565,53405,53565,6825
1769780700,53570,53575,53505,53530,3140
1769781600,53530,53640,53510,53620,4392
1769782500,53620,53645,53585,53610,2966
1769783400,53610,53785,53595,53730,14801
1769784300,53735,53805,53560,53590,10680
1769785200,53595,53770,53580,53715,9381
1769786100,53710,53745,53600,53610,6505
1769787000,53605,53765,53585,53735,7651
1769787900,53735,53770,53520,53540,8165
1769788800,53535,53570,53475,53525,6310
1769789700,53520,53520,53405,53495,7162
1769790600,53500,53605,53470,53555,5935
1769791500,53555,53560,53455,53485,4413
1769792400,53475,53500,53330,53350,5848
1769793300,53350,53550,53330,53530,4837
1769794200,53535,53570,53410,53475,4335
1769795100,53475,53545,53415,53420,4823
1769796000,53420,53500,53395,53405,3563
1769796900,53400,53405,53140,53395,8454
1769797800,53400,53420,53240,53335,4954
1769798700,53335,53515,53330,53470,5832
1769799600,53475,53515,53430,53495,3538
1769800500,53495,53520,53445,53445,2242
1769801400,53440,53510,53390,53470,2297
1769802300,53475,53560,53430,53435,2645
1769803200,53435,53475,53395,53425,2753
1769804100,53420,53435,53370,53375,2713
1769805000,53380,53430,53355,53400,1686
1769805900,53395,53515,53395,53425,2183
1769806800,53465,53465,53465,53465,707
1769989500,53685,53720,53500,53645,19763
1769990400,53640,53735,53325,53730,37055
1769991300,53730,54190,53710,54140,42015
1769992200,54140,54230,54000,54120,23332
1769993100,54125,54195,54070,54150,13996
1769994000,54155,54275,53980,53990,18349
1769994900,53985,54065,53915,53920,12600
1769995800,53920,53930,53620,53650,23787
1769996700,53645,53675,53465,53505,29254
1769997600,53500,53555,53385,53500,18884
1769998500,53500,53540,53370,53440,15953
1769999400,53435,53495,53345,53465,9092
1770000300,53465,53480,53220,53260,10976
1770001200,53260,53325,53200,53240,6654
1770002100,53240,53290,53215,53235,6211
1770003000,53235,53250,52975,52995,26542
1770003900,52995,53060,52865,52900,23133
1770004800,52900,52955,52720,52795,27706
1770005700,52790,53055,52785,53015,21317
1770006600,53010,53105,52965,53090,15497
1770007500,53085,53115,53000,53005,8869
1770008400,53005,53040,52845,52900,14610
1770009300,52900,52935,52790,52800,10878
1770010200,52805,52855,52755,52755,12722
1770011100,52755,52845,52680,52790,14007
1770012000,52785,52855,52775,52795,12182
1770012900,52800,52815,52685,52750,14636
1770013800,52745,52750,52585,52635,15468
1770014700,52630,52630,52630,52630,2335
1770019200,52895,53135,52890,53080,18708
1770020100,53085,53130,53040,53080,8364
1770021000,53085,53215,53070,53210,7931
1770021900,53210,53235,53180,53190,4014
1770022800,53190,53200,53055,53110,6277
1770023700,53115,53225,53070,53200,5238
1770024600,53195,53235,53180,53185,3840
1770025500,53185,53235,53175,53205,3418
1770026400,53205,53265,53195,53220,4848
1770027300,53220,53265,53205,53240,2665
1770028200,53240,53265,53155,53160,3503
1770029100,53160,53200,53135,53165,2927
1770030000,53165,53245,53135,53240,3672
1770030900,53240,53245,53175,53240,2920
1770031800,53235,53300,53220,53290,3661
1770032700,53290,53310,53240,53240,2643
1770033600,53240,53295,53240,53280,2137
1770034500,53275,53325,53275,53305,2811
1770035400,53300,53315,53275,53305,1719
1770036300,53310,53325,53245,53265,2297
1770037200,53265,53305,53205,53285,3270
1770038100,53290,53295,53230,53255,1875
1770039000,53255,53320,53235,53320,3300
1770039900,53320,53385,53315,53360,3856
1770040800,53365,53385,53325,53365,3410
1770041700,53365,53375,53340,53350,1357
1770042600,53350,53570,53340,53525,17112
1770043500,53530,53605,53505,53545,7387
1770044400,53550,53770,53540,53760,11168
1770045300,53760,53830,53715,53760,8979
1770046200,53760,53845,53735,53800,5163
1770047100,53800,53805,53720,53760,4153
1770048000,53760,53810,53715,53795,2806
1770048900,53800,53865,53790,53850,3522
1770049800,53850,53860,53820,53855,2265
1770050700,53860,53900,53830,53885,2247
1770051600,53880,53955,53870,53930,2755
1770052500,53930,53940,53905,53930,1517
1770053400,53935,53990,53920,53955,1723
1770054300,53955,53975,53935,53960,1083
1770055200,53960,53970,53920,53930,1415
1770056100,53935,53940,53865,53875,3124
1770057000,53880,53930,53880,53920,884
1770057900,53920,53955,53920,53945,735
1770058800,53940,53965,53925,53925,975
1770059700,53920,53940,53920,53935,655
1770060600,53935,53935,53880,53905,1160
1770061500,53910,53935,53825,53830,1486
1770062400,53825,53910,53795,53865,2322
1770063300,53860,53895,53850,53875,1227
1770064200,53875,53875,53830,53850,1419
1770065100,53850,53915,53840,53910,2105
1770066000,53930,53930,53930,53930,1089
1770075900,53900,54080,53885,54015,16078
1770076800,54020,54085,53825,53910,38747
1770077700,53910,54040,53905,54005,17917
1770078600,54005,54125,53975,54075,16399
1770079500,54080,54085,53945,54050,12325
1770080400,54050,54200,53990,54190,14610
1770081300,54185,54330,54165,54315,14642
1770082200,54310,54395,54280,54380,10583
1770083100,54385,54395,54305,54365,10223
1770084000,54375,54380,54145,54175,12477
1770084900,54180,54350,54165,54245,10099
1770085800,54240,54305,54230,54235,4502
1770086700,54235,54330,54195,54330,5156
1770087600,54325,54380,54310,54345,4541
1770088500,54345,54385,54330,54355,3859
1770089400,54355,54420,54315,54400,12462
1770090300,54400,54550,54385,54540,14864
1770091200,54540,54645,54530,54580,17698
1770092100,54585,54630,54580,54625,5539
1770093000,54625,54775,54620,54740,15981
1770093900,54735,54815,54715,54805,9123
1770094800,54805,54825,54695,54745,12560
1770095700,54745,54775,54705,54765,7371
1770096600,54760,54800,54720,54765,7033
1770097500,54760,54815,54735,54760,9302
1770098400,54760,54780,54710,54760,10316
1770099300,54760,54835,54725,54815,14447
1770100200,54815,54815,54655,54695,14903
1770101100,54620,54620,54620,54620,2710
1770105600,54680,54700,54535,54665,11151
1770106500,54670,54740,54630,54635,5576
1770107400,54635,54650,54565,54605,5487
1770108300,54600,54605,54500,54505,6679
1770109200,54510,54600,54490,54495,6251
1770110100,54495,54535,54445,54445,5032
1770111000,54450,54500,54435,54495,2840
1770111900,54495,54555,54480,54510,3677
1770112800,54510,54595,54510,54545,3200
1770113700,54545,54555,54515,54545,1560
1770114600,54540,54545,54410,54435,3685
1770115500,54430,54470,54425,54435,2696
1770116400,54435,54445,54395,54435,2606
1770117300,54430,54430,54360,54385,3614
1770118200,54385,54385,54330,54380,3853
1770119100,54385,54415,54350,54395,3273
1770120000,54395,54405,54335,54405,3388
1770120900,54405,54430,54370,54420,2767
1770121800,54425,54475,54425,54470,3992
1770122700,54470,54495,54455,54485,3862
1770123600,54490,54510,54440,54475,4521
1770124500,54475,54490,54420,54470,2529
1770125400,54470,54475,54445,54455,1668
1770126300,54455,54455,54370,54415,3732
1770127200,54415,54420,54310,54315,4640
1770128100,54315,54335,54255,54285,5457
1770129000,54285,54325,54180,54245,12661
1770129900,54245,54340,54030,54035,12931
1770130800,54035,54125,53980,54045,15472
1770131700,54045,54145,54005,54085,9022
1770132600,54080,54120,54015,54025,5195
1770133500,54020,54175,53985,54135,5848
1770134400,54135,54140,54030,54065,3504
1770135300,54065,54090,53980,53985,3505
1770136200,53990,54065,53925,54015,5721
1770137100,54015,54065,53960,53970,3734
1770138000,53965,53995,53715,53760,9733
1770138900,53755,53875,53730,53805,5545
1770139800,53800,53815,53695,53710,4203
1770140700,53705,53860,53700,53770,4839
1770141600,53770,53845,53655,53665,4420
1770142500,53660,53725,53645,53695,3834
1770143400,53690,53705,53610,53625,3096
1770144300,53625,53655,53560,53565,3524
1770145200,53565,53750,53510,53740,6687
1770146100,53740,53775,53595,53660,7059
1770147000,53660,53715,53615,53665,3757
1770147900,53665,53750,53595,53735,4101
1770148800,53730,53750,53670,53720,2737
1770149700,53720,53765,53680,53750,2608
1770150600,53760,53925,53755,53910,4519
1770151500,53910,54080,53900,54065,3931
1770152400,54090,54090,54090,54090,671
1770162300,54030,54125,53900,54120,19406
1770163200,54125,54215,53985,54110,32214
1770164100,54110,54205,53990,54095,17386
1770165000,54095,54225,54070,54160,11162
1770165900,54160,54200,54030,54060,13427
1770166800,54060,54335,54060,54325,13557
1770167700,54325,54415,54300,54340,11174
1770168600,54335,54435,54330,54340,8887
1770169500,54340,54425,54300,54410,8238
1770170400,54410,54495,54405,54455,8217
1770171300,54460,54495,54385,54425,7660
1770172200,54425,54450,54360,54405,4002
1770173100,54400,54420,54365,54405,2739
1770174000,54410,54420,54360,54410,2738
1770174900,54410,54445,54380,54420,4121
1770175800,54420,54470,54380,54420,9008
1770176700,54415,54415,54280,54375,10614
1770177600,54375,54405,54320,54370,7043
1770178500,54365,54375,54285,54310,5352
1770179400,54310,54330,54250,54285,7108
1770180300,54285,54295,54205,54230,6925
1770181200,54230,54255,54200,54230,6458
1770182100,54230,54350,54230,54325,7481
1770183000,54320,54360,54285,54360,5524
1770183900,54360,54400,54350,54390,6180
1770184800,54395,54455,54380,54450,7567
1770185700,54450,54455,54310,54360,12070
1770186600,54365,54415,54330,54405,12796
1770187500,54515,54515,54515,54515,3867
1770192000,54535,54670,54510,54630,13038
1770192900,54630,54640,54500,54530,5537
1770193800,54525,54595,54475,54590,4649
1770194700,54595,54600,54540,54575,3470
1770195600,54575,54625,54550,54555,3721
1770196500,54555,54575,54435,54505,4903
1770197400,54505,54545,54460,54495,3668
1770198300,54500,54635,54500,54630,4496
1770199200,54625,54680,54615,54655,3788
1770200100,54650,54715,54645,54710,3914
1770201000,54705,54750,54690,54695,4628
1770201900,54695,54730,54670,54705,2729
1770202800,54710,54720,54655,54680,2347
1770203700,54685,54720,54665,54710,1805
1770204600,54710,54760,54690,54720,2331
1770205500,54720,54800,54720,54775,3801
1770206400,54775,54810,54735,54770,3566
1770207300,54770,54800,54765,54785,2184
1770208200,54785,54790,54725,54750,3421
1770209100,54750,54790,54745,54770,2057
1770210000,54775,54820,54740,54760,3960
1770210900,54760,54800,54755,54790,2227
1770211800,54790,54880,54770,54830,6882
1770212700,54830,54830,54760,54765,4146
1770213600,54760,54790,54715,54785,4728
1770214500,54785,54885,54775,54850,4790
1770215400,54850,54995,54755,54950,17585
1770216300,54950,55020,54765,54795,13279
1770217200,54780,55060,54665,55015,18363
1770218100,55010,55120,54970,55030,12844
1770219000,55035,55060,54770,54970,18634
1770219900,54970,55000,54800,54845,12539
1770220800,54845,54890,54645,54760,9416
1770221700,54760,54790,54590,54740,8278
1770222600,54740,54755,54485,54500,7434
1770223500,54500,54610,54385,54600,9072
1770224400,54590,54625,54495,54605,4890
1770225300,54605,54620,54245,54250,8403
1770226200,54250,54355,54160,54250,8943
1770227100,54250,54350,54160,54335,4824
1770228000,54330,54345,54190,54225,4447
1770228900,54225,54445,54175,54435,5464
1770229800,54440,54440,54265,54345,4971
1770230700,54340,54435,54240,54370,3377
1770231600,54380,54390,54260,54320,3057
1770232500,54315,54425,54315,54405,2662
1770233400,54405,54590,54405,54550,3732
1770234300,54555,54705,54545,54660,6395
1770235200,54655,54675,54560,54620,3059
1770236100,54620,54630,54565,54580,1840
1770237000,54585,54660,54575,54625,1681
1770237900,54625,54660,54585,54610,1592
1770238800,54505,54505,54505,54505,1055
1770248700,54580,54605,54300,54355,18216
1770249600,54355,54355,54055,54155,36953
1770250500,54155,54375,54150,54360,15032
1770251400,54360,54505,54340,54445,12165
1770252300,54450,54465,54360,54415,8944
1770253200,54415,54450,54375,54380,6706
1770254100,54385,54400,54205,54305,11399
1770255000,54305,54350,54265,54325,7345
1770255900,54325,54325,54200,54220,7196
1770256800,54220,54230,53885,53890,19683
1770257700,53895,54005,53780,53990,19741
1770258600,53990,54095,53930,54000,9763
1770259500,54000,54010,53750,53790,9626
1770260400,53795,53895,53755,53865,8211
1770261300,53865,53980,53820,53950,7091
1770262200,53955,53960,53765,53865,12106
1770263100,53860,53870,53690,53700,10278
1770264000,53705,53825,53705,53775,8287
1770264900,53780,53800,53720,53775,4880
1770265800,53775,53905,53760,53900,8301
1770266700,53895,53940,53860,53895,6214
1770267600,53900,53915,53785,53800,6805
1770268500,53800,53870,53735,53850,6217
1770269400,53850,53905,53810,53865,6011
1770270300,53865,53895,53810,53830,6742
1770271200,53830,53975,53830,53955,7879
1770272100,53955,53975,53870,53930,9524
1770273000,53930,53975,53825,53920,10951
1770273900,53990,53990,53990,53990,2866
1770278400,54130,54275,54100,54245,13520
1770279300,54240,54285,54145,54195,5544
1770280200,54190,54245,54140,54190,4611
1770281100,54180,54200,54045,54105,8246
1770282000,54105,54150,54040,54080,4911
1770282900,54080,54255,54045,54240,4672
1770283800,54240,54295,54140,54160,4786
1770284700,54160,54220,54130,54205,2481
1770285600,54205,54260,54140,54255,3122
1770286500,54255,54275,54230,54260,2950
1770287400,54260,54270,54180,54180,3131
1770288300,54190,54245,54185,54230,1481
1770289200,54225,54270,54205,54260,1856
1770290100,54260,54330,54255,54290,4290
1770291000,54290,54300,54215,54275,2909
1770291900,54280,54315,54275,54290,2020
1770292800,54285,54355,54265,54330,3831
1770293700,54330,54345,54045,54075,8539
1770294600,54070,54080,53835,53900,14542
1770295500,53895,53915,53755,53875,10896
1770296400,53875,54040,53850,53950,9500
1770297300,53950,53985,53890,53940,3962
1770298200,53940,54045,53865,53925,6807
1770299100,53925,53950,53815,53840,4792
1770300000,53845,53960,53785,53845,7433
1770300900,53845,53915,53775,53895,4771
1770301800,53890,54260,53750,54250,20913
1770302700,54250,54320,54110,54130,17247
1770303600,54130,54215,53795,53805,18091
1770304500,53805,53975,53805,53860,12781
1770305400,53860,53960,53765,53920,10913
1770306300,53920,53945,53790,53890,8452
1770307200,53895,53900,53730,53740,6553
1770308100,53740,54130,53725,54115,10949
1770309000,54120,54210,54085,54130,7640
1770309900,54130,54235,54055,54205,6903
1770310800,54210,54210,54020,54070,4334
1770311700,54070,54230,53975,54210,5184
1770312600,54210,54265,54125,54215,5817
1770313500,54220,54310,54110,54130,5596
1770314400,54130,54215,54075,54120,3030
1770315300,54120,54140,54015,54070,2544
1770316200,54065,54115,53990,54050,2194
1770317100,54050,54065,53945,54000,2805
1770318000,54000,54195,53990,54185,2267
1770318900,54185,54230,54145,54160,2120
1770319800,54150,54150,54020,54040,2242
1770320700,54040,54070,54000,54050,1455
1770321600,54055,54210,54025,54130,1940
1770322500,54125,54130,53955,53970,2056
1770323400,53970,54030,53935,53960,1952
1770324300,53955,53970,53840,53905,2081
1770325200,53900,53900,53900,53900,850
1770335100,53615,53620,53245,53345,27319
1770336000,53350,53380,53040,53105,40727
1770336900,53110,53440,52965,53400,28457
1770337800,53400,53560,53395,53490,16592
1770338700,53495,53570,53395,53560,11892
1770339600,53555,53635,53395,53425,15656
1770340500,53425,53475,53300,53370,11093
1770341400,53375,53580,53365,53575,10019
1770342300,53580,53780,53560,53765,13749
1770343200,53765,54010,53765,54005,16815
1770344100,54005,54085,53960,54080,13084
1770345000,54075,54120,54020,54095,8873
1770345900,54095,54120,54035,54110,5365
1770346800,54105,54200,54065,54160,6700
1770347700,54160,54265,54130,54215,9116
1770348600,54220,54280,53875,53915,22200
1770349500,53920,54175,53910,54165,12109
1770350400,54160,54165,54095,54140,7003
1770351300,54140,54170,54065,54095,6341
1770352200,54095,54115,53945,53995,9061
1770353100,53990,54020,53905,53955,9720
1770354000,53960,54070,53910,54030,10663
1770354900,54030,54075,54000,54060,6594
1770355800,54060,54175,54045,54135,9820
1770356700,54135,54210,54110,54170,8118
1770357600,54170,54255,54165,54225,11837
1770358500,54225,54305,54175,54295,15325
1770359400,54295,54360,54260,54305,12921
1770360300,54410,54410,54410,54410,3076
1770364800,54330,54455,54235,54420,12774
1770365700,54420,54520,54375,54465,7369
1770366600,54465,54615,54455,54550,9315
1770367500,54545,54890,54470,54890,16843
1770368400,54885,54965,54820,54955,11137
1770369300,54955,55045,54860,55020,12282
1770370200,55015,55270,55010,55255,14686
1770371100,55255,55280,55165,55250,8491
1770372000,55250,55315,55135,55155,8407
1770372900,55155,55235,55145,55185,4599
1770373800,55185,55250,55165,55195,3234
1770374700,55195,55235,55180,55190,3955
1770375600,55185,55345,55180,55335,6299
1770376500,55330,55350,55270,55270,4582
1770377400,55270,55370,55265,55335,4434
1770378300,55335,55390,55315,55365,4966
1770379200,55365,55520,55330,55335,14442
1770380100,55335,55405,55295,55355,4602
1770381000,55355,55395,55335,55350,2973
1770381900,55350,55405,55315,55370,3211
1770382800,55365,55510,55360,55470,6625
1770383700,55470,55505,55410,55475,4063
1770384600,55480,55560,55410,55505,7251
1770385500,55505,55540,55475,55520,5188
1770386400,55520,55525,55470,55525,3939
1770387300,55525,55575,55475,55510,5378
1770388200,55505,55850,55450,55845,20694
1770389100,55845,55965,55770,55840,14191
1770390000,55840,55930,55730,55795,14860
1770390900,55795,55980,55765,55965,12268
1770391800,55960,56010,55925,55960,9481
1770392700,55960,56000,55840,55955,7034
1770393600,55955,56155,55930,56100,10632
1770394500,56105,56175,56035,56055,8441
1770395400,56055,56180,56025,56135,7186
1770396300,56135,56165,56065,56110,6331
1770397200,56110,56225,56100,56200,5049
1770398100,56200,56225,56165,56180,2592
1770399000,56180,56210,56130,56190,2469
1770399900,56190,56295,56185,56265,3578
1770400800,56265,56305,56260,56270,2502
1770401700,56270,56325,56245,56290,2750
1770402600,56290,56340,56285,56315,1914
1770403500,56315,56335,56290,56290,1352
1770404400,56290,56315,56265,56275,1820
1770405300,56275,56290,56250,56275,1710
1770406200,56275,56290,56250,56280,1642
1770407100,56280,56320,56260,56275,2038
1770408000,56275,56320,56265,56295,1465
1770408900,56300,56335,56290,56310,1815
1770409800,56310,56355,56295,56345,2588
1770410700,56350,56430,56325,56430,3364
1770411600,56505,56505,56505,56505,2894
1770594300,58000,58000,57585,57590,53454
1770595200,57585,57630,57010,57040,81992
1770596100,57040,57395,56830,56940,55077
1770597000,56940,57185,56840,57050,29023
1770597900,57045,57200,56950,57160,23058
1770598800,57160,57250,56980,57040,21045
1770599700,57035,57100,56915,56945,20216
1770600600,56945,57010,56635,56730,26014
1770601500,56730,56795,56645,56730,18381
1770602400,56725,56890,56675,56795,16566
1770603300,56795,56805,56670,56705,11366
1770604200,56705,56865,56705,56795,6762
1770605100,56795,56855,56705,56755,6023
1770606000,56755,56850,56750,56790,5882
1770606900,56790,56855,56745,56750,6553
1770607800,56750,56750,56545,56690,24006
1770608700,56695,56700,56500,56525,11980
1770609600,56525,56690,56525,56620,11078
1770610500,56620,56655,56505,56540,8238
1770611400,56540,56585,56505,56545,7050
1770612300,56545,56630,56480,56595,8834
1770613200,56590,56610,56490,56570,11199
1770614100,56575,56730,56575,56695,12683
1770615000,56695,56775,56640,56675,13118
1770615900,56675,56820,56665,56765,11618
1770616800,56765,56765,56475,56605,27788
1770617700,56600,56600,56370,56485,23059
1770618600,56485,56620,56405,56525,21077
1770619500,56135,56135,56135,56135,4712
1770624000,56295,56615,56265,56575,18862
1770624900,56570,56615,56510,56565,8651
1770625800,56565,56585,56470,56505,7398
1770626700,56510,56600,56480,56505,3469
1770627600,56505,56710,56490,56565,9156
1770628500,56560,56595,56510,56540,4619
1770629400,56540,56595,56505,56560,3174
1770630300,56560,56565,56420,56460,4804
1770631200,56465,56515,56385,56490,4572
1770632100,56485,56490,56275,56285,6047
1770633000,56290,56310,56080,56195,11827
1770633900,56195,56350,56160,56340,8448
1770634800,56345,56415,56295,56295,5496
1770635700,56295,56330,56210,56290,4603
1770636600,56290,56310,56230,56245,2925
1770637500,56240,56255,56160,56180,3819
1770638400,56180,56355,56115,56305,5367
1770639300,56300,56325,56225,56305,2689
1770640200,56305,56380,56290,56345,2937
1770641100,56345,56435,56340,56435,4139
1770642000,56435,56515,56400,56485,5808
1770642900,56480,56490,56365,56390,4714
1770643800,56390,56405,56350,56375,2536
1770644700,56375,56395,56305,56335,2673
1770645600,56335,56355,56230,56305,4197
1770646500,56300,56310,56155,56160,4553
1770647400,56155,56430,56080,56420,12466
1770648300,56415,56535,56325,56475,9902
1770649200,56475,56600,56465,56595,6820
1770650100,56600,56725,56585,56660,8798
1770651000,56660,56775,56660,56760,6883
1770651900,56765,56940,56740,56910,10054
1770652800,56920,56980,56890,56950,4993
1770653700,56945,57015,56930,57010,3594
1770654600,57010,57025,56950,56985,4046
1770655500,56985,57025,56985,57000,3716
1770656400,57005,57045,56995,57025,2883
1770657300,57025,57060,57000,57025,2397
1770658200,57025,57065,57010,57030,1916
1770659100,57030,57040,57005,57015,1146
1770660000,57020,57090,57010,57070,1934
1770660900,57070,57090,56955,57080,3694
1770661800,57085,57120,57050,57110,2289
1770662700,57110,57115,57065,57080,1276
1770663600,57085,57115,57070,57115,1325
1770664500,57120,57225,57115,57220,3033
1770665400,57220,57275,57210,57230,2827
1770666300,57230,57250,57215,57240,916
1770667200,57240,57255,57225,57230,1122
1770668100,57230,57270,57170,57195,2671
1770669000,57190,57250,57140,57245,2242
1770669900,57245,57260,57190,57215,1389
1770670800,57195,57195,57195,57195,700
1770680700,57000,57230,56960,57080,20320
1770681600,57075,57355,57060,57265,34216
1770682500,57265,57380,57195,57240,19288
1770683400,57245,57420,57235,57370,13787
1770684300,57370,57600,57365,57560,16834
1770685200,57565,57725,57525,57700,16156
1770686100,57705,57965,57700,57940,23648
1770687000,57940,58000,57745,57785,22098
1770687900,57790,57815,57685,57810,13794
1770688800,57810,57820,57695,57810,8499
1770689700,57815,57980,57790,57975,11544
1770690600,57975,58040,57830,57935,16218
1770691500,57935,58000,57920,57965,4694
1770692400,57965,57980,57895,57910,5376
1770693300,57905,57910,57795,57845,6867
1770694200,57845,57860,57685,57705,13117
1770695100,57710,57845,57705,57765,8690
1770696000,57760,57770,57655,57665,9174
1770696900,57670,57690,57590,57605,7879
1770697800,57610,57695,57575,57690,8019
1770698700,57690,57765,57685,57725,8396
1770699600,57725,57780,57700,57755,7015
1770700500,57750,57785,57650,57685,8222
1770701400,57685,57840,57635,57735,10027
1770702300,57735,57800,57690,57730,8618
1770703200,57730,57745,57675,57715,10344
1770704100,57715,57720,57615,57655,10027
1770705000,57655,57725,57525,57535,12342
1770705900,57600,57600,57600,57600,2605
1770710400,57730,57995,57730,57930,14909
1770711300,57930,57955,57830,57930,8520
1770712200,57925,58065,57880,58025,12231
1770713100,58015,58240,58010,58225,15439
1770714000,58225,58380,58185,58375,11767
1770714900,58380,58485,58380,58435,12122
1770715800,58435,58450,58325,58395,8085
1770716700,58395,58395,58115,58180,12606
1770717600,58180,58305,58075,58295,8902
1770718500,58295,58305,58185,58195,5846
1770719400,58195,58210,58130,58155,4981
1770720300,58150,58235,58135,58150,3944
1770721200,58150,58160,57990,58030,8423
1770722100,58030,58180,58025,58110,5435
1770723000,58110,58155,58105,58130,1829
1770723900,58130,58140,58060,58135,2725
1770724800,58135,58210,57965,57995,7027
1770725700,57995,58025,57905,57970,8230
1770726600,57970,58015,57765,57840,11245
1770727500,57835,57915,57730,57770,10715
1770728400,57770,57835,57705,57780,8458
1770729300,57780,57940,57740,57915,7622
1770730200,57920,57920,57755,57830,9526
1770731100,57830,57895,57775,57845,3453
1770732000,57845,57910,57820,57905,3124
1770732900,57905,57915,57830,57865,2761
1770733800,57860,57935,57535,57675,17615
1770734700,57675,58135,57650,58090,17776
1770735600,58090,58105,57875,57970,9847
1770736500,57960,58035,57875,57955,6292
1770737400,57955,58035,57845,57920,5910
1770738300,57910,57980,57820,57890,5639
1770739200,57885,57945,57820,57855,4457
1770740100,57850,57940,57775,57875,5080
1770741000,57870,57940,57855,57875,3817
1770741900,57880,57990,57870,57980,2940
1770742800,57980,58075,57940,58065,3726
1770743700,58065,58090,58030,58075,2043
1770744600,58075,58160,58060,58150,3342
1770745500,58145,58185,58125,58150,2236
1770746400,58150,58155,58065,58065,2827
1770747300,58065,58110,57975,57985,3531
1770748200,57980,58045,57915,58030,2791
1770749100,58030,58045,57950,58030,1960
1770750000,58040,58115,58020,58095,1866
1770750900,58095,58095,58025,58075,967
1770751800,58075,58100,58040,58050,951
1770752700,58050,58080,58035,58070,695
1770753600,58070,58085,57980,57990,1073
1770754500,57985,58050,57975,57995,1216
1770755400,57995,58015,57945,57960,1245
1770756300,57960,58010,57900,57930,1827
1770757200,57855,57855,57855,57855,1023
1770767100,57890,58180,57865,58080,7582
1770768000,58080,58250,58075,58175,7450
1770768900,58175,58205,57955,58050,6570
1770769800,58055,58160,58020,58130,3900
1770770700,58130,58210,58110,58130,3550
1770771600,58135,58230,58090,58210,4491
1770772500,58215,58320,58205,58250,5221
1770773400,58245,58295,58220,58250,2475
1770774300,58250,58315,58180,58200,2881
1770775200,58200,58210,58110,58165,4966
1770776100,58165,58280,58160,58265,2920
1770777000,58270,58290,58185,58225,2382
1770777900,58225,58230,58170,58205,1625
1770778800,58210,58215,58140,58165,1972
1770779700,58165,58205,58145,58185,1394
1770780600,58185,58200,58155,58180,1329
1770781500,58180,58190,58090,58110,2802
1770782400,58110,58170,58075,58080,2013
1770783300,58075,58105,58040,58070,2776
1770784200,58070,58085,57930,58005,4407
1770785100,58005,58095,58005,58025,3142
1770786000,58025,58055,58000,58035,1539
1770786900,58035,58110,57995,58000,3001
1770787800,58005,58030,57935,57980,3351
1770788700,57975,58010,57940,57960,1875
1770789600,57965,58005,57910,57950,2840
1770790500,57950,58010,57900,57975,3242
1770791400,57975,58060,57970,58035,3089
1770792300,58045,58045,58045,58045,825
1770796800,58100,58150,57970,57995,8393
1770797700,57995,58075,57930,58050,3859
1770798600,58050,58130,58050,58105,2767
1770799500,58105,58160,58075,58075,2110
1770800400,58080,58200,58070,58175,3081
1770801300,58180,58180,58095,58155,2108
1770802200,58155,58160,58040,58060,2345
1770803100,58060,58090,58040,58050,1721
1770804000,58050,58075,57970,58005,3895
1770804900,58010,58050,58000,58015,1516
1770805800,58010,58040,57990,58035,1356
1770806700,58035,58045,57980,58045,1327
1770807600,58050,58115,58050,58080,2008
1770808500,58085,58135,58075,58095,1416
1770809400,58100,58115,58025,58060,1934
1770810300,58060,58100,57995,58005,1801
1770811200,58005,58100,57990,58060,2594
1770812100,58065,58080,58035,58065,1044
1770813000,58060,58080,58010,58065,1365
1770813900,58065,58065,57995,58020,1807
1770814800,58020,58040,58005,58035,1078
1770815700,58035,58040,58005,58010,1177
1770816600,58010,58470,58010,58235,24106
1770817500,58235,58450,58235,58415,8366
1770818400,58410,58455,58345,58365,4873
1770819300,58365,58450,58325,58435,4089
1770820200,58440,58510,58310,58375,10308
1770821100,58380,58525,58335,58350,9399
1770822000,58350,58400,57970,58085,12435
1770822900,58080,58115,57750,57825,16097
1770823800,57830,58040,57795,57965,10675
1770824700,57970,58150,57885,58100,7082
1770825600,58100,58170,57990,58165,5151
1770826500,58160,58275,58075,58075,5403
1770827400,58070,58215,58050,58180,3788
1770828300,58175,58225,58095,58110,2098
1770829200,58110,58135,58050,58110,2986
1770830100,58115,58220,58075,58175,2833
1770831000,58175,58180,58090,58170,1393
1770831900,58170,58205,58070,58095,1912
1770832800,58095,58130,57995,58015,2413
1770833700,58010,58105,58000,58095,1832
1770834600,58095,58105,58055,58080,756
1770835500,58085,58130,58055,58100,1104
1770836400,58100,58205,58070,58165,2016
1770837300,58165,58250,58165,58240,941
1770838200,58235,58235,58185,58205,504
1770839100,58205,58210,58130,58150,869
1770840000,58150,58245,58140,58195,1508
1770840900,58195,58245,58190,58195,725
1770841800,58190,58245,58175,58235,902
1770842700,58235,58255,58175,58185,1289
1770843600,58155,58155,58155,58155,617
1770853500,58100,58115,57880,57890,15413
1770854400,57885,58040,57820,58010,20942
1770855300,58015,58055,57725,57920,17397
1770856200,57925,58060,57855,58030,10183
1770857100,58025,58060,57920,57965,8113
1770858000,57965,57990,57885,57905,7376
1770858900,57905,57905,57790,57825,8107
1770859800,57820,57895,57680,57705,11077
1770860700,57705,57740,57620,57710,8255
1770861600,57710,57770,57655,57680,8103
1770862500,57680,57695,57590,57660,8201
1770863400,57660,57700,57635,57660,2603
1770864300,57665,57715,57655,57700,1993
1770865200,57690,57690,57610,57650,3191
1770866100,57650,57660,57610,57645,2195
1770867000,57645,57795,57645,57780,8373
1770867900,57780,57875,57745,57800,6561
1770868800,57800,57815,57695,57730,5944
1770869700,57735,57910,57735,57890,6876
1770870600,57890,57890,57755,57785,5608
1770871500,57785,57860,57780,57810,4041
1770872400,57810,57865,57800,57835,4374
1770873300,57835,57870,57790,57810,4929
1770874200,57810,57855,57785,57835,4299
1770875100,57835,57905,57815,57880,5581
1770876000,57885,57890,57705,57740,8872
1770876900,57740,57775,57640,57720,10852
1770877800,57725,57815,57360,57460,20718
1770878700,57440,57440,57440,57440,2674
1770883200,57550,57655,57510,57540,8502
1770884100,57540,57625,57540,57575,3996
1770885000,57570,57610,57470,57475,4533
1770885900,57470,57600,57460,57585,3866
1770886800,57585,57660,57555,57605,4829
1770887700,57610,57680,57595,57675,2813
1770888600,57675,57715,57630,57635,4722
1770889500,57630,57705,57610,57685,2066
1770890400,57680,57720,57640,57670,3268
1770891300,57670,57700,57585,57620,2524
1770892200,57620,57665,57585,57635,2572
1770893100,57640,57660,57620,57645,1637
1770894000,57645,57735,57640,57725,2918
1770894900,57725,57795,57700,57795,3340
1770895800,57790,57790,57715,57750,1932
1770896700,57750,57770,57735,57760,1289
1770897600,57760,57760,57640,57710,3256
1770898500,57705,57705,57665,57695,1912
1770899400,57695,57755,57675,57715,2359
1770900300,57720,57745,57700,57720,1611
1770901200,57720,57760,57685,57710,2118
1770902100,57715,57745,57705,57720,1497
1770903000,57730,57770,57715,57745,2040
1770903900,57745,57775,57720,57750,1794
1770904800,57755,57765,57680,57695,2164
1770905700,57695,57710,57655,57660,2229
1770906600,57655,57735,57555,57585,6988
1770907500,57585,57625,57405,57435,11835
1770908400,57430,57550,57380,57495,7359
1770909300,57495,57550,57445,57485,5418
1770910200,57490,57520,57290,57340,7189
1770911100,57335,57430,57225,57235,6485
1770912000,57235,57275,57010,57030,12101
1770912900,57025,57055,56540,56560,16989
1770913800,56560,56910,56550,56830,14392
1770914700,56825,56875,56705,56795,7381
1770915600,56795,56895,56675,56815,7656
1770916500,56815,56985,56775,56870,5248
1770917400,56870,57025,56855,56950,3794
1770918300,56955,57015,56755,56770,3110
1770919200,56765,56875,56710,56825,3738
1770920100,56830,56900,56740,56845,3711
1770921000,56840,56935,56815,56925,2537
1770921900,56920,56975,56875,56940,2636
1770922800,56945,56965,56810,56860,1726
1770923700,56865,57010,56865,56885,2130
1770924600,56885,57005,56880,56975,1331
1770925500,56970,57035,56955,56980,1387
1770926400,56980,57000,56860,56915,1592
1770927300,56920,56920,56790,56805,1257
1770928200,56800,56880,56740,56805,2724
1770929100,56800,56805,56655,56765,2164
1770930000,56725,56725,56725,56725,1004
1770939900,56900,57175,56805,56960,25987
1770940800,56960,57370,56770,57295,46917
1770941700,57295,57305,56960,56985,22533
1770942600,56990,57025,56835,56845,16109
1770943500,56845,56870,56670,56820,19521
1770944400,56825,57160,56825,57105,13979
1770945300,57105,57220,57090,57165,10440
1770946200,57170,57225,57125,57215,7530
1770947100,57210,57270,57080,57145,9246
1770948000,57145,57285,57145,57235,6809
1770948900,57235,57270,57190,57250,4768
1770949800,57250,57325,57240,57270,4921
1770950700,57270,57275,57225,57260,2738
1770951600,57260,57350,57260,57285,4293
1770952500,57285,57290,57210,57225,4148
1770953400,57225,57290,57135,57210,12262
1770954300,57210,57315,57130,57175,9560
1770955200,57175,57230,57145,57225,5331
1770956100,57225,57365,57220,57295,9025
1770957000,57300,57335,57230,57255,4229
1770957900,57255,57320,57225,57300,3807
1770958800,57300,57315,57230,57240,5231
1770959700,57240,57240,56960,56975,13821
1770960600,56975,56995,56875,56905,12404
1770961500,56905,57010,56890,56980,9408
1770962400,56980,57110,56950,57090,8579
1770963300,57090,57145,56990,57015,13054
1770964200,57015,57040,56885,56995,11299
1770965100,56990,56990,56990,56990,2221
1770969600,57150,57290,57120,57160,11079
1770970500,57170,57245,56955,57215,9702
1770971400,57210,57275,57145,57260,6142
1770972300,57260,57385,57260,57345,7855
1770973200,57345,57360,57210,57325,5834
1770974100,57320,57490,57320,57450,5561
1770975000,57445,57485,57405,57405,3981
1770975900,57410,57470,57375,57395,3419
1770976800,57395,57430,57365,57430,2214
1770977700,57430,57470,57405,57445,2168
1770978600,57445,57460,57370,57380,2713
1770979500,57385,57410,57280,57280,4750
1770980400,57275,57295,57205,57225,4840
1770981300,57225,57290,57190,57230,4084
1770982200,57225,57255,57105,57175,6456
1770983100,57175,57305,57135,57300,4200
1770984000,57290,57330,57150,57170,5640
1770984900,57165,57255,57140,57230,3081
1770985800,57230,57270,57210,57230,2607
1770986700,57230,57310,57135,57255,6741
1770987600,57250,57295,57175,57185,5067
1770988500,57190,57380,57165,57380,5276
1770989400,57375,57525,57365,57450,12372
1770990300,57450,57475,57335,57430,7800
1770991200,57425,57550,57385,57425,6160
1770992100,57420,57440,57370,57420,2626
1770993000,57425,57490,57020,57330,19049
1770993900,57340,57485,57075,57125,25016
1770994800,57130,57400,57120,57275,15889
1770995700,57280,57395,57205,57370,10129
1770996600,57370,57555,57325,57335,10198
1770997500,57335,57425,57230,57375,6951
1770998400,57380,57490,57355,57410,6236
1770999300,57410,57505,57300,57425,5484
1771000200,57420,57495,57340,57480,4391
1771001100,57485,57525,57440,57455,3713
1771002000,57455,57540,57425,57525,2483
1771002900,57520,57575,57445,57540,3056
1771003800,57545,57635,57535,57580,3453
1771004700,57575,57685,57555,57615,5245
1771005600,57610,57645,57515,57620,3046
1771006500,57620,57700,57595,57615,3903
1771007400,57620,57685,57595,57630,1923
1771008300,57635,57680,57575,57610,2107
1771009200,57610,57655,57595,57625,1259
1771010100,57625,57670,57590,57610,2241
1771011000,57610,57660,57520,57565,3238
1771011900,57560,57610,57445,57450,4127
1771012800,57450,57535,57440,57465,1925
1771013700,57455,57505,57330,57355,4221
1771014600,57350,57450,57335,57445,3723
1771015500,57440,57620,57425,57610,3431
1771016400,57600,57600,57600,57600,925
1771199100,57540,57585,57360,57505,18423
1771200000,57500,57500,57060,57145,31432
1771200900,57145,57185,56935,57090,17587
1771201800,57090,57130,56885,56900,13660
1771202700,56900,56995,56865,56955,9773
1771203600,56960,57035,56910,56950,8834
1771204500,56955,56970,56835,56845,7647
1771205400,56845,56925,56825,56860,6023
1771206300,56865,56970,56855,56935,6210
1771207200,56935,56935,56790,56845,7910
1771208100,56840,56890,56785,56835,4129
1771209000,56835,56895,56830,56865,2312
1771209900,56860,56880,56800,56815,2627
1771210800,56815,56870,56800,56850,3077
1771211700,56850,56920,56850,56880,3133
1771212600,56880,56975,56865,56960,7127
1771213500,56960,57020,56920,57020,5704
1771214400,57020,57080,56945,57000,7850
1771215300,57000,57085,56975,57070,4479
1771216200,57070,57085,57030,57045,3365
1771217100,57045,57080,57005,57030,3426
1771218000,57030,57070,57025,57060,2902
1771218900,57060,57070,57020,57030,3586
1771219800,57030,57050,56930,56935,4317
1771220700,56935,56995,56920,56975,3747
1771221600,56975,57045,56960,56970,4508
1771222500,56965,56970,56865,56885,7025
1771223400,56885,56890,56805,56850,9703
1771224300,56900,56900,56900,56900,1588
1771228800,56985,57045,56890,57030,7776
1771229700,57025,57075,57000,57015,3217
1771230600,57015,57040,56930,56985,3085
1771231500,56985,57035,56945,56990,2680
1771232400,56990,57070,56965,57065,2433
1771233300,57060,57095,57030,57045,2542
1771234200,57045,57075,57035,57045,2039
1771235100,57040,57075,57015,57040,2018
1771236000,57035,57040,56965,56995,2714
1771236900,56995,57015,56980,56990,963
1771237800,56990,57020,56945,57010,2154
1771238700,57015,57030,56960,56980,1552
1771239600,56980,56990,56915,56945,1856
1771240500,56940,56970,56920,56970,1348
1771241400,56965,56975,56920,56960,1110
1771242300,56955,56985,56940,56955,1245
1771243200,56950,56950,56890,56900,2314
1771244100,56895,56950,56870,56940,2066
1771245000,56940,56950,56895,56905,1437
1771245900,56905,56940,56905,56940,752
1771246800,56940,56945,56900,56910,1397
1771247700,56910,56955,56900,56945,949
1771248600,56940,56965,56905,56935,1123
1771249500,56935,56945,56910,56930,628
1771250400,56925,56930,56845,56850,2576
1771251300,56850,56870,56770,56780,4396
1771252200,56775,56810,56720,56770,5503
1771253100,56770,56835,56700,56815,3739
1771254000,56810,56855,56810,56820,1881
1771254900,56820,56835,56765,56770,1679
1771255800,56770,56785,56715,56740,2130
1771256700,56735,56785,56705,56730,2094
1771257600,56740,56790,56705,56790,1323
1771258500,56795,56795,56715,56775,1574
1771259400,56775,56810,56710,56775,2188
1771260300,56780,56785,56745,56760,741
1771261200,56755,56790,56750,56770,688
1771262100,56765,56780,56745,56775,395
1771263000,56780,56795,56780,56790,698
1771263900,56795,56795,56725,56740,836
1771264800,56745,56755,56735,56755,117
1771265700,56750,56770,56750,56770,109
1771266600,56765,56765,56750,56765,142
1771267500,56765,56765,56760,56760,103
1771268400,56760,56770,56750,56750,247
1771269300,56755,56770,56750,56770,127
1771270200,56770,56775,56765,56775,71
1771271100,56775,56775,56765,56770,75
1771272000,56770,56775,56765,56770,60
1771272900,56775,56790,56775,56780,134
1771273800,56775,56785,56765,56765,211
1771274700,56765,56785,56760,56780,325
1771275600,56760,56760,56760,56760,594
1771285500,56875,56950,56790,56855,10119
1771286400,56860,56910,56470,56755,29137
1771287300,56755,56840,56655,56715,12523
1771288200,56710,56750,56570,56615,10724
1771289100,56615,56640,56425,56470,12301
1771290000,56470,56625,56425,56575,12790
1771290900,56575,56610,56445,56470,7158
1771291800,56465,56615,56440,56560,5954
1771292700,56560,56590,56370,56415,9850
1771293600,56410,56430,56315,56350,9646
1771294500,56355,56405,56320,56370,5037
1771295400,56370,56390,56260,56300,6913
1771296300,56295,56380,56275,56325,3538
1771297200,56325,56330,56205,56255,5352
1771298100,56265,56340,56255,56295,3451
1771299000,56295,56310,56145,56295,12257
1771299900,56295,56305,56185,56275,7100
1771300800,56275,56375,56240,56340,6991
1771301700,56340,56420,56300,56380,6230
1771302600,56375,56375,56310,56330,4270
1771303500,56335,56410,56325,56395,4372
1771304400,56395,56400,56350,56360,3844
1771305300,56360,56360,56215,56310,6916
1771306200,56310,56365,56225,56350,5107
1771307100,56355,56395,56320,56360,4328
1771308000,56360,56530,56350,56505,9145
1771308900,56505,56560,56490,56525,8936
1771309800,56525,56565,56490,56545,6923
1771310700,56610,56610,56610,56610,1719
1771315200,56680,56950,56670,56895,12780
1771316100,56895,56895,56770,56815,5202
1771317000,56815,56830,56680,56705,5275
1771317900,56710,56745,56640,56685,4021
1771318800,56690,56750,56665,56690,3384
1771319700,56685,56750,56680,56725,2061
1771320600,56730,56810,56730,56800,3238
1771321500,56800,56840,56785,56820,1823
1771322400,56820,56845,56750,56785,2179
1771323300,56790,56795,56755,56770,1036
1771324200,56770,56770,56670,56680,2314
1771325100,56680,56720,56630,56670,3365
1771326000,56670,56685,56610,56650,3369
1771326900,56645,56780,56645,56775,3688
1771327800,56775,56805,56745,56775,2376
1771328700,56770,56820,56755,56790,1987
1771329600,56790,56860,56765,56845,3435
1771330500,56840,56850,56780,56790,3194
1771331400,56790,56805,56735,56790,3909
1771332300,56795,56805,56710,56715,3458
1771333200,56710,56715,56530,56565,7204
1771334100,56565,56670,56550,56650,5934
1771335000,56655,56725,56630,56700,4065
1771335900,56700,56865,56660,56730,11436
1771336800,56730,56775,56705,56710,4810
1771337700,56715,56790,56705,56755,2723
1771338600,56760,56900,56720,56750,18234
1771339500,56750,56795,56480,56500,14094
1771340400,56490,56745,56465,56570,10509
1771341300,56575,56800,56525,56580,13644
1771342200,56585,56640,56515,56630,6314
1771343100,56630,56755,56615,56750,5727
1771344000,56750,56995,56725,56970,10223
1771344900,56970,57005,56935,56955,5033
1771345800,56945,57005,56900,56955,3545
1771346700,56960,57010,56910,56975,3107
1771347600,56970,56980,56875,56900,2396
1771348500,56895,56950,56850,56950,2443
1771349400,56955,56970,56790,56795,3244
1771350300,56790,56900,56760,56890,3500
1771351200,56890,56920,56840,56885,2841
1771352100,56890,57035,56860,57015,3189
1771353000,57020,57155,56995,57140,5188
1771353900,57145,57200,57130,57170,2727
1771354800,57170,57175,57115,57145,1514
1771355700,57140,57150,57085,57105,1743
1771356600,57105,57175,57095,57150,2605
1771357500,57150,57150,57065,57080,1714
1771358400,57085,57130,57075,57100,1508
1771359300,57100,57110,57050,57075,1561
1771360200,57075,57080,57015,57055,1445
1771361100,57050,57115,57045,57095,2086
1771362000,57090,57090,57090,57090,679
1771371900,56955,56965,56800,56810,12413
1771372800,56810,57110,56770,57100,24541
1771373700,57105,57175,57065,57130,14586
1771374600,57130,57155,57070,57095,8985
1771375500,57100,57125,57030,57065,8085
1771376400,57065,57150,56930,57020,11844
1771377300,57025,57160,56990,57155,7401
1771378200,57155,57185,57100,57160,6928
1771379100,57155,57250,57140,57240,6826
1771380000,57240,57305,57215,57300,9382
1771380900,57300,57320,57220,57260,5154
1771381800,57260,57275,57230,57245,1904
1771382700,57245,57260,57230,57240,1733
1771383600,57240,57260,57195,57215,2522
1771384500,57215,57230,57180,57225,2795
1771385400,57225,57305,57210,57235,7497
1771386300,57230,57290,57205,57270,4458
1771387200,57270,57340,57250,57305,8143
1771388100,57305,57330,57270,57315,3223
1771389000,57320,57415,57315,57410,7381
1771389900,57410,57410,57355,57370,4629
1771390800,57370,57380,57270,57310,5388
1771391700,57310,57330,57245,57250,3511
1771392600,57245,57325,57240,57290,5192
1771393500,57295,57315,57235,57235,3201
1771394400,57235,57245,57140,57165,8126
1771395300,57165,57200,57125,57190,6575
1771396200,57185,57265,57145,57205,8954
1771397100,57260,57260,57260,57260,2025
1771401600,57300,57335,57235,57270,7938
1771402500,57265,57355,57265,57305,4474
1771403400,57305,57365,57305,57335,2598
1771404300,57335,57350,57290,57340,2220
1771405200,57340,57390,57325,57370,2861
1771406100,57370,57385,57335,57370,1913
1771407000,57370,57420,57370,57380,3517
1771407900,57385,57395,57285,57290,3432
1771408800,57290,57355,57285,57345,2499
1771409700,57345,57400,57345,57395,1620
1771410600,57395,57395,57355,57365,1536
1771411500,57365,57380,57340,57360,1395
1771412400,57360,57390,57310,57325,1825
1771413300,57325,57355,57290,57300,1656
1771414200,57305,57305,57235,57245,3701
1771415100,57245,57260,57200,57215,3256
1771416000,57220,57280,57205,57275,3998
1771416900,57275,57275,57180,57180,2612
1771417800,57180,57180,57070,57150,6706
1771418700,57145,57170,57105,57160,2242
1771419600,57165,57210,57140,57200,2937
1771420500,57200,57245,57160,57245,3854
1771421400,57245,57320,57210,57230,5424
1771422300,57230,57235,57130,57150,3981
1771423200,57155,57225,57120,57180,3467
1771424100,57175,57250,57170,57245,2323
1771425000,57240,57490,57160,57465,14709
1771425900,57465,57555,57370,57515,9684
1771426800,57515,57665,57495,57650,8628
1771427700,57650,57675,57595,57625,6015
1771428600,57620,57645,57595,57620,2899
1771429500,57620,57660,57590,57630,2807
1771430400,57635,57660,57605,57635,1954
1771431300,57635,57660,57610,57645,1961
1771432200,57650,57715,57645,57680,3723
1771433100,57675,57680,57605,57625,1323
1771434000,57630,57725,57615,57675,2458
1771434900,57675,57700,57670,57670,921
1771435800,57670,57690,57640,57670,1101
1771436700,57665,57700,57660,57685,681
1771437600,57690,57745,57655,57665,1704
1771438500,57665,57680,57570,57595,2560
1771439400,57595,57635,57530,57570,2215
1771440300,57570,57600,57485,57580,1764
1771441200,57575,57625,57475,57525,2742
1771442100,57525,57535,57475,57505,1047
1771443000,57505,57515,57340,57390,3825
1771443900,57385,57450,57350,57385,4064
1771444800,57385,57445,57370,57395,2461
1771445700,57395,57425,57355,57385,1427
1771446600,57385,57515,57385,57505,2214
1771447500,57500,57580,57490,57565,1876
1771448400,57550,57550,57550,57550,857
1771458300,57570,57650,57435,57455,13545
1771459200,57455,57605,57365,57520,24299
1771460100,57520,57525,57410,57445,7731
1771461000,57450,57585,57450,57540,8531
1771461900,57540,57660,57525,57600,8783
1771462800,57595,57685,57590,57645,7690
1771463700,57640,57645,57555,57565,5056
1771464600,57565,57630,57505,57580,5454
1771465500,57580,57600,57530,57575,3409
1771466400,57580,57595,57460,57570,10100
1771467300,57575,57655,57575,57605,7126
1771468200,57605,57665,57605,57645,2783
1771469100,57650,57650,57600,57645,2063
1771470000,57650,57665,57635,57645,1646
1771470900,57650,57655,57635,57640,1713
1771471800,57640,57655,57520,57550,8447
1771472700,57550,57615,57505,57585,4740
1771473600,57585,57710,57585,57670,6995
1771474500,57665,57725,57625,57650,4513
1771475400,57655,57675,57625,57650,3053
1771476300,57650,57655,57530,57545,6951
1771477200,57545,57615,57545,57605,5094
1771478100,57610,57630,57580,57620,3238
1771479000,57620,57640,57540,57565,4478
1771479900,57565,57595,57540,57555,4844
1771480800,57555,57565,57470,57480,6264
1771481700,57475,57535,57470,57520,6505
1771482600,57525,57595,57500,57565,6764
1771483500,57560,57560,57560,57560,1788
1771488000,57550,57565,57475,57515,7972
1771488900,57515,57545,57470,57475,3195
1771489800,57480,57490,57365,57385,5157
1771490700,57385,57390,57200,57260,8094
1771491600,57265,57315,57235,57295,5883
1771492500,57300,57310,57235,57245,2972
1771493400,57240,57275,57155,57165,4497
1771494300,57165,57195,57095,57180,5585
1771495200,57180,57205,57085,57105,6224
1771496100,57105,57150,57070,57075,3726
1771497000,57075,57125,57035,57110,4622
1771497900,57110,57145,57035,57085,4129
1771498800,57085,57150,57045,57140,2827
1771499700,57145,57145,57085,57125,2119
1771500600,57120,57150,57095,57115,1780
1771501500,57110,57125,57015,57080,3611
1771502400,57080,57080,56965,57060,4887
1771503300,57065,57085,57040,57050,2863
1771504200,57055,57070,57015,57065,2651
1771505100,57065,57080,57040,57050,1457
1771506000,57050,57060,56995,57025,3580
1771506900,57030,57040,56970,57000,3380
1771507800,57005,57140,56990,57095,6214
1771508700,57090,57110,57050,57070,2169
1771509600,57065,57085,56970,56990,4496
1771510500,56985,57060,56980,56995,3520
1771511400,56995,57040,56820,56975,17091
1771512300,56975,57035,56850,56965,10011
1771513200,56965,57100,56900,56920,7504
1771514100,56925,57060,56915,56960,7141
1771515000,56955,57090,56945,57035,4553
1771515900,57035,57065,56930,57005,3278
1771516800,57005,57040,56895,56970,4502
1771517700,56975,57040,56940,56950,3910
1771518600,56955,57025,56935,56940,3999
1771519500,56940,56980,56860,56920,3247
1771520400,56920,56930,56860,56905,1984
1771521300,56910,57000,56895,56945,2659
1771522200,56945,56990,56935,56960,1949
1771523100,56960,56960,56810,56840,3218
1771524000,56840,56900,56805,56890,2269
1771524900,56890,56895,56760,56840,2809
1771525800,56840,56870,56800,56850,1403
1771526700,56850,56950,56850,56945,1663
1771527600,56940,56955,56910,56950,1175
1771528500,56955,56990,56930,56955,1549
1771529400,56955,56980,56885,56930,1049
1771530300,56930,56950,56890,56935,1039
1771531200,56935,56995,56935,56990,930
1771532100,56990,56995,56945,56965,802
1771533000,56965,56995,56940,56970,1180
1771533900,56965,57000,56955,56990,883
1771534800,57020,57020,57020,57020,714
1771544700,57105,57120,56990,57085,14637
1771545600,57090,57110,56805,56810,28793
1771546500,56810,56875,56730,56850,14861
1771547400,56855,56940,56845,56900,8214
1771548300,56905,56975,56825,56845,8919
1771549200,56840,56890,56750,56885,8584
1771550100,56885,56920,56800,56820,7367
1771551000,56820,56845,56745,56745,5813
1771551900,56750,56765,56695,56710,6704
1771552800,56715,56835,56715,56725,6594
1771553700,56720,56775,56695,56740,4932
1771554600,56735,56790,56730,56765,2737
1771555500,56765,56820,56740,56795,2753
1771556400,56795,56875,56795,56860,3893
1771557300,56855,56855,56805,56815,3382
1771558200,56815,56850,56715,56730,8562
1771559100,56730,56790,56720,56725,4983
1771560000,56725,56795,56705,56795,4915
1771560900,56800,56810,56740,56790,3387
1771561800,56795,56830,56770,56810,4556
1771562700,56810,56860,56800,56855,5246
1771563600,56855,56880,56805,56820,4793
1771564500,56815,56835,56800,56805,2946
1771565400,56805,56845,56740,56755,6665
1771566300,56755,56810,56745,56805,4503
1771567200,56805,56860,56805,56845,6341
1771568100,56850,56880,56815,56855,9758
1771569000,56860,56870,56785,56845,9525
1771569900,56845,56845,56845,56845,1980
1771574400,56820,56905,56800,56820,8359
1771575300,56820,56905,56765,56900,4006
1771576200,56900,56940,56855,56935,2981
1771577100,56935,56995,56925,56975,3170
1771578000,56975,57060,56955,57040,4439
1771578900,57045,57100,57035,57055,3341
1771579800,57055,57060,56975,57015,3463
1771580700,57015,57015,56915,56930,2546
1771581600,56930,56955,56900,56940,2128
1771582500,56945,56970,56910,56925,2059
1771583400,56925,56965,56910,56965,1375
1771584300,56970,56980,56890,56895,2813
1771585200,56895,56895,56790,56840,5090
1771586100,56840,56885,56835,56865,2276
1771587000,56865,56895,56845,56860,1861
1771587900,56865,56865,56800,56835,2152
1771588800,56840,56850,56790,56840,1972
1771589700,56840,56865,56790,56805,2091
1771590600,56800,56800,56730,56740,3483
1771591500,56740,56790,56710,56780,3180
1771592400,56775,56780,56720,56770,3045
1771593300,56770,56830,56765,56810,2802
1771594200,56810,56815,56655,56700,9790
1771595100,56705,56770,56685,56765,2996
1771596000,56765,56795,56710,56725,3984
1771596900,56720,56725,56655,56690,3313
1771597800,56690,56855,56675,56825,15727
1771598700,56825,56860,56765,56830,7824
1771599600,56845,57285,56755,56845,33737
1771600500,56850,57040,56750,56960,14215
1771601400,56965,57065,56890,57045,11461
1771602300,57045,57145,57015,57120,6839
1771603200,57125,57145,57040,57050,5328
1771604100,57050,57080,56990,57010,8629
1771605000,57010,57175,56995,57135,5589
1771605900,57130,57175,57120,57140,3134
1771606800,57140,57160,56955,56960,5008
1771607700,56960,56960,56835,56905,7047
1771608600,56900,56980,56885,56960,5225
1771609500,56965,57085,56925,57065,8121
1771610400,57060,57070,56985,57005,2166
1771611300,57000,57045,56940,56990,5275
1771612200,56985,57130,56940,57100,9455
1771613100,57100,57200,57095,57165,5374
1771614000,57170,57180,57080,57080,1958
1771614900,57080,57120,57065,57100,1714
1771615800,57100,57140,57095,57110,1898
1771616700,57110,57145,57085,57090,1765
1771617600,57090,57160,57090,57145,1556
1771618500,57145,57145,57090,57105,1937
1771619400,57100,57130,57090,57115,1514
1771620300,57115,57140,57090,57125,2250
1771621200,57140,57140,57140,57140,812
1771803900,56855,56990,56760,56985,11378
1771804800,56980,56985,56805,56855,8076
1771805700,56860,56890,56625,56670,8309
1771806600,56675,56725,56585,56595,5312
1771807500,56590,56620,56520,56520,6248
1771808400,56520,56645,56460,56605,6635
1771809300,56605,56655,56565,56610,3868
1771810200,56610,56705,56605,56705,3305
1771811100,56705,56745,56595,56605,4010
1771812000,56605,56645,56465,56490,5806
1771812900,56495,56640,56495,56620,3138
1771813800,56620,56665,56600,56605,2286
1771814700,56605,56650,56590,56635,1422
1771815600,56635,56660,56625,56660,1180
1771816500,56655,56655,56560,56620,2052
1771817400,56615,56630,56545,56630,1817
1771818300,56630,56640,56600,56640,1045
1771819200,56635,56665,56625,56640,1327
1771820100,56640,56640,56595,56615,1199
1771821000,56620,56625,56580,56585,1021
1771821900,56590,56615,56570,56610,1019
1771822800,56605,56610,56570,56580,1159
1771823700,56585,56590,56550,56590,1248
1771824600,56590,56615,56580,56595,1378
1771825500,56595,56605,56580,56600,772
1771826400,56595,56610,56585,56595,955
1771827300,56600,56610,56580,56595,1013
1771828200,56600,56650,56580,56640,1327
1771829100,56650,56650,56650,56650,900
1771833600,56895,56920,56820,56885,7393
1771834500,56885,56900,56840,56875,2406
1771835400,56880,56905,56840,56855,1661
1771836300,56855,56950,56855,56945,2607
1771837200,56950,57085,56950,57040,4950
1771838100,57045,57055,57000,57040,1756
1771839000,57040,57050,57000,57020,1557
1771839900,57025,57040,57000,57020,1085
1771840800,57020,57055,57005,57045,1758
1771841700,57040,57045,56915,56970,4156
1771842600,56970,57010,56965,56995,1768
1771843500,56995,57005,56975,56990,1253
1771844400,56995,57035,56990,57020,1292
1771845300,57025,57035,56980,57000,1309
1771846200,57000,57010,56960,56990,1419
1771847100,56990,56995,56945,56985,1707
1771848000,56990,57005,56965,56970,1492
1771848900,56965,56965,56910,56930,1855
1771849800,56935,56935,56865,56930,3346
1771850700,56925,56935,56885,56895,1667
1771851600,56895,56910,56865,56875,1445
1771852500,56875,56895,56855,56885,2144
1771853400,56880,56915,56845,56915,2181
1771854300,56915,56935,56870,56885,2073
1771855200,56885,56965,56885,56965,1888
1771856100,56965,57015,56935,57010,2150
1771857000,57010,57170,57010,57070,14038
1771857900,57070,57165,57055,57125,7287
1771858800,57120,57150,56925,56950,7989
1771859700,56950,57000,56905,56945,4673
1771860600,56950,57005,56825,56860,4959
1771861500,56860,56875,56655,56670,7286
1771862400,56665,56705,56585,56610,7063
1771863300,56615,56715,56575,56710,4910
1771864200,56715,56715,56660,56685,3658
1771865100,56685,56715,56660,56670,2747
1771866000,56670,56700,56630,56660,3196
1771866900,56660,56690,56625,56630,1171
1771867800,56630,56635,56525,56595,3177
1771868700,56590,56745,56590,56720,2315
1771869600,56720,56845,56715,56835,2767
1771870500,56835,56915,56830,56910,2545
1771871400,56910,56930,56845,56855,1686
1771872300,56855,56875,56770,56780,1664
1771873200,56785,56820,56775,56795,774
1771874100,56790,56805,56740,56745,752
1771875000,56750,56775,56685,56710,1058
1771875900,56710,56780,56710,56745,958
1771876800,56740,56770,56700,56710,758
1771877700,56710,56745,56695,56735,882
1771878600,56730,56795,56730,56780,915
1771879500,56775,56820,56700,56700,1049
1771880400,56745,56745,56745,56745,613
1771890300,56780,56810,56650,56655,14100
1771891200,56660,56985,56660,56915,31519
1771892100,56915,57075,56910,57000,16476
1771893000,57005,57175,56985,57150,14449
1771893900,57150,57295,57130,57240,15192
1771894800,57240,57250,57160,57175,8685
1771895700,57175,57270,57135,57240,6633
1771896600,57240,57330,57175,57270,9928
1771897500,57270,57270,57180,57240,5773
1771898400,57235,57270,57055,57100,9055
1771899300,57105,57250,57075,57245,5690
1771900200,57245,57270,57220,57245,3622
1771901100,57240,57260,57230,57245,1750
1771902000,57245,57250,57210,57240,1419
1771902900,57240,57290,57230,57265,2897
1771903800,57260,57380,57260,57360,10604
1771904700,57360,57380,57330,57370,5355
1771905600,57370,57380,57330,57355,3540
1771906500,57350,57370,57330,57350,3513
1771907400,57345,57410,57310,57405,6037
1771908300,57405,57410,57290,57335,5009
1771909200,57340,57380,57315,57345,3771
1771910100,57340,57410,57340,57400,4439
1771911000,57395,57420,57370,57410,4371
1771911900,57410,57410,57325,57360,4817
1771912800,57355,57380,57315,57370,5460
1771913700,57370,57370,57205,57295,12435
1771914600,57295,57325,57220,57250,8939
1771915500,57340,57340,57340,57340,2495
1771920000,57665,57690,57430,57500,15375
1771920900,57495,57685,57480,57645,6804
1771921800,57650,57680,57470,57495,5746
1771922700,57495,57510,57340,57375,8047
1771923600,57370,57430,57330,57425,4972
1771924500,57420,57495,57405,57450,4315
1771925400,57450,57525,57395,57520,3634
1771926300,57520,57575,57510,57555,2937
1771927200,57550,57630,57535,57605,3840
1771928100,57605,57645,57565,57625,2309
1771929000,57625,57630,57580,57620,2255
1771929900,57615,57655,57585,57640,2501
1771930800,57645,57705,57615,57615,3753
1771931700,57615,57640,57585,57590,2148
1771932600,57585,57600,57555,57575,2043
1771933500,57575,57625,57575,57620,2012
1771934400,57620,57740,57620,57705,6124
1771935300,57705,57710,57585,57585,3904
1771936200,57585,57615,57520,57535,3764
1771937100,57535,57550,57490,57535,3207
1771938000,57540,57565,57510,57540,2752
1771938900,57540,57615,57540,57595,2904
1771939800,57600,57655,57600,57650,2924
1771940700,57650,57700,57635,57695,2763
1771941600,57695,57710,57625,57635,4092
1771942500,57640,57660,57605,57615,2899
1771943400,57620,57730,57455,57730,10766
1771944300,57730,57820,57685,57740,11078
1771945200,57740,57755,57650,57705,7049
1771946100,57700,57900,57695,57895,8315
1771947000,57895,57925,57865,57895,5993
1771947900,57895,57930,57875,57920,3625
1771948800,57920,57960,57915,57940,3929
1771949700,57940,57955,57900,57955,2556
1771950600,57955,57960,57910,57935,3052
1771951500,57930,57960,57905,57955,1901
1771952400,57955,57995,57920,57985,1859
1771953300,57985,58040,57985,58025,2924
1771954200,58025,58040,58015,58025,1294
1771955100,58020,58055,58010,58035,1476
1771956000,58035,58080,58025,58080,1553
1771956900,58080,58090,58040,58050,1383
1771957800,58055,58055,58020,58040,919
1771958700,58040,58055,58010,58010,901
1771959600,58010,58020,57940,57965,1598
1771960500,57970,57980,57920,57935,900
1771961400,57930,57990,57925,57965,1026
1771962300,57965,57985,57945,57960,1086
1771963200,57965,57990,57940,57945,864
1771964100,57950,58010,57935,57965,1501
1771965000,57960,58005,57955,57990,917
1771965900,57995,58035,57975,58000,1150
1771966800,57975,57975,57975,57975,912
1771976700,58030,58040,57900,57900,11976
1771977600,57900,58005,57815,57940,21573
1771978500,57940,58055,57910,57995,13927
1771979400,58000,58005,57745,57795,17368
1771980300,57795,57925,57795,57880,9081
1771981200,57885,58025,57865,57980,10399
1771982100,57980,58060,57940,58050,8042
1771983000,58050,58210,58040,58195,15024
1771983900,58195,58240,58125,58130,9306
1771984800,58130,58210,58075,58130,7268
1771985700,58130,58170,58100,58165,3573
1771986600,58165,58200,58105,58165,4906
1771987500,58165,58190,58140,58160,2373
1771988400,58155,58245,58095,58240,5151
1771989300,58240,58295,58130,58190,10088
1771990200,58195,58420,58055,58380,23246
1771991100,58380,58665,58380,58585,20947
1771992000,58590,58645,58545,58615,11811
1771992900,58615,58790,58595,58780,12754
1771993800,58780,58885,58755,58840,13107
1771994700,58840,58895,58775,58800,11927
1771995600,58800,58865,58775,58830,7398
1771996500,58830,58860,58780,58835,8199
1771997400,58840,58880,58755,58760,9538
1771998300,58765,58820,58665,58685,10057
1771999200,58685,58710,58640,58700,9561
1772000100,58695,58695,58590,58665,12823
1772001000,58660,58720,58535,58715,13798
1772001900,58785,58785,58785,58785,3231
1772006400,58790,59075,58770,58990,15582
1772007300,58985,59185,58945,59150,9504
1772008200,59155,59160,59055,59120,6191
1772009100,59115,59185,59090,59165,4338
1772010000,59160,59340,59140,59310,8575
1772010900,59310,59360,59250,59270,7617
1772011800,59265,59275,59185,59265,5456
1772012700,59265,59290,59210,59280,3634
1772013600,59285,59310,59215,59260,3818
1772014500,59260,59425,59260,59400,5822
1772015400,59400,59520,59400,59485,7546
1772016300,59480,59510,59420,59460,5147
1772017200,59460,59495,59415,59470,4327
1772018100,59470,59570,59440,59565,4694
1772019000,59565,59650,59540,59645,5151
1772019900,59645,59650,59590,59635,3893
1772020800,59630,59650,59570,59585,3369
1772021700,59590,59615,59550,59560,4379
1772022600,59555,59575,59530,59540,4153
1772023500,59540,59540,59370,59415,7447
1772024400,59410,59570,59410,59530,5552
1772025300,59530,59540,59470,59535,2665
1772026200,59535,59535,59470,59485,2525
1772027100,59480,59500,59455,59460,2608
1772028000,59460,59560,59430,59555,4287
1772028900,59555,59585,59480,59530,4382
1772029800,59530,59620,59460,59580,8048
1772030700,59585,59670,59545,59595,6583
1772031600,59600,59610,59465,59470,5428
1772032500,59465,59525,59440,59495,4179
1772033400,59495,59510,59415,59450,3652
1772034300,59455,59500,59445,59495,2744
1772035200,59490,59520,59455,59510,2540
1772036100,59510,59570,59485,59550,2078
1772037000,59550,59610,59545,59555,2141
1772037900,59555,59595,59555,59560,1259
1772038800,59560,59585,59530,59565,1653
1772039700,59570,59570,59545,59545,750
1772040600,59545,59625,59540,59610,1301
1772041500,59610,59620,59585,59600,936
1772042400,59605,59635,59600,59620,844
1772043300,59615,59630,59595,59620,863
1772044200,59620,59640,59600,59625,741
1772045100,59625,59650,59620,59620,485
1772046000,59615,59640,59610,59615,738
1772046900,59615,59620,59585,59615,648
1772047800,59610,59660,59610,59650,1018
1772048700,59650,59680,59650,59660,782
1772049600,59665,59670,59635,59650,1091
1772050500,59645,59650,59625,59625,766
1772051400,59625,59670,59600,59655,1332
1772052300,59655,59710,59655,59675,1879
1772053200,59680,59680,59680,59680,843
1772063100,59335,59355,59155,59300,25694
1772064000,59305,59375,59110,59280,37413
1772064900,59275,59300,59020,59190,21935
1772065800,59195,59200,59010,59105,12756
1772066700,59100,59135,58805,58810,18395
1772067600,58805,59045,58710,59030,20725
1772068500,59025,59070,58920,58920,9916
1772069400,58915,58985,58835,58970,8535
1772070300,58965,59055,58925,59040,8554
1772071200,59035,59070,58925,58930,5942
1772072100,58930,58970,58890,58905,3824
1772073000,58905,58950,58885,58945,2945
1772073900,58950,58970,58915,58945,1729
1772074800,58945,58945,58895,58910,2219
1772075700,58910,58935,58885,58895,2115
1772076600,58895,58995,58780,58965,10236
1772077500,58965,58995,58790,58840,5944
1772078400,58840,58885,58765,58795,5335
1772079300,58795,58810,58750,58760,4038
1772080200,58760,58820,58695,58780,5990
1772081100,58780,58780,58715,58730,3396
1772082000,58725,58730,58640,58645,7321
1772082900,58645,58745,58620,58690,5090
1772083800,58685,58740,58665,58730,3540
1772084700,58730,58765,58660,58760,5905
1772085600,58765,58830,58715,58815,6752
1772086500,58820,58835,58710,58820,11512
1772087400,58820,58905,58795,58885,14196
1772088300,58850,58850,58850,58850,1681
1772092800,58810,58965,58770,58960,8135
1772093700,58960,59000,58900,58925,4261
1772094600,58925,58970,58880,58910,3779
1772095500,58910,58915,58840,58885,3075
1772096400,58885,58930,58850,58930,2690
1772097300,58930,58970,58905,58970,2455
1772098200,58965,59045,58960,59025,3239
1772099100,59030,59100,59030,59035,4027
1772100000,59040,59060,59015,59025,2346
1772100900,59025,59045,59000,59035,1876
1772101800,59035,59070,59015,59035,2081
1772102700,59035,59055,59020,59030,1536
1772103600,59030,59065,59010,59055,2016
1772104500,59055,59120,59050,59080,2683
1772105400,59080,59140,59080,59130,2106
1772106300,59130,59185,59110,59160,3290
1772107200,59165,59205,59160,59170,3036
1772108100,59165,59195,59155,59190,2096
1772109000,59190,59205,59150,59200,2477
1772109900,59205,59240,59185,59190,3334
1772110800,59190,59230,59170,59220,1997
1772111700,59220,59240,59215,59230,1603
1772112600,59225,59255,59200,59200,1894
1772113500,59200,59245,59190,59225,1957
1772114400,59220,59250,59195,59210,1689
1772115300,59215,59215,59110,59110,3896
1772116200,59110,59115,58930,58965,15088
1772117100,58955,58990,58825,58850,12430
1772118000,58845,58915,58675,58680,11608
1772118900,58680,58680,58270,58365,24544
1772119800,58360,58660,58345,58640,14874
1772120700,58645,58730,58595,58690,9032
1772121600,58695,58790,58670,58740,7829
1772122500,58745,58810,58715,58730,7562
1772123400,58725,58765,58525,58530,6505
1772124300,58530,58615,58470,58470,4613
1772125200,58475,58575,58475,58490,2774
1772126100,58490,58530,58465,58515,2414
1772127000,58510,58590,58475,58475,2288
1772127900,58475,58490,58415,58460,2191
1772128800,58460,58500,58400,58460,3062
1772129700,58460,58530,58435,58505,1559
1772130600,58505,58675,58490,58660,2865
1772131500,58660,58695,58595,58635,1446
1772132400,58630,58740,58625,58730,2074
1772133300,58735,58760,58695,58710,1511
1772134200,58710,58735,58690,58710,806
1772135100,58710,58755,58705,58705,984
1772136000,58700,58760,58685,58685,1028
1772136900,58685,58715,58665,58665,820
1772137800,58665,58720,58660,58690,889
1772138700,58690,58695,58620,58660,1128
1772139600,58705,58705,58705,58705,625
1772149500,58505,58565,58380,58455,15804
1772150400,58455,58470,58300,58380,21558
1772151300,58380,58515,58315,58335,11918
1772152200,58340,58365,58165,58215,13860
1772153100,58210,58360,58200,58310,10169
1772154000,58310,58400,58290,58395,8470
1772154900,58400,58430,58320,58325,5917
1772155800,58325,58390,58250,58315,7497
1772156700,58320,58420,58295,58380,4421
1772157600,58380,58485,58365,58485,7507
1772158500,58485,58590,58480,58575,7815
1772159400,58575,58585,58510,58550,4097
1772160300,58550,58630,58550,58625,3361
1772161200,58625,58680,58620,58670,4004
1772162100,58670,58680,58625,58635,2781
1772163000,58635,58795,58630,58790,9344
1772163900,58785,58895,58765,58830,8496
1772164800,58830,58945,58830,58890,6880
1772165700,58890,58915,58845,58890,5309
1772166600,58890,58910,58840,58870,4903
1772167500,58870,58895,58780,58785,6079
1772168400,58785,58905,58780,58870,7090
1772169300,58870,58920,58860,58890,4654
1772170200,58890,58960,58870,58935,6142
1772171100,58935,58975,58885,58895,5736
1772172000,58895,58915,58830,58860,8725
1772172900,58855,58900,58745,58875,17568
1772173800,58870,59055,58835,59045,15804
1772174700,59100,59100,59100,59100,2203
1772179200,59220,59385,59205,59215,14751
1772180100,59215,59345,59165,59320,8104
1772181000,59325,59375,59220,59260,5201
1772181900,59265,59345,59255,59290,3456
1772182800,59295,59360,59280,59325,3691
1772183700,59335,59425,59270,59370,10255
1772184600,59370,59385,59225,59230,4746
1772185500,59235,59265,59185,59185,4945
1772186400,59185,59205,59020,59060,5940
1772187300,59065,59185,59060,59135,4509
1772188200,59135,59220,59125,59155,3322
1772189100,59155,59155,59075,59115,3506
1772190000,59115,59145,59045,59055,2857
1772190900,59055,59090,59025,59045,2680
1772191800,59045,59090,58875,58905,6066
1772192700,58905,58965,58890,58940,4006
1772193600,58940,58960,58855,58955,5023
1772194500,58955,58990,58920,58970,2591
1772195400,58970,58990,58870,58875,3792
1772196300,58875,58895,58785,58830,5984
1772197200,58830,58885,58795,58830,4973
1772198100,58830,58840,58645,58660,6471
1772199000,58655,58675,58465,58570,13164
1772199900,58570,58645,58550,58635,7847
1772200800,58635,58655,58545,58595,5350
1772201700,58590,58610,58530,58565,3698
1772202600,58565,58665,58355,58480,17028
1772203500,58480,58595,58455,58480,10680
1772204400,58475,58755,58455,58675,13771
1772205300,58680,58725,58610,58695,6812
1772206200,58690,58755,58605,58745,5838
1772207100,58745,58785,58675,58745,5625
1772208000,58740,58825,58715,58780,5202
1772208900,58780,58825,58745,58765,4239
1772209800,58765,58800,58660,58665,4117
1772210700,58670,58765,58655,58700,4151
1772211600,58705,58825,58705,58710,3136
1772212500,58710,58715,58575,58640,3556
1772213400,58635,58700,58595,58625,3870
1772214300,58625,58650,58590,58640,1658
1772215200,58640,58665,58615,58620,1655
1772216100,58615,58625,58560,58620,1423
1772217000,58625,58650,58570,58620,1669
1772217900,58625,58640,58600,58615,1314
1772218800,58615,58690,58585,58610,1544
1772219700,58605,58655,58595,58630,1762
1772220600,58630,58645,58560,58575,1335
1772221500,58575,58605,58550,58585,1108
1772222400,58585,58685,58585,58680,2475
1772223300,58685,58760,58675,58725,2415
1772224200,58720,58750,58625,58660,1561
1772225100,58660,58685,58605,58620,1314
1772226000,58685,58685,58685,58685,860
1772408700,57770,57965,57440,57490,40259
1772409600,57490,57865,57440,57770,41303
1772410500,57770,57770,57295,57395,34206
1772411400,57400,57665,57375,57650,23925
1772412300,57655,57905,57645,57870,20895
1772413200,57865,58405,57845,58360,30238
1772414100,58365,58390,58235,58290,21345
1772415000,58285,58305,58115,58135,14836
1772415900,58145,58150,57985,58015,11494
1772416800,58015,58140,57870,57930,13096
1772417700,57935,58010,57885,57965,7604
1772418600,57965,58070,57925,57975,5642
1772419500,57975,58010,57895,57975,4368
1772420400,57975,58005,57885,57965,3329
1772421300,57960,58010,57925,57990,3479
1772422200,57990,58090,57925,58050,9685
1772423100,58055,58100,57955,58035,6322
1772424000,58040,58115,58025,58075,4543
1772424900,58080,58160,57945,58150,15397
1772425800,58145,58165,58050,58060,5912
1772426700,58060,58075,57880,57880,8386
1772427600,57880,57920,57815,57895,10883
1772428500,57890,57965,57875,57910,6224
1772429400,57910,58005,57905,57965,5975
1772430300,57965,57975,57785,57820,10457
1772431200,57820,58040,57795,57995,11162
1772432100,58000,58040,57895,57975,12564
1772433000,57980,58110,57970,58015,13417
1772433900,58000,58000,58000,58000,1894
1772438400,57700,57725,57315,57455,24133
1772439300,57455,57465,57135,57165,18492
1772440200,57165,57380,57140,57325,12929
1772441100,57325,57510,57285,57365,11920
1772442000,57360,57560,57300,57550,10598
1772442900,57550,57650,57530,57590,7404
1772443800,57590,57665,57470,57545,6272
1772444700,57550,57575,57440,57480,5699
1772445600,57480,57620,57465,57495,6562
1772446500,57490,57570,57415,57500,4839
1772447400,57500,57575,57480,57540,4352
1772448300,57545,57550,57390,57430,4414
1772449200,57435,57455,57325,57360,4989
1772450100,57360,57460,57325,57380,5180
1772451000,57380,57450,57355,57410,4223
1772451900,57415,57530,57390,57440,5727
1772452800,57440,57470,57320,57375,5521
1772453700,57370,57380,57300,57340,3737
1772454600,57340,57355,57255,57280,4475
1772455500,57285,57350,57205,57240,7124
1772456400,57240,57295,57205,57270,6092
1772457300,57275,57465,57270,57340,7447
1772458200,57345,57355,57195,57200,6038
1772459100,57200,57250,57145,57180,5763
1772460000,57180,57210,57120,57150,5017
1772460900,57145,57145,57060,57095,6308
1772461800,57095,57470,57065,57455,20469
1772462700,57450,57565,57365,57425,12490
1772463600,57420,57620,57360,57565,14094
1772464500,57565,57625,57470,57495,9894
1772465400,57495,57550,57360,57475,7670
1772466300,57470,57500,57355,57410,6361
1772467200,57405,57645,57350,57595,7992
1772468100,57595,57605,57400,57430,5381
1772469000,57435,57700,57390,57700,8705
1772469900,57695,57775,57640,57665,6251
1772470800,57660,57740,57615,57735,2949
1772471700,57735,57810,57715,57715,4870
1772472600,57715,57740,57630,57695,3973
1772473500,57690,57765,57655,57755,2048
1772474400,57760,57790,57705,57740,1963
1772475300,57740,57770,57690,57740,1472
1772476200,57745,57760,57670,57700,1604
1772477100,57700,57700,57590,57600,1817
1772478000,57600,57740,57595,57720,1543
1772478900,57720,57860,57720,57850,3492
1772479800,57855,57880,57770,57780,1732
1772480700,57780,57805,57770,57800,1168
1772481600,57795,57805,57485,57525,5161
1772482500,57515,57650,57500,57580,4056
1772483400,57580,57690,57580,57685,2316
1772484300,57685,57710,57655,57695,2092
1772485200,57700,57700,57700,57700,769
1772495100,57540,57745,57540,57730,17421
1772496000,57730,57885,57585,57605,32846
1772496900,57610,57685,57510,57620,14971
1772497800,57615,57660,57535,57565,9403
1772498700,57570,57580,57450,57455,13093
1772499600,57460,57545,57370,57480,13040
1772500500,57485,57510,57290,57320,11097
1772501400,57315,57430,57265,57295,12231
1772502300,57300,57325,56995,57000,19312
1772503200,57005,57020,56755,56940,36620
1772504100,56940,56960,56630,56735,29809
1772505000,56740,56865,56675,56735,14130
1772505900,56730,56830,56700,56795,6533
1772506800,56800,56885,56680,56770,8178
1772507700,56765,56835,56705,56725,5830
1772508600,56720,56990,56500,56935,30581
1772509500,56935,57040,56795,56825,14285
1772510400,56820,56835,56645,56710,11541
1772511300,56705,56745,56545,56555,9931
1772512200,56555,56610,56435,56545,16570
1772513100,56545,56575,56335,56375,12367
1772514000,56375,56530,56340,56470,16591
1772514900,56470,56615,56465,56565,12349
1772515800,56560,56570,56305,56380,14202
1772516700,56385,56435,56210,56250,15289
1772517600,56250,56380,56200,56290,17105
1772518500,56295,56330,56110,56305,20708
1772519400,56300,56320,56205,56275,15898
1772520300,56150,56150,56150,56150,2845
1772524800,55675,55685,55355,55410,29412
1772525700,55410,55430,55020,55075,22665
1772526600,55075,55125,54825,54915,22804
1772527500,54910,55000,54660,54705,19289
1772528400,54705,54960,54705,54860,17389
1772529300,54860,54895,54540,54630,18061
1772530200,54630,54720,54525,54575,13117
1772531100,54575,54585,54100,54130,24349
1772532000,54135,54255,53840,54005,24834
1772532900,54005,54245,53950,53970,15595
1772533800,53965,54000,53610,53935,24502
1772534700,53945,54185,53925,54110,18602
1772535600,54105,54285,54035,54060,12811
1772536500,54060,54160,53790,54065,13754
1772537400,54065,54225,54065,54215,10982
1772538300,54215,54420,54175,54230,15286
1772539200,54230,54510,54180,54420,12047
1772540100,54420,54615,54360,54585,14110
1772541000,54585,54620,54435,54620,13710
1772541900,54620,54780,54590,54745,15058
1772542800,54750,54775,54380,54500,15478
1772543700,54495,54525,54230,54295,12369
1772544600,54300,54310,54135,54230,13957
1772545500,54230,54365,54150,54255,10906
1772546400,54250,54270,54045,54110,10826
1772547300,54110,54285,54050,54200,8755
1772548200,54200,54345,53825,53885,34070
1772549100,53885,54030,53760,53880,22481
1772550000,53880,54130,53835,54005,23285
1772550900,54005,54040,53600,53635,16656
1772551800,53635,53950,53625,53780,18361
1772552700,53770,54025,53735,54015,14041
1772553600,54015,54390,53960,54355,15075
1772554500,54355,54450,54275,54420,11686
1772555400,54415,54495,54230,54490,12145
1772556300,54485,54765,54440,54685,13016
1772557200,54680,54710,54510,54620,6830
1772558100,54615,54860,54595,54825,7721
1772559000,54825,54855,54615,54845,6375
1772559900,54840,54890,54645,54745,5529
1772560800,54750,54935,54745,54840,5494
1772561700,54840,55080,54835,55030,5987
1772562600,55025,55185,55005,55130,6331
1772563500,55135,55275,55115,55220,6091
1772564400,55220,55270,55110,55215,4216
1772565300,55220,55370,55195,55315,5188
1772566200,55320,55625,55250,55610,10401
1772567100,55610,55725,55480,55545,6542
1772568000,55545,55610,55460,55490,3731
1772568900,55480,55545,55410,55495,3805
1772569800,55495,55590,55430,55440,3284
1772570700,55435,55460,55255,55330,3055
1772571600,55330,55330,55330,55330,917
1772581500,55000,55295,54825,54975,28921
1772582400,54985,55170,54735,55140,43987
1772583300,55145,55720,55040,55150,42796
1772584200,55155,55160,54565,54590,32406
1772585100,54585,55195,54550,54940,24647
1772586000,54935,55165,54665,54690,20841
1772586900,54690,54815,54325,54415,28476
1772587800,54410,54820,54310,54735,24085
1772588700,54735,54755,54415,54480,16780
1772589600,54480,54655,54270,54325,20396
1772590500,54330,54365,54090,54115,20196
1772591400,54120,54230,53960,54160,16776
1772592300,54155,54340,54065,54170,12461
1772593200,54165,54195,53915,54040,13182
1772594100,54045,54115,53945,54040,11311
1772595000,54035,54100,53640,54010,36863
1772595900,54015,54245,53865,54230,22707
1772596800,54230,54445,54090,54355,23892
1772597700,54350,54395,53890,53890,17596
1772598600,53885,54090,53830,54065,17163
1772599500,54070,54140,53890,53990,15376
1772600400,53990,54175,53935,54095,17303
1772601300,54095,54255,53910,54010,18580
1772602200,54005,54295,53900,54205,15650
1772603100,54205,54280,54100,54115,12931
1772604000,54115,54155,53965,54010,15304
1772604900,54010,54255,53945,54230,19222
1772605800,54230,54485,54170,54425,18201
1772606700,54275,54275,54275,54275,2504
1772611200,54720,55035,54615,54875,21989
1772612100,54875,54915,54630,54800,10419
1772613000,54805,55230,54800,55205,13907
1772613900,55205,55310,55000,55010,13449
1772614800,55010,55255,54935,55210,10638
1772615700,55210,55295,55170,55250,6259
1772616600,55250,55390,55220,55365,7662
1772617500,55365,55560,55330,55545,9096
1772618400,55540,55885,55475,55830,20200
1772619300,55830,55870,55595,55680,11729
1772620200,55680,55830,55675,55810,6871
1772621100,55815,55985,55790,55980,12512
1772622000,55980,56235,55955,56130,15105
1772622900,56140,56195,56105,56135,6432
1772623800,56140,56165,55980,56005,8934
1772624700,56005,56030,55815,55850,8582
1772625600,55850,56050,55845,56030,7749
1772626500,56030,56035,55730,55730,9795
1772627400,55735,55970,55655,55920,9499
1772628300,55920,55925,55755,55865,6667
1772629200,55865,56130,55860,56075,11638
1772630100,56080,56110,55910,56025,6721
1772631000,56035,56040,55900,55975,7703
1772631900,55975,56005,55815,55860,5787
1772632800,55870,55915,55755,55775,4785
1772633700,55775,55895,55765,55815,4783
1772634600,55815,55910,55545,55635,19230
1772635500,55640,55770,55485,55720,13269
1772636400,55720,56000,55715,55895,11282
1772637300,55890,56215,55890,56210,9416
1772638200,56215,56235,56085,56125,8116
1772639100,56125,56210,56070,56200,4359
1772640000,56200,56220,55930,55945,4555
1772640900,55950,55980,55835,55965,5605
1772641800,55965,56135,55905,56120,4821
1772642700,56125,56205,56095,56170,2839
1772643600,56175,56280,56160,56240,3267
1772644500,56235,56265,56110,56115,2674
1772645400,56115,56215,56045,56160,2604
1772646300,56165,56255,56165,56240,1585
1772647200,56240,56265,56200,56220,1895
1772648100,56220,56225,56160,56215,1324
1772649000,56220,56340,56215,56325,1591
1772649900,56330,56385,56300,56380,1575
1772650800,56380,56410,56310,56335,1678
1772651700,56330,56355,56320,56345,1179
1772652600,56340,56355,56320,56350,1371
1772653500,56355,56415,56355,56395,1736
1772654400,56395,56410,56350,56370,1522
1772655300,56365,56400,56320,56380,1501
1772656200,56375,56390,56305,56370,1289
1772657100,56370,56480,56370,56445,2890
1772658000,56385,56385,56385,56385,680
1772667900,56300,56350,56075,56235,16488
1772668800,56230,56395,56095,56255,33349
1772669700,56255,56520,56240,56515,20643
1772670600,56515,56640,56475,56580,17182
1772671500,56585,56605,56345,56540,16379
1772672400,56540,56615,56410,56490,15053
1772673300,56495,56495,56150,56265,19677
1772674200,56260,56275,55825,55860,19126
1772675100,55865,56010,55580,55660,26160
1772676000,55660,55880,55580,55795,16654
1772676900,55790,55850,55570,55670,11797
1772677800,55670,55725,55465,55655,10881
1772678700,55660,55840,55575,55675,9423
1772679600,55675,55785,55595,55615,7105
1772680500,55615,55645,55400,55435,8857
1772681400,55430,55450,55095,55225,27091
1772682300,55225,55240,55010,55080,18476
1772683200,55070,55240,54905,55195,18939
1772684100,55200,55430,55165,55410,13960
1772685000,55415,55535,55290,55510,12600
1772685900,55505,55710,55505,55700,13682
1772686800,55705,55725,55575,55585,13147
1772687700,55590,55605,55405,55545,13984
1772688600,55545,55625,55470,55475,12074
1772689500,55475,55555,55365,55375,8704
1772690400,55375,55390,55100,55105,17144
1772691300,55105,55350,55080,55275,22269
1772692200,55270,55285,55030,55060,22575
1772693100,55140,55140,55140,55140,2256
1772697600,55280,55440,54980,54980,18258
1772698500,54980,55155,54870,54915,10825
1772699400,54915,55100,54850,55080,10591
1772700300,55080,55385,55055,55380,10009
1772701200,55375,56105,55360,55890,29861
1772702100,55895,56045,55665,55695,21962
1772703000,55690,55820,55535,55650,10933
1772703900,55655,55885,55615,55830,7715
1772704800,55830,55910,55760,55840,6725
1772705700,55845,55940,55815,55920,5495
1772706600,55920,55945,55745,55780,5637
1772707500,55785,55980,55765,55950,5606
1772708400,55955,56030,55830,56010,10185
1772709300,56010,56130,55855,55890,8381
1772710200,55885,55950,55705,55810,8340
1772711100,55810,55890,55725,55745,5068
1772712000,55750,55780,55660,55730,5863
1772712900,55730,55945,55690,55840,5684
1772713800,55835,55870,55720,55740,4427
1772714700,55740,55820,55610,55655,5442
1772715600,55655,55665,55510,55520,6782
1772716500,55515,55585,55360,55515,8692
1772717400,55515,55580,55380,55510,9018
1772718300,55510,55550,55265,55270,6859
1772719200,55270,55330,55185,55230,10619
1772720100,55240,55265,55080,55105,6739
1772721000,55110,55385,55070,55070,23059
1772721900,55080,55430,55015,55405,13505
1772722800,55405,55470,55050,55200,11873
1772723700,55200,55205,54695,54800,16214
1772724600,54805,54955,54580,54840,16150
1772725500,54840,54950,54770,54880,8161
1772726400,54880,54900,54505,54625,11974
1772727300,54625,54665,54420,54470,10567
1772728200,54475,54745,54465,54615,10693
1772729100,54625,54735,54610,54705,5446
1772730000,54720,54865,54570,54640,7112
1772730900,54640,54650,54435,54440,6199
1772731800,54440,54470,54275,54300,9666
1772732700,54295,54305,54160,54170,8486
1772733600,54160,54280,54140,54240,5897
1772734500,54235,54260,54000,54060,7058
1772735400,54055,54310,54015,54290,5749
1772736300,54295,54300,54085,54125,4901
1772737200,54125,54150,54050,54130,3916
1772738100,54125,54190,53975,54075,4154
1772739000,54060,54135,53945,54115,4595
1772739900,54115,54245,54055,54130,4799
1772740800,54130,54385,54080,54350,8975
1772741700,54350,54605,54310,54480,5446
1772742600,54480,54565,54455,54515,3219
1772743500,54520,54635,54430,54610,3176
1772744400,54610,54610,54610,54610,776
1772754300,54795,54800,54475,54580,19291
1772755200,54580,55225,54555,55185,32468
1772756100,55185,55240,54940,55035,17582
1772757000,55040,55070,54865,54970,16140
1772757900,54975,55015,54815,54990,14459
1772758800,54990,55235,54930,55075,15308
1772759700,55080,55155,54515,54735,17484
1772760600,54735,55070,54710,54960,16593
1772761500,54960,55210,54905,55090,12892
1772762400,55095,55365,55050,55330,11981
1772763300,55335,55520,55300,55495,10332
1772764200,55490,55495,55390,55430,5360
1772765100,55435,55450,55315,55320,4375
1772766000,55320,55485,55315,55410,4455
1772766900,55415,55450,55350,55425,4409
1772767800,55430,55480,55210,55370,13772
1772768700,55370,55570,55330,55550,10016
1772769600,55545,55595,55445,55510,10187
1772770500,55505,55510,55230,55310,9903
1772771400,55310,55530,55280,55505,7309
1772772300,55500,55575,55375,55390,6603
1772773200,55395,55605,55385,55590,7001
1772774100,55590,55590,55480,55535,3633
1772775000,55535,55700,55530,55615,9398
1772775900,55610,55620,55430,55500,10623
1772776800,55500,55670,55495,55630,7903
1772777700,55635,55690,55565,55615,10686
1772778600,55615,55675,55590,55645,8856
1772779500,55730,55730,55730,55730,3071
1772784000,55630,55665,55330,55430,11416
1772784900,55425,55560,55310,55350,6690
1772785800,55355,55630,55335,55625,6845
1772786700,55625,55790,55600,55675,6351
1772787600,55680,55695,55355,55400,9247
1772788500,55395,55400,55135,55145,10786
1772789400,55145,55250,55015,55070,9274
1772790300,55070,55120,54900,55040,9872
1772791200,55045,55285,55030,55175,7935
1772792100,55180,55295,55130,55215,5112
1772793000,55220,55345,55165,55245,4963
1772793900,55245,55300,55155,55260,4035
1772794800,55250,55265,54980,55150,8552
1772795700,55155,55260,55105,55205,3966
1772796600,55200,55210,54850,54915,7531
1772797500,54920,54990,54775,54800,8255
1772798400,54815,54845,54695,54820,12075
1772799300,54820,54885,54765,54800,7453
1772800200,54795,54810,54660,54740,7653
1772801100,54740,54765,54615,54730,6200
1772802000,54730,54875,54720,54805,5448
1772802900,54800,54850,54735,54820,3560
1772803800,54820,54880,54365,54430,17433
1772804700,54430,54435,54040,54090,16790
1772805600,54090,54225,53970,54085,12023
1772806500,54090,54105,53880,53995,9888
1772807400,53990,54160,53755,53885,23626
1772808300,53885,54005,53735,53865,15522
1772809200,53865,54160,53805,54085,16352
1772810100,54080,54270,54060,54170,17332
1772811000,54170,54285,54045,54110,12776
1772811900,54115,54140,53825,54040,12078
1772812800,54035,54170,53955,53980,7272
1772813700,53975,54100,53940,54005,6640
1772814600,54010,54250,53945,54175,10517
1772815500,54180,54280,54090,54170,6469
1772816400,54170,54240,54060,54095,5334
1772817300,54095,54185,53970,53990,4204
1772818200,53985,54060,53815,53885,4486
1772819100,53885,54035,53885,53970,3447
1772820000,53970,54360,53955,54355,6406
1772820900,54360,54470,54210,54240,5703
1772821800,54240,54335,54190,54295,3756
1772822700,54300,54315,54160,54225,2830
1772823600,54225,54370,54225,54360,2856
1772824500,54355,54365,54190,54350,2858
1772825400,54340,54415,54295,54295,2586
1772826300,54295,54350,54245,54335,1872
1772827200,54330,54445,54195,54300,5352
1772828100,54295,54335,54040,54045,3061
1772829000,54050,54120,53880,54050,4655
1772829900,54045,54130,53985,54040,1652
1772830800,54005,54005,54005,54005,882
1773013500,51760,52255,51525,52230,38972
1773014400,52230,52445,51935,52410,44418
1773015300,52415,52520,51940,52245,40998
1773016200,52240,52685,52040,52270,28617
1773017100,52270,52380,51945,52080,25317
1773018000,52085,52210,51785,52025,29014
1773018900,52025,52085,51700,51715,21357
1773019800,51715,51930,51590,51645,18189
1773020700,51640,51720,51425,51440,21174
1773021600,51445,51845,51395,51675,23342
1773022500,51670,51775,51455,51730,14493
1773023400,51735,51950,51595,51935,9762
1773024300,51940,52085,51860,51990,9640
1773025200,51990,52110,51920,51970,6968
1773026100,51970,52085,51935,51975,5992
1773027000,51975,52245,51765,51785,19361
1773027900,51785,51905,51710,51800,11957
1773028800,51800,52145,51790,51890,13009
1773029700,51890,52040,51795,51985,10593
1773030600,51985,51990,51770,51815,7496
1773031500,51820,51830,51675,51730,8123
1773032400,51735,52095,51645,52040,16058
1773033300,52035,52445,51835,52430,28939
1773034200,52435,52580,52240,52495,24501
1773035100,52495,52745,52350,52745,18370
1773036000,52745,52900,52640,52795,18636
1773036900,52800,52950,52665,52695,20964
1773037800,52695,52845,52430,52475,28145
1773038700,52590,52590,52590,52590,2803
1773043200,52600,52745,52300,52345,16861
1773044100,52335,52820,52210,52610,16171
1773045000,52605,52950,52550,52805,19220
1773045900,52800,53100,52735,52945,15476
1773046800,52945,53005,52570,52740,15057
1773047700,52740,53080,52725,53075,10968
1773048600,53070,53455,52960,53340,19697
1773049500,53335,53395,53150,53200,8444
1773050400,53195,53255,53005,53030,7049
1773051300,53025,53095,52925,52935,6639
1773052200,52935,53035,52825,52990,7496
1773053100,52990,53005,52790,52860,6841
1773054000,52855,53075,52855,52975,6013
1773054900,52975,52980,52760,52770,5210
1773055800,52770,53015,52760,52950,5760
1773056700,52945,53100,52935,52990,5690
1773057600,52990,53195,52965,53175,5857
1773058500,53170,53320,53165,53300,6148
1773059400,53300,53325,52950,52950,8139
1773060300,52950,52980,52850,52980,6830
1773061200,52975,53255,52965,53225,6771
1773062100,53225,53255,53145,53235,5393
1773063000,53230,53475,53060,53140,17423
1773063900,53140,53255,52900,53075,16954
1773064800,53075,53255,52705,52855,19147
1773065700,52860,53180,52830,52960,12451
1773066600,52960,53415,52955,53410,10644
1773067500,53415,53495,53350,53370,11130
1773068400,53370,53510,53370,53500,8146
1773069300,53500,53775,53495,53685,14451
1773070200,53685,53760,53615,53675,6606
1773071100,53675,53820,53600,53730,6676
1773072000,53730,53875,53680,53775,6380
1773072900,53770,53895,53665,53815,6705
1773073800,53815,53825,53670,53770,5168
1773074700,53775,53860,53750,53850,3821
1773075600,53855,53860,53725,53770,2816
1773076500,53770,53785,53470,53525,5988
1773077400,53520,53580,53455,53480,2637
1773078300,53470,53650,53470,53615,4209
1773079200,53615,53740,53610,53690,3208
1773080100,53690,53800,53630,53680,2746
1773081000,53670,53825,53670,53750,2602
1773081900,53750,53780,53630,53645,1585
1773082800,53650,53730,53635,53695,1527
1773083700,53695,54575,53690,54560,15577
1773084600,54565,54945,54380,54655,13059
1773085500,54645,54695,54480,54680,8552
1773086400,54680,54795,54450,54560,4961
1773087300,54560,54610,54410,54610,2416
1773088200,54605,54665,54520,54595,2746
1773089100,54605,54645,54530,54610,1371
1773090000,54585,54585,54585,54585,616
1773099900,54410,54545,54135,54260,20966
1773100800,54265,54435,53960,54180,34349
1773101700,54180,54335,54010,54330,18016
1773102600,54325,54395,54080,54360,14562
1773103500,54365,54460,54285,54290,12577
1773104400,54290,54655,54235,54630,16570
1773105300,54625,54645,54450,54530,10737
1773106200,54525,54625,54415,54490,10894
1773107100,54490,54710,54460,54625,10581
1773108000,54620,54645,54380,54450,8760
1773108900,54445,54460,54350,54425,6137
1773109800,54420,54455,54235,54255,5638
1773110700,54255,54285,54040,54090,8504
1773111600,54085,54205,54070,54095,5181
1773112500,54095,54180,53975,54045,7224
1773113400,54050,54085,53690,53695,15785
1773114300,53700,53870,53540,53795,17044
1773115200,53800,53955,53730,53930,11213
1773116100,53925,54030,53865,53915,7266
1773117000,53920,54095,53900,53975,7330
1773117900,53970,54010,53805,53885,7815
1773118800,53885,54140,53865,54070,7866
1773119700,54075,54135,54005,54105,6349
1773120600,54105,54185,54045,54175,6704
1773121500,54175,54245,54130,54215,6854
1773122400,54215,54230,54115,54165,6189
1773123300,54170,54220,54050,54220,12532
1773124200,54220,54420,54190,54345,16196
1773125100,54455,54455,54455,54455,2983
1773129600,54735,55025,54725,54960,14067
1773130500,54960,55215,54955,55180,10853
1773131400,55175,55380,55150,55360,11798
1773132300,55360,55410,55100,55130,9902
1773133200,55125,55360,55085,55340,7770
1773134100,55335,55350,55225,55290,5638
1773135000,55290,55360,55265,55310,3600
1773135900,55310,55310,55140,55155,4085
1773136800,55150,55165,54975,55065,6259
1773137700,55065,55185,55005,55180,4645
1773138600,55180,55220,54915,55060,6294
1773139500,55050,55115,54970,55080,3217
1773140400,55075,55280,55015,55030,7892
1773141300,55030,55070,54945,55025,4370
1773142200,55025,55035,54790,54800,4428
1773143100,54800,54880,54730,54830,6296
1773144000,54835,54835,54475,54595,10790
1773144900,54595,54660,54540,54545,5201
1773145800,54540,54625,54450,54585,6195
1773146700,54580,54760,54575,54675,6173
1773147600,54670,54725,54595,54610,4289
1773148500,54610,54675,54570,54635,3217
1773149400,54640,54790,54550,54690,15585
1773150300,54685,54720,54480,54515,9320
1773151200,54525,54585,54290,54440,11299
1773152100,54435,54830,54370,54805,10911
1773153000,54800,55110,54800,55075,11384
1773153900,55075,55280,55040,55280,8824
1773154800,55270,55375,55230,55245,8362
1773155700,55245,55370,55235,55270,5360
1773156600,55270,55325,55180,55280,5260
1773157500,55275,55295,55195,55230,3294
1773158400,55230,55230,55015,55130,5022
1773159300,55125,55290,55110,55230,4492
1773160200,55230,55355,55220,55345,3686
1773161100,55340,55380,55225,55370,3774
1773162000,55365,55585,55350,55560,6096
1773162900,55555,55790,55555,55700,7190
1773163800,55700,55700,55310,55425,6546
1773164700,55425,55580,55405,55515,3459
1773165600,55515,55530,55115,55115,5314
1773166500,55130,55200,54780,55115,14090
1773167400,55115,55210,54950,54950,6043
1773168300,54945,55095,54940,54955,2550
1773169200,54960,55075,54925,55055,3341
1773170100,55060,55145,54890,54890,3371
1773171000,54895,55045,54775,54895,4351
1773171900,54900,54920,54700,54880,4111
1773172800,54885,54970,54820,54950,1990
1773173700,54945,54945,54805,54830,761
1773174600,54840,54870,54775,54820,942
1773175500,54815,54835,54800,54810,349
1773176400,54860,54860,54860,54860,561
1773186300,54840,55120,54800,55070,12459
1773187200,55075,55485,54930,55400,28157
1773188100,55405,55530,55255,55375,13617
1773189000,55380,55400,55170,55200,8386
1773189900,55200,55365,55200,55270,7374
1773190800,55275,55435,55220,55430,6869
1773191700,55430,55455,55375,55425,5207
1773192600,55420,55490,55325,55380,5508
1773193500,55380,55440,55350,55395,5117
1773194400,55400,55455,55355,55400,3516
1773195300,55405,55555,55370,55370,7558
1773196200,55370,55455,55250,55440,4906
1773197100,55440,55535,55425,55500,3803
1773198000,55495,55525,55450,55520,2273
1773198900,55515,55580,55465,55475,2896
1773199800,55465,55705,55450,55680,7713
1773200700,55685,55745,55640,55715,5500
1773201600,55715,55730,55605,55665,3569
1773202500,55665,55665,55605,55650,2765
1773203400,55655,55690,55630,55645,2168
1773204300,55645,55645,55490,55540,5688
1773205200,55540,55615,55315,55360,10987
1773206100,55360,55395,55240,55330,9761
1773207000,55330,55335,55140,55140,7332
1773207900,55145,55185,54975,54990,9131
1773208800,54985,55095,54885,55080,9443
1773209700,55085,55085,54855,54925,9306
1773210600,54925,55210,54900,55165,9261
1773211500,55210,55210,55210,55210,1410
1773216000,54855,54915,54735,54870,8522
1773216900,54865,54880,54710,54750,6075
1773217800,54750,54830,54540,54655,7645
1773218700,54655,54725,54440,54570,8377
1773219600,54565,54570,54330,54395,6101
1773220500,54390,54560,54355,54360,4717
1773221400,54360,54510,54345,54440,3763
1773222300,54430,54485,54315,54330,3739
1773223200,54335,54645,54290,54640,6203
1773224100,54640,54695,54550,54625,4477
1773225000,54625,54870,54615,54850,6463
1773225900,54850,54875,54815,54840,3073
1773226800,54835,54925,54735,54820,4442
1773227700,54825,54850,54570,54625,4845
1773228600,54625,54670,54490,54530,3355
1773229500,54530,54675,54415,54475,9603
1773230400,54475,54575,54425,54510,4266
1773231300,54500,54680,54475,54640,3354
1773232200,54650,54710,54385,54395,6825
1773233100,54395,54405,54290,54370,4883
1773234000,54370,54590,54360,54430,6226
1773234900,54430,54620,54415,54605,3506
1773235800,54605,54825,54605,54700,9456
1773236700,54700,54840,54625,54820,8435
1773237600,54815,55160,54735,54900,18661
1773238500,54890,54920,54605,54725,7961
1773239400,54725,54865,54580,54830,7098
1773240300,54830,54950,54775,54910,3594
1773241200,54905,54965,54660,54715,5705
1773242100,54710,54720,54510,54520,4859
1773243000,54525,54570,54445,54445,4025
1773243900,54445,54550,54415,54430,3562
1773244800,54425,54470,54370,54440,3172
1773245700,54445,54455,54330,54360,4583
1773246600,54360,54635,54345,54580,5550
1773247500,54575,54705,54545,54690,2276
1773248400,54685,54730,54625,54655,2273
1773249300,54665,54755,54580,54715,2283
1773250200,54730,54735,54380,54500,3832
1773251100,54490,54620,54465,54535,2315
1773252000,54530,54550,54420,54490,1118
1773252900,54490,54620,54475,54610,1662
1773253800,54610,54650,54590,54625,946
1773254700,54625,54695,54575,54640,1236
1773255600,54645,54650,54550,54560,827
1773256500,54565,54660,54550,54635,974
1773257400,54640,54795,54630,54745,1054
1773258300,54750,54800,54695,54785,1628
1773259200,54780,54790,54710,54775,566
1773260100,54770,54780,54735,54735,188
1773261000,54740,54745,54700,54730,177
1773261900,54730,54750,54680,54735,514
1773262800,54675,54675,54675,54675,867
1773272700,53955,54195,53770,54145,6620
1773273600,54165,54435,54095,54180,7931
1773274500,54170,54350,54120,54290,3986
1773275400,54285,54500,54255,54445,3693
1773276300,54440,54470,54275,54460,2518
1773277200,54455,54555,54295,54385,3226
1773278100,54375,54540,54365,54525,2111
1773279000,54530,54720,54520,54680,2604
1773279900,54680,54685,54335,54450,2934
1773280800,54450,54450,54275,54280,1876
1773281700,54275,54325,54155,54165,1828
1773282600,54170,54210,53870,53935,2831
1773283500,53940,53985,53870,53915,1601
1773284400,53920,54005,53895,53900,1457
1773285300,53905,53945,53840,53900,1598
1773286200,53900,53940,53780,53895,3167
1773287100,53895,54075,53830,54070,2593
1773288000,54065,54160,54000,54095,2650
1773288900,54090,54215,54030,54190,2312
1773289800,54200,54205,53965,53970,1753
1773290700,53970,54015,53920,53935,1336
1773291600,53930,54290,53930,54285,3452
1773292500,54285,54310,54135,54200,1749
1773293400,54195,54270,54155,54255,1375
1773294300,54255,54290,54135,54255,1770
1773295200,54250,54275,54210,54255,1132
1773296100,54245,54495,54245,54465,2416
1773297000,54495,54515,54425,54465,1739
1773297900,54425,54425,54425,54425,1184
1773302400,54380,54575,54370,54470,10658
1773303300,54465,54485,54275,54280,5853
1773304200,54280,54435,54250,54430,4748
1773305100,54435,54510,54400,54460,3897
1773306000,54460,54475,54270,54290,3108
1773306900,54285,54370,54180,54365,4320
1773307800,54370,54510,54365,54485,4169
1773308700,54490,54510,54415,54490,3184
1773309600,54495,54545,54455,54500,3538
1773310500,54500,54500,54400,54410,2697
1773311400,54420,54500,54345,54380,4216
1773312300,54380,54430,54305,54325,2282
1773313200,54320,54345,54250,54275,2409
1773314100,54280,54385,54275,54345,3164
1773315000,54345,54475,54345,54450,3490
1773315900,54450,54460,54295,54295,2705
1773316800,54300,54325,54125,54205,5135
1773317700,54205,54235,54080,54205,4891
1773318600,54200,54235,54105,54225,2828
1773319500,54230,54235,54130,54230,3335
1773320400,54230,54310,54190,54205,4195
1773321300,54200,54215,53845,54055,11355
1773322200,54060,54145,53935,53935,12136
1773323100,53930,54030,53630,53760,15092
1773324000,53760,53935,53760,53830,9404
1773324900,53835,53865,53585,53590,9014
1773325800,53585,53720,53530,53695,8470
1773326700,53700,53845,53535,53615,11782
1773327600,53610,53630,53285,53375,11552
1773328500,53375,53560,53330,53485,7440
1773329400,53485,53720,53360,53660,10872
1773330300,53660,53735,53535,53705,6354
1773331200,53705,53785,53450,53610,9069
1773332100,53610,53885,53585,53675,7255
1773333000,53670,53865,53665,53795,5465
1773333900,53795,53805,53655,53750,3651
1773334800,53745,53865,53685,53695,3134
1773335700,53690,53790,53635,53725,3059
1773336600,53725,53855,53710,53715,2397
1773337500,53715,53750,53610,53695,2550
1773338400,53700,53805,53695,53760,1746
1773339300,53770,53795,53670,53715,1440
1773340200,53710,53730,53630,53655,1141
1773341100,53655,53720,53625,53630,1315
1773342000,53630,53710,53540,53620,3791
1773342900,53625,53690,53580,53690,1729
1773343800,53690,53765,53635,53645,1599
1773344700,53650,53660,53510,53550,2598
1773345600,53555,53590,53490,53510,1252
1773346500,53510,53540,53485,53510,606
1773347400,53510,53525,53490,53510,510
1773348300,53510,53545,53505,53540,560
1773349200,53510,53510,53510,53510,639
1773359100,53650,53665,53250,53255,18544
1773360000,53255,53430,52805,53420,43869
1773360900,53420,53615,53375,53385,19690
1773361800,53385,53585,53385,53520,12708
1773362700,53525,53580,53340,53415,9080
1773363600,53420,53820,53420,53800,17483
1773364500,53795,53855,53720,53770,7182
1773365400,53775,53855,53590,53645,8569
1773366300,53645,53685,53545,53605,7207
1773367200,53600,53720,53580,53605,7695
1773368100,53600,53625,53490,53580,6575
1773369000,53580,53660,53545,53570,3209
1773369900,53570,53615,53560,53585,1958
1773370800,53585,53615,53505,53520,3662
1773371700,53520,53585,53460,53530,3988
1773372600,53530,53590,53460,53555,6786
1773373500,53555,53685,53550,53655,4796
1773374400,53650,53710,53605,53635,4997
1773375300,53640,53650,53495,53505,5144
1773376200,53500,53520,53430,53520,6945
1773377100,53515,53540,53410,53435,5188
1773378000,53435,53510,53380,53395,5072
1773378900,53395,53535,53375,53530,4890
1773379800,53530,53625,53530,53580,5799
1773380700,53575,53620,53555,53575,4217
1773381600,53570,53645,53510,53610,6436
1773382500,53610,53655,53500,53530,13095
1773383400,53535,53550,53305,53370,13259
1773384300,53375,53375,53375,53375,1900
1773388800,52990,52990,52605,52670,19677
1773389700,52665,52675,52480,52530,11237
1773390600,52530,52890,52520,52805,12037
1773391500,52810,53065,52740,53025,10328
1773392400,53025,53250,52980,53040,11984
1773393300,53035,53120,52945,53085,5640
1773394200,53080,53100,52965,53040,3519
1773395100,53035,53155,53010,53080,4417
1773396000,53085,53345,53065,53335,5708
1773396900,53340,53475,53330,53350,6408
1773397800,53355,53390,53310,53320,3734
1773398700,53315,53605,53295,53590,11461
1773399600,53585,53635,53475,53500,6452
1773400500,53510,53620,53470,53575,4503
1773401400,53570,53620,53540,53620,2872
1773402300,53625,53685,53570,53660,4482
1773403200,53665,53730,53590,53625,4973
1773404100,53630,53665,53570,53650,3158
1773405000,53655,53715,53610,53675,3674
1773405900,53675,53895,53670,53750,10139
1773406800,53745,53830,53705,53795,6343
1773407700,53795,53840,53740,53840,2757
1773408600,53830,54065,53785,54060,14913
1773409500,54060,54065,53740,53755,11100
1773410400,53760,53845,53585,53620,10506
1773411300,53620,53705,53530,53640,7474
1773412200,53640,53790,53470,53480,9119
1773413100,53475,53525,53200,53225,14401
1773414000,53230,53455,53175,53445,10355
1773414900,53450,53455,53180,53205,6413
1773415800,53205,53265,53025,53085,7571
1773416700,53080,53290,53000,53050,9760
1773417600,53045,53200,53035,53095,6409
1773418500,53095,53145,53005,53100,5386
1773419400,53100,53245,53090,53115,5457
1773420300,53115,53240,53055,53075,4261
1773421200,53080,53200,53035,53200,2919
1773422100,53205,53230,53060,53075,3575
1773423000,53075,53125,53010,53075,3113
1773423900,53070,53105,52870,52935,4262
1773424800,52940,53010,52925,52975,2290
1773425700,52975,53005,52885,53000,2536
1773426600,52995,53175,52980,53150,3261
1773427500,53155,53185,53110,53140,2178
1773428400,53135,53135,53030,53065,2463
1773429300,53075,53105,52915,52965,2695
1773430200,52955,53015,52875,52915,2164
1773431100,52920,53040,52880,53010,4032
1773432000,53010,53025,52935,52955,1247
1773432900,52955,52980,52935,52945,604
1773433800,52955,53005,52955,52960,631
1773434700,52965,53015,52965,53000,846
1773435600,52925,52925,52925,52925,926
1773618300,53120,53495,53115,53460,15686
1773619200,53465,53630,53375,53570,30107
1773620100,53570,53765,53405,53440,16296
1773621000,53440,53625,53330,53530,12492
1773621900,53530,53580,53440,53530,8556
1773622800,53535,53595,53410,53425,7441
1773623700,53425,53475,53200,53205,9906
1773624600,53205,53215,52970,53195,17679
1773625500,53190,53345,53190,53230,8451
1773626400,53230,53260,52990,53045,10583
1773627300,53045,53065,52880,52910,10865
1773628200,52915,53000,52900,52940,4823
1773629100,52940,53030,52925,53005,3733
1773630000,53005,53045,52985,53015,2725
1773630900,53015,53100,53010,53075,5013
1773631800,53080,53360,53080,53340,10984
1773632700,53345,53410,53320,53370,6144
1773633600,53375,53400,53300,53350,5974
1773634500,53355,53475,53355,53450,5320
1773635400,53445,53480,53385,53410,4480
1773636300,53415,53445,53325,53330,7294
1773637200,53330,53385,53265,53300,5450
1773638100,53305,53335,53180,53210,6137
1773639000,53205,53375,53190,53365,6336
1773639900,53370,53520,53370,53495,7373
1773640800,53490,53540,53460,53530,6062
1773641700,53535,53550,53425,53475,8803
1773642600,53475,53545,53440,53530,7023
1773643500,53525,53525,53525,53525,1465
1773648000,53315,53510,53250,53345,10723
1773648900,53340,53395,53250,53300,6975
1773649800,53295,53350,53230,53245,5706
1773650700,53250,53380,53205,53335,5871
1773651600,53335,53395,53185,53355,5294
1773652500,53355,53395,53260,53310,3981
1773653400,53305,53305,53170,53215,4361
1773654300,53215,53340,53180,53255,3355
1773655200,53255,53470,53235,53455,4690
1773656100,53455,53680,53425,53660,5815
1773657000,53665,53730,53600,53640,4844
1773657900,53635,53850,53630,53845,6264
1773658800,53845,53855,53780,53790,4350
1773659700,53795,53855,53740,53750,4017
1773660600,53755,53860,53715,53855,3924
1773661500,53855,53905,53825,53880,3558
1773662400,53885,54020,53880,53995,5544
1773663300,53995,54040,53940,54025,3955
1773664200,54030,54120,53990,54105,6441
1773665100,54100,54155,54000,54025,6946
1773666000,54025,54100,54020,54050,3008
1773666900,54050,54075,54020,54055,2922
1773667800,54055,54235,54030,54230,10421
1773668700,54225,54325,54165,54305,10331
1773669600,54310,54360,54220,54290,6715
1773670500,54290,54310,54160,54160,4041
1773671400,54165,54175,54010,54055,7278
1773672300,54050,54250,54030,54250,6302
1773673200,54250,54255,54125,54205,4173
1773674100,54205,54275,54160,54245,2869
1773675000,54245,54315,54225,54230,3216
1773675900,54235,54250,54085,54095,5007
1773676800,54090,54175,54045,54115,3638
1773677700,54115,54155,53950,53975,5351
1773678600,53975,54120,53960,54080,4845
1773679500,54080,54085,53985,54050,3871
1773680400,54050,54170,54045,54145,4118
1773681300,54145,54185,54085,54150,1914
1773682200,54155,54180,54085,54090,1170
1773683100,54095,54140,54000,54070,2276
1773684000,54075,54195,54070,54145,2603
1773684900,54150,54215,54135,54190,2344
1773685800,54185,54235,54170,54225,1304
1773686700,54225,54230,54165,54180,880
1773687600,54180,54375,54165,54195,4942
1773688500,54190,54235,54105,54130,3976
1773689400,54130,54200,54105,54125,1871
1773690300,54120,54285,54085,54265,3051
1773691200,54265,54310,54240,54255,1389
1773692100,54250,54255,54185,54195,1083
1773693000,54195,54205,54145,54160,1604
1773693900,54165,54200,54160,54190,598
1773694800,54190,54190,54190,54190,666
1773704700,54140,54260,54075,54115,12006
1773705600,54120,54200,53920,54000,28699
1773706500,54000,54020,53720,53770,16106
1773707400,53770,53890,53680,53695,11720
1773708300,53695,53730,53550,53650,9978
1773709200,53655,53760,53600,53695,9128
1773710100,53700,53820,53680,53810,5904
1773711000,53810,53855,53655,53685,6419
1773711900,53685,53830,53625,53815,4550
1773712800,53815,53830,53730,53750,3590
1773713700,53755,53815,53695,53775,3098
1773714600,53775,53795,53735,53785,1868
1773715500,53785,53795,53690,53690,1902
1773716400,53695,53775,53680,53770,2438
1773717300,53765,53825,53765,53795,2416
1773718200,53795,53850,53635,53675,7104
1773719100,53675,53765,53645,53710,4943
1773720000,53705,53720,53655,53690,3273
1773720900,53690,53765,53660,53730,3713
1773721800,53730,53820,53715,53775,3896
1773722700,53775,53805,53720,53735,3125
1773723600,53735,53775,53675,53755,3735
1773724500,53755,53785,53740,53750,2680
1773725400,53745,53770,53705,53730,3018
1773726300,53735,53735,53450,53470,11166
1773727200,53465,53490,53240,53360,16258
1773728100,53355,53510,53330,53495,11558
1773729000,53490,53510,53365,53450,9033
1773729900,53420,53420,53420,53420,1414
1773734400,53520,53630,53490,53535,8058
1773735300,53530,53630,53505,53515,4786
1773736200,53520,53645,53450,53595,5490
1773737100,53595,53625,53460,53530,4603
1773738000,53525,53635,53525,53615,5087
1773738900,53615,53840,53560,53820,9530
1773739800,53820,53845,53730,53805,4913
1773740700,53800,53815,53740,53810,3483
1773741600,53810,53835,53730,53755,3206
1773742500,53755,53760,53645,53690,2876
1773743400,53690,53785,53680,53760,2569
1773744300,53760,53830,53730,53825,3196
1773745200,53820,53840,53755,53780,2500
1773746100,53780,53825,53765,53785,1280
1773747000,53785,53820,53740,53805,1754
1773747900,53810,53835,53725,53740,2007
1773748800,53740,53960,53725,53955,5352
1773749700,53955,54010,53915,53995,3657
1773750600,53995,54075,53995,54015,4528
1773751500,54015,54060,53970,54050,2758
1773752400,54060,54185,54050,54170,5714
1773753300,54170,54275,54155,54245,6185
1773754200,54250,54350,54215,54320,9916
1773755100,54320,54400,54295,54320,6591
1773756000,54315,54365,54245,54260,7019
1773756900,54260,54275,54160,54225,6488
1773757800,54225,54295,54190,54285,5751
1773758700,54285,54305,54260,54300,3773
1773759600,54300,54335,54130,54145,7339
1773760500,54145,54230,54080,54085,7803
1773761400,54085,54110,53945,54030,5653
1773762300,54025,54075,53995,54020,3963
1773763200,54015,54040,53900,53965,5210
1773764100,53965,54085,53955,54020,3102
1773765000,54020,54055,53915,54045,3491
1773765900,54050,54055,53990,53990,1253
1773766800,53985,54095,53975,54065,2068
1773767700,54060,54105,54045,54075,1238
1773768600,54070,54135,54055,54070,1421
1773769500,54075,54140,54045,54130,1113
1773770400,54135,54185,54110,54150,1473
1773771300,54145,54160,54030,54050,1245
1773772200,54050,54105,54035,54080,1225
1773773100,54085,54145,54085,54100,875
1773774000,54110,54120,54035,54085,916
1773774900,54085,54125,54065,54070,631
1773775800,54070,54090,54055,54080,382
1773776700,54085,54110,54055,54110,1208
1773777600,54115,54150,54090,54130,760
1773778500,54135,54220,54135,54180,1328
1773779400,54185,54250,54160,54235,1004
1773780300,54235,54250,54190,54195,612
1773781200,54230,54230,54230,54230,591
1773791100,54170,54215,54040,54060,10678
1773792000,54060,54350,54025,54345,26148
1773792900,54350,54385,54145,54195,12855
1773793800,54200,54265,54145,54170,7881
1773794700,54170,54375,54150,54355,8917
1773795600,54365,54600,54360,54595,15371
1773796500,54595,54625,54480,54520,9031
1773797400,54520,54520,54425,54505,6660
1773798300,54505,54520,54380,54480,6844
1773799200,54480,54570,54475,54565,6767
1773800100,54565,54690,54560,54655,11367
1773801000,54655,54680,54620,54635,2593
1773801900,54630,54690,54630,54685,2222
1773802800,54685,54720,54635,54645,3526
1773803700,54650,54715,54645,54705,3409
1773804600,54705,54765,54665,54755,9381
1773805500,54755,54840,54755,54815,7269
1773806400,54820,54950,54820,54920,8169
1773807300,54920,54945,54860,54895,5856
1773808200,54900,54920,54835,54885,5085
1773809100,54880,54965,54875,54925,7838
1773810000,54925,54945,54875,54895,4096
1773810900,54900,54930,54860,54895,5900
1773811800,54895,54950,54870,54920,4129
1773812700,54920,54980,54915,54925,6194
1773813600,54920,54930,54860,54885,8920
1773814500,54885,55095,54855,55075,14812
1773815400,55070,55095,54825,54865,18244
1773816300,54910,54910,54910,54910,2651
1773820800,54800,54800,54675,54750,10951
1773821700,54755,54795,54625,54630,5757
1773822600,54630,54695,54585,54665,5823
1773823500,54660,54730,54610,54665,4559
1773824400,54665,54695,54570,54585,4045
1773825300,54585,54690,54570,54625,3305
1773826200,54630,54650,54590,54640,2358
1773827100,54640,54645,54525,54540,3934
1773828000,54540,54640,54525,54600,3012
1773828900,54605,54675,54595,54620,2372
1773829800,54620,54645,54570,54580,1674
1773830700,54575,54590,54510,54535,2579
1773831600,54535,54590,54490,54570,2969
1773832500,54570,54610,54320,54325,7235
1773833400,54320,54510,54310,54480,8389
1773834300,54475,54495,54425,54435,5347
1773835200,54435,54445,54195,54260,10898
1773836100,54260,54265,54100,54160,11714
1773837000,54160,54195,53905,53945,14756
1773837900,53950,53990,53835,53850,13814
1773838800,53850,53935,53785,53890,9720
1773839700,53890,54010,53815,54000,7410
1773840600,53995,54140,53955,54040,13113
1773841500,54045,54135,53980,54085,9544
1773842400,54085,54180,53910,53920,9684
1773843300,53920,54010,53810,53880,8080
1773844200,53875,53975,53835,53870,6549
1773845100,53870,54000,53870,53995,5358
1773846000,53995,54105,53955,54015,6658
1773846900,54025,54045,53900,53950,3023
1773847800,53950,54010,53925,53955,2210
1773848700,53955,53980,53910,53950,2030
1773849600,53950,53985,53895,53985,2913
1773850500,53980,53995,53910,53960,2355
1773851400,53965,53965,53850,53925,3641
1773852300,53925,54000,53905,53955,1339
1773853200,53955,53965,53870,53890,1959
1773854100,53890,53980,53885,53970,1840
1773855000,53975,54050,53920,54005,2282
1773855900,54005,54085,54000,54045,1890
1773856800,54050,54110,54030,54070,3504
1773857700,54070,54070,53915,53985,3710
1773858600,53980,54025,53845,53855,5097
1773859500,53855,53880,53695,53725,5399
1773860400,53725,53850,53705,53805,3081
1773861300,53810,53810,53525,53560,7620
1773862200,53560,53635,53465,53510,4729
1773863100,53505,53555,53430,53490,4584
1773864000,53495,53495,53335,53345,2739
1773864900,53350,53350,53150,53170,4141
1773865800,53170,53205,53135,53195,1624
1773866700,53195,53265,53175,53260,1600
1773867600,53295,53295,53295,53295,915
1773877500,53545,53550,53350,53360,17430
1773878400,53365,53675,53280,53630,33029
1773879300,53630,53650,53430,53565,13918
1773880200,53570,53620,53435,53440,10559
1773881100,53445,53535,53400,53495,10958
1773882000,53500,53550,53375,53400,9742
1773882900,53400,53520,53370,53490,8871
1773883800,53490,53605,53435,53540,8654
1773884700,53535,53570,53460,53495,6366
1773885600,53500,53585,53370,53545,11077
1773886500,53545,53665,53505,53640,7213
1773887400,53640,53720,53605,53665,4353
1773888300,53670,53675,53525,53575,4432
1773889200,53580,53625,53545,53605,3578
1773890100,53605,53610,53560,53570,2472
1773891000,53575,53590,53440,53450,10317
1773891900,53450,53515,53435,53435,5240
1773892800,53435,53435,53255,53310,11830
1773893700,53305,53330,53260,53300,5774
1773894600,53295,53335,53225,53250,6135
1773895500,53255,53260,53185,53235,7490
1773896400,53240,53295,53215,53295,6091
1773897300,53290,53320,53210,53225,5489
1773898200,53225,53240,53045,53050,10419
1773899100,53050,53120,52940,52945,14548
1773900000,52950,53100,52940,53065,14182
1773900900,53060,53170,53040,53060,15749
1773901800,53065,53130,52840,52925,18272
1773902700,52985,52985,52985,52985,2684
1773907200,52650,52845,52605,52660,16176
1773908100,52655,52765,52470,52505,11058
1773909000,52505,52575,52245,52265,13170
1773909900,52265,52565,52235,52405,13676
1773910800,52405,52590,52395,52490,9788
1773911700,52490,52610,52170,52265,15186
1773912600,52265,52420,52175,52360,13075
1773913500,52360,52815,52345,52760,14075
1773914400,52755,52755,52495,52525,7841
1773915300,52530,52570,52450,52520,4281
1773916200,52515,52540,52410,52440,3617
1773917100,52445,52475,52355,52440,3796
1773918000,52440,52535,52375,52395,4606
1773918900,52390,52405,52245,52315,4718
1773919800,52310,52350,52195,52235,4727
1773920700,52235,52440,52225,52410,5298
1773921600,52410,52445,52200,52315,9046
1773922500,52315,52370,52085,52110,7253
1773923400,52115,52125,51950,52065,11608
1773924300,52060,52070,51885,51940,8147
1773925200,51945,51965,51755,51785,10833
1773926100,51785,52065,51710,51740,17001
1773927000,51735,52030,51675,51980,22156
1773927900,51975,52285,51875,52255,19334
1773928800,52250,52380,52145,52260,13629
1773929700,52255,52300,52045,52095,9583
1773930600,52090,52390,52080,52285,9956
1773931500,52290,52430,52265,52330,6767
1773932400,52320,52590,52295,52515,12492
1773933300,52515,52580,52240,52335,8993
1773934200,52325,52330,52110,52140,7807
1773935100,52140,52410,52090,52390,9114
1773936000,52390,52490,52245,52275,8761
1773936900,52275,52315,52200,52310,4371
1773937800,52310,52400,52220,52350,5153
1773938700,52350,52365,52180,52280,3664
1773939600,52280,52295,52035,52110,4320
1773940500,52110,52370,52090,52325,4265
1773941400,52325,52355,52190,52265,2605
1773942300,52265,52360,52225,52285,1831
1773943200,52280,52465,52230,52460,3152
1773944100,52460,52480,52295,52300,3307
1773945000,52300,52310,52165,52225,3244
1773945900,52220,52485,52205,52455,2609
1773946800,52460,53100,52435,53010,18535
1773947700,53010,53130,52830,52885,10962
1773948600,52890,52925,52695,52890,5119
1773949500,52890,52890,52765,52840,4972
1773950400,52840,52990,52800,52955,4076
1773951300,52960,53010,52950,52975,2154
1773952200,52970,52970,52910,52950,1172
1773953100,52950,52990,52950,52970,447
1773954000,53005,53005,53005,53005,988
1773963900,53125,53240,53050,53150,8039
1773964800,53150,53200,52925,53145,7510
1773965700,53140,53140,52830,52925,6337
1773966600,52920,53020,52890,52940,3834
1773967500,52945,53070,52905,53070,3481
1773968400,53075,53170,53020,53115,5199
1773969300,53120,53150,53045,53150,3900
1773970200,53155,53355,53155,53305,13251
1773971100,53315,53385,53175,53200,6610
1773972000,53205,53260,53145,53245,3045
1773972900,53245,53255,53195,53230,1618
1773973800,53230,53255,53200,53235,1401
1773974700,53235,53295,53225,53240,1466
1773975600,53245,53260,53205,53235,1742
1773976500,53235,53265,53185,53215,1230
1773977400,53210,53255,53180,53180,1504
1773978300,53180,53215,53160,53210,1473
1773979200,53210,53250,53190,53190,1162
1773980100,53190,53195,53135,53195,1478
1773981000,53195,53210,53170,53180,967
1773981900,53180,53190,53150,53175,820
1773982800,53170,53170,53050,53105,2985
1773983700,53105,53225,53105,53225,2858
1773984600,53220,53245,53175,53225,3045
1773985500,53230,53250,53210,53240,1900
1773986400,53235,53285,53220,53260,2329
1773987300,53260,53260,53135,53150,2831
1773988200,53150,53160,53105,53115,2079
1773989100,53085,53085,53085,53085,655
1773993600,53245,53430,53205,53425,8934
1773994500,53425,53455,53275,53295,6961
1773995400,53295,53365,53230,53295,4973
1773996300,53295,53335,53255,53290,5260
1773997200,53295,53335,53165,53185,5818
1773998100,53185,53185,53025,53050,5732
1773999000,53050,53170,52980,53040,5858
1773999900,53045,53060,52670,52760,11591
1774000800,52755,52800,52485,52580,10381
1774001700,52580,52635,52470,52575,6343
1774002600,52570,52785,52570,52745,5765
1774003500,52745,52750,52590,52625,5193
1774004400,52630,52910,52610,52840,7325
1774005300,52840,52925,52810,52860,4536
1774006200,52860,52945,52795,52900,4596
1774007100,52900,52940,52815,52930,3148
1774008000,52930,53050,52840,52975,7759
1774008900,52970,53015,52890,52995,4334
1774009800,52990,53000,52845,52930,5799
1774010700,52925,52970,52815,52965,5489
1774011600,52965,52990,52765,52820,4106
1774012500,52820,52905,52800,52835,4351
1774013400,52830,52885,52685,52875,12722
1774014300,52875,52925,52505,52505,11694
1774015200,52505,52595,52215,52250,16055
1774016100,52255,52290,52100,52155,15327
1774017000,52155,52315,52065,52110,12838
1774017900,52105,52170,51920,52000,9538
1774018800,52000,52110,51875,52070,11886
1774019700,52075,52160,51815,51850,10962
1774020600,51850,52015,51845,51925,5699
1774021500,51930,51945,51850,51875,3906
1774022400,51875,52050,51870,51900,5412
1774023300,51900,51970,51820,51830,5021
1774024200,51835,51835,51630,51730,6803
1774025100,51730,51835,51650,51740,3890
1774026000,51745,51810,51585,51680,7784
1774026900,51695,51725,51600,51640,3412
1774027800,51645,51665,51460,51570,4900
1774028700,51575,51670,51515,51650,3077
1774029600,51650,51690,51520,51530,2256
1774030500,51540,51550,51250,51380,7661
1774031400,51375,51400,51230,51240,4324
1774032300,51240,51290,51200,51275,3218
1774033200,51280,51345,51180,51245,3603
1774034100,51245,51290,51085,51125,3602
1774035000,51125,51150,50900,51090,9478
1774035900,51085,51150,50960,51070,10692
1774036800,51065,51135,51030,51105,5925
1774037700,51105,51135,51000,51010,2680
1774038600,51010,51040,50965,50975,2595
1774039500,50980,51100,50970,51045,2330
1774040400,51075,51075,51075,51075,1175
1774223100,51150,51160,50765,50940,29730
1774224000,50945,51265,50780,51085,34916
1774224900,51085,51415,50920,51225,24049
1774225800,51220,51230,50640,50695,25499
1774226700,50695,50770,50465,50495,24200
1774227600,50495,50965,50425,50940,22972
1774228500,50940,51135,50920,50935,16948
1774229400,50935,51285,50865,51265,19991
1774230300,51260,51390,51205,51255,11663
1774231200,51260,51450,51185,51235,15485
1774232100,51225,51475,51195,51325,9776
1774233000,51325,51330,51135,51180,8563
1774233900,51175,51225,51090,51190,5571
1774234800,51185,51275,51060,51095,4797
1774235700,51095,51170,51060,51145,5048
1774236600,51145,51280,51030,51125,15032
1774237500,51120,51150,50940,51000,10562
1774238400,50995,51070,50890,51045,9764
1774239300,51050,51195,51015,51185,7305
1774240200,51185,51285,51165,51175,6702
1774241100,51175,51275,51155,51265,5878
1774242000,51260,51425,51250,51360,9794
1774242900,51360,51370,51220,51280,7125
1774243800,51275,51420,51135,51280,13130
1774244700,51275,51325,51145,51315,11267
1774245600,51315,51350,51255,51310,12199
1774246500,51315,51360,51205,51230,20655
1774247400,51240,51245,51065,51125,17552
1774248300,51040,51040,51040,51040,2429
1774252800,50690,51340,50660,51285,17668
1774253700,51285,51305,51140,51170,7778
1774254600,51170,51370,51160,51290,8283
1774255500,51290,51445,51255,51370,8039
1774256400,51375,51495,51255,51460,7648
1774257300,51460,51655,51390,51530,10361
1774258200,51525,51525,51160,51210,9227
1774259100,51210,51260,51100,51155,6020
1774260000,51155,51335,51125,51220,5762
1774260900,51225,51255,51055,51070,4756
1774261800,51060,51225,51030,51100,4622
1774262700,51100,51270,50950,51205,7693
1774263600,51210,53925,51205,53855,52071
1774264500,53845,54005,52920,53210,37849
1774265400,53210,53720,52960,53015,25363
1774266300,53010,53040,52425,52490,24333
1774267200,52480,52815,52240,52590,20802
1774268100,52590,52995,52590,52930,12688
1774269000,52935,53190,52635,53175,20125
1774269900,53175,53255,53035,53170,14219
1774270800,53175,53315,52945,52950,12035
1774271700,52955,53000,52735,52745,8343
1774272600,52745,53105,52625,52895,21514
1774273500,52895,53100,52860,53070,13300
1774274400,53070,53210,52985,53100,13237
1774275300,53110,53405,53085,53225,12868
1774276200,53225,53250,53050,53225,9172
1774277100,53220,53420,53155,53380,10119
1774278000,53375,53610,53355,53515,10922
1774278900,53515,53555,53340,53340,9884
1774279800,53340,53385,53080,53115,8263
1774280700,53110,53185,52785,52800,14357
1774281600,52805,52905,52735,52850,9151
1774282500,52845,52860,52560,52570,6861
1774283400,52570,52835,52560,52815,6327
1774284300,52820,52925,52745,52795,4568
1774285200,52790,52930,52740,52825,3989
1774286100,52830,52950,52755,52920,3791
1774287000,52910,53195,52910,53040,4951
1774287900,53045,53125,52970,53115,1940
1774288800,53110,53140,52925,53095,3901
1774289700,53090,53135,53010,53090,1876
1774290600,53100,53345,53100,53215,7010
1774291500,53215,53280,53190,53215,1303
1774292400,53205,53245,53175,53200,1536
1774293300,53200,53220,53045,53085,2100
1774294200,53090,53145,53070,53140,1729
1774295100,53140,53205,52970,52975,3914
1774296000,52970,53050,52910,52985,2124
1774296900,52985,53040,52965,52990,1165
1774297800,52995,53030,52955,53005,893
1774298700,53005,53040,52970,52985,451
1774299600,53005,53005,53005,53005,467
1774309500,52930,53010,52670,52760,16368
1774310400,52760,52760,52310,52365,31290
1774311300,52365,52380,52015,52190,26734
1774312200,52195,52270,51775,51905,29262
1774313100,51900,52065,51890,51990,16049
1774314000,51985,52020,51710,51725,16455
1774314900,51720,51945,51565,51900,16006
1774315800,51900,51920,51625,51625,11201
1774316700,51625,51715,51560,51650,10708
1774317600,51645,51675,51385,51450,13105
1774318500,51445,51725,51405,51685,12972
1774319400,51685,51790,51630,51770,6391
1774320300,51775,51830,51645,51660,5249
1774321200,51665,51675,51565,51620,3795
1774322100,51630,51735,51620,51690,3215
1774323000,51690,51715,51465,51655,10826
1774323900,51650,51815,51555,51815,8205
1774324800,51815,51985,51795,51895,11976
1774325700,51900,51905,51705,51760,7442
1774326600,51760,51790,51630,51650,5403
1774327500,51655,51745,51620,51655,5208
1774328400,51655,51680,51470,51590,8141
1774329300,51595,51810,51480,51490,15070
1774330200,51485,51780,51465,51725,8480
1774331100,51725,51805,51695,51795,6736
1774332000,51795,51915,51770,51915,9991
1774332900,51915,52060,51895,52035,14892
1774333800,52035,52245,52030,52200,15213
1774334700,52240,52240,52240,52240,2017
1774339200,52690,52850,52605,52785,20918
1774340100,52780,52865,52480,52500,11896
1774341000,52500,52660,52435,52500,7132
1774341900,52495,52620,52315,52400,12808
1774342800,52415,52470,52145,52155,10078
1774343700,52155,52370,52115,52350,6415
1774344600,52350,52455,52290,52420,6036
1774345500,52415,52595,52330,52540,8262
1774346400,52545,52610,52365,52580,6182
1774347300,52575,52610,52460,52480,3929
1774348200,52480,52610,52380,52595,5294
1774349100,52600,52640,52445,52530,5341
1774350000,52530,52610,52420,52560,4243
1774350900,52565,52565,52440,52500,4051
1774351800,52490,52530,52430,52440,3099
1774352700,52450,52605,52165,52580,11703
1774353600,52585,52625,52365,52425,6109
1774354500,52430,52550,52385,52450,3795
1774355400,52450,52460,52145,52155,7860
1774356300,52160,52310,52140,52195,7403
1774357200,52190,52275,51995,52160,8860
1774358100,52160,52240,52040,52110,6629
1774359000,52115,52285,51985,52045,14601
1774359900,52045,52185,51940,52175,11966
1774360800,52175,52365,52090,52200,11110
1774361700,52205,52260,52115,52140,6616
1774362600,52145,52290,52130,52285,7282
1774363500,52280,52605,52140,52385,21830
1774364400,52385,52550,52370,52520,8231
1774365300,52530,52690,52495,52590,9420
1774366200,52585,52630,52510,52620,5201
1774367100,52610,52690,52435,52440,5630
1774368000,52440,52485,52385,52445,4850
1774368900,52445,52625,52445,52590,5050
1774369800,52595,52630,52405,52575,4898
1774370700,52575,52625,52485,52565,3968
1774371600,52565,52595,52225,52270,8285
1774372500,52270,52380,52250,52370,3281
1774373400,52365,52420,52265,52295,2682
1774374300,52290,52530,52270,52505,6654
1774375200,52495,52595,52450,52470,1949
1774376100,52470,52590,52410,52555,2511
1774377000,52555,52815,52535,52670,5387
1774377900,52675,52720,52575,52625,2172
1774378800,52615,52740,52615,52730,1540
1774379700,52730,52730,52605,52610,1143
1774380600,52610,52615,52525,52575,1555
1774381500,52575,52575,52400,52435,4331
1774382400,52435,52505,52430,52490,1059
1774383300,52490,53335,52475,53010,13685
1774384200,53010,53420,52975,53050,5533
1774385100,53055,53125,52945,53040,2050
1774386000,53040,53040,53040,53040,534
1774395900,53150,53275,53080,53250,15726
1774396800,53245,53600,53235,53545,33993
1774397700,53545,53650,53285,53590,22114
1774398600,53590,53785,53485,53705,21964
1774399500,53705,53745,53610,53635,12664
1774400400,53630,53735,53565,53600,13701
1774401300,53600,53625,53480,53515,12055
1774402200,53510,53595,53435,53455,10981
1774403100,53455,53570,53420,53430,7872
1774404000,53430,53485,53205,53235,12433
1774404900,53235,53385,53200,53350,7372
1774405800,53345,53380,53315,53350,3861
1774406700,53345,53380,53205,53225,4026
1774407600,53220,53315,53180,53205,4006
1774408500,53200,53225,53130,53225,5764
1774409400,53220,53340,53180,53285,10165
1774410300,53280,53425,53265,53425,5749
1774411200,53430,53530,53375,53510,6352
1774412100,53505,53630,53470,53615,5397
1774413000,53615,53665,53590,53590,6601
1774413900,53590,53595,53500,53575,6690
1774414800,53580,53630,53515,53590,7066
1774415700,53590,53590,53470,53505,5943
1774416600,53505,53600,53485,53565,5544
1774417500,53560,53600,53455,53510,6976
1774418400,53510,53530,53445,53515,8523
1774419300,53515,53535,53440,53505,11202
1774420200,53505,53530,53370,53440,12788
1774421100,53480,53480,53480,53480,2020
1774425600,53615,53955,53615,53935,13082
1774426500,53940,54130,53930,53960,10774
1774427400,53960,54030,53830,53850,8778
1774428300,53850,53860,53585,53650,8806
1774429200,53650,53785,53580,53775,6328
1774430100,53775,53790,53595,53620,4434
1774431000,53625,53710,53600,53610,3273
1774431900,53610,53730,53485,53650,7654
1774432800,53660,53810,53605,53630,5716
1774433700,53625,53690,53540,53560,3555
1774434600,53555,53650,53535,53570,3386
1774435500,53570,53660,53555,53615,2230
1774436400,53615,53745,53615,53715,3251
1774437300,53715,53785,53665,53740,2519
1774438200,53745,53845,53720,53845,3821
1774439100,53840,53840,53615,53780,7096
1774440000,53780,53915,53780,53850,4769
1774440900,53845,53845,53490,53530,10749
1774441800,53525,53560,53350,53485,9581
1774442700,53485,53640,53430,53610,4853
1774443600,53615,53765,53555,53630,6760
1774444500,53635,53645,53570,53610,2858
1774445400,53605,53745,53570,53580,8850
1774446300,53585,53630,53405,53455,9242
1774447200,53450,53685,53350,53680,10364
1774448100,53680,53780,53590,53735,10070
1774449000,53735,53780,53665,53725,5650
1774449900,53720,53795,53690,53715,3554
1774450800,53720,53745,53430,53435,5710
1774451700,53430,53640,53165,53640,12666
1774452600,53630,53665,53430,53510,5940
1774453500,53515,53530,53440,53500,4079
1774454400,53505,53525,53380,53470,4888
1774455300,53470,53635,53420,53575,6976
1774456200,53580,53695,53535,53660,3999
1774457100,53655,53690,53590,53675,2395
1774458000,53670,53740,53600,53690,3036
1774458900,53685,53735,53605,53710,2232
1774459800,53715,53820,53675,53770,2743
1774460700,53775,53780,53630,53675,3417
1774461600,53670,53780,53655,53735,1935
1774462500,53735,53790,53690,53690,1765
1774463400,53700,53745,53680,53705,1462
1774464300,53700,53715,53510,53630,4765
1774465200,53625,53665,53560,53660,1687
1774466100,53660,53720,53640,53660,1627
1774467000,53655,53665,53590,53610,2568
1774467900,53605,53685,53600,53670,2894
1774468800,53665,53695,53625,53635,930
1774469700,53640,53665,53580,53595,566
1774470600,53600,53615,53590,53610,408
1774471500,53605,53630,53600,53610,321
1774472400,53595,53595,53595,53595,595
1774482300,53400,53660,53245,53620,15268
1774483200,53625,53780,53620,53715,21252
1774484100,53715,53920,53695,53770,14921
1774485000,53775,53870,53710,53795,9028
1774485900,53795,53875,53685,53755,9478
1774486800,53760,53905,53755,53830,10131
1774487700,53830,53850,53710,53790,7356
1774488600,53790,53860,53750,53755,7142
1774489500,53750,53795,53690,53730,7521
1774490400,53725,53780,53615,53640,7078
1774491300,53635,53645,53380,53385,10622
1774492200,53385,53410,53105,53220,13235
1774493100,53215,53305,53205,53250,5870
1774494000,53250,53360,53245,53360,4576
1774494900,53360,53370,53305,53335,3130
1774495800,53330,53515,53290,53445,9926
1774496700,53445,53465,53280,53345,7911
1774497600,53345,53350,53230,53265,6722
1774498500,53260,53375,53245,53330,5133
1774499400,53335,53370,53235,53255,4964
1774500300,53255,53270,53135,53155,5987
1774501200,53160,53220,53015,53080,9868
1774502100,53080,53105,52930,52980,7041
1774503000,52985,53115,52905,53045,9307
1774503900,53040,53085,53005,53035,6010
1774504800,53035,53130,52955,53080,9464
1774505700,53085,53280,53065,53220,13182
1774506600,53225,53330,53170,53285,16524
1774507500,53235,53235,53235,53235,1523
1774512000,53145,53340,53135,53145,11570
1774512900,53140,53220,53070,53080,7148
1774513800,53085,53235,53055,53080,6308
1774514700,53075,53180,53025,53150,4875
1774515600,53150,53180,52985,53070,7570
1774516500,53065,53070,52920,52940,5654
1774517400,52940,52940,52810,52890,6279
1774518300,52890,53040,52870,53000,4240
1774519200,53000,53130,52925,53070,4617
1774520100,53075,53145,53010,53075,3931
1774521000,53075,53110,52950,52955,4188
1774521900,52955,52980,52910,52970,2942
1774522800,52970,53000,52880,52885,2903
1774523700,52885,52935,52765,52825,4554
1774524600,52815,52840,52710,52730,4274
1774525500,52730,52765,52630,52630,6481
1774526400,52635,52850,52585,52825,7365
1774527300,52830,52845,52750,52790,5202
1774528200,52785,52785,52615,52675,6047
1774529100,52695,52775,52685,52765,2702
1774530000,52765,52865,52760,52820,4469
1774530900,52820,52890,52795,52870,3182
1774531800,52855,53020,52800,53020,9979
1774532700,53020,53155,52955,53125,15454
1774533600,53125,53165,53005,53160,8760
1774534500,53160,53225,53045,53050,6409
1774535400,53055,53190,52900,52925,9457
1774536300,52925,52960,52670,52840,12272
1774537200,52845,52910,52815,52865,7943
1774538100,52865,52880,52785,52835,3736
1774539000,52830,52830,52735,52770,3424
1774539900,52775,52915,52750,52835,5316
1774540800,52835,52875,52780,52835,2678
1774541700,52830,52830,52605,52635,5789
1774542600,52635,52675,52575,52645,4128
1774543500,52650,52670,52535,52605,2791
1774544400,52605,52655,52535,52535,2051
1774545300,52535,52575,52445,52500,2725
1774546200,52500,52555,52420,52435,2360
1774547100,52430,52445,52295,52320,4387
1774548000,52320,52415,52320,52395,2067
1774548900,52395,52410,52325,52325,1287
1774549800,52330,52460,52330,52420,1509
1774550700,52420,52475,52390,52440,1825
1774551600,52445,52455,52250,52275,3101
1774552500,52275,52335,52265,52290,2412
1774553400,52295,52305,52210,52220,3079
1774554300,52220,52245,52125,52150,4564
1774555200,52140,52810,52080,52500,11321
1774556100,52495,52590,52250,52350,5164
1774557000,52345,52520,52345,52480,2262
1774557900,52485,52490,52445,52480,986
1774558800,52400,52400,52400,52400,542
1774568700,52520,52705,52500,52670,16249
1774569600,52670,52885,52555,52565,29624
1774570500,52570,52615,52365,52460,19483
1774571400,52460,52535,52315,52350,15111
1774572300,52355,52355,52220,52310,10547
1774573200,52310,52625,52265,52600,12188
1774574100,52605,52705,52540,52695,10824
1774575000,52695,52845,52675,52795,12360
1774575900,52795,52800,52655,52735,11051
1774576800,52740,52915,52735,52865,12895
1774577700,52865,52955,52815,52880,9102
1774578600,52885,52965,52865,52925,4045
1774579500,52925,52955,52885,52910,2851
1774580400,52910,52995,52910,52955,3474
1774581300,52955,52960,52895,52940,4233
1774582200,52940,53175,52930,53165,13057
1774583100,53160,53190,53030,53170,8016
1774584000,53165,53230,53125,53185,5929
1774584900,53185,53275,53175,53200,6753
1774585800,53205,53250,53160,53205,4536
1774586700,53200,53345,53200,53310,6222
1774587600,53315,53410,53285,53405,8406
1774588500,53405,53440,53285,53340,8764
1774589400,53340,53350,53205,53255,9334
1774590300,53255,53295,53195,53215,6732
1774591200,53215,53215,53090,53130,11683
1774592100,53130,53285,53115,53205,22981
1774593000,53205,53210,52880,52880,18912
1774593900,52880,52880,52880,52880,2387
1774598400,52680,52770,52450,52460,18924
1774599300,52465,52480,52285,52310,10633
1774600200,52310,52410,52255,52335,7330
1774601100,52335,52375,52255,52260,5529
1774602000,52260,52280,52060,52105,9619
1774602900,52105,52270,52085,52215,7879
1774603800,52215,52280,52145,52195,5269
1774604700,52185,52185,52035,52065,4468
1774605600,52065,52180,52015,52070,6649
1774606500,52070,52130,52035,52080,3253
1774607400,52085,52115,51885,51930,6799
1774608300,51930,51945,51810,51840,6630
1774609200,51835,51850,51740,51815,5499
1774610100,51810,51935,51810,51930,5509
1774611000,51930,51975,51860,51900,4496
1774611900,51910,52015,51865,51920,5435
1774612800,51920,51935,51770,51825,4614
1774613700,51820,51900,51815,51880,3478
1774614600,51875,51920,51830,51895,3622
1774615500,51900,51945,51840,51895,4059
1774616400,51900,51905,51775,51795,5144
1774617300,51795,51920,51775,51890,4433
1774618200,51885,51930,51675,51845,12734
1774619100,51845,51975,51615,51635,11591
1774620000,51630,51760,51605,51750,12665
1774620900,51740,51815,51615,51630,7464
1774621800,51625,51725,51525,51550,7519
1774622700,51560,51730,51515,51695,7125
1774623600,51700,51820,51670,51710,6026
1774624500,51710,51910,51630,51830,10136
1774625400,51830,51970,51760,51790,6153
1774626300,51790,51860,51725,51755,3829
1774627200,51755,51795,51645,51695,3243
1774628100,51700,51720,51610,51645,3125
1774629000,51650,51675,51550,51635,3683
1774629900,51635,51715,51605,51650,2228
1774630800,51650,51755,51570,51595,3787
1774631700,51600,51600,51470,51500,3056
1774632600,51495,51545,51430,51445,2636
1774633500,51445,51470,51420,51435,2595
1774634400,51435,51450,51375,51400,2600
1774635300,51405,51485,51390,51445,2689
1774636200,51445,51515,51420,51450,2345
1774637100,51450,51460,51380,51395,1482
1774638000,51400,51420,51325,51350,2871
1774638900,51350,51410,51345,51370,1477
1774639800,51370,51405,51265,51285,2361
1774640700,51290,51420,51225,51365,6780
1774641600,51360,51435,51300,51320,3448
1774642500,51330,51335,51210,51255,1924
1774643400,51260,51320,51215,51270,1524
1774644300,51275,51305,51240,51285,799
1774645200,51230,51230,51230,51230,691
1774827900,50990,50995,50650,50905,26083
1774828800,50915,50980,50485,50625,44853
1774829700,50625,51060,50570,50910,39713
1774830600,50910,51020,50755,50825,20199
1774831500,50830,50960,50745,50915,13376
1774832400,50915,51110,50910,50965,17884
1774833300,50970,51070,50885,51030,14100
1774834200,51025,51210,51010,51185,15225
1774835100,51190,51195,51025,51030,9564
1774836000,51035,51140,50970,51120,9961
1774836900,51120,51130,50885,51010,10072
1774837800,51000,51135,50920,51125,5269
1774838700,51130,51430,51120,51305,12521
1774839600,51305,51485,51290,51415,8192
1774840500,51420,51530,51410,51505,8001
1774841400,51505,51665,51465,51645,15480
1774842300,51645,51690,51525,51655,9571
1774843200,51660,51720,51560,51610,8480
1774844100,51605,51680,51580,51645,5981
1774845000,51650,51740,51575,51625,7353
1774845900,51625,51690,51595,51655,4890
1774846800,51650,51830,51640,51665,10690
1774847700,51660,51780,51650,51715,5503
1774848600,51720,51790,51685,51735,6250
1774849500,51735,51770,51675,51735,6395
1774850400,51740,51870,51725,51795,11098
1774851300,51795,51940,51710,51895,21522
1774852200,51890,52020,51860,52020,19384
1774853100,52050,52050,52050,52050,2131
1774857600,52075,52115,51925,52085,11318
1774858500,52085,52150,52040,52100,7065
1774859400,52100,52210,52075,52110,5774
1774860300,52110,52205,52070,52180,4888
1774861200,52180,52195,52035,52050,3654
1774862100,52050,52055,51890,51895,8204
1774863000,51895,51915,51815,51865,8088
1774863900,51860,51905,51840,51885,4533
1774864800,51885,51930,51835,51865,4833
1774865700,51865,51900,51830,51860,2689
1774866600,51855,51855,51780,51800,4169
1774867500,51800,51880,51785,51845,3791
1774868400,51850,51925,51845,51875,4213
1774869300,51875,52350,51855,52075,13171
1774870200,52075,52115,51935,51975,7214
1774871100,51970,52015,51855,51905,4654
1774872000,51905,51920,51830,51860,3764
1774872900,51870,51975,51850,51950,3433
1774873800,51950,52015,51940,51995,2642
1774874700,51990,52020,51965,52015,2266
1774875600,52015,52085,51930,51975,4957
1774876500,51975,52015,51955,51960,2868
1774877400,51960,52025,51680,51765,13920
1774878300,51765,51795,51580,51625,12184
1774879200,51620,51810,51620,51755,10033
1774880100,51760,51775,51620,51635,5655
1774881000,51635,51710,51490,51510,9172
1774881900,51510,51735,51485,51715,8885
1774882800,51715,51860,51610,51620,7654
1774883700,51620,51735,51560,51680,5278
1774884600,51685,51890,51660,51865,5434
1774885500,51865,51930,51785,51800,4183
1774886400,51800,51820,51615,51665,4682
1774887300,51665,51670,51515,51515,2878
1774888200,51510,51575,51495,51540,2316
1774889100,51540,51545,51470,51505,1966
1774890000,51505,51550,51410,51425,3298
1774890900,51420,51440,51245,51260,4725
1774891800,51255,51365,51215,51350,3372
1774892700,51350,51455,51240,51280,5139
1774893600,51275,51325,51230,51320,2210
1774894500,51315,51340,51210,51220,1750
1774895400,51220,51300,51195,51210,1462
1774896300,51215,51230,51100,51135,1851
1774897200,51135,51150,50930,50950,5120
1774898100,50950,51005,50940,50975,3308
1774899000,50980,51115,50970,51090,2834
1774899900,51090,51155,51060,51135,4010
1774900800,51130,51165,51040,51050,1631
1774901700,51050,51070,51020,51055,962
1774902600,51060,51090,51040,51080,509
1774903500,51090,51100,51060,51090,472
1774904400,51080,51080,51080,51080,569
1774914300,51010,51095,50875,51085,16339
1774915200,51090,51140,50690,50735,31180
1774916100,50735,50880,50635,50855,21163
1774917000,50850,51260,50690,51255,35215
1774917900,51250,51665,51250,51450,40203
1774918800,51455,51545,51205,51375,22283
1774919700,51375,51875,51370,51845,21655
1774920600,51845,52260,51820,52120,30477
1774921500,52120,52165,51995,52035,18650
1774922400,52035,52040,51795,51870,16480
1774923300,51875,52085,51860,51900,14107
1774924200,51895,51955,51805,51880,7330
1774925100,51875,52055,51835,51835,6678
1774926000,51835,52030,51795,51940,6174
1774926900,51945,51960,51775,51795,6235
1774927800,51795,51815,51515,51535,15479
1774928700,51540,51610,51370,51390,12862
1774929600,51395,51440,51315,51335,9489
1774930500,51330,51445,51220,51245,9424
1774931400,51240,51415,51235,51320,9001
1774932300,51320,51375,51255,51315,6221
1774933200,51315,51415,51285,51290,9011
1774934100,51290,51560,51230,51455,13635
1774935000,51460,51605,51440,51590,9329
1774935900,51585,51745,51575,51610,13519
1774936800,51610,51635,51295,51365,16171
1774937700,51370,51485,51230,51290,19686
1774938600,51290,51460,51100,51225,23318
1774939500,51195,51195,51195,51195,1615
1774944000,51630,51725,51500,51525,13159
1774944900,51525,51620,51475,51500,5866
1774945800,51500,51635,51480,51500,5852
1774946700,51500,51575,51415,51470,6250
1774947600,51475,51615,51460,51580,3940
1774948500,51580,51650,51495,51515,3709
1774949400,51515,51575,51445,51555,4196
1774950300,51550,51640,51485,51520,4080
1774951200,51515,51640,51515,51550,4088
1774952100,51550,51555,51480,51545,2677
1774953000,51550,51575,51280,51310,5796
1774953900,51300,51495,51275,51480,4718
1774954800,51475,51925,51425,51685,13481
1774955700,51680,51865,51645,51770,14267
1774956600,51770,51855,51650,51850,6572
1774957500,51855,51855,51725,51840,5744
1774958400,51845,52025,51670,51685,12122
1774959300,51685,51840,51600,51830,9587
1774960200,51825,51990,51775,51875,8197
1774961100,51875,51905,51775,51780,5779
1774962000,51780,51820,51715,51780,3530
1774962900,51775,51865,51755,51795,3967
1774963800,51790,51885,51720,51765,9489
1774964700,51770,52100,51770,52070,11551
1774965600,52065,52080,51955,52035,6613
1774966500,52030,52125,51980,52055,5521
1774967400,52060,52105,51815,51835,7102
1774968300,51835,51885,51630,51695,9002
1774969200,51690,51945,51690,51935,9390
1774970100,51935,51980,51790,51790,5607
1774971000,51790,51865,51730,51800,5953
1774971900,51790,51860,51705,51740,3474
1774972800,51740,51885,51715,51850,3513
1774973700,51845,51965,51835,51890,2835
1774974600,51885,52880,51860,52635,21751
1774975500,52635,52735,52400,52555,16974
1774976400,52555,52765,52495,52665,10312
1774977300,52665,52765,52600,52645,5684
1774978200,52640,52845,52630,52695,7953
1774979100,52695,52770,52645,52670,2946
1774980000,52670,52815,52670,52785,3189
1774980900,52790,52850,52725,52790,2696
1774981800,52790,52885,52750,52825,2979
1774982700,52830,52900,52820,52885,1862
1774983600,52880,52930,52795,52905,2979
1774984500,52910,52985,52905,52940,3411
1774985400,52945,53050,52940,53035,3848
1774986300,53035,53135,53015,53075,5895
1774987200,53075,53170,53065,53155,3341
1774988100,53155,53215,53150,53200,2704
1774989000,53195,53195,53075,53075,1656
1774989900,53085,53095,53045,53060,1382
1774990800,53000,53000,53000,53000,848
1775000700,52895,53330,52865,53320,22421
1775001600,53325,53355,52940,52985,33990
1775002500,52985,53030,52845,52900,18990
1775003400,52900,53010,52775,52990,13542
1775004300,52985,53140,52935,53135,12150
1775005200,53140,53165,52815,53035,19164
1775006100,53030,53155,52940,53155,11739
1775007000,53155,53180,53085,53090,9498
1775007900,53090,53245,53065,53230,7996
1775008800,53235,53375,53200,53250,11224
1775009700,53250,53260,53205,53220,4654
1775010600,53225,53225,53160,53175,3744
1775011500,53170,53220,53160,53195,2879
1775012400,53195,53290,53165,53280,4234
1775013300,53280,53290,53225,53245,2183
1775014200,53245,53415,53235,53395,12531
1775015100,53390,53470,53370,53420,8336
1775016000,53415,53490,53415,53480,5761
1775016900,53480,53520,53450,53500,5702
1775017800,53495,53545,53480,53500,5298
1775018700,53500,53525,53410,53460,5800
1775019600,53460,53565,53460,53560,6040
1775020500,53565,53630,53535,53615,6928
1775021400,53620,53710,53595,53705,10590
1775022300,53705,53725,53595,53625,9430
1775023200,53630,53760,53600,53755,11139
1775024100,53750,53900,53680,53875,19489
1775025000,53875,54070,53840,54025,19844
1775025900,54100,54100,54100,54100,2860
1775030400,53890,53975,53700,53790,20159
1775031300,53800,54130,53765,54010,11394
1775032200,54010,54030,53865,53930,7766
1775033100,53925,54020,53750,53975,10008
1775034000,53980,54040,53840,53865,6380
1775034900,53865,53880,53675,53775,7177
1775035800,53775,53850,53765,53825,4048
1775036700,53825,53960,53820,53875,5741
1775037600,53880,53945,53820,53875,4055
1775038500,53870,53930,53785,53840,4326
1775039400,53840,53910,53800,53890,3474
1775040300,53885,54030,53885,53985,4864
1775041200,53995,54100,53970,54090,4752
1775042100,54095,54175,54065,54150,4615
1775043000,54155,54305,54135,54275,8519
1775043900,54275,54310,54225,54230,4431
1775044800,54230,54255,54125,54145,4443
1775045700,54140,54200,54035,54080,5070
1775046600,54080,54525,54020,54290,7833
1775047500,54300,54390,53915,53950,13805
1775048400,53950,54035,53825,53990,9269
1775049300,53990,54080,53935,54040,4191
1775050200,54040,54260,53915,53980,13592
1775051100,53980,54180,53930,54155,9949
1775052000,54145,54260,54115,54190,8242
1775052900,54185,54315,54170,54235,6171
1775053800,54240,54365,54080,54250,11477
1775054700,54255,54410,54170,54355,7024
1775055600,54355,54415,54285,54295,5726
1775056500,54300,54445,54290,54360,5730
1775057400,54360,54590,54335,54530,8248
1775058300,54530,54685,54525,54655,4863
1775059200,54655,54700,54610,54620,3988
1775060100,54620,54665,54550,54570,3182
1775061000,54570,54640,54540,54640,2074
1775061900,54635,54645,54615,54640,1211
1775062800,54640,54715,54630,54685,2371
1775063700,54685,54695,54635,54655,1151
1775064600,54655,54670,54570,54575,1449
1775065500,54580,54595,54450,54455,1995
1775066400,54460,54470,54295,54295,3906
1775067300,54295,54300,54085,54115,4756
1775068200,54120,54210,54030,54160,3452
1775069100,54165,54180,54080,54100,1897
1775070000,54100,54205,54085,54195,2183
1775070900,54190,54340,54185,54315,2193
1775071800,54315,54365,54260,54295,2398
1775072700,54295,54315,54150,54245,5372
1775073600,54240,54270,54205,54240,1095
1775074500,54235,54235,54150,54170,851
1775075400,54170,54230,54170,54225,532
1775076300,54220,54295,54205,54280,639
1775077200,54275,54275,54275,54275,615
1775087100,54290,54365,54170,54265,14100
1775088000,54265,54355,54065,54115,24623
1775088900,54115,54265,54045,54065,18314
1775089800,54065,54305,54015,54295,17646
1775090700,54295,54310,54135,54260,10523
1775091600,54255,54300,53745,53985,39945
1775092500,53985,54005,53300,53350,59498
1775093400,53355,53410,53050,53125,36952
1775094300,53120,53170,52895,53090,29453
1775095200,53080,53220,52800,52825,25747
1775096100,52825,52990,52810,52820,13581
1775097000,52825,52885,52725,52825,9733
1775097900,52825,52915,52815,52855,6677
1775098800,52850,52850,52680,52780,8424
1775099700,52780,52830,52750,52775,4234
1775100600,52775,52845,52575,52660,17799
1775101500,52665,52680,52565,52600,6898
1775102400,52605,52765,52600,52705,10314
1775103300,52700,52775,52555,52575,9040
1775104200,52575,52590,52525,52565,5919
1775105100,52565,52585,52500,52535,5017
1775106000,52540,52635,52530,52565,6307
1775106900,52565,52600,52495,52590,5987
1775107800,52590,52635,52480,52505,7657
1775108700,52505,52505,52360,52370,13144
1775109600,52370,52515,52370,52450,10913
1775110500,52455,52605,52440,52570,15853
1775111400,52565,52580,52430,52485,16654
1775112300,52420,52420,52420,52420,3329
1775116800,52800,52845,52680,52735,13453
1775117700,52730,52775,52665,52710,4489
1775118600,52710,52775,52705,52715,3391
1775119500,52720,52740,52675,52720,2315
1775120400,52720,52755,52600,52635,6987
1775121300,52635,52750,52625,52710,4095
1775122200,52705,52740,52565,52575,3993
1775123100,52575,52635,52545,52590,2923
1775124000,52590,52615,52480,52485,6033
1775124900,52490,52530,52455,52460,4233
1775125800,52465,52560,52440,52525,3737
1775126700,52535,52595,52490,52560,2739
1775127600,52555,52585,52465,52495,3291
1775128500,52495,52500,52385,52390,5229
1775129400,52395,52460,52340,52355,4296
1775130300,52355,52445,52325,52330,4351
1775131200,52330,52360,52225,52265,7245
1775132100,52265,52430,52230,52390,5830
1775133000,52390,52455,52370,52390,4644
1775133900,52385,52455,52345,52350,4647
1775134800,52355,52440,52305,52340,5281
1775135700,52340,52405,52310,52390,3634
1775136600,52395,52475,52240,52305,10680
1775137500,52315,52770,52290,52760,15332
1775138400,52765,52915,52700,52800,16822
1775139300,52795,52905,52785,52850,8123
1775140200,52845,53660,52830,53475,37573
1775141100,53480,53495,53160,53305,15638
1775142000,53300,53360,53180,53330,10007
1775142900,53330,53375,53100,53215,10480
1775143800,53220,53340,53175,53265,5977
1775144700,53265,53265,53060,53165,6481
1775145600,53165,53250,53070,53155,3608
1775146500,53160,53180,53040,53130,3348
1775147400,53125,53325,53105,53255,5317
1775148300,53255,53305,53195,53200,2699
1775149200,53195,53325,53150,53310,2760
1775150100,53310,53375,53300,53335,2752
1775151000,53335,53345,53235,53300,1835
1775151900,53300,53300,53170,53225,2007
1775152800,53235,53335,53235,53300,2298
1775153700,53305,53320,53255,53285,1907
1775154600,53285,53355,53265,53340,1074
1775155500,53340,53385,53320,53345,861
1775156400,53345,53440,53340,53385,1888
1775157300,53390,53425,53355,53375,1452
1775158200,53370,53385,53315,53320,1153
1775159100,53320,53410,53300,53395,3885
1775160000,53390,53410,53315,53335,1101
1775160900,53335,53365,53320,53365,994
1775161800,53360,53370,53260,53305,1009
1775162700,53305,53315,53275,53300,329
1775163600,53210,53210,53210,53210,586
1775173500,53360,53370,53075,53170,11315
1775174400,53175,53515,53175,53495,28386
1775175300,53495,53535,53310,53495,13085
1775176200,53495,53495,53225,53300,11646
1775177100,53300,53300,53140,53295,8553
1775178000,53300,53320,53100,53130,5895
1775178900,53130,53330,53130,53315,6006
1775179800,53320,53320,53230,53265,3587
1775180700,53260,53290,53190,53220,3348
1775181600,53215,53240,53135,53215,4632
1775182500,53215,53215,53040,53050,5065
1775183400,53050,53070,52985,53050,4221
1775184300,53050,53150,53025,53115,3573
1775185200,53115,53165,53110,53120,2055
1775186100,53125,53210,53115,53145,3029
1775187000,53145,53180,53025,53045,6685
1775187900,53040,53155,53025,53130,3683
1775188800,53130,53235,53115,53230,4250
1775189700,53235,53285,53190,53190,4811
1775190600,53190,53225,53090,53100,3847
1775191500,53100,53210,53100,53165,3784
1775192400,53170,53275,53160,53225,3442
1775193300,53230,53230,53135,53205,3330
1775194200,53205,53275,53205,53260,4873
1775195100,53255,53295,53220,53240,5101
1775196000,53240,53280,53235,53255,5264
1775196900,53250,53320,53150,53225,10717
1775197800,53230,53255,53065,53145,11152
1775198700,53200,53200,53200,53200,1556
1775203200,53180,53270,53155,53165,5457
1775204100,53165,53190,53095,53125,1580
1775205000,53120,53165,53105,53110,1313
1775205900,53110,53150,53095,53135,912
1775206800,53140,53150,53115,53115,1112
1775207700,53115,53150,53110,53130,570
1775208600,53130,53165,53125,53145,694
1775209500,53145,53160,53140,53140,506
1775210400,53135,53150,53100,53120,962
1775211300,53115,53140,53100,53105,659
1775212200,53105,53130,53075,53110,1225
1775213100,53110,53160,53110,53150,791
1775214000,53145,53145,53090,53115,1143
1775214900,53115,53220,53110,53210,1891
1775215800,53210,53290,53200,53255,2354
1775216700,53260,53385,53255,53380,2674
1775217600,53385,53500,53355,53370,5743
1775218500,53375,53420,53290,53415,5169
1775219400,53400,53545,53270,53340,10664
1775220300,53350,53380,53230,53285,4759
1775221200,53280,53315,53230,53305,2857
1775222100,53305,53325,53295,53315,802
1775223000,53315,53325,53270,53270,729
1775223900,53270,53285,53230,53230,836
1775224800,53230,53270,53205,53260,1030
1775225700,53260,53275,53260,53265,422
1775226600,53270,53295,53265,53280,448
1775227500,53280,53285,53230,53240,816
1775228400,53240,53260,53205,53225,774
1775229300,53220,53260,53200,53240,514
1775230200,53240,53250,53230,53240,255
1775231100,53240,53265,53225,53245,246
1775232000,53245,53260,53235,53250,218
1775232900,53250,53270,53250,53270,110
1775233800,53270,53270,53250,53255,112
1775234700,53250,53255,53240,53240,98
1775235600,53240,53250,53230,53250,81
1775236500,53255,53270,53250,53265,55
1775237400,53265,53265,53160,53265,1238
1775238300,53260,53315,53255,53300,551
1775239200,53300,53300,53285,53290,57
1775240100,53290,53300,53285,53290,113
1775241000,53295,53305,53280,53295,73
1775241900,53290,53335,53290,53310,352
1775242800,53315,53315,53295,53295,83
1775243700,53295,53315,53290,53315,85
1775244600,53310,53320,53310,53310,43
1775245500,53310,53310,53295,53305,198
1775246400,53310,53315,53295,53300,178
1775247300,53305,53320,53290,53305,236
1775248200,53305,53315,53280,53290,280
1775249100,53295,53315,53295,53310,283
1775250000,53275,53275,53275,53275,478
1775432700,53055,53290,53020,53290,11845
1775433600,53290,53690,53260,53600,24587
1775434500,53600,53610,53335,53410,13289
1775435400,53415,53680,53400,53645,9591
1775436300,53645,53780,53580,53775,8892
1775437200,53775,53880,53715,53795,10851
1775438100,53790,53895,53730,53845,8330
1775439000,53850,53880,53715,53875,6524
1775439900,53875,53905,53685,53735,6321
1775440800,53735,53995,53710,53930,10414
1775441700,53935,54145,53920,54115,11763
1775442600,54120,54130,53875,53910,6083
1775443500,53910,53935,53775,53780,5434
1775444400,53780,53790,53700,53705,4902
1775445300,53710,53740,53560,53670,11582
1775446200,53675,53840,53660,53815,11027
1775447100,53815,53875,53765,53860,4744
1775448000,53865,53940,53835,53900,6098
1775448900,53905,53910,53845,53865,3055
1775449800,53870,53970,53850,53965,4341
1775450700,53965,53965,53910,53935,3204
1775451600,53935,53970,53895,53910,3177
1775452500,53910,53935,53860,53860,3738
1775453400,53865,53870,53685,53715,6276
1775454300,53720,53740,53630,53690,6117
1775455200,53690,53765,53615,53745,7177
1775456100,53740,53740,53500,53525,11655
1775457000,53525,53530,53440,53520,8863
1775457900,53535,53535,53535,53535,1845
1775462400,53955,54015,53880,53935,9046
1775463300,53930,54000,53890,53970,3427
1775464200,53965,54120,53950,54090,4539
1775465100,54085,54120,54040,54045,2696
1775466000,54050,54175,54045,54115,3607
1775466900,54120,54180,54100,54140,2787
1775467800,54145,54190,54105,54115,1872
1775468700,54120,54125,53925,53950,5422
1775469600,53955,54055,53945,54000,3540
1775470500,54000,54030,53910,53970,3576
1775471400,53965,53990,53935,53960,1326
1775472300,53960,53970,53710,53885,9616
1775473200,53890,53935,53835,53835,2999
1775474100,53840,53895,53805,53840,2477
1775475000,53840,53870,53795,53805,1953
1775475900,53810,53835,53765,53765,1812
1775476800,53770,53820,53745,53780,2231
1775477700,53775,53805,53725,53765,1865
1775478600,53770,53865,53765,53830,2906
1775479500,53830,53900,53765,53775,2845
1775480400,53775,53800,53690,53755,4300
1775481300,53755,53760,53635,53645,3357
1775482200,53650,53900,53650,53780,10050
1775483100,53775,53885,53770,53870,5788
1775484000,53865,53965,53645,53780,9395
1775484900,53775,53865,53755,53805,4956
1775485800,53815,53860,53660,53740,9347
1775486700,53735,53755,53670,53720,3852
1775487600,53720,53775,53690,53735,3754
1775488500,53735,53765,53685,53725,2914
1775489400,53730,53770,53675,53765,2671
1775490300,53760,53880,53755,53860,2366
1775491200,53860,53890,53825,53885,1243
1775492100,53885,53915,53840,53890,1155
1775493000,53890,54000,53870,53985,2264
1775493900,53985,53995,53860,53885,2121
1775494800,53890,53900,53620,53675,4153
1775495700,53680,53895,53635,53885,3063
1775496600,53885,53960,53855,53900,2387
1775497500,53900,53900,53845,53855,1086
1775498400,53860,54045,53840,53950,2934
1775499300,53950,54055,53950,54030,1886
1775500200,54030,54060,53955,53960,1129
1775501100,53960,54025,53960,54020,540
1775502000,54020,54030,53935,53950,824
1775502900,53950,53955,53895,53910,966
1775503800,53905,53935,53890,53925,1033
1775504700,53920,54015,53905,54005,2944
1775505600,54000,54020,53985,53995,500
1775506500,53990,54045,53975,54010,646
1775507400,54010,54010,53985,54000,365
1775508300,53990,54000,53965,53980,375
1775509200,53965,53965,53965,53965,612
1775519100,53865,53955,53750,53755,10517
1775520000,53755,53850,53635,53835,19134
1775520900,53835,54015,53820,53860,13951
1775521800,53860,53955,53805,53850,7209
1775522700,53855,53915,53730,53765,7854
1775523600,53770,53830,53585,53620,13989
1775524500,53620,53770,53605,53710,6757
1775525400,53705,53710,53475,53550,10032
1775526300,53550,53645,53350,53385,14664
1775527200,53390,53400,53280,53300,10747
1775528100,53295,53415,53285,53405,6242
1775529000,53410,53445,53395,53435,3223
1775529900,53430,53475,53410,53440,2262
1775530800,53445,53450,53390,53420,2117
1775531700,53425,53435,53335,53390,2946
1775532600,53385,53470,53350,53440,5788
1775533500,53440,53480,53395,53400,3142
1775534400,53405,53450,53245,53255,6870
1775535300,53260,53475,53260,53410,6455
1775536200,53410,53500,53410,53480,5302
1775537100,53485,53565,53455,53460,5307
1775538000,53465,53530,53415,53475,4839
1775538900,53470,53555,53450,53465,6656
1775539800,53470,53525,53435,53495,3761
1775540700,53495,53640,53495,53630,7539
1775541600,53630,53670,53565,53625,8637
1775542500,53620,53670,53555,53595,10212
1775543400,53590,53665,53465,53555,14422
1775544300,53590,53590,53590,53590,1820
1775548800,53610,54115,53610,53960,21401
1775549700,53960,54080,53870,53975,11306
1775550600,53980,54065,53960,54030,5634
1775551500,54025,54060,53945,53985,4795
1775552400,53980,54065,53905,53990,4453
1775553300,53990,54070,53955,54035,5681
1775554200,54030,54075,54000,54010,3301
1775555100,54005,54040,53920,54010,3853
1775556000,54020,54060,53750,53960,11825
1775556900,53960,54025,53725,53840,9855
1775557800,53845,53860,53660,53720,8018
1775558700,53725,53735,53475,53525,9372
1775559600,53525,53595,53495,53555,5421
1775560500,53560,53625,53455,53460,7564
1775561400,53455,53500,53350,53455,9042
1775562300,53455,53460,53395,53445,3228
1775563200,53440,53510,53225,53345,12369
1775564100,53350,53620,53280,53615,9860
1775565000,53610,53650,53505,53530,5317
1775565900,53535,53700,53410,53500,9052
1775566800,53500,53605,53470,53550,5218
1775567700,53550,53570,53475,53535,2414
1775568600,53535,53625,53395,53405,8590
1775569500,53405,53435,53230,53245,8294
1775570400,53245,53265,52960,53065,13168
1775571300,53065,53320,53065,53280,11106
1775572200,53285,53350,53210,53230,7517
1775573100,53230,53360,53040,53045,8881
1775574000,53050,53050,52855,52960,9512
1775574900,52955,53185,52940,53180,10215
1775575800,53180,53185,53065,53075,5505
1775576700,53075,53250,53060,53165,4480
1775577600,53170,53485,53170,53280,8412
1775578500,53280,53390,53220,53335,4319
1775579400,53330,53370,53290,53355,2124
1775580300,53355,53440,53340,53350,2311
1775581200,53345,53440,53325,53390,2389
1775582100,53390,53420,53300,53335,1359
1775583000,53340,53585,53340,53440,3885
1775583900,53435,53500,53410,53450,1624
1775584800,53445,53475,53395,53435,947
1775585700,53435,53500,53425,53465,1295
1775586600,53470,53495,53415,53445,1654
1775587500,53445,53450,53260,53305,2760
1775588400,53305,53385,53260,53340,2877
1775589300,53345,53780,53330,53575,8877
1775590200,53565,53700,53530,53635,4124
1775591100,53620,54015,53600,53970,13552
1775592000,53970,54045,53905,54020,2871
1775592900,54015,54080,53920,53975,3438
1775593800,53970,54105,53970,54045,3078
1775594700,54040,54100,54030,54045,1132
1775595600,54060,54060,54060,54060,550
1775605500,55800,56330,55775,56225,46673
1775606400,56225,56535,56020,56105,46318
1775607300,56110,56110,55835,55910,33882
1775608200,55905,55980,55700,55880,20227
1775609100,55875,56155,55840,56070,17596
1775610000,56065,56170,56015,56040,12471
1775610900,56035,56075,55850,56050,12656
1775611800,56055,56215,55970,56205,12500
1775612700,56210,56355,56210,56335,14038
1775613600,56330,56420,56315,56335,10191
1775614500,56335,56340,56170,56180,8138
1775615400,56180,56270,56130,56245,5527
1775616300,56240,56305,56220,56285,3692
1775617200,56280,56335,56270,56280,4250
1775618100,56280,56345,56185,56190,5558
1775619000,56195,56305,56195,56285,9938
1775619900,56285,56290,56160,56185,7727
1775620800,56190,56355,56190,56335,8356
1775621700,56335,56385,56290,56355,7628
1775622600,56355,56465,56350,56405,9265
1775623500,56405,56435,56355,56410,5576
1775624400,56410,56425,56260,56295,8498
1775625300,56295,56400,56285,56395,6337
1775626200,56390,56485,56375,56465,12414
1775627100,56470,56550,56445,56505,15286
1775628000,56505,56545,56440,56515,12783
1775628900,56510,56535,56405,56510,15595
1775629800,56510,56515,56355,56465,17827
1775630700,56435,56435,56435,56435,2923
1775635200,56480,56510,56325,56425,12735
1775636100,56430,56520,56390,56420,6017
1775637000,56420,56515,56290,56350,9609
1775637900,56350,56625,56340,56620,9319
1775638800,56615,56750,56580,56710,8464
1775639700,56710,56740,56640,56665,4993
1775640600,56665,56745,56495,56510,6333
1775641500,56515,56705,56495,56650,6193
1775642400,56650,56750,56610,56635,4775
1775643300,56640,56810,56590,56800,5917
1775644200,56805,56915,56800,56900,5356
1775645100,56900,56915,56855,56885,2987
1775646000,56880,56970,56800,56945,5308
1775646900,56950,57080,56880,57035,6934
1775647800,57035,57040,56915,57005,5196
1775648700,57000,57065,56975,57055,4531
1775649600,57055,57175,57035,57170,7252
1775650500,57170,57170,56910,57070,16319
1775651400,57065,57240,57055,57235,7318
1775652300,57240,57305,57205,57235,9303
1775653200,57240,57355,57230,57260,7106
1775654100,57260,57310,57180,57260,6847
1775655000,57255,57315,57130,57190,13984
1775655900,57190,57335,57105,57235,10772
1775656800,57235,57285,57065,57175,8952
1775657700,57180,57215,56980,56995,8060
1775658600,57000,57040,56840,56875,12003
1775659500,56875,56940,56620,56755,12961
1775660400,56755,56860,56685,56830,8063
1775661300,56830,56895,56795,56820,5044
1775662200,56815,56985,56810,56945,5869
1775663100,56945,56995,56945,56980,2093
1775664000,56975,57060,56975,56995,4104
1775664900,56995,57010,56935,56965,2283
1775665800,56970,57020,56935,57010,1378
1775666700,57005,57070,57000,57050,1890
1775667600,57045,57080,56990,57065,1292
1775668500,57070,57080,56915,56950,3295
1775669400,56945,57025,56900,57020,2625
1775670300,57010,57030,56995,57020,499
1775671200,57010,57085,56990,57065,1470
1775672100,57065,57100,56815,56900,5884
1775673000,56910,56965,56790,56800,2172
1775673900,56800,56845,56685,56700,2798
1775674800,56695,56825,56680,56815,2384
1775675700,56815,56835,56715,56770,1794
1775676600,56770,56950,56765,56935,3323
1775677500,56935,57090,56930,57080,5705
1775678400,57080,57140,57065,57110,2119
1775679300,57110,57135,57070,57070,728
1775680200,57070,57085,57020,57020,611
1775681100,57025,57060,57000,57040,715
1775682000,57020,57020,57020,57020,484
1775691900,56545,56760,56430,56475,16250
1775692800,56465,56480,56165,56430,28661
1775693700,56430,56520,56275,56280,15362
1775694600,56285,56395,56165,56195,12952
1775695500,56190,56230,56090,56115,11845
1775696400,56115,56185,56035,56080,9548
1775697300,56080,56125,55980,56000,10049
1775698200,55995,56120,55950,56020,8993
1775699100,56015,56170,56005,56150,7935
1775700000,56150,56205,56080,56125,7394
1775700900,56130,56195,56085,56110,5268
1775701800,56110,56205,56105,56165,3163
1775702700,56165,56190,56080,56095,2816
1775703600,56095,56135,56055,56080,3060
1775704500,56080,56080,55985,56025,3579
1775705400,56030,56120,55985,56050,7232
1775706300,56050,56055,55925,55935,7301
1775707200,55940,56025,55915,55975,6060
1775708100,55980,55990,55880,55930,5181
1775709000,55930,56010,55910,55955,7165
1775709900,55955,56045,55950,55955,4761
1775710800,55960,56045,55930,55995,5544
1775711700,55995,56095,55995,56090,6315
1775712600,56095,56175,56045,56165,7356
1775713500,56165,56185,56085,56130,5484
1775714400,56125,56145,56005,56010,7157
1775715300,56010,56095,55960,56090,12245
1775716200,56095,56425,55980,56315,24230
1775717100,56310,56310,56310,56310,1737
1775721600,55915,56010,55785,55790,12532
1775722500,55795,55945,55770,55895,5511
1775723400,55895,56070,55895,56060,4342
1775724300,56060,56085,55930,55940,3565
1775725200,55940,56020,55895,56015,3071
1775726100,56010,56075,55990,56060,2162
1775727000,56060,56085,55990,55990,1717
1775727900,55990,56075,55990,56070,1446
1775728800,56075,56115,56015,56050,2992
1775729700,56050,56105,56010,56085,2287
1775730600,56085,56090,56030,56075,1557
1775731500,56075,56095,55980,55990,2602
1775732400,55985,56035,55925,55925,3961
1775733300,55925,55985,55915,55960,2332
1775734200,55955,56110,55955,56085,3426
1775735100,56085,56140,56080,56115,2697
1775736000,56115,56165,56105,56120,2135
1775736900,56120,56180,56120,56170,2270
1775737800,56175,56205,56085,56110,6100
1775738700,56110,56130,56035,56080,2478
1775739600,56085,56115,56005,56055,2991
1775740500,56060,56140,56035,56140,1695
1775741400,56135,56295,56100,56270,8328
1775742300,56270,56295,56180,56200,6461
1775743200,56200,56220,56105,56110,5668
1775744100,56105,56110,55890,55945,8175
1775745000,55945,56040,55930,56005,4918
1775745900,56000,56145,56000,56120,5562
1775746800,56125,56205,56050,56195,4706
1775747700,56195,56370,56195,56230,6775
1775748600,56230,56550,56220,56505,13588
1775749500,56505,56670,56450,56645,6082
1775750400,56645,56760,56635,56685,5332
1775751300,56685,56795,56680,56740,2766
1775752200,56740,56745,56655,56665,2549
1775753100,56665,56725,56605,56715,2374
1775754000,56720,56815,56695,56780,3057
1775754900,56785,56820,56775,56785,1472
1775755800,56785,56865,56740,56830,2208
1775756700,56830,56840,56780,56800,1218
1775757600,56800,56800,56615,56650,2914
1775758500,56650,56695,56590,56595,2184
1775759400,56600,56630,56540,56585,1879
1775760300,56585,56655,56585,56635,838
1775761200,56640,56760,56630,56735,1166
1775762100,56740,56755,56690,56720,808
1775763000,56725,56770,56715,56745,1658
1775763900,56745,56785,56635,56685,4877
1775764800,56690,56695,56610,56650,780
1775765700,56645,56690,56640,56670,378
1775766600,56670,56710,56670,56710,370
1775767500,56705,56725,56690,56720,430
1775768400,56690,56690,56690,56690,518
1775778300,56575,56815,56500,56620,15776
1775779200,56625,56825,56565,56705,24727
1775780100,56700,56910,56620,56885,17145
1775781000,56890,57000,56850,56880,13499
1775781900,56880,56910,56785,56870,9383
1775782800,56865,56940,56770,56905,8290
1775783700,56900,56990,56855,56940,7161
1775784600,56940,57035,56900,57020,9495
1775785500,57020,57025,56950,56980,5405
1775786400,56980,56980,56790,56790,8025
1775787300,56795,56855,56735,56830,6438
1775788200,56830,56895,56830,56870,3302
1775789100,56865,56875,56820,56845,2526
1775790000,56845,56885,56845,56870,2101
1775790900,56865,56875,56800,56810,2573
1775791800,56810,57000,56805,56885,10826
1775792700,56890,56960,56870,56945,4934
1775793600,56945,57020,56930,57000,6495
1775794500,57005,57080,56985,57040,6638
1775795400,57040,57080,57025,57030,4116
1775796300,57030,57080,57020,57045,4191
1775797200,57045,57105,57045,57090,6086
1775798100,57095,57105,57035,57055,5176
1775799000,57055,57115,57020,57020,5453
1775799900,57020,57070,57010,57015,4442
1775800800,57010,57045,56975,56990,7000
1775801700,56990,57020,56945,56990,10903
1775802600,56990,57040,56955,56975,10665
1775803500,56860,56860,56860,56860,3005
1775808000,56925,56950,56860,56915,7640
1775808900,56920,57030,56865,57025,4451
1775809800,57020,57035,56910,56915,4429
1775810700,56920,56930,56775,56780,5380
1775811600,56780,56855,56780,56800,4084
1775812500,56800,57085,56795,57000,10385
1775813400,57000,57020,56930,56995,2550
1775814300,57000,57075,56965,57060,2917
1775815200,57055,57095,57000,57020,2927
1775816100,57015,57225,57015,57190,5153
1775817000,57190,57230,57145,57200,3638
1775817900,57200,57230,57160,57170,2599
1775818800,57170,57215,57155,57180,2551
1775819700,57185,57220,57165,57190,1639
1775820600,57190,57210,57155,57160,2238
1775821500,57160,57185,57105,57130,2981
1775822400,57130,57175,57120,57140,2789
1775823300,57145,57215,57130,57195,2978
1775824200,57190,57345,57190,57235,8221
1775825100,57245,57255,57205,57215,2978
1775826000,57215,57315,57190,57285,3806
1775826900,57285,57290,57245,57265,2039
1775827800,57265,57320,57190,57265,7113
1775828700,57265,57320,57265,57310,4392
1775829600,57305,57445,57265,57445,6647
1775830500,57445,57485,57420,57440,4524
1775831400,57440,57470,57285,57345,6077
1775832300,57350,57390,57300,57370,4300
1775833200,57370,57435,57325,57410,2984
1775834100,57410,57475,57365,57380,3116
1775835000,57385,57410,57230,57270,4672
1775835900,57265,57290,57175,57195,2768
1775836800,57195,57270,57165,57255,2860
1775837700,57255,57260,57185,57205,2493
1775838600,57205,57240,57125,57140,2162
1775839500,57135,57250,57130,57245,1823
1775840400,57245,57250,57175,57190,1699
1775841300,57190,57225,57165,57195,1124
1775842200,57190,57285,57175,57270,1266
1775843100,57270,57335,57260,57310,1475
1775844000,57315,57325,57250,57290,1468
1775844900,57290,57375,57285,57340,1774
1775845800,57345,57385,57330,57345,966
1775846700,57340,57375,57335,57365,854
1775847600,57365,57405,57355,57400,1364
1775848500,57400,57410,57375,57380,1064
1775849400,57380,57380,57325,57350,1106
1775850300,57355,57400,57345,57390,1746
1775851200,57390,57425,57375,57415,1006
1775852100,57410,57455,57410,57440,826
1775853000,57445,57480,57440,57455,918
1775853900,57460,57480,57450,57470,768
1775854800,57500,57500,57500,57500,737
1776037500,56205,56475,56155,56430,22183
1776038400,56430,56865,56370,56830,32723
1776039300,56825,56860,56600,56610,17812
1776040200,56605,56745,56505,56520,12959
1776041100,56515,56680,56510,56600,8431
1776042000,56605,56705,56585,56665,7091
1776042900,56660,56665,56565,56610,4511
1776043800,56605,56720,56555,56600,6997
1776044700,56600,56600,56500,56565,6485
1776045600,56570,56600,56440,56440,7459
1776046500,56440,56535,56430,56490,4261
1776047400,56485,56525,56455,56490,2245
1776048300,56490,56535,56435,56530,2336
1776049200,56530,56530,56355,56360,4520
1776050100,56355,56460,56345,56450,3327
1776051000,56445,56480,56400,56450,5189
1776051900,56455,56455,56375,56400,4014
1776052800,56395,56405,56330,56385,5599
1776053700,56390,56430,56375,56405,2751
1776054600,56405,56545,56405,56520,5201
1776055500,56520,56660,56500,56585,7359
1776056400,56580,56620,56540,56550,4581
1776057300,56550,56595,56525,56585,3346
1776058200,56580,56610,56550,56570,4326
1776059100,56575,56600,56560,56575,3528
1776060000,56575,56595,56545,56590,6239
1776060900,56590,56680,56580,56600,9474
1776061800,56600,56660,56585,56625,7197
1776062700,56580,56580,56580,56580,2597
1776067200,56705,56840,56680,56740,7476
1776068100,56740,56805,56720,56775,2943
1776069000,56775,56825,56645,56665,3967
1776069900,56670,56700,56640,56685,2405
1776070800,56690,56775,56685,56710,3834
1776071700,56710,56790,56685,56745,2038
1776072600,56745,56790,56725,56735,1538
1776073500,56735,56740,56685,56700,1907
1776074400,56700,56730,56650,56725,1970
1776075300,56720,56720,56670,56695,1417
1776076200,56700,56730,56670,56685,1414
1776077100,56685,56755,56670,56750,1664
1776078000,56755,56850,56725,56740,3667
1776078900,56740,56750,56615,56620,3483
1776079800,56625,56660,56505,56575,6226
1776080700,56580,56600,56440,56455,4562
1776081600,56455,56570,56400,56555,5797
1776082500,56565,56595,56560,56580,1725
1776083400,56585,56615,56490,56500,3684
1776084300,56505,56580,56500,56560,3714
1776085200,56565,56620,56560,56615,2597
1776086100,56615,56700,56590,56690,3212
1776087000,56700,56735,56650,56690,5096
1776087900,56695,57075,56680,57055,14494
1776088800,57045,57065,56955,57015,6073
1776089700,57015,57085,56940,57070,7264
1776090600,57075,57130,57045,57110,4292
1776091500,57115,57145,57025,57115,4073
1776092400,57115,57120,57000,57075,4465
1776093300,57080,57090,56980,57015,2167
1776094200,57010,57115,56975,57050,2835
1776095100,57045,57050,57000,57020,1556
1776096000,57030,57125,56970,57070,3962
1776096900,57065,57250,57060,57220,4835
1776097800,57220,57300,57195,57265,7209
1776098700,57260,57380,57255,57305,4338
1776099600,57305,57345,57285,57345,1430
1776100500,57345,57400,57340,57370,1660
1776101400,57375,57395,57365,57385,909
1776102300,57385,57385,57350,57365,1107
1776103200,57365,57455,57365,57435,1575
1776104100,57435,57450,57385,57400,1188
1776105000,57395,57495,57390,57485,1644
1776105900,57485,57565,57485,57550,2979
1776106800,57555,57580,57530,57545,1507
1776107700,57545,57610,57535,57610,1374
1776108600,57605,57625,57575,57580,1891
1776109500,57580,57690,57545,57660,4584
1776110400,57660,57715,57655,57700,2365
1776111300,57700,57735,57695,57710,1323
1776112200,57715,57750,57710,57725,1257
1776113100,57725,57740,57705,57725,896
1776114000,57700,57700,57700,57700,565
1776123900,57670,57725,57485,57525,13060
1776124800,57520,57740,57465,57725,25708
1776125700,57720,57910,57670,57900,18846
1776126600,57895,58020,57890,57975,14937
1776127500,57975,58005,57915,57965,9391
1776128400,57965,58060,57940,58050,8432
1776129300,58045,58070,57880,57890,7982
1776130200,57885,58015,57815,58015,10390
1776131100,58005,58080,57980,58005,5908
1776132000,58005,58090,57965,58035,4283
1776132900,58030,58050,57965,57965,3313
1776133800,57970,57980,57920,57945,2141
1776134700,57945,57955,57910,57925,1508
1776135600,57920,57930,57885,57905,1909
1776136500,57905,57920,57895,57915,2181
1776137400,57915,57995,57905,57915,6385
1776138300,57910,58010,57905,57965,5025
1776139200,57970,58035,57970,57995,3367
1776140100,57990,58055,57985,57995,4026
1776141000,57995,58000,57820,57870,6918
1776141900,57870,57915,57860,57910,3168
1776142800,57905,57975,57865,57975,3634
1776143700,57970,57980,57925,57960,3804
1776144600,57960,57965,57875,57915,3698
1776145500,57915,57930,57875,57895,3729
1776146400,57890,57950,57865,57930,5604
1776147300,57925,57950,57850,57930,8851
1776148200,57930,58050,57910,58025,11332
1776149100,58040,58040,58040,58040,1989
1776153600,58230,58290,58160,58260,10253
1776154500,58265,58305,58220,58265,4081
1776155400,58270,58310,58140,58165,4904
1776156300,58165,58240,58160,58235,2260
1776157200,58240,58290,58155,58175,3477
1776158100,58185,58205,58105,58120,2388
1776159000,58120,58120,58060,58065,2774
1776159900,58070,58085,58010,58030,2479
1776160800,58030,58080,58000,58040,2357
1776161700,58040,58090,58020,58045,1883
1776162600,58045,58050,57915,57935,3307
1776163500,57930,58010,57925,57950,1814
1776164400,57955,58020,57935,58000,2366
1776165300,57995,58125,57995,58120,3635
1776166200,58115,58140,58090,58120,1693
1776167100,58120,58270,58100,58205,6752
1776168000,58205,58260,58180,58210,3275
1776168900,58215,58280,58175,58275,3424
1776169800,58275,58355,58205,58235,4855
1776170700,58230,58245,58175,58225,2640
1776171600,58225,58280,58215,58270,2322
1776172500,58270,58310,58270,58280,3713
1776173400,58280,58410,58255,58365,10243
1776174300,58365,58420,58335,58405,4145
1776175200,58410,58530,58410,58515,9415
1776176100,58515,58570,58490,58550,5153
1776177000,58550,58615,58520,58555,5164
1776177900,58555,58645,58555,58605,4269
1776178800,58600,58620,58510,58510,3761
1776179700,58510,58625,58500,58595,4132
1776180600,58595,58635,58570,58590,3297
1776181500,58590,58675,58575,58645,2462
1776182400,58640,58670,58630,58665,1199
1776183300,58665,58720,58645,58705,1784
1776184200,58705,58710,58640,58655,1583
1776185100,58660,58680,58630,58645,883
1776186000,58650,58685,58640,58680,977
1776186900,58680,58775,58680,58760,2461
1776187800,58760,58790,58745,58755,878
1776188700,58755,58770,58735,58750,823
1776189600,58755,58805,58755,58785,964
1776190500,58785,58785,58675,58730,1633
1776191400,58730,58785,58730,58745,789
1776192300,58745,58785,58730,58785,531
1776193200,58780,58830,58780,58820,1099
1776194100,58825,58870,58825,58865,2113
1776195000,58865,58890,58815,58825,1279
1776195900,58820,58860,58795,58850,1945
1776196800,58850,58875,58840,58840,1145
1776197700,58840,58850,58820,58825,559
1776198600,58825,58835,58770,58820,1709
1776199500,58820,58860,58815,58845,943
1776200400,58815,58815,58815,58815,714
1776210300,58700,58900,58700,58755,12837
1776211200,58755,58775,58560,58595,19869
1776212100,58600,58675,58555,58600,11259
1776213000,58600,58610,58500,58525,9127
1776213900,58525,58685,58520,58640,9756
1776214800,58635,58685,58610,58640,6597
1776215700,58640,58675,58505,58525,6984
1776216600,58520,58535,58355,58425,12183
1776217500,58420,58475,58375,58425,5388
1776218400,58425,58430,58265,58290,9830
1776219300,58285,58300,58225,58275,5953
1776220200,58270,58315,58250,58300,2887
1776221100,58305,58355,58285,58325,2400
1776222000,58330,58365,58305,58365,1924
1776222900,58370,58370,58310,58330,2376
1776223800,58325,58570,58320,58515,12433
1776224700,58510,58545,58465,58510,4567
1776225600,58510,58510,58395,58480,4804
1776226500,58480,58515,58440,58465,3156
1776227400,58470,58515,58445,58495,3713
1776228300,58500,58515,58445,58500,4373
1776229200,58505,58640,58290,58495,19228
1776230100,58500,58515,58240,58270,9669
1776231000,58270,58275,58145,58195,13289
1776231900,58200,58290,58135,58280,8678
1776232800,58285,58320,58225,58280,7061
1776233700,58280,58290,58205,58270,12431
1776234600,58265,58345,58255,58325,8470
1776235500,58355,58355,58355,58355,1818
1776240000,58415,58415,58270,58315,6537
1776240900,58315,58365,58245,58355,3998
1776241800,58355,58390,58330,58375,3143
1776242700,58375,58415,58340,58400,2519
1776243600,58400,58435,58225,58270,7259
1776244500,58275,58305,58230,58260,1990
1776245400,58265,58295,58220,58250,1661
1776246300,58250,58285,58245,58260,1129
1776247200,58265,58355,58250,58285,1988
1776248100,58285,58285,58160,58180,4709
1776249000,58185,58310,58160,58280,4313
1776249900,58285,58330,58260,58310,2366
1776250800,58310,58330,58285,58320,1355
1776251700,58320,58330,58295,58300,1283
1776252600,58295,58360,58295,58345,2305
1776253500,58340,58520,58290,58325,8364
1776254400,58325,58345,58210,58240,4067
1776255300,58240,58275,58225,58260,1782
1776256200,58260,58315,58235,58315,1518
1776257100,58310,58340,58285,58315,1715
1776258000,58320,58385,58300,58375,2168
1776258900,58370,58400,58350,58385,1683
1776259800,58390,58410,58255,58270,5439
1776260700,58265,58360,58260,58350,3220
1776261600,58355,58380,58315,58375,2299
1776262500,58375,58460,58325,58440,4200
1776263400,58440,58450,58325,58410,3030
1776264300,58410,58425,58385,58390,1781
1776265200,58390,58420,58355,58405,2327
1776266100,58405,58500,58375,58455,5416
1776267000,58460,58470,58415,58455,2466
1776267900,58455,58465,58420,58425,1440
1776268800,58425,58510,58420,58510,1677
1776269700,58510,58520,58435,58435,1442
1776270600,58440,58455,58335,58370,2601
1776271500,58375,58410,58315,58380,1797
1776272400,58380,58420,58355,58400,1218
1776273300,58400,58430,58395,58410,659
1776274200,58410,58440,58360,58370,1083
1776275100,58375,58410,58360,58390,732
1776276000,58385,58500,58345,58440,2756
1776276900,58435,58465,58425,58440,619
1776277800,58445,58490,58435,58475,882
1776278700,58475,58535,58470,58525,1458
1776279600,58525,58600,58515,58555,1650
1776280500,58555,58610,58555,58605,1061
1776281400,58600,58615,58550,58575,1107
1776282300,58575,58630,58560,58565,2003
1776283200,58565,58585,58530,58565,1142
1776284100,58560,58580,58560,58560,261
1776285000,58560,58595,58555,58595,384
1776285900,58595,58625,58590,58605,682
1776286800,58600,58600,58600,58600,512
1776296700,58685,58760,58585,58645,9862
1776297600,58645,59015,58630,59010,27583
1776298500,59010,59185,58910,58925,19930
1776299400,58925,59040,58900,59030,10370
1776300300,59025,59140,59010,59100,10022
1776301200,59095,59200,59000,59120,11433
1776302100,59125,59260,59085,59155,11428
1776303000,59155,59320,59140,59285,7812
1776303900,59275,59320,59240,59315,6851
1776304800,59315,59595,59310,59570,19125
1776305700,59570,59680,59540,59645,11891
1776306600,59645,59700,59595,59655,5749
1776307500,59650,59680,59625,59655,3246
1776308400,59650,59725,59650,59670,4413
1776309300,59665,59690,59615,59645,3685
1776310200,59645,59685,59485,59525,14578
1776311100,59525,59585,59505,59560,5051
1776312000,59565,59575,59430,59475,7395
1776312900,59475,59545,59415,59440,4690
1776313800,59440,59470,59405,59430,3676
1776314700,59425,59515,59420,59510,4543
1776315600,59510,59585,59475,59545,6005
1776316500,59545,59650,59525,59640,5835
1776317400,59635,59710,59635,59700,7179
1776318300,59695,59735,59605,59635,8700
1776319200,59640,59765,59615,59755,10141
1776320100,59755,59795,59700,59735,12046
1776321000,59735,59755,59555,59565,14985
1776321900,59590,59590,59590,59590,1712
1776326400,59470,59475,59355,59365,10626
1776327300,59365,59395,59315,59355,5091
1776328200,59355,59370,59280,59305,4462
1776329100,59305,59375,59285,59365,3621
1776330000,59365,59430,59360,59405,2905
1776330900,59405,59435,59380,59400,2026
1776331800,59400,59435,59400,59420,1159
1776332700,59420,59455,59385,59425,1952
1776333600,59430,59490,59425,59470,2586
1776334500,59470,59490,59385,59390,3119
1776335400,59390,59395,59300,59305,4104
1776336300,59305,59330,59240,59290,4245
1776337200,59290,59325,59250,59265,2740
1776338100,59265,59305,59260,59305,1428
1776339000,59305,59340,59270,59290,2247
1776339900,59285,59335,59275,59310,1722
1776340800,59310,59330,59225,59255,4383
1776341700,59255,59260,59190,59230,2428
1776342600,59230,59275,59185,59225,2632
1776343500,59225,59250,59215,59245,1381
1776344400,59250,59290,59225,59280,2555
1776345300,59275,59300,59240,59295,3069
1776346200,59295,59305,59165,59210,7198
1776347100,59210,59220,58930,59060,11965
1776348000,59060,59205,59030,59160,7442
1776348900,59165,59175,59015,59075,4838
1776349800,59075,59145,59060,59140,4115
1776350700,59140,59210,59135,59170,4941
1776351600,59175,59345,59170,59290,6039
1776352500,59295,59350,59215,59215,4427
1776353400,59215,59365,59180,59280,6797
1776354300,59280,59350,59275,59340,1937
1776355200,59340,59360,59305,59350,1601
1776356100,59355,59395,59295,59315,2913
1776357000,59320,59325,59145,59265,4892
1776357900,59270,59305,59210,59215,1645
1776358800,59220,59235,59160,59165,1656
1776359700,59165,59250,59155,59200,1506
1776360600,59200,59255,59175,59240,1293
1776361500,59240,59250,59150,59190,1339
1776362400,59195,59260,59170,59205,1390
1776363300,59205,59225,59140,59165,970
1776364200,59165,59235,59165,59230,874
1776365100,59230,59250,59220,59245,807
1776366000,59245,59285,59235,59250,1512
1776366900,59255,59290,59255,59265,549
1776367800,59265,59310,59265,59295,726
1776368700,59290,59360,59290,59335,2484
1776369600,59335,59350,59280,59310,830
1776370500,59305,59340,59305,59315,370
1776371400,59310,59350,59310,59330,597
1776372300,59335,59370,59330,59350,653
1776373200,59385,59385,59385,59385,587
1776383100,59380,59445,59320,59390,10793
1776384000,59390,59490,59145,59250,22040
1776384900,59245,59315,59190,59210,9124
1776385800,59210,59220,59075,59115,10033
1776386700,59115,59195,59090,59095,7174
1776387600,59095,59190,59060,59090,7023
1776388500,59085,59105,58990,59080,7484
1776389400,59085,59100,59015,59050,4920
1776390300,59050,59135,59035,59100,4655
1776391200,59100,59135,59025,59085,4635
1776392100,59090,59100,59030,59040,2954
1776393000,59040,59135,59040,59100,2229
1776393900,59095,59115,59070,59085,1466
1776394800,59080,59095,59045,59055,1812
1776395700,59055,59075,59030,59050,2154
1776396600,59050,59060,58945,59030,8464
1776397500,59025,59085,58990,59055,4709
1776398400,59055,59120,59030,59105,4398
1776399300,59100,59125,59080,59100,3905
1776400200,59095,59095,59020,59025,4391
1776401100,59020,59070,59010,59035,2790
1776402000,59035,59095,59010,59085,4219
1776402900,59080,59095,59030,59030,3105
1776403800,59030,59035,58965,58985,5524
1776404700,58980,59030,58975,58995,4242
1776405600,58990,58995,58935,58945,6270
1776406500,58945,58950,58715,58725,15235
1776407400,58720,58730,58590,58715,19256
1776408300,58800,58800,58800,58800,2290
1776412800,58900,58940,58795,58800,7833
1776413700,58795,58890,58780,58880,3335
1776414600,58880,58970,58865,58960,3543
1776415500,58960,59015,58920,59015,3267
1776416400,59010,59010,58935,58950,1978
1776417300,58950,59025,58930,58995,1885
1776418200,58995,59035,58975,59030,1434
1776419100,59030,59075,58995,59050,2668
1776420000,59050,59050,59000,59040,2123
1776420900,59035,59040,59010,59035,1067
1776421800,59035,59035,58970,58995,1738
1776422700,58990,59055,58980,59045,1421
1776423600,59040,59075,59035,59040,1413
1776424500,59035,59060,59020,59035,1007
1776425400,59035,59085,59035,59080,2111
1776426300,59085,59105,59060,59065,2292
1776427200,59070,59120,59065,59090,1749
1776428100,59090,59250,59070,59205,6350
1776429000,59205,59270,59190,59225,5102
1776429900,59225,59880,59220,59845,30587
1776430800,59845,59980,59705,59895,18030
1776431700,59895,59910,59740,59800,10703
1776432600,59810,59920,59720,59810,10054
1776433500,59815,59850,59605,59815,13464
1776434400,59820,59900,59790,59860,7487
1776435300,59855,59895,59760,59855,5955
1776436200,59860,60110,59835,60095,12764
1776437100,60090,60090,59935,59950,5906
1776438000,59940,59975,59870,59905,6110
1776438900,59905,59925,59795,59885,4730
1776439800,59890,59955,59855,59855,4211
1776440700,59860,59950,59850,59875,4318
1776441600,59875,59940,59850,59915,1966
1776442500,59910,59925,59870,59910,1423
1776443400,59910,59950,59905,59915,1426
1776444300,59915,59955,59895,59940,1220
1776445200,59935,59960,59810,59880,3264
1776446100,59885,59900,59610,59695,7302
1776447000,59700,59740,59660,59710,2938
1776447900,59710,59820,59710,59790,1551
1776448800,59795,59805,59690,59705,1598
1776449700,59710,59800,59690,59745,1619
1776450600,59750,59805,59745,59785,864
1776451500,59785,59805,59720,59765,1504
1776452400,59765,59785,59730,59745,1052
1776453300,59750,59775,59740,59755,812
1776454200,59760,59845,59755,59830,2956
1776455100,59825,59855,59790,59835,1950
1776456000,59830,59860,59810,59820,996
1776456900,59815,59830,59770,59780,838
1776457800,59780,59810,59760,59765,653
1776458700,59765,59790,59745,59790,808
1776459600,59715,59715,59715,59715,672
1776642300,58990,59035,58860,59005,15858
1776643200,59000,59120,58825,58880,22223
1776644100,58875,59045,58855,58960,10978
1776645000,58965,59015,58870,59005,9326
1776645900,59000,59085,58980,59075,8416
1776646800,59075,59165,58985,59020,8761
1776647700,59015,59125,58985,59045,5240
1776648600,59040,59160,59010,59120,5679
1776649500,59120,59215,59105,59180,5033
1776650400,59180,59195,59140,59170,4157
1776651300,59170,59220,59110,59140,3702
1776652200,59140,59155,59085,59100,1940
1776653100,59100,59130,59070,59125,1678
1776654000,59125,59170,59115,59130,1758
1776654900,59135,59155,59080,59140,1594
1776655800,59140,59270,59140,59200,5571
1776656700,59200,59210,59145,59175,2732
1776657600,59175,59180,59060,59070,4488
1776658500,59075,59080,58960,58965,7174
1776659400,58965,59060,58920,59060,5660
1776660300,59060,59095,59010,59025,4196
1776661200,59025,59065,59015,59065,2573
1776662100,59065,59090,58970,58995,3817
1776663000,58990,59030,58875,58875,5965
1776663900,58880,58960,58870,58930,4893
1776664800,58930,58975,58890,58905,4891
1776665700,58905,58915,58835,58915,7994
1776666600,58905,58985,58865,58960,7298
1776667500,58900,58900,58900,58900,1600
1776672000,58800,58880,58700,58840,10089
1776672900,58840,58950,58775,58930,5514
1776673800,58930,58935,58870,58895,2373
1776674700,58900,59005,58895,58970,4760
1776675600,58965,59015,58915,58935,2814
1776676500,58940,58950,58900,58925,1826
1776677400,58920,58970,58895,58945,1746
1776678300,58945,58950,58890,58890,1139
1776679200,58895,59005,58875,58945,2850
1776680100,58940,58995,58915,58945,1691
1776681000,58950,58955,58830,58845,1887
1776681900,58845,58865,58815,58835,2175
1776682800,58835,58840,58765,58825,2499
1776683700,58830,58860,58815,58830,1636
1776684600,58825,58890,58815,58890,2969
1776685500,58890,58950,58885,58930,2415
1776686400,58935,58990,58905,58950,3228
1776687300,58955,59000,58930,58965,2323
1776688200,58970,59005,58905,58955,2747
1776689100,58955,59025,58950,58990,1982
1776690000,58985,59115,58935,59075,6844
1776690900,59080,59190,59055,59180,4485
1776691800,59180,59225,59055,59155,8497
1776692700,59150,59220,59115,59200,4137
1776693600,59200,59200,59080,59145,4145
1776694500,59145,59205,59110,59185,3679
1776695400,59180,59210,59090,59125,2977
1776696300,59120,59155,58855,59005,9885
1776697200,59000,59045,58925,59020,4122
1776698100,59015,59205,58990,59185,6063
1776699000,59180,59210,59080,59085,3616
1776699900,59085,59125,59050,59090,1392
1776700800,59090,59105,59030,59070,920
1776701700,59070,59100,59030,59065,885
1776702600,59075,59100,59030,59065,1257
1776703500,59070,59110,59060,59070,768
1776704400,59075,59125,59055,59110,1310
1776705300,59110,59135,59105,59110,769
1776706200,59105,59180,59085,59150,1719
1776707100,59150,59175,59120,59140,652
1776708000,59140,59185,59110,59180,2714
1776708900,59180,59210,59160,59170,1685
1776709800,59170,59185,59125,59155,1194
1776710700,59155,59235,59145,59220,1029
1776711600,59220,59275,59220,59265,1423
1776712500,59265,59270,59220,59225,564
1776713400,59220,59245,59190,59215,1107
1776714300,59220,59275,59215,59270,1611
1776715200,59270,59280,59245,59265,852
1776716100,59265,59285,59260,59275,328
1776717000,59280,59385,59265,59355,2247
1776717900,59355,59360,59335,59340,556
1776718800,59325,59325,59325,59325,735
1776728700,59275,59340,59095,59110,10423
1776729600,59115,59510,59115,59405,20589
1776730500,59410,59475,59320,59370,9628
1776731400,59370,59550,59305,59515,10112
1776732300,59515,59620,59475,59575,10563
1776733200,59575,59575,59455,59465,7289
1776734100,59455,59630,59410,59630,6034
1776735000,59625,59670,59505,59560,5871
1776735900,59560,59575,59485,59520,4271
1776736800,59520,59580,59475,59570,3178
1776737700,59565,59705,59540,59695,8530
1776738600,59690,59715,59630,59685,3922
1776739500,59685,59685,59605,59610,1663
1776740400,59615,59630,59545,59555,2395
1776741300,59555,59570,59505,59555,2831
1776742200,59560,59605,59530,59545,5000
1776743100,59545,59650,59535,59625,3901
1776744000,59625,59705,59625,59645,4412
1776744900,59650,59690,59625,59675,2906
1776745800,59675,59700,59615,59630,2570
1776746700,59630,59650,59550,59550,3644
1776747600,59555,59655,59535,59645,5072
1776748500,59645,59650,59580,59625,3044
1776749400,59620,59625,59540,59550,3614
1776750300,59545,59545,59430,59465,7715
1776751200,59470,59480,59410,59465,5081
1776752100,59465,59470,59355,59410,7635
1776753000,59415,59445,59335,59360,7318
1776753900,59340,59340,59340,59340,1783
1776758400,59385,59385,59215,59265,7115
1776759300,59265,59430,59265,59420,3496
1776760200,59420,59445,59375,59405,3422
1776761100,59410,59455,59390,59390,1577
1776762000,59385,59385,59295,59345,2419
1776762900,59345,59390,59335,59355,1289
1776763800,59355,59390,59345,59345,1114
1776764700,59350,59445,59335,59390,1993
1776765600,59390,59425,59370,59385,1284
1776766500,59385,59390,59335,59345,1281
1776767400,59345,59425,59340,59395,1378
1776768300,59395,59440,59390,59420,1352
1776769200,59420,59450,59310,59330,5318
1776770100,59330,59355,59280,59355,2774
1776771000,59355,59400,59305,59310,1848
1776771900,59310,59320,59245,59260,2215
1776772800,59260,59270,59225,59225,2203
1776773700,59225,59240,59145,59235,3595
1776774600,59230,59280,59070,59105,7386
1776775500,59110,59145,59045,59105,4219
1776776400,59105,59135,59070,59070,2329
1776777300,59070,59115,59060,59075,2931
1776778200,59075,59135,59015,59125,6434
1776779100,59130,59220,59120,59215,4853
1776780000,59220,59230,59160,59200,3545
1776780900,59205,59245,59150,59165,3232
1776781800,59165,59185,59060,59080,5429
1776782700,59080,59080,58850,58870,7848
1776783600,58875,58975,58770,58960,9502
1776784500,58955,59015,58885,58915,5669
1776785400,58910,58955,58785,58885,5425
1776786300,58885,58955,58850,58885,2446
1776787200,58890,59005,58875,58895,4352
1776788100,58895,58915,58850,58855,1769
1776789000,58855,58945,58815,58835,2067
1776789900,58840,58900,58780,58785,2267
1776790800,58785,58835,58580,58610,9654
1776791700,58610,58645,58480,58610,4891
1776792600,58610,58920,58610,58840,9091
1776793500,58835,58840,58725,58775,2997
1776794400,58780,58850,58755,58815,2156
1776795300,58810,58830,58675,58710,4848
1776796200,58715,58770,58700,58705,1031
1776797100,58705,58905,58660,58795,5387
1776798000,58795,58885,58745,58810,3832
1776798900,58815,58955,58770,58940,4255
1776799800,58940,58950,58410,58435,10678
1776800700,58445,58570,58340,58505,9532
1776801600,58505,58935,58440,58810,8944
1776802500,58815,58885,58775,58835,3054
1776803400,58830,58885,58795,58820,1110
1776804300,58825,58895,58800,58875,774
1776805200,58865,58865,58865,58865,549
1776815100,58955,59190,58945,59135,13696
1776816000,59140,59310,59090,59230,24041
1776816900,59230,59485,59200,59415,15716
1776817800,59415,59560,59375,59480,10801
1776818700,59485,59600,59440,59535,8694
1776819600,59535,59560,59400,59490,8047
1776820500,59490,59570,59440,59470,6356
1776821400,59475,59615,59455,59540,6593
1776822300,59540,59700,59485,59645,7503
1776823200,59645,59785,59645,59730,7376
1776824100,59730,59745,59690,59725,3867
1776825000,59720,59745,59700,59710,2299
1776825900,59710,59725,59680,59680,1934
1776826800,59680,59720,59660,59665,2671
1776827700,59660,59705,59645,59705,2278
1776828600,59705,59735,59555,59635,7473
1776829500,59630,59680,59595,59605,3643
1776830400,59605,59665,59575,59625,6529
1776831300,59625,59625,59510,59525,5053
1776832200,59520,59560,59450,59470,5353
1776833100,59465,59500,59305,59320,7527
1776834000,59325,59455,59320,59440,6576
1776834900,59445,59675,59430,59545,21852
1776835800,59545,59630,59520,59580,6411
1776836700,59580,59625,59550,59615,4623
1776837600,59615,59670,59580,59660,5602
1776838500,59660,59675,59620,59640,8940
1776839400,59640,59790,59635,59705,10321
1776840300,59800,59800,59800,59800,2649
1776844800,59800,59835,59680,59715,5832
1776845700,59715,59720,59575,59580,4899
1776846600,59580,59605,59435,59535,5803
1776847500,59530,59605,59510,59580,3309
1776848400,59580,59705,59560,59690,5166
1776849300,59690,59750,59680,59730,2145
1776850200,59730,59745,59685,59735,1720
1776851100,59735,59740,59530,59600,3564
1776852000,59600,59655,59460,59500,4048
1776852900,59495,59615,59495,59615,3061
1776853800,59615,59670,59555,59570,2382
1776854700,59570,59580,59540,59560,1501
1776855600,59565,59585,59505,59510,2573
1776856500,59505,59550,59475,59515,2024
1776857400,59515,59555,59480,59490,2405
1776858300,59490,59570,59485,59550,2017
1776859200,59550,59670,59550,59655,3472
1776860100,59655,59690,59570,59580,4532
1776861000,59575,59625,59505,59530,4616
1776861900,59535,59565,59485,59505,2609
1776862800,59505,59625,59480,59500,5826
1776863700,59505,59640,59470,59580,6043
1776864600,59585,59600,59475,59500,6355
1776865500,59510,59575,59430,59495,5723
1776866400,59495,59545,59455,59520,4191
1776867300,59515,59625,59515,59600,5023
1776868200,59595,59670,59500,59530,6091
1776869100,59530,59580,59470,59505,4391
1776870000,59505,59550,59450,59495,4026
1776870900,59490,59550,59460,59525,3893
1776871800,59525,59565,59480,59485,2246
1776872700,59480,59595,59470,59560,1797
1776873600,59565,59685,59520,59680,3580
1776874500,59680,59710,59615,59620,2110
1776875400,59620,59655,59585,59605,2708
1776876300,59605,59645,59590,59615,1457
1776877200,59610,59765,59605,59695,3144
1776878100,59700,59755,59665,59715,1374
1776879000,59720,59770,59705,59765,1177
1776879900,59770,59795,59735,59775,1951
1776880800,59770,59775,59725,59735,813
1776881700,59735,59735,59640,59675,1031
1776882600,59680,59745,59670,59745,676
1776883500,59745,59760,59695,59705,602
1776884400,59705,59705,59560,59680,3200
1776885300,59680,59755,59675,59750,1267
1776886200,59750,59785,59735,59780,1256
1776887100,59780,59900,59775,59880,3884
1776888000,59875,59935,59865,59870,2201
1776888900,59870,59885,59840,59860,1111
1776889800,59860,59885,59830,59860,1213
1776890700,59870,59920,59855,59910,623
1776891600,59850,59850,59850,59850,495
1776901500,59780,60055,59765,59990,15553
1776902400,59980,60270,59435,59450,51419
1776903300,59450,60035,59235,59955,60794
1776904200,59955,60040,59820,59985,16070
1776905100,59985,60075,59925,60060,11330
1776906000,60060,60085,59720,59750,15301
1776906900,59755,59800,59460,59505,16169
1776907800,59505,59600,59420,59500,13131
1776908700,59500,59500,59265,59275,13425
1776909600,59275,59280,59035,59040,15386
1776910500,59045,59175,58985,59030,15963
1776911400,59025,59060,58920,58990,7765
1776912300,58990,59090,58980,58990,5496
1776913200,58995,59055,58870,58880,6806
1776914100,58880,58920,58850,58890,7589
1776915000,58885,58930,58700,58845,18388
1776915900,58845,59065,58835,59040,13022
1776916800,59040,59140,58935,59100,9246
1776917700,59095,59120,58985,59025,5742
1776918600,59020,59130,59015,59110,4623
1776919500,59110,59150,59055,59070,4957
1776920400,59070,59170,59065,59155,4772
1776921300,59155,59170,59080,59110,5054
1776922200,59115,59190,59085,59130,6127
1776923100,59130,59250,59125,59245,7379
1776924000,59245,59350,59240,59300,9170
1776924900,59305,59335,59200,59210,8057
1776925800,59210,59230,59140,59145,6903
1776926700,59140,59140,59140,59140,1614
1776931200,59180,59255,59095,59130,7116
1776932100,59135,59275,59115,59200,3500
1776933000,59205,59205,58980,58990,5445
1776933900,58990,59050,58980,59005,2775
1776934800,59000,59005,58830,58865,6904
1776935700,58865,59035,58850,59005,4819
1776936600,59010,59065,59010,59030,2744
1776937500,59030,59040,58930,58975,2220
1776938400,58970,59000,58875,58890,3183
1776939300,58900,59005,58895,58950,2276
1776940200,58950,59035,58940,58970,2877
1776941100,58975,59090,58930,59065,2848
1776942000,59070,59115,59020,59060,3445
1776942900,59065,59070,58955,59000,2456
1776943800,59010,59060,58920,59060,4914
1776944700,59055,59215,59050,59180,5964
1776945600,59175,59315,59165,59275,7376
1776946500,59275,59290,59185,59230,3952
1776947400,59235,59285,59210,59245,3069
1776948300,59245,59270,59100,59215,10675
1776949200,59215,59265,59135,59190,5441
1776950100,59195,59275,59195,59260,2698
1776951000,59255,59375,59245,59370,7212
1776951900,59365,59420,59325,59330,5780
1776952800,59330,59365,59220,59320,7559
1776953700,59320,59435,59315,59390,4798
1776954600,59395,59455,59375,59425,5005
1776955500,59430,59495,59420,59465,4523
1776956400,59465,59485,59395,59405,3801
1776957300,59410,59490,59405,59450,2854
1776958200,59445,59465,59345,59365,3029
1776959100,59370,59405,59270,59375,5507
1776960000,59375,59400,59305,59370,2417
1776960900,59370,59410,59345,59390,1584
1776961800,59385,59440,59375,59430,1555
1776962700,59430,59460,59380,59410,1713
1776963600,59415,59435,58970,59010,12578
1776964500,59010,59025,58805,58825,9690
1776965400,58820,58975,58475,58510,12701
1776966300,58515,58905,58365,58875,20112
1776967200,58875,59045,58835,58980,9914
1776968100,58980,59030,58910,59030,5054
1776969000,59025,59105,58970,59030,3328
1776969900,59025,59030,58790,58860,3284
1776970800,58860,58925,58795,58910,3434
1776971700,58915,58975,58905,58920,1869
1776972600,58920,58965,58805,58820,2386
1776973500,58820,59000,58780,58980,4532
1776974400,58975,59010,58905,58905,1672
1776975300,58910,58930,58845,58920,998
1776976200,58920,58965,58910,58955,776
1776977100,58955,58965,58865,58870,721
1776978000,58925,58925,58925,58925,653
1776987900,59220,59455,59155,59455,15775
1776988800,59455,59675,59325,59630,31987
1776989700,59630,59695,59545,59690,13367
1776990600,59690,59765,59530,59565,15940
1776991500,59570,59615,59505,59585,9197
1776992400,59590,59610,59420,59455,8758
1776993300,59455,59640,59390,59625,9189
1776994200,59620,59655,59460,59525,8583
1776995100,59525,59645,59500,59595,7240
1776996000,59595,59610,59435,59490,7090
1776996900,59490,59580,59360,59395,7440
1776997800,59395,59495,59370,59425,3635
1776998700,59425,59440,59365,59420,2770
1776999600,59420,59465,59370,59390,2453
1777000500,59390,59445,59365,59400,3427
1777001400,59400,59525,59375,59380,11962
1777002300,59385,59585,59375,59435,7049
1777003200,59435,59615,59395,59605,7501
1777004100,59605,59620,59545,59565,4549
1777005000,59570,59630,59540,59585,5844
1777005900,59590,59695,59585,59670,6390
1777006800,59670,59705,59645,59695,5204
1777007700,59695,59725,59645,59680,4992
1777008600,59680,59750,59680,59750,5883
1777009500,59750,59795,59725,59770,5564
1777010400,59770,59830,59765,59800,7612
1777011300,59800,59800,59680,59705,8801
1777012200,59700,59795,59700,59755,10851
1777013100,59720,59720,59720,59720,1648
1777017600,59760,59795,59595,59640,8056
1777018500,59640,59880,59640,59675,8085
1777019400,59675,59680,59540,59575,7255
1777020300,59570,59695,59545,59600,5718
1777021200,59600,59655,59530,59555,3201
1777022100,59555,59585,59415,59465,6313
1777023000,59470,59570,59455,59560,2744
1777023900,59560,59575,59495,59515,2586
1777024800,59515,59595,59515,59590,2209
1777025700,59590,59665,59585,59655,2514
1777026600,59655,59670,59625,59660,2374
1777027500,59660,59670,59630,59640,1053
1777028400,59640,60030,59640,59930,19720
1777029300,59925,60120,59870,60110,15025
1777030200,60110,60140,59935,59950,8363
1777031100,59950,59960,59895,59925,4282
1777032000,59925,60030,59925,60015,4801
1777032900,60010,60030,59905,59955,5905
1777033800,59955,59955,59780,59805,5321
1777034700,59810,59825,59675,59770,6455
1777035600,59775,59860,59775,59805,4766
1777036500,59805,59865,59760,59790,3245
1777037400,59790,59915,59725,59855,8451
1777038300,59855,59885,59645,59700,8627
1777039200,59710,59850,59650,59770,10911
1777040100,59770,59800,59635,59710,5075
1777041000,59715,59790,59680,59765,5557
1777041900,59770,59810,59725,59800,3988
1777042800,59800,59820,59750,59805,2905
1777043700,59810,59855,59760,59830,3272
1777044600,59835,60065,59805,60025,8622
1777045500,60025,60150,59910,60085,12645
1777046400,60080,60090,59950,60010,4841
1777047300,60010,60040,59985,60020,2556
1777048200,60015,60075,59950,59980,3216
1777049100,59985,60035,59960,60025,2466
1777050000,60025,60050,60000,60015,2267
1777050900,60015,60020,59950,59975,1726
1777051800,59980,60040,59965,60010,2304
1777052700,60025,60115,60010,60040,2878
1777053600,60045,60045,59960,59995,1039
1777054500,60000,60000,59930,59955,1326
1777055400,59955,59980,59945,59965,864
1777056300,59965,59975,59945,59965,757
1777057200,59965,60020,59965,60010,1369
1777058100,60010,60040,59985,60005,927
1777059000,60005,60020,59975,59990,822
1777059900,59985,60050,59970,60040,1599
1777060800,60035,60065,60000,60020,1810
1777061700,60015,60025,59970,59985,727
1777062600,59985,60030,59985,60025,523
1777063500,60025,60090,60020,60065,1050
1777064400,60125,60125,60125,60125,833
1777247100,59950,60165,59935,60150,14423
1777248000,60150,60230,59820,59910,29306
1777248900,59910,59930,59675,59760,19749
1777249800,59760,59955,59730,59935,14098
1777250700,59930,60170,59905,60160,13103
1777251600,60160,60415,60125,60210,29727
1777252500,60210,60500,60190,60485,17098
1777253400,60485,60675,60460,60525,17799
1777254300,60530,60700,60515,60620,13057
1777255200,60620,60715,60590,60680,6500
1777256100,60680,60730,60610,60640,5808
1777257000,60635,60685,60590,60620,3765
1777257900,60615,60650,60605,60635,1453
1777258800,60635,60720,60620,60655,5113
1777259700,60655,60765,60645,60755,6711
1777260600,60760,60890,60720,60875,21703
1777261500,60875,60920,60805,60855,7262
1777262400,60855,60925,60750,60855,8893
1777263300,60855,60950,60845,60925,4701
1777264200,60925,60980,60900,60945,5335
1777265100,60945,60950,60815,60845,6001
1777266000,60850,60885,60755,60755,6879
1777266900,60755,60805,60725,60740,5979
1777267800,60735,60745,60615,60660,8302
1777268700,60660,60705,60520,60520,8715
1777269600,60520,60565,60470,60550,9346
1777270500,60545,60670,60515,60665,11694
1777271400,60665,60675,60170,60240,23460
1777272300,60240,60240,60240,60240,1763
1777276800,60340,60380,60195,60210,9146
1777277700,60210,60320,60205,60300,3052
1777278600,60295,60395,60290,60390,3662
1777279500,60395,60435,60360,60380,3296
1777280400,60380,60420,60345,60375,2368
1777281300,60370,60390,60335,60380,1996
1777282200,60380,60430,60370,60420,1893
1777283100,60420,60440,60360,60370,2198
1777284000,60365,60400,60350,60375,1298
1777284900,60380,60435,60365,60390,1507
1777285800,60390,60530,60380,60520,3056
1777286700,60520,60575,60505,60540,2597
1777287600,60545,60565,60505,60540,1938
1777288500,60535,60640,60530,60630,3275
1777289400,60625,60650,60590,60590,2001
1777290300,60595,60610,60545,60580,2049
1777291200,60585,60600,60550,60570,1810
1777292100,60565,60570,60405,60450,3665
1777293000,60455,60485,60410,60445,2708
1777293900,60450,60480,60355,60375,3684
1777294800,60375,60395,60325,60350,4666
1777295700,60355,60410,60350,60405,2022
1777296600,60410,60535,60345,60360,10407
1777297500,60360,60380,60120,60355,14710
1777298400,60355,60355,60225,60280,5165
1777299300,60280,60290,60210,60210,3908
1777300200,60215,60310,60150,60230,7868
1777301100,60230,60240,60095,60125,4063
1777302000,60130,60145,60025,60060,3884
1777302900,60060,60105,60010,60075,3673
1777303800,60080,60155,60075,60135,3155
1777304700,60140,60160,60115,60140,1714
1777305600,60140,60155,60105,60140,1858
1777306500,60135,60155,60120,60130,938
1777307400,60135,60185,60130,60140,1651
1777308300,60140,60160,60100,60120,925
1777309200,60125,60150,60110,60125,1022
1777310100,60130,60160,60060,60150,2710
1777311000,60150,60210,60130,60145,1542
1777311900,60145,60145,60110,60115,579
1777312800,60115,60125,60090,60115,686
1777313700,60120,60170,60110,60165,861
1777314600,60165,60170,60120,60120,495
1777315500,60120,60135,60100,60115,650
1777316400,60110,60165,60095,60165,647
1777317300,60165,60240,60160,60235,1940
1777318200,60235,60265,60185,60195,2135
1777319100,60190,60235,60190,60220,2648
1777320000,60225,60235,60200,60210,660
1777320900,60205,60220,60190,60215,319
1777321800,60215,60265,60215,60265,736
1777322700,60260,60265,60225,60225,772
1777323600,60170,60170,60170,60170,593
1777333500,60430,60495,60290,60395,18290
1777334400,60400,60530,60295,60360,24823
1777335300,60360,60465,60145,60230,17401
1777336200,60235,60420,60170,60410,11774
1777337100,60410,60495,60320,60395,8278
1777338000,60400,60405,60225,60315,9830
1777338900,60310,60350,60235,60290,5311
1777339800,60285,60375,60225,60330,6303
1777340700,60330,60435,60265,60285,10204
1777341600,60285,60340,60170,60320,7337
1777342500,60325,60350,60280,60300,2606
1777343400,60300,60305,60245,60260,1809
1777344300,60260,60260,60180,60200,2272
1777345200,60200,60220,60100,60165,7025
1777346100,60165,60215,60130,60215,3461
1777347000,60215,60225,60055,60075,10069
1777347900,60070,60090,59985,60045,10442
1777348800,60050,60075,59950,59970,6359
1777349700,59970,60070,59955,60015,5109
1777350600,60020,60085,59975,60050,5119
1777351500,60055,60075,59990,60040,4061
1777352400,60040,60085,59910,59955,6718
1777353300,59960,59975,59895,59930,5394
1777354200,59935,59935,59770,59870,9826
1777355100,59870,59940,59825,59920,5656
1777356000,59920,59935,59855,59880,6920
1777356900,59880,60010,59860,59975,12705
1777357800,59975,60000,59890,60000,14079
1777358700,60020,60020,60020,60020,1912
1777363200,60105,60115,59915,59935,9719
1777364100,59935,60130,59935,60130,5063
1777365000,60135,60150,60085,60090,3843
1777365900,60090,60110,60040,60110,2522
1777366800,60100,60110,60025,60055,2006
1777367700,60050,60055,59955,59980,3250
1777368600,59975,59995,59875,59910,4474
1777369500,59915,59915,59825,59855,3725
1777370400,59855,59925,59800,59815,3573
1777371300,59815,59865,59790,59810,2712
1777372200,59815,59840,59710,59715,3683
1777373100,59720,59760,59705,59750,2223
1777374000,59750,59775,59580,59630,7217
1777374900,59630,59640,59440,59470,9441
1777375800,59465,59480,59325,59430,8603
1777376700,59425,59470,59280,59345,7873
1777377600,59345,59410,59300,59375,7417
1777378500,59375,59485,59195,59215,14006
1777379400,59220,59230,59050,59055,13042
1777380300,59055,59250,59030,59235,11528
1777381200,59235,59250,59060,59080,8068
1777382100,59075,59175,59045,59115,7685
1777383000,59110,59430,59020,59375,16552
1777383900,59370,59395,59155,59250,11673
1777384800,59245,59290,59140,59235,6791
1777385700,59235,59260,59160,59180,5180
1777386600,59185,59205,58980,59080,10861
1777387500,59080,59100,58915,59080,15263
1777388400,59080,59160,58975,59090,8985
1777389300,59090,59135,59050,59075,4314
1777390200,59075,59080,58970,58995,4538
1777391100,58995,59030,58955,59025,3116
1777392000,59025,59090,59005,59065,2975
1777392900,59070,59070,59010,59030,1998
1777393800,59030,59045,58965,58980,2059
1777394700,58980,59060,58975,59030,2392
1777395600,59030,59075,58980,59005,1990
1777396500,59005,59060,58970,59035,1318
1777397400,59035,59125,59035,59105,1815
1777398300,59100,59145,59100,59120,1418
1777399200,59120,59130,59080,59120,901
1777400100,59120,59190,59120,59180,3383
1777401000,59175,59205,59145,59205,1438
1777401900,59200,59220,59165,59180,1178
1777402800,59175,59250,59160,59215,2067
1777403700,59215,59215,59155,59160,1322
1777404600,59155,59165,59105,59145,1569
1777405500,59145,59170,59125,59140,1912
1777406400,59140,59165,59095,59155,1467
1777407300,59150,59165,59120,59125,685
1777408200,59125,59125,59085,59100,804
1777409100,59095,59095,59050,59060,878
1777410000,59030,59030,59030,59030,603
1777419900,59280,59345,59205,59340,6433
1777420800,59340,59440,59335,59400,5683
1777421700,59395,59430,59320,59395,3796
1777422600,59395,59460,59360,59455,3290
1777423500,59450,59470,59335,59350,3079
1777424400,59345,59355,59135,59275,8631
1777425300,59275,59325,59240,59290,2726
1777426200,59290,59420,59280,59385,3904
1777427100,59385,59390,59295,59365,2657
1777428000,59365,59430,59365,59425,2271
1777428900,59425,59480,59415,59445,2567
1777429800,59445,59455,59380,59395,1556
1777430700,59400,59450,59395,59425,1157
1777431600,59420,59485,59410,59460,1455
1777432500,59465,59495,59450,59475,1320
1777433400,59470,59480,59415,59425,1112
1777434300,59425,59470,59405,59465,1101
1777435200,59465,59550,59465,59525,2657
1777436100,59530,59540,59465,59490,1546
1777437000,59490,59540,59490,59500,1222
1777437900,59500,59535,59495,59510,1086
1777438800,59510,59515,59465,59470,1818
1777439700,59470,59480,59405,59465,1895
1777440600,59460,59510,59450,59495,1900
1777441500,59495,59510,59470,59475,1284
1777442400,59470,59530,59460,59470,1738
1777443300,59470,59470,59335,59390,3051
1777444200,59395,59395,59340,59395,1403
1777445100,59355,59355,59355,59355,850
1777449600,59175,59285,59065,59125,9034
1777450500,59125,59235,59070,59205,4116
1777451400,59210,59215,59065,59180,3397
1777452300,59180,59210,59120,59150,2427
1777453200,59150,59250,59120,59200,2273
1777454100,59205,59275,59185,59240,2526
1777455000,59235,59290,59170,59170,2634
1777455900,59180,59210,59105,59160,1888
1777456800,59145,59245,59115,59240,2101
1777457700,59245,59380,59245,59340,4319
1777458600,59345,59370,59305,59325,1683
1777459500,59325,59345,59300,59330,1232
1777460400,59325,59355,59285,59315,1700
1777461300,59320,59360,59310,59345,1187
1777462200,59340,59415,59285,59315,3053
1777463100,59320,59335,59270,59310,1794
1777464000,59305,59365,59295,59325,2204
1777464900,59330,59360,59290,59305,2675
1777465800,59310,59310,59160,59240,7197
1777466700,59235,59245,59190,59210,1405
1777467600,59215,59265,59195,59245,2060
1777468500,59245,59250,59105,59135,3855
1777469400,59130,59170,59025,59045,7569
1777470300,59045,59145,58955,59105,6505
1777471200,59105,59180,59055,59155,3321
1777472100,59150,59200,59130,59165,2545
1777473000,59165,59250,59130,59210,3421
1777473900,59215,59220,59160,59185,1441
1777474800,59190,59200,59020,59030,2791
1777475700,59030,59110,59015,59080,2693
1777476600,59080,59105,59035,59060,2797
1777477500,59060,59105,58840,58975,8118
1777478400,58975,59075,58960,58980,2669
1777479300,58990,59010,58930,58950,2934
1777480200,58945,58945,58845,58880,2847
1777481100,58875,58895,58810,58840,1866
1777482000,58850,58870,58785,58835,1674
1777482900,58830,58910,58800,58890,2260
1777483800,58895,58960,58850,58885,1860
1777484700,58885,58980,58875,58940,2173
1777485600,58940,58950,58740,58785,3164
1777486500,58780,58880,58775,58805,1533
1777487400,58800,58900,58670,58680,4402
1777488300,58680,58890,58640,58890,2505
1777489200,58895,58975,58840,58960,3233
1777490100,58965,59020,58890,58890,1922
1777491000,58885,58890,58785,58860,1474
1777491900,58865,58935,58805,58930,1841
1777492800,58930,59080,58685,58705,7565
1777493700,58705,58810,58620,58805,3396
1777494600,58805,58830,58760,58770,1339
1777495500,58775,58780,58650,58660,1390
1777496400,58675,58675,58675,58675,433
1777506300,59190,59265,59035,59235,18056
1777507200,59235,59475,59155,59395,29046
1777508100,59395,59475,59275,59335,17945
1777509000,59335,59395,59190,59345,13520
1777509900,59345,59550,59340,59425,16249
1777510800,59425,59430,59180,59250,14645
1777511700,59250,59380,59245,59290,6549
1777512600,59295,59405,59225,59250,8966
1777513500,59245,59375,59160,59350,8956
1777514400,59355,59530,59350,59490,10262
1777515300,59490,59510,59305,59345,9056
1777516200,59340,59395,59010,59290,18023
1777517100,59295,59305,59175,59215,5088
1777518000,59210,59285,59125,59155,4221
1777518900,59160,59180,59110,59140,4576
1777519800,59140,59280,59085,59270,10003
1777520700,59270,59315,59220,59295,5249
1777521600,59295,59305,59140,59175,7537
1777522500,59175,59195,59040,59085,9131
1777523400,59085,59115,58980,59105,9621
1777524300,59105,59175,59075,59120,6739
1777525200,59125,59335,59125,59325,12217
1777526100,59325,59350,59175,59230,7886
1777527000,59230,59320,59220,59285,6001
1777527900,59285,59310,59220,59225,6790
1777528800,59230,59270,59175,59185,8570
1777529700,59185,59320,59155,59280,13835
1777530600,59285,59600,59280,59505,17967
1777531500,59530,59530,59530,59530,1521
1777536000,59570,59645,59485,59535,11014
1777536900,59535,59545,59425,59520,5693
1777537800,59525,59575,59425,59460,6530
1777538700,59460,59465,59305,59330,5529
1777539600,59335,59370,59230,59250,5655
1777540500,59255,59350,59175,59340,6269
1777541400,59345,59495,59275,59300,7498
1777542300,59300,59370,59300,59315,3156
1777543200,59315,59360,59290,59305,3341
1777544100,59305,59355,59200,59225,3678
1777545000,59230,59245,59030,59050,13154
1777545900,59050,59160,58860,58970,12872
1777546800,58965,59190,58900,59055,11160
1777547700,59050,59260,59020,59250,7279
1777548600,59250,59250,59100,59115,7665
1777549500,59110,59220,59085,59210,5486
1777550400,59210,59245,59150,59220,2611
1777551300,59220,59375,59220,59370,5106
1777552200,59360,59365,59260,59300,5499
1777553100,59295,59390,59290,59350,3706
1777554000,59345,59395,59265,59315,5051
1777554900,59315,59375,59270,59290,4948
1777555800,59290,59320,59130,59220,12357
1777556700,59220,59265,59135,59200,7026
1777557600,59200,59300,59185,59280,6770
1777558500,59280,59455,59215,59410,8781
1777559400,59405,59550,59350,59445,8580
1777560300,59440,59585,59440,59555,6638
1777561200,59555,59615,59500,59555,6225
1777562100,59555,59575,59495,59530,4207
1777563000,59530,59590,59455,59480,4122
1777563900,59480,59580,59435,59525,3113
1777564800,59530,59530,59470,59520,2208
1777565700,59520,59535,59480,59530,2115
1777566600,59535,59570,59525,59540,1801
1777567500,59545,59545,59465,59500,1696
1777568400,59500,59595,59500,59585,1767
1777569300,59580,59585,59535,59580,897
1777570200,59580,59675,59580,59635,2875
1777571100,59635,59710,59635,59700,1758
1777572000,59695,59770,59690,59740,2216
1777572900,59745,59780,59745,59765,1244
1777573800,59765,59815,59765,59775,1483
1777574700,59770,59810,59760,59775,958
1777575600,59775,59880,59770,59865,2324
1777576500,59865,59885,59845,59860,1821
1777577400,59865,59880,59835,59875,1669
1777578300,59875,59895,59815,59820,3192
1777579200,59820,59845,59770,59790,2104
1777580100,59795,59815,59775,59795,662
1777581000,59790,59815,59755,59755,977
1777581900,59750,59790,59745,59780,504
1777582800,59750,59750,59750,59750,577
1777592700,59710,59890,59680,59705,12913
1777593600,59705,59770,59415,59495,30072
1777594500,59490,59715,59490,59560,15825
1777595400,59565,59615,59470,59550,10119
1777596300,59555,59675,59530,59570,8870
1777597200,59565,59665,59530,59625,8474
1777598100,59620,59650,59535,59595,6438
1777599000,59595,59700,59560,59690,6862
1777599900,59690,59745,59650,59725,6960
1777600800,59725,59765,59680,59710,5769
1777601700,59715,59760,59690,59730,3373
1777602600,59730,59750,59710,59730,1648
1777603500,59730,59730,59670,59695,2558
1777604400,59695,59735,59680,59735,2469
1777605300,59730,59740,59685,59705,1934
1777606200,59705,59765,59655,59680,5918
1777607100,59680,59710,59640,59690,3176
1777608000,59685,59730,59655,59695,3844
1777608900,59695,59750,59670,59680,4112
1777609800,59680,59715,59650,59705,3356
1777610700,59700,59730,59655,59705,3727
1777611600,59705,59735,59665,59720,4786
1777612500,59715,59750,59665,59720,4396
1777613400,59720,59725,59640,59670,5651
1777614300,59675,59690,59630,59640,4796
1777615200,59640,59660,59590,59630,5230
1777616100,59630,59635,59460,59500,9187
1777617000,59500,59540,59440,59460,6299
1777617900,59415,59415,59415,59415,1311
1777622400,59375,59390,59230,59275,6334
1777623300,59280,59305,59235,59255,2823
1777624200,59260,59265,59215,59240,2258
1777625100,59240,59280,59230,59265,2131
1777626000,59265,59280,59200,59250,2097
1777626900,59250,59320,59245,59315,2848
1777627800,59315,59315,59250,59255,2440
1777628700,59255,59300,59250,59260,1504
1777629600,59260,59270,59230,59265,1709
1777630500,59270,59280,59235,59245,1471
1777631400,59250,59265,59185,59205,1913
1777632300,59200,59265,59200,59255,1304
1777633200,59260,59275,59160,59195,2686
1777634100,59195,59215,59175,59180,1401
1777635000,59180,59200,59155,59190,1284
1777635900,59185,59210,59175,59205,1181
1777636800,59210,59385,59175,59305,6716
1777637700,59305,59375,59260,59335,6264
1777638600,59335,59345,59175,59180,4294
1777639500,59175,59190,59110,59120,3625
1777640400,59120,59225,59110,59195,2811
1777641300,59195,59230,59175,59225,1558
1777642200,59220,59305,59170,59290,6446
1777643100,59295,59460,59175,59455,13045
1777644000,59460,59580,59385,59570,10380
1777644900,59565,59580,59505,59510,4765
1777645800,59510,59520,59390,59430,6437
1777646700,59430,59465,59375,59430,2973
1777647600,59435,59435,59320,59425,5560
1777648500,59430,59505,59430,59495,2990
1777649400,59495,59575,59490,59565,2800
1777650300,59570,59615,59470,59540,5634
1777651200,59535,59550,59470,59480,1916
1777652100,59475,59515,59340,59360,6042
1777653000,59355,59405,59345,59355,1592
1777653900,59350,59430,59340,59415,1436
1777654800,59410,59485,59410,59455,1263
1777655700,59455,59505,59445,59500,796
1777656600,59500,59530,59490,59520,652
1777657500,59515,59570,59495,59545,2815
1777658400,59550,59555,59445,59455,1204
1777659300,59455,59555,59430,59535,1859
1777660200,59530,59545,59455,59465,2376
1777661100,59465,59470,59410,59445,961
1777662000,59450,59535,59435,59530,837
1777662900,59525,59600,59525,59585,1089
1777663800,59585,59590,59515,59525,1799
1777664700,59525,59545,59420,59430,2502
1777665600,59425,59430,59375,59385,1176
1777666500,59385,59385,59340,59350,1273
1777667400,59355,59370,59325,59325,770
1777668300,59330,59365,59320,59325,582
1777669200,59315,59315,59315,59315,617
1777851900,59660,59670,59470,59480,5643
1777852800,59480,59575,59365,59515,7455
1777853700,59515,59570,59475,59545,3529
1777854600,59545,59690,59545,59660,5259
1777855500,59665,59755,59665,59730,4395
1777856400,59730,59780,59645,59770,4079
1777857300,59770,59840,59765,59800,5185
1777858200,59800,59865,59780,59840,3164
1777859100,59835,59930,59820,59890,4407
1777860000,59885,59900,59815,59855,2103
1777860900,59850,59850,59760,59770,2292
1777861800,59770,59855,59760,59840,1655
1777862700,59835,59900,59830,59860,1561
1777863600,59860,59930,59860,59905,2091
1777864500,59905,59915,59855,59860,1439
1777865400,59860,59885,59820,59870,1580
1777866300,59865,59870,59720,59805,7378
1777867200,59805,59865,59780,59835,1812
1777868100,59835,59865,59830,59855,969
1777869000,59860,59890,59845,59865,1035
1777869900,59865,59905,59865,59885,1298
1777870800,59885,59915,59875,59905,1152
1777871700,59900,60015,59900,59940,4875
1777872600,59940,60000,59930,59995,2241
1777873500,60000,60010,59965,59980,1952
1777874400,59980,60000,59925,59975,2717
1777875300,59975,59995,59915,59920,3267
1777876200,59915,59965,59870,59875,3313
1777877100,59825,59825,59825,59825,942
1777881600,59830,59865,59695,59725,7920
1777882500,59720,59760,59680,59750,4364
1777883400,59750,59805,59745,59750,3448
1777884300,59750,59750,59700,59710,2943
1777885200,59710,59785,59695,59780,2650
1777886100,59775,59790,59725,59745,1924
1777887000,59745,59805,59740,59785,1321
1777887900,59785,59805,59730,59730,1637
1777888800,59735,59745,59170,59270,27575
1777889700,59275,59445,59145,59385,14665
1777890600,59380,59735,59355,59590,15802
1777891500,59590,59635,59560,59590,2701
1777892400,59590,59685,59560,59645,6811
1777893300,59650,59735,59645,59660,3164
1777894200,59655,59675,59555,59640,5482
1777895100,59635,59680,59590,59655,3254
1777896000,59660,59725,59655,59705,2834
1777896900,59700,59860,59665,59835,6878
1777897800,59830,59870,59755,59845,3514
1777898700,59840,59885,59780,59805,3582
1777899600,59805,59890,59645,59810,10013
1777900500,59805,59825,59740,59780,2418
1777901400,59775,59915,59740,59850,6645
1777902300,59850,59930,59835,59915,3859
1777903200,59905,59970,59810,59910,7972
1777904100,59910,60045,59905,59960,7419
1777905000,59960,60005,59945,59950,2232
1777905900,59955,59970,59800,59810,5446
1777906800,59810,59850,59725,59765,5758
1777907700,59760,59790,59420,59575,14704
1777908600,59575,59620,59490,59585,6409
1777909500,59580,59600,59405,59505,7341
1777910400,59505,59540,59290,59370,10788
1777911300,59365,59680,59330,59475,10011
1777912200,59475,59500,59390,59400,3435
1777913100,59395,59415,59345,59370,2678
1777914000,59370,59480,59355,59450,3204
1777914900,59455,59595,59440,59580,3949
1777915800,59575,59580,59480,59530,1226
1777916700,59530,59540,59505,59505,805
1777917600,59500,59550,59490,59500,929
1777918500,59495,59495,59355,59420,1509
1777919400,59420,59440,59350,59355,1549
1777920300,59355,59390,59325,59345,2196
1777921200,59350,59480,59330,59455,2543
1777922100,59455,59465,59390,59425,1247
1777923000,59425,59485,59420,59470,614
1777923900,59470,59505,59435,59495,1586
1777924800,59490,59505,59460,59460,742
1777925700,59455,59490,59450,59480,400
1777926600,59480,59490,59460,59470,433
1777927500,59465,59465,59445,59465,411
1777928400,59500,59500,59500,59500,454
1777938300,59470,59535,59360,59390,4856
1777939200,59390,59555,59370,59490,6260
1777940100,59490,59490,59330,59390,4985
1777941000,59385,59430,59360,59410,2447
1777941900,59415,59510,59405,59470,2961
1777942800,59470,59490,59405,59455,2924
1777943700,59455,59500,59405,59420,2175
1777944600,59420,59535,59395,59465,3425
1777945500,59460,59510,59455,59490,1473
1777946400,59490,59535,59475,59520,1657
1777947300,59525,59575,59515,59565,1843
1777948200,59570,59610,59565,59600,2171
1777949100,59595,59605,59525,59560,2514
1777950000,59560,59600,59550,59590,1102
1777950900,59595,59635,59575,59625,1164
1777951800,59620,59645,59615,59635,1256
1777952700,59635,59660,59620,59625,1028
1777953600,59625,59680,59615,59660,1538
1777954500,59660,59670,59635,59650,853
1777955400,59655,59655,59625,59635,1056
1777956300,59640,59660,59590,59600,1550
1777957200,59595,59605,59545,59555,2077
1777958100,59550,59585,59540,59545,1491
1777959000,59550,59610,59540,59600,1819
1777959900,59600,59680,59595,59665,2726
1777960800,59660,59730,59645,59665,3969
1777961700,59670,59675,59575,59595,2304
1777962600,59595,59655,59585,59640,2253
1777963500,59655,59655,59655,59655,520
1777968000,59750,59885,59715,59875,7653
1777968900,59870,59905,59825,59845,5466
1777969800,59840,59870,59790,59805,4216
1777970700,59800,59840,59780,59805,3214
1777971600,59805,59835,59740,59790,3920
1777972500,59785,59825,59780,59805,2223
1777973400,59810,59865,59800,59855,2909
1777974300,59855,59900,59835,59840,2402
1777975200,59840,59870,59825,59850,2044
1777976100,59850,59880,59840,59875,1028
1777977000,59880,60005,59815,59815,8351
1777977900,59815,59865,59800,59865,2263
1777978800,59860,59940,59800,59920,6436
1777979700,59920,59975,59870,59955,3942
1777980600,59955,60005,59940,59995,3062
1777981500,59995,60035,59975,60005,3047
1777982400,60005,60120,59965,60110,5557
1777983300,60110,60180,60100,60160,4256
1777984200,60160,60185,60100,60110,2316
1777985100,60105,60115,60050,60075,2490
1777986000,60075,60170,60075,60125,2261
1777986900,60125,60135,60075,60120,1934
1777987800,60125,60225,60085,60225,5371
1777988700,60225,60300,60200,60275,6822
1777989600,60275,60385,60230,60265,9821
1777990500,60265,60420,60185,60385,10605
1777991400,60380,60385,60310,60355,3064
1777992300,60350,60395,60315,60385,2179
1777993200,60385,60425,60365,60375,3179
1777994100,60375,60470,60375,60460,3892
1777995000,60460,60540,60425,60515,4463
1777995900,60520,60585,60520,60550,2772
1777996800,60545,60575,60520,60565,1895
1777997700,60565,60605,60520,60555,1972
1777998600,60555,60555,60520,60550,1191
1777999500,60545,60585,60545,60565,908
1778000400,60565,60585,60550,60570,980
1778001300,60570,60615,60570,60615,1486
1778002200,60615,60660,60605,60640,2042
1778003100,60640,60685,60635,60660,1151
1778004000,60655,60700,60655,60695,1093
1778004900,60695,60695,60645,60670,1226
1778005800,60670,60680,60650,60675,739
1778006700,60675,60690,60660,60665,994
1778007600,60665,60680,60645,60650,1390
1778008500,60645,60700,60635,60635,1686
1778009400,60630,60660,60625,60655,908
1778010300,60650,60655,60565,60620,2339
1778011200,60630,60640,60575,60610,674
1778012100,60610,60710,60590,60710,1938
1778013000,60705,60745,60700,60715,1708
1778013900,60710,60745,60705,60740,568
1778014800,60735,60735,60735,60735,532
1778024700,61070,61155,61015,61040,10031
1778025600,61040,61365,60990,61330,15107
1778026500,61330,61450,61305,61325,11266
1778027400,61320,61420,61250,61255,7246
1778028300,61255,61275,61100,61230,7036
1778029200,61225,61390,61200,61385,8369
1778030100,61385,61450,61330,61350,5231
1778031000,61345,61390,61320,61345,3466
1778031900,61350,61355,61200,61240,3883
1778032800,61240,61240,61085,61105,4662
1778033700,61100,61140,61035,61060,3547
1778034600,61055,61105,61035,61075,2621
1778035500,61075,61125,61075,61085,2108
1778036400,61085,61190,61085,61155,2514
1778037300,61155,61170,61100,61140,2440
1778038200,61140,61220,61135,61195,3236
1778039100,61190,61230,61160,61215,1799
1778040000,61215,61305,61210,61295,2836
1778040900,61295,61305,61200,61200,4351
1778041800,61205,61215,61020,61055,7376
1778042700,61070,61165,61000,61130,6094
1778043600,61120,61170,61055,61160,3979
1778044500,61160,61175,61115,61160,2443
1778045400,61155,61205,61135,61200,3160
1778046300,61195,61240,61195,61225,3338
1778047200,61225,61325,61225,61280,6278
1778048100,61280,61310,61245,61295,3221
1778049000,61295,61340,61265,61330,2271
1778049900,61330,61330,61330,61330,691
1778054400,61325,61550,61325,61500,13011
1778055300,61495,61505,61410,61475,4210
1778056200,61480,61580,61480,61555,6243
1778057100,61555,62025,61535,61970,25816
1778058000,61965,62030,61835,61915,10978
1778058900,61920,62030,61910,61950,8523
1778059800,61950,62130,61930,62080,10918
1778060700,62080,62105,62030,62075,5112
1778061600,62075,62205,62045,62060,8997
1778062500,62055,62150,62045,62100,5798
1778063400,62100,62260,62095,62235,7468
1778064300,62235,62295,62115,62230,13281
1778065200,62230,62355,62205,62350,11079
1778066100,62350,62370,62285,62285,6997
1778067000,62295,62320,62180,62190,9347
1778067900,62190,62190,62075,62095,8518
1778068800,62090,62100,61860,61890,9453
1778069700,61885,61995,61745,61910,10527
1778070600,61910,61930,61865,61875,4730
1778071500,61880,61925,61835,61870,4186
1778072400,61870,61870,61605,61755,12785
1778073300,61755,61805,61690,61755,6421
1778074200,61755,61870,61680,61845,9916
1778075100,61840,61855,61715,61815,7099
1778076000,61820,61835,61580,61785,10014
1778076900,61785,61795,61660,61685,6693
1778077800,61680,61860,61670,61830,8806
1778078700,61830,61850,61770,61820,5472
1778079600,61825,61860,61785,61825,3884
1778080500,61825,61925,61810,61870,4238
1778081400,61870,61885,61730,61780,4416
1778082300,61785,61860,61780,61815,2197
1778083200,61810,61850,61780,61840,1198
1778084100,61835,61840,61795,61815,953
1778085000,61820,61845,61800,61830,1218
1778085900,61830,61830,61625,61700,3582
1778086800,61700,61805,61685,61775,1587
1778087700,61775,61800,61755,61780,736
1778088600,61780,61815,61770,61815,1036
1778089500,61815,61840,61790,61835,744
1778090400,61835,61925,61835,61905,2019
1778091300,61905,61955,61905,61935,1449
1778092200,61935,61990,61935,61965,1474
1778093100,61965,61985,61945,61960,954
1778094000,61960,62055,61955,62035,2594
1778094900,62040,62065,62030,62050,1060
1778095800,62040,62055,62010,62035,911
1778096700,62035,62150,62035,62095,5427
1778097600,62090,62310,62085,62290,6676
1778098500,62295,62355,62255,62320,2559
1778099400,62315,62325,62265,62310,1622
1778100300,62320,62320,62200,62245,1266
1778101200,62110,62110,62110,62110,563
1778111100,61920,62075,61735,61905,20319
1778112000,61905,62140,61895,62010,33218
1778112900,62015,62030,61865,61960,19553
1778113800,61955,62115,61950,62005,16667
1778114700,62000,62250,61990,62240,17217
1778115600,62235,62410,62115,62385,18307
1778116500,62385,62580,62380,62550,16702
1778117400,62550,62805,62540,62780,19899
1778118300,62780,62890,62760,62835,17882
1778119200,62835,62945,62825,62895,16283
1778120100,62895,63010,62875,63000,13040
1778121000,63000,63005,62870,62895,8482
1778121900,62895,62935,62795,62855,7276
1778122800,62850,62860,62795,62845,4291
1778123700,62850,62915,62840,62875,4797
1778124600,62870,62995,62850,62990,9106
1778125500,62995,63030,62920,62930,9622
1778126400,62930,62965,62880,62945,8303
1778127300,62945,62965,62895,62945,6118
1778128200,62945,63015,62880,62995,9266
1778129100,63000,63190,62990,63150,13246
1778130000,63155,63270,63155,63250,14209
1778130900,63245,63270,63200,63240,8349
1778131800,63240,63255,63205,63210,6904
1778132700,63210,63225,63090,63095,10352
1778133600,63095,63165,62985,63030,13634
1778134500,63030,63125,62985,63080,14820
1778135400,63080,63170,62995,63055,18186
1778136300,63135,63135,63135,63135,2230
1778140800,63340,63395,63225,63295,11707
1778141700,63295,63310,63045,63140,7541
1778142600,63145,63170,63000,63000,6128
1778143500,62995,63070,62960,63050,5845
1778144400,63045,63080,62995,63035,4588
1778145300,63040,63080,63015,63070,3155
1778146200,63065,63155,63035,63105,4648
1778147100,63110,63150,62950,62975,5483
1778148000,62970,63030,62945,62965,3799
1778148900,62965,63010,62910,62940,4200
1778149800,62940,62975,62885,62955,4816
1778150700,62955,62965,62890,62895,3536
1778151600,62900,62915,62775,62785,7048
1778152500,62790,62810,62730,62745,5502
1778153400,62750,62810,62720,62770,4193
1778154300,62770,62795,62705,62775,2848
1778155200,62775,62875,62760,62870,3812
1778156100,62865,62945,62850,62940,4926
1778157000,62940,62975,62895,62935,4108
1778157900,62930,62945,62830,62880,3909
1778158800,62885,62885,62765,62820,4386
1778159700,62825,62875,62810,62835,3005
1778160600,62830,62840,62560,62565,9779
1778161500,62570,62650,62475,62560,9734
1778162400,62560,62680,62525,62625,5921
1778163300,62630,62650,62540,62565,6993
1778164200,62565,62640,62565,62600,3278
1778165100,62600,62740,62580,62700,5217
1778166000,62705,62705,62575,62630,4603
1778166900,62625,62670,62460,62540,5929
1778167800,62545,62615,62545,62570,3329
1778168700,62575,62585,62430,62460,4537
1778169600,62465,62490,62350,62390,6294
1778170500,62385,62450,62280,62440,6973
1778171400,62435,62470,62325,62380,3032
1778172300,62375,62395,62300,62345,2338
1778173200,62350,62385,62305,62345,2232
1778174100,62340,62390,62070,62180,9404
1778175000,62180,62300,62140,62240,6830
1778175900,62235,62360,62165,62360,4898
1778176800,62350,62395,62270,62280,2947
1778177700,62285,62340,62250,62260,1428
1778178600,62260,62295,62130,62190,3121
1778179500,62190,62320,62105,62315,6014
1778180400,62320,62345,62250,62310,1902
1778181300,62305,62320,62155,62245,3692
1778182200,62245,62345,62240,62315,1361
1778183100,62315,62370,62190,62230,6116
1778184000,62225,62460,62200,62330,4198
1778184900,62330,62345,62265,62270,1392
1778185800,62270,62305,62085,62150,5132
1778186700,62145,62195,62120,62135,910
1778187600,62130,62130,62130,62130,492
1778197500,62185,62490,62015,62480,23353
1778198400,62475,62795,62355,62410,34821
1778199300,62405,62660,62360,62560,18516
1778200200,62560,62715,62510,62685,12393
1778201100,62690,62700,62565,62655,9074
1778202000,62650,62795,62620,62760,11663
1778202900,62760,62770,62590,62595,8831
1778203800,62595,62605,62485,62500,8853
1778204700,62505,62530,62410,62445,6121
1778205600,62445,62470,62335,62345,10819
1778206500,62345,62345,62190,62225,9492
1778207400,62225,62300,62135,62280,9269
1778208300,62280,62410,62275,62295,6134
1778209200,62300,62345,62285,62320,3681
1778210100,62325,62365,62275,62345,3424
1778211000,62345,62500,62335,62445,11052
1778211900,62445,62540,62430,62500,6079
1778212800,62500,62550,62435,62520,6153
1778213700,62525,62590,62470,62545,5489
1778214600,62545,62550,62395,62430,5238
1778215500,62435,62610,62425,62530,7572
1778216400,62535,62600,62535,62590,5344
1778217300,62590,62670,62580,62635,4789
1778218200,62630,62700,62615,62695,5936
1778219100,62695,62750,62685,62700,5856
1778220000,62695,62765,62630,62725,7338
1778220900,62720,62760,62610,62695,13937
1778221800,62690,62800,62640,62735,12642
1778222700,62840,62840,62840,62840,2713
1778227200,62860,62930,62815,62860,7138
1778228100,62860,63010,62855,62925,6118
1778229000,62930,62970,62900,62920,3193
1778229900,62915,62990,62895,62920,4033
1778230800,62925,63035,62910,63015,4525
1778231700,63015,63085,62975,63025,4849
1778232600,63025,63030,62890,62890,4301
1778233500,62885,62910,62740,62815,7197
1778234400,62820,62885,62805,62835,3024
1778235300,62835,62880,62825,62850,2413
1778236200,62845,62885,62830,62830,2062
1778237100,62830,62830,62665,62795,6675
1778238000,62800,62945,62795,62890,5415
1778238900,62890,62895,62790,62860,3191
1778239800,62865,62880,62850,62860,1342
1778240700,62855,62915,62830,62910,2373
1778241600,62910,62935,62875,62905,3269
1778242500,62910,62960,62885,62950,2100
1778243400,62960,63110,62935,63075,8042
1778244300,63075,63080,62925,63000,5722
1778245200,62995,63045,62940,62985,4367
1778246100,62985,63100,62960,63095,3897
1778247000,63100,63300,63045,63280,12789
1778247900,63285,63455,63285,63425,10360
1778248800,63415,63445,63165,63230,9747
1778249700,63225,63285,63170,63180,6619
1778250600,63175,63255,63135,63235,5922
1778251500,63235,63255,63200,63205,3142
1778252400,63205,63255,63165,63185,3370
1778253300,63185,63225,63125,63220,3912
1778254200,63220,63310,63155,63220,7033
1778255100,63215,63295,63200,63290,3190
1778256000,63285,63375,63285,63325,4123
1778256900,63325,63370,63285,63360,2139
1778257800,63360,63370,63315,63370,2343
1778258700,63370,63430,63370,63375,3678
1778259600,63370,63445,63360,63445,3039
1778260500,63450,63600,63450,63535,5228
1778261400,63535,63585,63520,63575,2130
1778262300,63580,63635,63555,63580,2574
1778263200,63580,63725,63570,63675,4243
1778264100,63670,63695,63625,63630,1627
1778265000,63630,63645,63570,63595,1435
1778265900,63590,63600,63495,63520,2101
1778266800,63520,63615,63515,63595,2119
1778267700,63595,63640,63565,63565,2047
1778268600,63560,63650,63545,63635,1532
1778269500,63630,63675,63575,63670,3017
1778270400,63675,63720,63655,63665,2083
1778271300,63660,63665,63630,63650,730
1778272200,63645,63680,63640,63660,553
1778273100,63665,63715,63660,63705,993
1778274000,63800,63800,63800,63800,1115
1778456700,63800,63810,63460,63465,19169
1778457600,63470,63535,63245,63350,21260
1778458500,63350,63455,63300,63340,15394
1778459400,63345,63365,63250,63285,7772
1778460300,63285,63310,63045,63070,16465
1778461200,63070,63170,62930,63085,15942
1778462100,63090,63090,62770,62775,14301
1778463000,62770,62790,62635,62710,15373
1778463900,62715,62720,62545,62590,10157
1778464800,62590,62655,62535,62605,9629
1778465700,62610,62620,62500,62560,8837
1778466600,62560,62590,62495,62535,4215
1778467500,62540,62550,62505,62525,3084
1778468400,62525,62545,62445,62535,5683
1778469300,62535,62600,62510,62585,5063
1778470200,62585,62665,62515,62655,10112
1778471100,62655,62725,62595,62680,9840
1778472000,62680,62705,62595,62635,4465
1778472900,62635,62775,62620,62760,5489
1778473800,62760,62820,62685,62705,6002
1778474700,62700,62705,62625,62645,4520
1778475600,62650,62670,62520,62550,6768
1778476500,62545,62590,62515,62525,5001
1778477400,62525,62590,62505,62520,5922
1778478300,62515,62560,62505,62510,5090
1778479200,62505,62535,62460,62460,6020
1778480100,62465,62550,62440,62525,7885
1778481000,62525,62525,62360,62420,9464
1778481900,62405,62405,62405,62405,1518
1778486400,62650,62675,62480,62560,7608
1778487300,62550,62640,62525,62525,3413
1778488200,62520,62565,62505,62555,1977
1778489100,62555,62575,62510,62515,2099
1778490000,62515,62595,62495,62555,2337
1778490900,62555,62665,62555,62640,3266
1778491800,62640,62690,62625,62675,1759
1778492700,62675,62745,62630,62630,3512
1778493600,62625,62675,62585,62650,2811
1778494500,62650,62660,62595,62600,1488
1778495400,62600,62625,62520,62570,3429
1778496300,62570,62595,62545,62560,1909
1778497200,62560,62655,62560,62640,2121
1778498100,62640,62695,62605,62685,1805
1778499000,62685,62730,62645,62660,2682
1778499900,62660,62660,62550,62620,2856
1778500800,62625,62645,62550,62580,2812
1778501700,62580,62655,62550,62650,2623
1778502600,62645,62695,62625,62625,2723
1778503500,62625,62670,62525,62670,6495
1778504400,62670,62725,62665,62720,4282
1778505300,62720,62765,62710,62765,3699
1778506200,62765,62875,62765,62855,8607
1778507100,62855,62875,62745,62780,4683
1778508000,62780,62815,62715,62740,4395
1778508900,62745,62800,62670,62675,4235
1778509800,62680,62795,62535,62775,8047
1778510700,62780,62825,62700,62775,3833
1778511600,62775,62800,62750,62760,2200
1778512500,62760,62860,62720,62860,3582
1778513400,62860,62930,62805,62820,4545
1778514300,62820,62895,62785,62870,2186
1778515200,62870,62910,62860,62905,1309
1778516100,62905,62910,62860,62875,1208
1778517000,62875,62890,62690,62770,3511
1778517900,62765,62815,62750,62795,1877
1778518800,62795,62830,62795,62815,1434
1778519700,62815,62860,62795,62850,1072
1778520600,62850,62925,62850,62905,1284
1778521500,62905,62925,62885,62885,972
1778522400,62890,62950,62890,62920,1234
1778523300,62920,62945,62895,62930,1079
1778524200,62930,62950,62895,62915,986
1778525100,62910,62940,62840,62840,1213
1778526000,62840,62885,62825,62840,2462
1778526900,62840,62845,62795,62805,1583
1778527800,62805,62850,62795,62835,1223
1778528700,62835,62950,62825,62950,3755
1778529600,62945,62950,62780,62890,3046
1778530500,62890,62910,62855,62875,724
1778531400,62875,62895,62860,62895,542
1778532300,62890,62925,62885,62915,661
1778533200,62880,62880,62880,62880,712
1778543100,62885,62900,62720,62880,10789
1778544000,62880,62970,62805,62900,22889
1778544900,62900,63010,62850,62960,13647
1778545800,62960,63210,62950,63100,14573
1778546700,63100,63270,63080,63210,9873
1778547600,63210,63255,62925,63155,16207
1778548500,63155,63165,62660,62750,18141
1778549400,62745,62805,62210,62520,26717
1778550300,62515,62635,62435,62475,16058
1778551200,62475,62735,62420,62720,11515
1778552100,62720,62835,62625,62820,7733
1778553000,62815,62845,62755,62775,3935
1778553900,62775,62930,62775,62910,5146
1778554800,62910,62980,62815,62865,5246
1778555700,62860,62870,62790,62835,3017
1778556600,62835,62955,62835,62910,9275
1778557500,62910,62915,62725,62765,7329
1778558400,62765,62900,62750,62785,7120
1778559300,62785,62870,62765,62840,4555
1778560200,62845,62905,62785,62900,5254
1778561100,62905,62925,62630,62635,10033
1778562000,62635,62775,62625,62670,8566
1778562900,62670,62815,62645,62800,5957
1778563800,62800,62840,62665,62720,5389
1778564700,62725,62840,62705,62760,8750
1778565600,62765,62850,62685,62840,9216
1778566500,62840,62890,62685,62715,9794
1778567400,62720,62800,62625,62635,8000
1778568300,62650,62650,62650,62650,1262
1778572800,62610,62640,62495,62515,9630
1778573700,62515,62675,62470,62670,6011
1778574600,62670,62715,62640,62685,3138
1778575500,62685,62745,62660,62690,2762
1778576400,62685,62705,62585,62650,3917
1778577300,62645,62660,62590,62605,1967
1778578200,62605,62730,62605,62660,4603
1778579100,62660,62685,62595,62625,1430
1778580000,62630,62715,62615,62685,2306
1778580900,62685,62685,62620,62635,1268
1778581800,62640,62665,62540,62560,2322
1778582700,62560,62560,62510,62545,2691
1778583600,62540,62605,62420,62470,6881
1778584500,62470,62505,62425,62505,2731
1778585400,62505,62545,62460,62520,2135
1778586300,62520,62535,62445,62460,2528
1778587200,62460,62460,62345,62430,4724
1778588100,62430,62460,62385,62425,3009
1778589000,62425,62615,62355,62560,7309
1778589900,62560,62660,62560,62620,3517
1778590800,62615,62645,62535,62540,4094
1778591700,62540,62550,62460,62545,3372
1778592600,62540,62600,62455,62570,7213
1778593500,62565,62600,62320,62360,9495
1778594400,62360,62500,62325,62485,7671
1778595300,62490,62505,62275,62310,6309
1778596200,62315,62320,62075,62245,14586
1778597100,62240,62245,62035,62060,7450
1778598000,62060,62100,61995,62030,6312
1778598900,62030,62040,61835,61910,8038
1778599800,61915,62025,61905,62015,4066
1778600700,62015,62045,61920,61940,3147
1778601600,61945,62025,61900,62020,3667
1778602500,62020,62030,61910,61920,2272
1778603400,61925,61925,61805,61850,3465
1778604300,61845,61870,61790,61840,2599
1778605200,61845,61945,61835,61935,3092
1778606100,61935,62090,61935,61995,3866
1778607000,61995,62045,61985,62015,1281
1778607900,62015,62060,62005,62050,1054
1778608800,62045,62110,62030,62105,2544
1778609700,62105,62185,62105,62165,1796
1778610600,62160,62210,62160,62200,1391
1778611500,62205,62255,62160,62185,2032
1778612400,62185,62340,62185,62320,2733
1778613300,62320,62355,62275,62325,3077
1778614200,62330,62415,62330,62405,3258
1778615100,62405,62525,62390,62500,5683
1778616000,62500,62510,62405,62440,2556
1778616900,62440,62470,62430,62460,722
1778617800,62465,62500,62450,62480,684
1778618700,62480,62505,62465,62500,698
1778619600,62520,62520,62520,62520,590
1778629500,62400,62445,62260,62305,10790
1778630400,62305,62580,62280,62405,23223
1778631300,62410,62790,62385,62545,19773
1778632200,62545,62710,62480,62695,10976
1778633100,62695,62705,62490,62495,7527
1778634000,62490,62670,62485,62645,7025
1778634900,62645,62875,62570,62870,11145
1778635800,62875,63015,62835,62980,12889
1778636700,62980,63160,62965,62985,12167
1778637600,62980,63000,62810,62830,8664
1778638500,62825,62970,62825,62965,5376
1778639400,62965,62995,62905,62915,2896
1778640300,62920,62945,62890,62905,2213
1778641200,62900,62930,62865,62885,2936
1778642100,62880,62985,62880,62980,2827
1778643000,62980,63225,62980,63200,11781
1778643900,63200,63265,63150,63170,7704
1778644800,63170,63190,63110,63165,5314
1778645700,63160,63275,63150,63240,4922
1778646600,63235,63350,63235,63335,7174
1778647500,63335,63340,63260,63290,5377
1778648400,63285,63385,63270,63385,6052
1778649300,63380,63400,63280,63295,5901
1778650200,63300,63350,63280,63305,4849
1778651100,63305,63335,63240,63305,6077
1778652000,63300,63310,63185,63260,7083
1778652900,63255,63345,63250,63315,7533
1778653800,63310,63435,63275,63300,12924
1778654700,63305,63305,63305,63305,1699
1778659200,63330,63330,63150,63260,9438
1778660100,63265,63350,63260,63320,3135
1778661000,63325,63335,63230,63260,2835
1778661900,63260,63290,63160,63175,3505
1778662800,63175,63220,63070,63090,4889
1778663700,63085,63125,63025,63030,4686
1778664600,63030,63045,62970,63035,5854
1778665500,63040,63085,63000,63070,3607
1778666400,63065,63105,62950,62990,4776
1778667300,62990,63010,62895,62930,4324
1778668200,62925,63010,62885,62990,5488
1778669100,62990,62995,62930,62945,3079
1778670000,62950,62985,62900,62950,2458
1778670900,62945,62990,62915,62955,1998
1778671800,62955,63040,62945,63010,2831
1778672700,63015,63060,63005,63035,2459
1778673600,63035,63075,63025,63040,2091
1778674500,63040,63050,62910,62965,3739
1778675400,62965,62970,62725,62805,11014
1778676300,62810,62845,62730,62795,5550
1778677200,62795,62895,62790,62885,3430
1778678100,62885,62930,62880,62920,2394
1778679000,62920,63015,62840,62985,10734
1778679900,62985,63115,62865,63095,9539
1778680800,63095,63155,63070,63105,6550
1778681700,63105,63120,62950,63015,8978
1778682600,63010,63095,62985,63035,4640
1778683500,63035,63120,63020,63100,2758
1778684400,63095,63125,63060,63085,2258
1778685300,63085,63140,63075,63115,2259
1778686200,63120,63235,63075,63215,4026
1778687100,63210,63210,63085,63105,2801
1778688000,63110,63190,63090,63175,2133
1778688900,63180,63305,63165,63270,5004
1778689800,63270,63305,63230,63265,2666
1778690700,63260,63280,63225,63255,1886
1778691600,63260,63320,63260,63305,1932
1778692500,63305,63365,63300,63350,1708
1778693400,63350,63355,63300,63320,1175
1778694300,63320,63340,63260,63270,1429
1778695200,63270,63340,63265,63340,887
1778696100,63345,63400,63340,63380,2273
1778697000,63380,63400,63345,63360,1253
1778697900,63350,63400,63330,63355,2237
1778698800,63355,63415,63340,63415,1987
1778699700,63415,63465,63395,63420,2188
1778700600,63420,63450,63405,63445,1149
1778701500,63445,63470,63385,63420,2832
1778702400,63420,63430,63370,63425,1266
1778703300,63420,63450,63420,63445,495
1778704200,63445,63475,63440,63460,743
1778705100,63460,63490,63450,63490,566
1778706000,63490,63490,63490,63490,582
1778715900,63530,63745,63530,63720,14793
1778716800,63715,63715,63480,63615,22602
1778717700,63610,63720,63585,63585,16847
1778718600,63585,63785,63565,63750,10504
1778719500,63750,63850,63670,63775,13166
1778720400,63775,63805,63685,63745,6436
1778721300,63745,63825,63630,63820,7112
1778722200,63820,63855,63695,63705,6666
1778723100,63705,63715,63550,63555,9657
1778724000,63550,63650,63450,63485,10270
1778724900,63490,63550,63425,63490,5375
1778725800,63490,63550,63465,63485,2673
1778726700,63490,63490,63380,63430,3299
1778727600,63425,63490,63400,63480,2534
1778728500,63475,63490,63410,63480,3031
1778729400,63475,63505,63375,63415,7895
1778730300,63410,63460,63325,63370,5819
1778731200,63365,63485,63285,63405,9338
1778732100,63405,63420,63355,63365,3820
1778733000,63360,63435,63290,63340,4717
1778733900,63335,63350,63115,63125,8362
1778734800,63135,63160,62975,62980,15441
1778735700,62980,62980,62880,62935,13211
1778736600,62935,62995,62745,62780,12516
1778737500,62780,62965,62775,62905,14158
1778738400,62905,62950,62760,62830,10221
1778739300,62830,62830,62670,62680,9669
1778740200,62685,62830,62665,62810,10012
1778741100,62725,62725,62725,62725,1995
1778745600,62685,62735,62550,62725,9252
1778746500,62725,62825,62725,62800,5345
1778747400,62805,62865,62760,62760,3873
1778748300,62765,62825,62725,62810,2669
1778749200,62815,62850,62725,62760,4673
1778750100,62760,62775,62705,62730,1610
1778751000,62725,62775,62600,62670,4204
1778751900,62665,62795,62665,62740,2628
1778752800,62735,62915,62730,62825,5785
1778753700,62830,62910,62820,62875,4463
1778754600,62875,62920,62855,62875,2988
1778755500,62880,62980,62870,62955,4709
1778756400,62950,63010,62935,62985,4239
1778757300,62985,63015,62910,62945,3253
1778758200,62945,62995,62935,62980,1999
1778759100,62980,63050,62970,62995,3007
1778760000,62995,63060,62990,63025,2293
1778760900,63025,63060,62930,62935,2793
1778761800,62935,62970,62895,62930,2997
1778762700,62925,62930,62875,62905,2653
1778763600,62905,62905,62830,62875,3096
1778764500,62875,62885,62810,62830,2149
1778765400,62830,62920,62745,62825,9431
1778766300,62825,62870,62685,62715,10720
1778767200,62710,62925,62685,62885,5626
1778768100,62885,62980,62875,62925,4358
1778769000,62930,63005,62915,62945,3530
1778769900,62945,62975,62915,62940,3202
1778770800,62940,62980,62925,62965,1767
1778771700,62965,63020,62935,62990,2798
1778772600,62985,63025,62935,62950,2729
1778773500,62945,62980,62935,62960,1422
1778774400,62960,63040,62960,63010,1806
1778775300,63005,63060,62945,62960,1987
1778776200,62960,63005,62915,62955,1557
1778777100,62955,62980,62875,62945,1912
1778778000,62950,62985,62865,62875,1395
1778778900,62870,62885,62775,62835,3106
1778779800,62835,62920,62825,62905,1067
1778780700,62905,62960,62905,62930,1184
1778781600,62925,62925,62815,62905,1871
1778782500,62910,62960,62895,62925,943
1778783400,62925,62950,62885,62900,753
1778784300,62900,62975,62880,62970,1481
1778785200,62970,63035,62965,63025,2348
1778786100,63025,63110,63025,63055,1920
1778787000,63050,63090,63045,63065,1074
1778787900,63060,63085,63005,63050,1730
1778788800,63050,63135,63040,63080,2041
1778789700,63075,63075,63015,63025,944
1778790600,63030,63065,63030,63045,515
1778791500,63040,63075,63035,63070,576
1778792400,63040,63040,63040,63040,443
1778802300,63090,63090,62850,62990,11781
1778803200,62990,63235,62915,63205,22838
1778804100,63200,63285,63020,63025,14230
1778805000,63020,63025,62490,62530,24963
1778805900,62535,62685,62430,62575,14642
1778806800,62575,62605,62370,62425,11814
1778807700,62420,62425,62155,62170,15230
1778808600,62170,62405,62095,62350,16625
1778809500,62345,62360,61930,61955,19688
1778810400,61960,62035,61810,61840,16485
1778811300,61835,62055,61790,61910,12708
1778812200,61910,62070,61885,62035,5893
1778813100,62040,62185,61995,62105,8779
1778814000,62105,62135,62055,62070,3531
1778814900,62070,62110,62025,62070,3326
1778815800,62070,62085,61865,61970,13755
1778816700,61970,62035,61895,61920,5491
1778817600,61925,61930,61655,61735,14250
1778818500,61740,61840,61660,61785,9465
1778819400,61785,61850,61685,61695,8300
1778820300,61700,61735,61630,61640,6692
1778821200,61645,61645,61515,61585,11243
1778822100,61585,61640,61480,61510,8536
1778823000,61515,61530,61205,61225,14739
1778823900,61220,61240,60995,61030,19951
1778824800,61035,61250,60995,61245,18530
1778825700,61245,61505,61205,61495,16804
1778826600,61490,62110,61455,61965,27564
1778827500,62035,62035,62035,62035,1653
1778832000,61975,61990,61675,61705,12874
1778832900,61705,61705,61475,61495,10061
1778833800,61495,61845,61430,61825,12125
1778834700,61820,61875,61760,61875,7405
1778835600,61875,61930,61775,61810,5063
1778836500,61805,61835,61685,61835,4208
1778837400,61835,61845,61670,61685,4259
1778838300,61685,61765,61600,61700,5629
1778839200,61710,61895,61660,61875,4623
1778840100,61875,61950,61830,61865,4832
1778841000,61865,61935,61770,61865,4588
1778841900,61860,62170,61845,62135,16350
1778842800,62130,62195,61945,62000,6647
1778843700,62000,62030,61900,61915,3983
1778844600,61915,61930,61760,61800,5275
1778845500,61805,61920,61765,61775,5157
1778846400,61775,61795,61690,61700,6047
1778847300,61700,61785,61685,61745,3831
1778848200,61740,61765,61670,61705,4295
1778849100,61705,61850,61690,61825,3583
1778850000,61825,61830,61740,61800,3495
1778850900,61800,61900,61770,61895,4071
1778851800,61900,61905,61680,61705,9693
1778852700,61700,61920,61605,61740,13446
1778853600,61735,61895,61675,61895,11344
1778854500,61890,62110,61875,61955,11035
1778855400,61955,62045,61950,62015,4098
1778856300,62015,62035,61875,61965,6077
1778857200,61970,62015,61855,61915,4466
1778858100,61920,61990,61900,61980,3496
1778859000,61980,62060,61885,61925,4709
1778859900,61920,61940,61750,61845,5328
1778860800,61850,61890,61805,61890,2783
1778861700,61880,61980,61825,61945,2239
1778862600,61945,61985,61920,61980,1058
1778863500,61985,62005,61875,61940,1994
1778864400,61945,62015,61915,61990,1849
1778865300,61985,62115,61970,62060,2309
1778866200,62060,62095,62015,62040,1240
1778867100,62040,62080,62020,62040,1314
1778868000,62045,62100,62045,62050,1569
1778868900,62045,62050,61925,61955,2352
1778869800,61960,61960,61820,61915,2095
1778870700,61920,61965,61885,61950,1112
1778871600,61950,61960,61840,61865,1644
1778872500,61870,61910,61835,61870,1029
1778873400,61875,61915,61845,61845,1018
1778874300,61850,61880,61765,61820,2286
1778875200,61820,61830,61615,61685,3636
1778876100,61685,61695,61615,61680,1793
1778877000,61675,61705,61660,61675,837
1778877900,61670,61715,61660,61690,931
1778878800,61795,61795,61795,61795,879
1779061500,61665,61795,61525,61740,14339
1779062400,61740,61820,61075,61250,29799
1779063300,61250,61310,61035,61195,22717
1779064200,61200,61295,60920,60985,19195
1779065100,60985,61215,60905,61185,16190
1779066000,61175,61250,60655,60655,21297
1779066900,60655,60770,60485,60610,24427
1779067800,60610,60710,60420,60670,16427
1779068700,60670,60900,60630,60765,14394
1779069600,60765,60930,60645,60885,10843
1779070500,60880,60970,60825,60905,9883
1779071400,60900,60910,60805,60835,4466
1779072300,60830,60885,60725,60750,4372
1779073200,60755,60935,60755,60830,5350
1779074100,60825,60865,60755,60850,3639
1779075000,60850,61015,60685,60975,12950
1779075900,60970,61015,60880,60970,7187
1779076800,60960,61160,60955,61095,8254
1779077700,61090,61120,60905,60945,7643
1779078600,60945,61125,60895,61100,7137
1779079500,61095,61115,60905,60975,5463
1779080400,60975,61070,60925,60975,6396
1779081300,60970,61040,60850,61025,9061
1779082200,61025,61195,60980,61085,10157
1779083100,61085,61140,60990,60995,5365
1779084000,60990,61005,60830,60885,9432
1779084900,60885,60940,60790,60855,11197
1779085800,60850,60865,60555,60645,17267
1779086700,60670,60670,60670,60670,1825
1779091200,60850,61110,60840,61025,10402
1779092100,61025,61220,60990,61185,5757
1779093000,61185,61200,61100,61130,4098
1779093900,61125,61250,61125,61210,4715
1779094800,61210,61250,61090,61100,4387
1779095700,61095,61160,61080,61130,2966
1779096600,61135,61185,61115,61170,2208
1779097500,61175,61195,61100,61155,1991
1779098400,61160,61185,60970,60995,4659
1779099300,61000,61070,60970,61050,2582
1779100200,61050,61060,60890,61035,4116
1779101100,61030,61095,60995,61020,2553
1779102000,61010,61030,60800,60955,6381
1779102900,60950,61035,60925,60960,2298
1779103800,60955,61525,60945,61435,17503
1779104700,61440,61450,61240,61275,6985
1779105600,61280,61390,61250,61345,3912
1779106500,61340,61375,61255,61340,4310
1779107400,61340,61720,61320,61710,11737
1779108300,61705,61840,61700,61780,11692
1779109200,61780,61820,61685,61780,9490
1779110100,61775,61805,61735,61760,3788
1779111000,61760,61785,61445,61460,16063
1779111900,61460,61775,61405,61655,15322
1779112800,61655,61655,61370,61575,14863
1779113700,61580,61635,61465,61505,6189
1779114600,61505,61525,61235,61380,12403
1779115500,61380,61460,61300,61395,5286
1779116400,61395,61470,61175,61300,12560
1779117300,61295,61305,61130,61145,7292
1779118200,61145,61360,61130,61275,4733
1779119100,61270,61355,61250,61290,2737
1779120000,61295,61325,61215,61320,2565
1779120900,61325,61410,61040,61125,9099
1779121800,61125,61290,61055,61205,5057
1779122700,61205,61420,61180,61290,4206
1779123600,61290,61345,61200,61265,3281
1779124500,61260,61325,61250,61285,1213
1779125400,61290,61335,61220,61300,1599
1779126300,61300,61320,61250,61290,956
1779127200,61290,61300,61120,61125,1784
1779128100,61125,61125,60935,61035,4524
1779129000,61040,61105,60990,61055,2275
1779129900,61055,61055,60870,60915,2983
1779130800,60920,61485,60900,61265,14450
1779131700,61265,61300,61115,61175,3587
1779132600,61175,61445,61165,61420,4745
1779133500,61420,61560,61420,61550,6164
1779134400,61550,61565,61475,61510,2875
1779135300,61505,61530,61475,61490,950
1779136200,61490,61505,61440,61490,892
1779137100,61495,61500,61450,61465,469
1779138000,61490,61490,61490,61490,824
1779147900,61605,61635,61275,61310,15361
1779148800,61310,61490,61130,61160,22453
1779149700,61165,61405,61030,61315,19101
1779150600,61315,61515,61200,61305,14824
1779151500,61310,61330,60890,60950,14397
1779152400,60950,61130,60710,60975,20239
1779153300,60980,61005,60675,60845,12652
1779154200,60850,61050,60710,61005,12145
1779155100,61005,61035,60795,60810,7088
1779156000,60805,60805,60580,60605,12114
1779156900,60605,60605,60475,60500,12459
1779157800,60500,60590,60460,60580,5626
1779158700,60580,60635,60510,60555,3374
1779159600,60560,60660,60470,60650,5020
1779160500,60650,60705,60590,60690,6263
1779161400,60685,60840,60680,60690,12098
1779162300,60690,60700,60515,60565,7240
1779163200,60560,60575,60305,60480,14552
1779164100,60480,60480,60350,60415,6385
1779165000,60415,60680,60415,60645,10579
1779165900,60640,60695,60555,60635,6600
1779166800,60640,60690,60525,60600,8124
1779167700,60605,60680,60415,60650,9860
1779168600,60655,60685,60540,60550,7036
1779169500,60545,60600,60455,60490,6071
1779170400,60495,60545,60415,60540,8633
1779171300,60545,60765,60465,60705,12085
1779172200,60705,60860,60605,60830,16633
1779173100,60880,60880,60880,60880,1804
1779177600,61060,61155,60735,60820,14937
1779178500,60825,60890,60700,60725,6940
1779179400,60725,60790,60700,60760,3333
1779180300,60755,60830,60710,60710,3183
1779181200,60705,60710,60620,60640,3715
1779182100,60640,60645,60375,60405,7998
1779183000,60410,60440,60225,60290,8253
1779183900,60290,60490,60260,60450,5644
1779184800,60445,60500,60410,60490,3666
1779185700,60495,60500,60430,60465,2297
1779186600,60465,60550,60275,60310,8371
1779187500,60315,60520,60270,60500,6695
1779188400,60500,60550,60400,60415,4297
1779189300,60410,60465,60365,60445,2750
1779190200,60445,60495,60410,60425,1856
1779191100,60425,60435,60320,60330,2705
1779192000,60330,60435,60270,60420,4134
1779192900,60420,60460,60380,60450,2546
1779193800,60450,60535,60440,60520,4548
1779194700,60525,60545,60460,60480,2458
1779195600,60480,60515,60295,60415,5946
1779196500,60420,60425,60220,60240,9029
1779197400,60245,60570,60230,60345,17858
1779198300,60340,60580,60290,60480,12604
1779199200,60485,60540,60125,60140,17303
1779200100,60135,60185,59965,60105,13155
1779201000,60105,60285,60080,60215,8865
1779201900,60215,60310,60085,60305,6265
1779202800,60305,60400,60265,60385,7469
1779203700,60385,60425,60265,60285,4848
1779204600,60290,60435,60240,60385,4848
1779205500,60390,60420,60315,60390,2096
1779206400,60395,60555,60390,60480,7659
1779207300,60485,60725,60475,60710,5989
1779208200,60710,60830,60705,60775,5177
1779209100,60785,60930,60785,60920,4566
1779210000,60920,61005,60915,60950,5557
1779210900,60950,61010,60915,60945,2351
1779211800,60940,60970,60880,60940,3031
1779212700,60930,60930,60830,60925,2358
1779213600,60930,60995,60925,60980,1920
1779214500,60980,60985,60815,60830,4150
1779215400,60835,60905,60780,60855,1699
1779216300,60850,60855,60720,60760,2415
1779217200,60760,60930,60760,60920,1736
1779218100,60930,60935,60735,60805,1444
1779219000,60810,60830,60730,60745,1512
1779219900,60740,60755,60590,60670,3149
1779220800,60670,60675,60560,60655,1756
1779221700,60650,60665,60605,60620,516
1779222600,60625,60630,60595,60600,633
1779223500,60600,60605,60575,60575,471
1779224400,60565,60565,60565,60565,464
1779234300,60845,60850,60470,60485,13532
1779235200,60490,60525,59750,59810,37662
1779236100,59815,59830,59335,59700,41242
1779237000,59700,59955,59530,59720,26853
1779237900,59715,60030,59705,59870,17731
1779238800,59875,60090,59790,59965,17559
1779239700,59965,59985,59625,59675,12018
1779240600,59670,59740,59440,59540,16406
1779241500,59535,59865,59480,59845,16439
1779242400,59845,59930,59790,59905,9140
1779243300,59905,59940,59780,59810,7096
1779244200,59805,59805,59540,59675,11952
1779245100,59670,59745,59555,59570,3898
1779246000,59570,59570,59350,59415,12441
1779246900,59415,59630,59385,59595,7755
1779247800,59595,59765,59450,59680,11977
1779248700,59685,59785,59595,59740,6777
1779249600,59740,59885,59720,59850,7453
1779250500,59850,59880,59660,59755,5724
1779251400,59755,59755,59545,59585,5858
1779252300,59580,59655,59545,59570,5432
1779253200,59565,59780,59555,59645,7065
1779254100,59645,59650,59545,59585,5770
1779255000,59585,59830,59585,59715,8947
1779255900,59715,59825,59645,59820,6232
1779256800,59820,59875,59720,59765,10871
1779257700,59770,59970,59770,59895,14958
1779258600,59900,59915,59650,59705,17837
1779259500,59695,59695,59695,59695,1572
1779264000,59830,60035,59830,60030,9562
1779264900,60030,60135,59975,60135,6370
1779265800,60140,60255,60125,60215,6839
1779266700,60215,60275,60200,60245,4770
1779267600,60240,60275,60155,60155,3759
1779268500,60160,60260,60140,60235,2884
1779269400,60240,60260,60210,60235,1849
1779270300,60235,60345,60220,60290,3593
1779271200,60295,60380,60285,60355,3306
1779272100,60360,60375,60305,60325,2768
1779273000,60330,60425,60320,60335,3346
1779273900,60340,60375,60295,60375,4852
1779274800,60375,60415,60350,60375,5066
1779275700,60380,60430,60330,60375,3468
1779276600,60375,60400,60315,60350,3546
1779277500,60345,60375,60250,60300,3979
1779278400,60290,60410,60275,60395,3232
1779279300,60395,60505,60355,60465,3725
1779280200,60465,60505,60410,60435,2984
1779281100,60430,60490,60395,60415,1844
1779282000,60415,60450,60400,60450,1844
1779282900,60450,60460,60320,60355,3882
1779283800,60360,60535,60315,60505,9684
1779284700,60505,60630,60425,60495,7701
1779285600,60500,60710,60365,60555,11296
1779286500,60555,61040,60545,60960,22709
1779287400,60965,61070,60905,60960,11451
1779288300,60960,61050,60905,60990,5146
1779289200,60990,61075,60975,61060,4752
1779290100,61060,61430,61050,61075,23421
1779291000,61075,61230,61060,61190,6027
1779291900,61190,61255,61125,61195,5061
1779292800,61200,61230,61155,61195,2176
1779293700,61200,61200,61040,61115,5883
1779294600,61110,61260,61075,61260,4029
1779295500,61265,61285,61155,61220,3131
1779296400,61230,61345,61165,61270,3886
1779297300,61275,61360,61235,61325,3630
1779298200,61340,61410,61275,61345,3405
1779299100,61345,61375,61325,61345,1800
1779300000,61345,61425,61310,61395,2583
1779300900,61390,61420,61345,61400,1740
1779301800,61405,61455,61370,61370,2113
1779302700,61370,61435,61360,61395,1154
1779303600,61390,61480,61385,61475,2260
1779304500,61480,61510,61450,61465,1357
1779305400,61465,61530,61450,61460,2138
1779306300,61455,61535,61450,61515,3469
1779307200,61515,61560,61485,61495,2261
1779308100,61500,61510,61340,61470,4230
1779309000,61475,61480,61360,61375,1425
1779309900,61375,61405,61255,61255,1284
1779310800,61250,61250,61250,61250,576
1779320700,61190,61425,61125,61375,15902
1779321600,61370,61570,61250,61470,33023
1779322500,61480,61620,61385,61580,23868
1779323400,61575,61765,61540,61625,17996
1779324300,61625,61810,61600,61700,13554
1779325200,61700,61905,61700,61890,16473
1779326100,61895,61995,61840,61880,13890
1779327000,61880,61935,61790,61805,10419
1779327900,61800,61935,61770,61905,7891
1779328800,61910,61995,61880,61965,7506
1779329700,61965,62000,61925,61965,6037
1779330600,61965,62000,61855,61880,3772
1779331500,61880,61885,61820,61835,2812
1779332400,61835,61920,61825,61840,3355
1779333300,61840,61895,61815,61885,3388
1779334200,61890,61970,61835,61915,8556
1779335100,61910,62030,61890,61955,9161
1779336000,61950,62070,61930,62005,6684
1779336900,62005,62035,61965,61990,4659
1779337800,61990,62010,61930,61995,4606
1779338700,61995,62010,61910,61915,5349
1779339600,61915,62075,61895,62000,9542
1779340500,62000,62070,61960,61960,6118
1779341400,61960,61960,61840,61840,9530
1779342300,61845,61845,61645,61800,13193
1779343200,61795,61845,61660,61680,8744
1779344100,61675,61735,61590,61705,15371
1779345000,61700,61705,61565,61585,13239
1779345900,61530,61530,61530,61530,2037
1779350400,61510,61880,61450,61810,13115
1779351300,61810,61900,61605,61700,9983
1779352200,61700,61710,61585,61590,4233
1779353100,61590,61590,61430,61535,7967
1779354000,61535,61630,61520,61590,5109
1779354900,61590,61680,61560,61650,3147
1779355800,61645,61675,61490,61505,3498
1779356700,61505,61565,61495,61540,1947
1779357600,61545,61610,61540,61600,2115
1779358500,61600,61615,61120,61220,15997
1779359400,61225,61280,61020,61185,15698
1779360300,61180,61200,61070,61150,8845
1779361200,61150,61235,61105,61210,5017
1779362100,61210,61325,61205,61270,6909
1779363000,61270,61330,61195,61200,3732
1779363900,61200,61270,61170,61200,2523
1779364800,61205,61265,61170,61200,2355
1779365700,61200,61230,61135,61165,2598
1779366600,61165,61325,61150,61270,7261
1779367500,61265,61300,61165,61190,4701
1779368400,61185,61275,61160,61205,3333
1779369300,61205,61275,61180,61270,2142
1779370200,61275,61390,61190,61380,9993
1779371100,61380,61700,61360,61630,15106
1779372000,61635,61680,61525,61555,9688
1779372900,61550,61575,61380,61500,7944
1779373800,61495,61585,61465,61500,5767
1779374700,61500,61550,61405,61515,3846
1779375600,61520,61575,61360,61515,6922
1779376500,61515,61585,61510,61540,3219
1779377400,61540,61585,61420,61565,3369
1779378300,61565,61660,61565,61600,3084
1779379200,61605,61720,61600,61685,4585
1779380100,61680,61690,61585,61645,2723
1779381000,61645,61690,61620,61660,1501
1779381900,61660,61675,61585,61660,1453
1779382800,61665,61935,61665,61845,8182
1779383700,61850,62185,61845,62100,11727
1779384600,62100,62235,62075,62230,4659
1779385500,62230,62380,62180,62250,5468
1779386400,62250,62310,62160,62245,5420
1779387300,62250,62290,62210,62255,1785
1779388200,62255,62275,62215,62255,1487
1779389100,62260,62270,61980,62050,9746
1779390000,62050,62185,62045,62185,3835
1779390900,62185,62220,62150,62175,2158
1779391800,62170,62190,62095,62120,2122
1779392700,62120,62210,62070,62180,6017
1779393600,62185,62235,62160,62185,1928
1779394500,62180,62205,62155,62165,1102
1779395400,62170,62185,62135,62140,677
1779396300,62145,62170,62135,62135,589
1779397200,62085,62085,62085,62085,523
1779407100,62085,62415,62080,62390,12921
1779408000,62390,62650,62335,62555,27020
1779408900,62555,62855,62545,62795,24540
1779409800,62795,62900,62730,62795,16625
1779410700,62790,62955,62780,62905,13218
1779411600,62905,63045,62825,63000,14342
1779412500,63000,63025,62805,62840,9266
1779413400,62845,62950,62810,62930,8395
1779414300,62935,63060,62930,62995,8364
1779415200,62995,63130,62980,63115,7604
1779416100,63120,63195,63115,63120,7872
1779417000,63115,63185,63090,63140,4014
1779417900,63145,63170,63090,63100,2480
1779418800,63095,63120,63070,63095,2830
1779419700,63100,63130,63065,63120,3271
1779420600,63125,63220,63125,63210,8104
1779421500,63215,63415,63210,63395,10466
1779422400,63395,63455,63370,63400,7072
1779423300,63405,63405,63295,63350,6788
1779424200,63355,63390,63280,63355,5487
1779425100,63360,63400,63295,63390,3542
1779426000,63385,63445,63380,63425,5323
1779426900,63425,63460,63390,63445,6016
1779427800,63445,63455,63380,63425,5241
1779428700,63420,63440,63225,63235,10371
1779429600,63235,63405,63180,63395,9013
1779430500,63390,63425,63275,63355,12940
1779431400,63350,63500,63320,63440,15700
1779432300,63340,63340,63340,63340,2192
1779436800,63290,63315,63175,63245,7073
1779437700,63245,63410,63245,63305,5646
1779438600,63310,63315,63085,63185,8388
1779439500,63190,63275,63125,63135,3499
1779440400,63135,63140,63035,63040,5976
1779441300,63040,63110,63015,63055,3557
1779442200,63060,63125,63015,63075,3257
1779443100,63075,63130,63035,63040,2291
1779444000,63040,63060,62935,62940,4186
1779444900,62935,62970,62885,62895,2735
1779445800,62895,62930,62865,62930,3795
1779446700,62925,62995,62905,62965,2370
1779447600,62970,63060,62960,62970,3629
1779448500,62970,62975,62935,62945,1498
1779449400,62945,63045,62935,63030,2081
1779450300,63030,63125,63030,63090,5288
1779451200,63085,63395,63085,63310,12964
1779452100,63320,63350,63180,63225,8656
1779453000,63225,63230,63150,63200,3251
1779453900,63200,63320,63195,63310,4103
1779454800,63310,63345,63205,63295,6541
1779455700,63295,63315,63250,63275,4057
1779456600,63275,63435,63255,63400,13405
1779457500,63400,63450,63280,63375,6697
1779458400,63375,63375,63190,63255,6986
1779459300,63255,63295,63180,63290,3761
1779460200,63290,63545,63265,63485,9614
1779461100,63485,63510,63450,63460,3647
1779462000,63460,63545,63445,63540,3366
1779462900,63540,63585,63505,63575,3881
1779463800,63580,63610,63530,63565,3568
1779464700,63560,63570,63520,63540,1856
1779465600,63540,63570,63500,63555,2228
1779466500,63550,63605,63505,63600,3056
1779467400,63600,63625,63565,63575,2880
1779468300,63580,63620,63575,63610,1330
1779469200,63615,63685,63615,63670,2856
1779470100,63665,63785,63570,63775,8779
1779471000,63785,63805,63655,63660,4229
1779471900,63660,63685,63630,63645,1468
1779472800,63645,63660,63565,63590,3104
1779473700,63585,63615,63575,63595,1029
1779474600,63595,63625,63555,63580,2155
1779475500,63580,63590,63525,63555,1262
1779476400,63560,63560,63470,63490,3645
1779477300,63490,63505,63355,63375,2040
1779478200,63375,63430,63340,63395,1737
1779479100,63390,63390,63280,63335,4293
1779480000,63335,63375,63310,63360,1120
1779480900,63365,63365,63330,63345,411
1779481800,63340,63390,63200,63335,4768
1779482700,63335,63340,63300,63325,710
1779483600,63290,63290,63290,63290,691
1779666300,64155,64215,63930,64025,20882
1779667200,64025,64565,63825,64540,34568
1779668100,64540,64940,64460,64915,23521
1779669000,64915,65200,64895,65175,18803
1779669900,65170,65310,65075,65140,19807
1779670800,65135,65315,65105,65280,12869
1779671700,65280,65370,65175,65290,12554
1779672600,65290,65430,65230,65405,9642
1779673500,65400,65420,65285,65390,6215
1779674400,65390,65400,65230,65240,5992
1779675300,65240,65255,65045,65130,8729
1779676200,65135,65175,65030,65170,4808
1779677100,65170,65230,65130,65230,3402
1779678000,65225,65310,65195,65230,5700
1779678900,65220,65230,65095,65140,5044
1779679800,65145,65305,65125,65255,9397
1779680700,65250,65370,65220,65290,7444
1779681600,65290,65400,65285,65375,4938
1779682500,65370,65400,65325,65360,4170
1779683400,65355,65365,65260,65350,5020
1779684300,65350,65390,65335,65345,3207
1779685200,65345,65390,65310,65380,3749
1779686100,65375,65400,65340,65350,3431
1779687000,65350,65370,65290,65330,4145
1779687900,65325,65330,65170,65175,6890
1779688800,65170,65260,65150,65170,7831
1779689700,65165,65385,65140,65380,11808
1779690600,65380,65400,65170,65255,16735
1779691500,65285,65285,65285,65285,1770
1779696000,65255,65260,65115,65155,7507
1779696900,65160,65200,65105,65160,3183
1779697800,65165,65245,65140,65195,2399
1779698700,65200,65285,65200,65230,2295
1779699600,65230,65305,65205,65240,2516
1779700500,65245,65255,65210,65240,1116
1779701400,65240,65295,65220,65270,1378
1779702300,65265,65290,65245,65285,1132
1779703200,65280,65350,65270,65345,2571
1779704100,65350,65415,65305,65305,2925
1779705000,65310,65400,65275,65380,1907
1779705900,65380,65390,65355,65360,1021
1779706800,65355,65355,65305,65320,1423
1779707700,65320,65350,65290,65300,1120
1779708600,65300,65375,65295,65340,2229
1779709500,65345,65400,65290,65295,2453
1779710400,65290,65320,65260,65260,1920
1779711300,65260,65425,65240,65325,5820
1779712200,65325,65340,65250,65285,1818
1779713100,65290,65330,65210,65295,4068
1779714000,65290,65395,65275,65390,2606
1779714900,65390,65390,65340,65345,1220
1779715800,65345,65385,65330,65375,1307
1779716700,65380,65530,65340,65485,5009
1779717600,65485,65530,65445,65455,2884
1779718500,65450,65505,65445,65485,1709
1779719400,65490,65495,65450,65450,1504
1779720300,65450,65475,65410,65425,2132
1779721200,65420,65690,65360,65545,12249
1779722100,65545,65615,65460,65465,6661
1779723000,65460,65465,65375,65415,1996
1779723900,65410,65440,65385,65400,906
1779724800,65400,65460,65370,65450,751
1779725700,65450,65460,65410,65455,629
1779726600,65450,65460,65410,65435,385
1779727500,65430,65500,65425,65495,1469
1779728400,65495,65505,65480,65485,429
1779729300,65480,65490,65440,65485,503
1779730200,65480,65480,65445,65460,144
1779731100,65455,65460,65440,65450,128
1779732000,65450,65470,65450,65460,130
1779732900,65455,65480,65455,65460,191
1779733800,65460,65470,65460,65465,58
1779734700,65470,65490,65470,65485,160
1779735600,65485,65490,65460,65465,149
1779736500,65465,65470,65460,65470,87
1779737400,65465,65485,65460,65485,161
1779738300,65485,65500,65480,65490,267
1779739200,65485,65510,65475,65505,209
1779740100,65505,65530,65500,65520,204
1779741000,65520,65530,65515,65520,220
1779741900,65515,65530,65510,65520,300
1779742800,65470,65470,65470,65470,521
1779752700,65280,65450,65165,65385,12046
1779753600,65390,65435,64790,64915,34248
1779754500,64915,65020,64635,64965,24979
1779755400,64965,65115,64830,64895,15494
1779756300,64890,65070,64815,65010,10506
1779757200,65010,65210,64980,65180,10850
1779758100,65180,65190,64870,64935,8423
1779759000,64940,64945,64725,64895,11866
1779759900,64895,65050,64890,65025,7072
1779760800,65025,65060,64965,65010,5282
1779761700,65010,65020,64885,64965,4136
1779762600,64965,64995,64880,64905,2837
1779763500,64905,64945,64890,64930,1618
1779764400,64930,64950,64895,64905,1462
1779765300,64900,65010,64895,64970,2543
1779766200,64970,65115,64970,65000,7718
1779767100,64995,65130,64965,65125,5130
1779768000,65130,65175,65080,65105,4346
1779768900,65100,65145,65035,65075,3323
1779769800,65070,65115,65035,65070,3423
1779770700,65070,65075,64980,64990,5250
1779771600,64985,65130,64945,65115,7699
1779772500,65110,65150,65080,65090,3662
1779773400,65090,65115,64945,64960,5465
1779774300,64960,65005,64845,64940,8940
1779775200,64940,65095,64890,65080,7403
1779776100,65085,65170,64885,64965,13230
1779777000,64960,65135,64940,65125,7871
1779777900,65145,65145,65145,65145,1540
1779782400,65000,65130,64985,65060,7082
1779783300,65055,65120,65020,65080,2555
1779784200,65080,65150,65070,65110,3161
1779785100,65110,65230,65060,65205,3745
1779786000,65210,65255,65190,65215,3641
1779786900,65210,65400,65190,65385,5395
1779787800,65390,65410,65340,65345,2980
1779788700,65345,65465,65345,65420,3241
1779789600,65425,65485,65395,65470,3317
1779790500,65470,65585,65455,65565,4813
1779791400,65565,65650,65520,65530,5561
1779792300,65530,65570,65500,65520,2266
1779793200,65525,65550,65475,65475,2325
1779794100,65475,65535,65465,65500,1875
1779795000,65505,65565,65330,65500,7411
1779795900,65500,65555,65485,65525,1910
1779796800,65520,65575,65405,65530,5773
1779797700,65530,65580,65520,65555,1715
1779798600,65550,65595,65520,65550,1716
1779799500,65550,65565,65515,65515,1661
1779800400,65510,65525,65440,65500,2328
1779801300,65495,65500,65405,65420,2068
1779802200,65415,65615,65415,65590,9571
1779803100,65590,65625,65400,65470,9646
1779804000,65470,65505,65400,65465,5337
1779804900,65465,65530,65435,65455,3128
1779805800,65450,65600,65450,65560,4162
1779806700,65560,65595,65535,65560,2336
1779807600,65565,65575,65480,65540,3120
1779808500,65535,65540,65380,65390,3983
1779809400,65395,65415,65290,65355,4239
1779810300,65355,65380,65250,65325,3513
1779811200,65325,65390,65325,65340,2240
1779812100,65340,65410,65335,65410,1408
1779813000,65410,65445,65340,65345,2136
1779813900,65345,65355,65295,65330,1303
1779814800,65335,65415,65330,65410,1365
1779815700,65410,65420,65335,65350,1153
1779816600,65350,65415,65335,65395,1168
1779817500,65395,65445,65385,65425,934
1779818400,65420,65490,65400,65485,1125
1779819300,65485,65515,65475,65480,1154
1779820200,65485,65540,65480,65510,1111
1779821100,65510,65570,65505,65515,1066
1779822000,65515,65540,65485,65525,1128
1779822900,65525,65560,65525,65550,727
1779823800,65545,65630,65545,65630,1873
1779824700,65635,65680,65600,65640,1921
1779825600,65645,65650,65580,65605,843
1779826500,65605,65625,65600,65610,595
1779827400,65615,65635,65610,65615,302
1779828300,65615,65625,65565,65585,467
1779829200,65525,65525,65525,65525,584
1779839100,65775,66270,65775,66265,19896
1779840000,66270,66520,66125,66255,38522
1779840900,66260,66280,65745,65975,28586
1779841800,65975,65980,65595,65760,20159
1779842700,65760,65885,65655,65815,12702
1779843600,65815,65985,65755,65900,13261
1779844500,65900,66195,65780,66195,13474
1779845400,66195,66195,65860,65900,14045
1779846300,65905,65995,65635,65640,12319
1779847200,65640,65720,65550,65715,11081
1779848100,65715,65905,65705,65870,8197
1779849000,65870,65970,65855,65940,4476
1779849900,65940,65975,65890,65895,2749
1779850800,65900,65990,65870,65870,3451
1779851700,65875,65900,65830,65895,2784
1779852600,65890,65890,65630,65730,10180
1779853500,65735,65750,65630,65675,5635
1779854400,65675,65715,65595,65595,5934
1779855300,65595,65615,65295,65345,13951
1779856200,65345,65535,65325,65530,8846
1779857100,65535,65595,65330,65330,8527
1779858000,65325,65410,65250,65355,12505
1779858900,65355,65400,65220,65395,10042
1779859800,65395,65470,65240,65460,6997
1779860700,65465,65470,65325,65365,5635
1779861600,65365,65395,65180,65190,9753
1779862500,65185,65270,65130,65155,14548
1779863400,65160,65170,64990,65115,15525
1779864300,65025,65025,65025,65025,1591
1779868800,65290,65310,65145,65230,9916
1779869700,65235,65365,65195,65325,6034
1779870600,65325,65395,65290,65375,3428
1779871500,65375,65375,65290,65310,2573
1779872400,65310,65355,65265,65310,2693
1779873300,65310,65355,65295,65300,1842
1779874200,65300,65350,65265,65340,1695
1779875100,65340,65420,65310,65380,2161
1779876000,65380,65465,65370,65450,3790
1779876900,65455,65465,65370,65375,2048
1779877800,65370,65375,65290,65345,2440
1779878700,65345,65390,65330,65360,2226
1779879600,65365,65445,65345,65385,2298
1779880500,65385,65455,65320,65395,3563
1779881400,65395,65410,65335,65350,1789
1779882300,65350,65370,65275,65280,2176
1779883200,65280,65320,65235,65295,2461
1779884100,65295,65600,65235,65540,14708
1779885000,65535,65575,65460,65505,4416
1779885900,65495,65500,65390,65415,2578
1779886800,65410,65460,65350,65380,3246
1779887700,65375,65385,65280,65280,2519
1779888600,65275,65355,65005,65045,12457
1779889500,65040,65230,64995,65195,11810
1779890400,65195,65215,65040,65090,6539
1779891300,65095,65160,64875,64975,9244
1779892200,64970,65075,64755,65020,11697
1779893100,65020,65135,64965,64995,5011
1779894000,64990,65080,64955,65030,4919
1779894900,65030,65035,64915,65015,4802
1779895800,65020,65065,64815,64820,6032
1779896700,64815,64925,64790,64920,4603
1779897600,64915,65055,64875,65040,4211
1779898500,65045,65100,65035,65080,1524
1779899400,65085,65130,65040,65115,1314
1779900300,65115,65150,65045,65060,1827
1779901200,65060,65075,64910,64950,2916
1779902100,64955,65065,64930,65020,1106
1779903000,65020,65075,65000,65010,1029
1779903900,65010,65100,65000,65050,784
1779904800,65045,65090,65025,65090,671
1779905700,65090,65140,65085,65140,817
1779906600,65140,65165,65115,65165,1332
1779907500,65160,65170,65125,65155,924
1779908400,65155,65205,65145,65180,1073
1779909300,65180,65200,65140,65160,851
1779910200,65160,65245,65160,65240,1880
1779911100,65240,65240,65155,65200,1589
1779912000,65200,65230,65185,65215,711
1779912900,65215,65265,65215,65240,548
1779913800,65240,65265,65235,65250,377
1779914700,65250,65265,65250,65265,350
1779915600,65250,65250,65250,65250,578
1779925500,64955,64955,64650,64680,17128
1779926400,64680,64945,64550,64555,27151
1779927300,64555,64855,64535,64630,16535
1779928200,64630,64870,64500,64860,14649
1779929100,64865,65195,64860,65155,17066
1779930000,65155,65190,64885,64990,10826
1779930900,64995,65010,64870,64995,7506
1779931800,64995,65000,64880,64920,8203
1779932700,64920,65140,64825,65110,11955
1779933600,65115,65170,64990,65015,7713
1779934500,65015,65190,64970,65080,5703
1779935400,65075,65115,64935,64945,3932
1779936300,64945,65000,64900,64905,2440
1779937200,64905,64960,64810,64865,5678
1779938100,64865,64895,64665,64670,9096
1779939000,64675,64685,64120,64225,31359
1779939900,64220,64415,64175,64250,17057
1779940800,64245,64265,63980,64020,19679
1779941700,64020,64060,63905,63985,12560
1779942600,63985,64230,63950,64100,11750
1779943500,64100,64115,63940,64030,10033
1779944400,64025,64270,63970,64265,9521
1779945300,64265,64460,64185,64460,10386
1779946200,64465,64715,64460,64670,15918
1779947100,64675,64705,64560,64600,8436
1779948000,64600,64700,64555,64680,6285
1779948900,64680,64755,64660,64710,10862
1779949800,64705,64710,64575,64580,7048
1779950700,64565,64565,64565,64565,1358
1779955200,64700,64750,64620,64640,7256
1779956100,64635,64685,64555,64605,3695
1779957000,64605,64645,64580,64615,2496
1779957900,64615,64675,64590,64655,1761
1779958800,64655,64735,64630,64670,2741
1779959700,64670,64705,64590,64620,1916
1779960600,64625,64645,64550,64605,1956
1779961500,64605,64680,64580,64680,1960
1779962400,64680,64695,64565,64575,2284
1779963300,64570,64615,64510,64570,2946
1779964200,64565,64575,64495,64495,3098
1779965100,64495,64530,64355,64425,6366
1779966000,64420,64510,64385,64395,4194
1779966900,64395,64470,64390,64420,1992
1779967800,64415,64545,64405,64540,2449
1779968700,64540,64545,64495,64520,1231
1779969600,64515,64630,64505,64620,2805
1779970500,64620,64630,64540,64630,2206
1779971400,64620,64790,64620,64775,6576
1779972300,64775,64880,64765,64870,4207
1779973200,64870,64980,64835,64845,6624
1779974100,64845,64885,64840,64865,2045
1779975000,64865,64960,64755,64815,8256
1779975900,64810,64895,64765,64865,5980
1779976800,64865,65600,64850,65450,21905
1779977700,65455,65490,65235,65335,13535
1779978600,65335,65365,65200,65295,7268
1779979500,65295,65345,65185,65345,8411
1779980400,65345,65490,65325,65460,7149
1779981300,65460,65625,65425,65605,5892
1779982200,65605,65670,65575,65630,5741
1779983100,65630,65670,65610,65635,3448
1779984000,65640,65725,65615,65720,3982
1779984900,65720,65835,65700,65775,5449
1779985800,65775,65830,65750,65825,2776
1779986700,65830,65880,65805,65870,2618
1779987600,65870,65880,65840,65855,2155
1779988500,65855,65905,65840,65865,2455
1779989400,65870,65880,65830,65850,1748
1779990300,65855,65910,65855,65880,1413
1779991200,65885,65900,65800,65805,1671
1779992100,65810,65855,65770,65795,3079
1779993000,65790,65795,65695,65735,1370
1779993900,65735,65780,65715,65735,1246
1779994800,65735,65765,65710,65715,893
1779995700,65715,65725,65690,65705,1271
1779996600,65700,65745,65700,65705,757
1779997500,65705,65775,65695,65740,2188
1779998400,65735,65765,65705,65755,808
1779999300,65755,65810,65750,65800,597
1780000200,65800,65845,65790,65825,868
1780001100,65825,65825,65790,65805,503
1780002000,65800,65800,65800,65800,696
1780011900,65735,65825,65565,65775,13937
1780012800,65770,66005,65590,65960,29510
1780013700,65955,66055,65800,65935,19475
1780014600,65940,65945,65635,65760,18665
1780015500,65760,65820,65680,65730,9612
1780016400,65725,66020,65695,65905,15095
1780017300,65905,66070,65810,65825,12434
1780018200,65820,65985,65760,65950,8778
1780019100,65950,66000,65745,65890,8415
1780020000,65895,65960,65820,65925,5262
1780020900,65925,66045,65900,65910,8057
1780021800,65905,66150,65900,66100,6714
1780022700,66095,66160,66035,66055,4294
1780023600,66055,66150,66045,66110,3711
1780024500,66110,66215,66105,66130,6402
1780025400,66130,66200,66050,66130,9015
1780026300,66135,66230,66100,66160,7440
1780027200,66165,66350,66150,66340,9232
1780028100,66335,66435,66335,66420,8416
1780029000,66420,66445,66320,66335,6923
1780029900,66335,66360,66270,66335,6558
1780030800,66335,66480,66315,66385,8789
1780031700,66385,66435,66350,66415,4857
1780032600,66410,66470,66365,66445,7473
1780033500,66445,66510,66425,66455,8146
1780034400,66460,66545,66370,66460,11613
1780035300,66455,66470,66245,66265,15841
1780036200,66270,66410,66255,66365,19345
1780037100,66455,66455,66455,66455,2385
1780041600,66425,66450,66215,66285,10462
1780042500,66285,66305,66120,66265,6411
1780043400,66265,66370,66265,66330,5352
1780044300,66335,66435,66300,66405,3902
1780045200,66405,66660,66380,66600,9426
1780046100,66605,66670,66525,66600,6477
1780047000,66600,66610,66485,66500,2796
1780047900,66500,66535,66420,66450,3931
1780048800,66450,66450,66285,66355,4746
1780049700,66355,66355,66290,66325,2234
1780050600,66325,66385,66275,66375,3101
1780051500,66370,66425,66355,66390,2441
1780052400,66390,66420,66320,66350,1939
1780053300,66350,66410,66325,66335,2571
1780054200,66335,66360,66255,66340,2915
1780055100,66335,66355,66190,66350,4468
1780056000,66345,66350,66195,66255,3261
1780056900,66250,66300,66210,66260,2346
1780057800,66260,66350,66190,66340,6429
1780058700,66335,66470,66305,66395,4859
1780059600,66395,66410,66300,66300,3310
1780060500,66305,66310,66250,66305,2520
1780061400,66305,66340,66195,66285,7404
1780062300,66290,66320,66230,66250,4573
1780063200,66255,66300,66150,66195,5872
1780064100,66195,66250,66075,66175,6354
1780065000,66175,66265,66100,66100,6465
1780065900,66095,66390,66060,66230,13075
1780066800,66230,66450,66200,66395,6004
1780067700,66395,66410,66215,66220,5698
1780068600,66225,66285,66160,66225,6804
1780069500,66225,66235,66170,66180,2650
1780070400,66180,66305,66165,66290,2723
1780071300,66295,66325,66240,66245,1506
1780072200,66245,66345,66230,66290,4055
1780073100,66290,66295,66220,66250,1286
1780074000,66255,66295,66235,66255,1222
1780074900,66255,66350,66215,66260,3411
1780075800,66255,66265,66160,66170,1652
1780076700,66165,66180,66095,66100,1565
1780077600,66100,66200,66090,66160,1488
1780078500,66165,66245,66145,66235,1533
1780079400,66240,66280,66235,66265,827
1780080300,66270,66275,66160,66165,2695
1780081200,66160,66215,66145,66200,798
1780082100,66195,66225,66175,66225,711
1780083000,66230,66320,66230,66285,1481
1780083900,66290,66300,66200,66210,2795
1780084800,66210,66315,66205,66275,1359
1780085700,66275,66280,66235,66245,592
1780086600,66250,66265,66225,66225,477
1780087500,66235,66270,66210,66265,562
1780088400,66220,66220,66220,66220,614
1780271100,66240,66435,66210,66330,12091
1780272000,66330,66855,66315,66655,30537
1780272900,66655,66680,66400,66590,16162
1780273800,66600,66935,66530,66840,17079
1780274700,66845,66980,66740,66830,13136
1780275600,66825,67075,66795,67060,13708
1780276500,67065,67245,66955,67115,13087
1780277400,67115,67150,66965,66980,10463
1780278300,66980,67075,66945,67060,7110
1780279200,67055,67100,66975,67060,6351
1780280100,67070,67100,66930,67030,4448
1780281000,67030,67040,66970,66980,3302
1780281900,66975,67005,66880,66925,2992
1780282800,66930,67010,66930,66945,3085
1780283700,66945,67030,66815,67015,7261
1780284600,67020,67150,66760,66765,14035
1780285500,66765,66885,66690,66745,11293
1780286400,66745,66915,66720,66840,6913
1780287300,66840,66920,66775,66815,5145
1780288200,66810,66915,66730,66890,5625
1780289100,66895,66985,66830,66905,4966
1780290000,66910,67015,66865,66915,5700
1780290900,66910,66910,66655,66685,6949
1780291800,66685,66885,66685,66875,6516
1780292700,66870,66990,66840,66975,6131
1780293600,66980,67170,66980,67075,9008
1780294500,67070,67075,66925,66960,8711
1780295400,66965,67060,66930,66985,7342
1780296300,67075,67075,67075,67075,1611
1780300800,67160,67210,67070,67155,7919
1780301700,67150,67175,67075,67080,3341
1780302600,67085,67115,66960,66980,5265
1780303500,66985,67075,66930,67070,3450
1780304400,67075,67115,66950,66960,2740
1780305300,66955,66970,66915,66930,2621
1780306200,66925,66930,66870,66885,2912
1780307100,66885,66905,66845,66880,2171
1780308000,66880,66950,66865,66940,2545
1780308900,66940,66945,66870,66940,2711
1780309800,66940,67035,66915,66975,5007
1780310700,66980,66980,66935,66975,1207
1780311600,66980,66990,66935,66970,2012
1780312500,66970,66975,66930,66960,916
1780313400,66955,67060,66865,67020,4485
1780314300,67015,67030,66965,67005,1484
1780315200,67005,67055,66940,66945,3304
1780316100,66945,67080,66935,67045,4392
1780317000,67040,67220,67010,67200,6622
1780317900,67200,67295,67145,67195,5768
1780318800,67195,67205,66655,66780,19130
1780319700,66775,66875,66575,66695,16684
1780320600,66695,66915,66565,66790,16779
1780321500,66785,66855,66545,66560,13948
1780322400,66550,66730,66530,66680,12217
1780323300,66675,66775,66595,66655,10981
1780324200,66660,66790,66630,66655,8866
1780325100,66655,66670,66565,66625,5236
1780326000,66630,66800,66580,66785,6976
1780326900,66785,66900,66775,66885,6990
1780327800,66875,67120,66875,67020,11375
1780328700,67020,67030,66935,66940,3016
1780329600,66945,67015,66890,66915,4287
1780330500,66915,66970,66865,66940,2371
1780331400,66945,66995,66925,66955,2502
1780332300,66950,67155,66930,67140,3879
1780333200,67140,67160,67105,67155,3124
1780334100,67155,67445,67125,67425,6541
1780335000,67430,67625,67320,67490,11640
1780335900,67490,67545,67465,67500,2578
1780336800,67500,67520,67445,67450,1477
1780337700,67455,67475,67425,67455,1476
1780338600,67460,67470,67420,67440,801
1780339500,67440,67450,67415,67420,975
1780340400,67425,67435,67385,67405,1503
1780341300,67405,67410,67345,67385,1270
1780342200,67385,67400,67325,67360,1885
1780343100,67360,67370,67280,67305,2546
1780344000,67305,67305,67260,67300,1118
1780344900,67300,67320,67290,67315,604
1780345800,67315,67375,67305,67345,752
1780346700,67350,67350,67275,67285,719
1780347600,67260,67260,67260,67260,692
1780357500,67065,67235,66895,67180,15673
1780358400,67185,67200,66475,66625,37912
1780359300,66620,66750,66420,66480,21203
1780360200,66485,66590,66220,66315,20236
1780361100,66315,66315,66005,66070,19305
1780362000,66070,66330,66005,66305,18118
1780362900,66300,66440,66230,66400,13139
1780363800,66400,66455,66010,66095,18890
1780364700,66095,66110,65795,65805,18123
1780365600,65805,65840,65665,65760,17585
1780366500,65755,65960,65725,65870,10134
1780367400,65865,65950,65850,65895,4460
1780368300,65895,65905,65815,65865,2994
1780369200,65870,65890,65745,65755,4672
1780370100,65750,65780,65685,65745,4706
1780371000,65740,65965,65590,65905,22925
1780371900,65900,65960,65785,65920,8398
1780372800,65920,66070,65870,65980,10370
1780373700,65975,66185,65970,66160,6942
1780374600,66155,66155,65965,66105,6063
1780375500,66105,66315,66080,66305,8303
1780376400,66310,66460,66310,66455,12167
1780377300,66455,66625,66430,66585,8178
1780378200,66585,66725,66540,66725,9785
1780379100,66725,66730,66495,66635,9808
1780380000,66635,66690,66585,66640,7839
1780380900,66645,66745,66610,66740,9456
1780381800,66740,66745,66545,66630,16202
1780382700,66745,66745,66745,66745,2269
1780387200,66945,66980,66860,66890,7949
1780388100,66885,66920,66790,66820,4824
1780389000,66815,66955,66815,66920,3950
1780389900,66920,66960,66850,66865,2421
1780390800,66865,66870,66765,66810,3388
1780391700,66810,66825,66705,66725,3063
1780392600,66730,66860,66730,66855,3845
1780393500,66860,66890,66840,66885,2381
1780394400,66880,66880,66810,66840,1851
1780395300,66840,66870,66810,66840,1533
1780396200,66840,66850,66800,66820,1714
1780397100,66820,66840,66785,66785,1835
1780398000,66780,66795,66725,66730,2731
1780398900,66730,66820,66705,66815,2159
1780399800,66815,66840,66800,66810,2563
1780400700,66805,66820,66765,66775,2554
1780401600,66775,66880,66770,66850,3328
1780402500,66850,66945,66845,66930,4345
1780403400,66935,66945,66855,66920,5059
1780404300,66925,66925,66825,66850,2458
1780405200,66855,66870,66710,66745,6729
1780406100,66745,66790,66720,66750,3283
1780407000,66745,66890,66705,66890,8917
1780407900,66885,66965,66885,66925,5504
1780408800,66925,67080,66885,67070,8126
1780409700,67070,67110,66950,67015,7548
1780410600,67015,67210,67015,67200,5842
1780411500,67200,67255,67160,67240,5052
1780412400,67240,67285,67215,67285,3875
1780413300,67285,67350,67285,67320,4352
1780414200,67315,67375,67305,67360,3639
1780415100,67360,67405,67350,67390,3091
1780416000,67390,67445,67365,67415,3506
1780416900,67415,67430,67290,67295,2751
1780417800,67295,67315,67240,67270,1853
1780418700,67270,67330,67265,67325,1513
1780419600,67330,67365,67305,67330,2490
1780420500,67330,67330,67270,67285,1689
1780421400,67285,67310,67265,67295,1448
1780422300,67295,67325,67290,67310,1059
1780423200,67310,67365,67300,67355,1511
1780424100,67350,67385,67330,67380,789
1780425000,67380,67395,67330,67350,1622
1780425900,67350,67380,67345,67375,884
1780426800,67380,67440,67375,67420,1625
1780427700,67420,67445,67415,67425,1031
1780428600,67420,67475,67420,67475,1254
1780429500,67480,67540,67465,67535,3290
1780430400,67530,67605,67530,67560,2469
1780431300,67555,67560,67500,67500,555
1780432200,67495,67520,67490,67495,578
1780433100,67500,67520,67490,67515,383
1780434000,67500,67500,67500,67500,664
1780443900,67220,67770,67190,67745,21614
1780444800,67750,67975,67500,67530,32582
1780445700,67535,67825,67425,67820,20235
1780446600,67815,68020,67760,68020,21159
1780447500,68015,68255,68010,68250,20029
1780448400,68255,68305,68135,68190,16202
1780449300,68190,68245,68130,68185,8774
1780450200,68185,68235,68130,68220,8026
1780451100,68220,68295,68090,68285,9341
1780452000,68285,68465,68260,68410,13525
1780452900,68410,68490,68390,68455,7920
1780453800,68455,68600,68435,68540,6267
1780454700,68540,68565,68475,68530,4342
1780455600,68525,68620,68500,68600,4031
1780456500,68595,68610,68450,68460,4092
1780457400,68460,68755,68460,68735,12440
1780458300,68735,68745,68600,68610,8454
1780459200,68610,68795,68600,68680,11175
1780460100,68680,68775,68665,68770,5012
1780461000,68765,68785,68605,68680,5780
1780461900,68685,68695,68535,68585,7546
1780462800,68585,68745,68540,68675,8089
1780463700,68675,68745,68670,68695,3993
1780464600,68695,68775,68575,68725,6579
1780465500,68720,68760,68670,68695,5443
1780466400,68695,68800,68560,68585,8475
1780467300,68585,68590,68425,68475,13696
1780468200,68470,68545,68420,68530,11188
1780469100,68555,68555,68555,68555,1620
1780473600,68580,68590,68325,68470,12214
1780474500,68475,68595,68460,68595,5017
1780475400,68595,68620,68390,68475,8941
1780476300,68480,68480,68375,68450,3311
1780477200,68450,68640,68410,68620,4602
1780478100,68625,68665,68565,68655,4203
1780479000,68655,68680,68580,68585,2764
1780479900,68580,68600,68495,68525,3948
1780480800,68525,68745,68485,68620,10287
1780481700,68625,68625,68510,68570,3381
1780482600,68570,68615,68435,68440,4395
1780483500,68440,68500,68440,68495,2775
1780484400,68500,68550,68475,68490,3153
1780485300,68495,68505,68420,68455,2932
1780486200,68460,68515,68455,68480,2318
1780487100,68475,68530,68455,68500,2548
1780488000,68500,68530,68445,68460,2651
1780488900,68455,68455,68330,68365,4858
1780489800,68365,68365,68235,68290,5487
1780490700,68290,68365,68265,68325,4649
1780491600,68320,68385,68305,68320,3796
1780492500,68320,68410,68280,68395,3983
1780493400,68400,68445,68115,68125,12609
1780494300,68125,68165,67975,68120,17133
1780495200,68125,68210,68110,68165,8599
1780496100,68165,68285,68115,68285,8158
1780497000,68280,68285,68175,68185,4945
1780497900,68180,68305,68175,68245,4379
1780498800,68240,68315,68230,68245,4283
1780499700,68245,68310,68180,68270,5970
1780500600,68265,68285,68125,68150,5634
1780501500,68150,68190,68110,68150,4150
1780502400,68150,68180,68105,68150,3279
1780503300,68140,68150,68025,68090,5064
1780504200,68085,68140,68010,68050,4424
1780505100,68050,68235,68050,68235,5108
1780506000,68235,68235,68095,68120,3950
1780506900,68115,68155,68095,68140,1690
1780507800,68140,68265,68115,68265,2850
1780508700,68265,68325,68260,68305,2332
1780509600,68310,68410,68300,68350,2956
1780510500,68345,68420,68320,68415,2557
1780511400,68415,68430,68330,68350,2561
1780512300,68350,68365,68305,68325,1419
1780513200,68315,68315,68250,68275,1853
1780514100,68275,68335,68225,68275,2048
1780515000,68275,68360,68260,68345,1963
1780515900,68345,68365,68225,68245,3691
1780516800,68245,68275,68205,68230,1274
1780517700,68230,68240,68155,68160,2554
1780518600,68160,68170,68020,68060,1516
1780519500,68060,68110,68055,68095,758
1780520400,68085,68085,68085,68085,648
1780530300,67650,67880,67610,67640,21471
1780531200,67640,67910,67470,67515,35778
1780532100,67515,67625,67355,67425,21951
1780533000,67425,67635,67270,67475,20397
1780533900,67470,67475,67255,67285,11892
1780534800,67285,67475,67180,67345,16017
1780535700,67345,67345,67165,67255,12649
1780536600,67255,67320,67105,67145,10858
1780537500,67145,67290,67125,67185,9117
1780538400,67195,67205,67040,67060,7467
1780539300,67060,67170,66950,67140,9976
1780540200,67145,67155,67025,67095,3764
1780541100,67095,67210,67095,67200,4047
1780542000,67205,67290,67200,67260,5191
1780542900,67255,67335,67245,67310,4248
1780543800,67305,67500,67250,67300,13953
1780544700,67295,67310,67205,67270,5949
1780545600,67275,67415,67205,67415,6874
1780546500,67420,67505,67395,67435,6430
1780547400,67430,67480,67315,67405,9102
1780548300,67405,67430,67350,67415,4371
1780549200,67415,67455,67275,67365,6237
1780550100,67370,67455,67290,67435,4437
1780551000,67440,67525,67405,67515,6578
1780551900,67510,67510,67370,67395,6823
1780552800,67400,67460,67320,67330,6286
1780553700,67330,67555,67290,67555,9843
1780554600,67560,67615,67470,67580,9595
1780555500,67640,67640,67640,67640,1841
1780560000,67740,67770,67490,67495,10875
1780560900,67490,67530,67305,67435,7414
1780561800,67440,67525,67375,67435,8333
1780562700,67430,67460,67285,67290,4378
1780563600,67290,67295,67085,67095,9436
1780564500,67095,67295,67070,67285,6655
1780565400,67290,67405,67265,67400,7149
1780566300,67395,67535,67390,67520,4976
1780567200,67520,67525,67395,67415,4288
1780568100,67415,67420,67280,67295,3801
1780569000,67295,67330,67205,67225,3715
1780569900,67225,67270,67155,67270,4844
1780570800,67270,67350,67255,67320,4922
1780571700,67320,67405,67270,67375,5979
1780572600,67380,67395,67130,67170,8000
1780573500,67165,67390,67135,67385,8529
1780574400,67380,67410,67255,67285,7037
1780575300,67290,67310,67225,67275,3825
1780576200,67270,67380,67270,67380,3956
1780577100,67380,67465,67335,67395,4384
1780578000,67390,67410,67340,67375,4216
1780578900,67370,67390,67260,67270,4094
1780579800,67275,67445,67160,67170,13061
1780580700,67170,67300,67105,67165,11733
1780581600,67170,67190,66920,67145,13866
1780582500,67140,67260,67115,67240,9027
1780583400,67235,67240,67010,67015,7798
1780584300,67015,67145,67000,67125,6633
1780585200,67130,67330,67100,67325,8688
1780586100,67330,67360,67290,67305,5548
1780587000,67310,67385,67295,67315,4210
1780587900,67315,67325,67225,67320,3303
1780588800,67320,67460,67300,67450,3533
1780589700,67450,67550,67450,67550,3467
1780590600,67545,67550,67465,67530,3340
1780591500,67525,67550,67505,67525,1931
1780592400,67520,67535,67485,67525,1732
1780593300,67525,67585,67500,67585,1954
1780594200,67580,67630,67570,67610,2133
1780595100,67610,67650,67585,67640,1464
1780596000,67640,67710,67625,67705,3218
1780596900,67705,67725,67685,67700,1475
1780597800,67700,67725,67660,67720,1608
1780598700,67720,67800,67720,67775,3196
1780599600,67770,67815,67760,67780,2218
1780600500,67780,67870,67745,67870,2270
1780601400,67865,67895,67815,67825,2268
1780602300,67825,67830,67725,67760,2922
1780603200,67760,67770,67675,67690,1927
1780604100,67690,67705,67625,67650,842
1780605000,67645,67665,67600,67635,675
1780605900,67625,67660,67625,67645,587
1780606800,67620,67620,67620,67620,570
1780616700,67350,67350,66965,67000,17170
1780617600,66995,66995,66225,66350,37661
1780618500,66350,66725,66330,66640,30438
1780619400,66645,66690,66265,66340,21266
1780620300,66340,66395,66165,66320,17904
1780621200,66320,66380,66075,66090,15477
1780622100,66090,66100,65885,66020,21881
1780623000,66020,66310,66005,66305,14963
1780623900,66310,66540,66205,66525,13751
1780624800,66530,66630,66390,66605,12936
1780625700,66600,66730,66550,66685,10047
1780626600,66680,66695,66535,66560,6426
1780627500,66560,66600,66510,66535,3790
1780628400,66535,66590,66465,66550,4777
1780629300,66555,66620,66465,66475,3829
1780630200,66480,66565,66345,66535,12532
1780631100,66535,66545,66315,66420,7640
1780632000,66420,66500,66360,66440,7140
1780632900,66440,66540,66385,66415,5619
1780633800,66415,66580,66340,66525,7440
1780634700,66520,66760,66510,66710,8682
1780635600,66705,66775,66615,66720,7894
1780636500,66720,66805,66680,66700,8179
1780637400,66700,66845,66695,66715,7570
1780638300,66715,66715,66530,66575,8030
1780639200,66575,66765,66560,66645,8722
1780640100,66650,66695,66580,66645,11024
1780641000,66645,66675,66540,66635,9131
1780641900,66670,66670,66670,66670,1829
1780646400,66675,66675,66480,66655,7981
1780647300,66650,66935,66640,66935,9394
1780648200,66940,66975,66880,66930,6310
1780649100,66930,66995,66885,66945,4767
1780650000,66945,67175,66915,67085,10240
1780650900,67090,67110,66950,66980,5879
1780651800,66980,67015,66925,66955,3272
1780652700,66955,66985,66920,66930,1986
1780653600,66930,66985,66905,66980,2199
1780654500,66980,67075,66980,67060,2058
1780655400,67060,67070,66985,67035,2548
1780656300,67035,67035,66895,66895,2588
1780657200,66895,66935,66835,66845,4361
1780658100,66840,66870,66670,66870,7614
1780659000,66865,66915,66845,66885,4050
1780659900,66885,66885,66760,66765,2617
1780660800,66765,66770,66665,66690,4414
1780661700,66690,66775,66635,66695,5694
1780662600,66685,66930,66470,66670,12557
1780663500,66675,66695,66455,66470,8265
1780664400,66475,66480,66290,66300,11608
1780665300,66300,66310,66195,66265,6865
1780666200,66265,66310,66040,66060,15310
1780667100,66055,66115,65855,65855,16742
1780668000,65860,66080,65845,66025,17875
1780668900,66025,66085,65720,65750,11680
1780669800,65745,66010,65735,65910,10416
1780670700,65905,65960,65845,65940,5633
1780671600,65940,65950,65635,65655,8694
1780672500,65655,65680,65560,65630,9075
1780673400,65630,65685,65410,65455,8371
1780674300,65450,65525,65400,65420,5570
1780675200,65420,65420,65220,65320,7869
1780676100,65315,65335,65245,65250,4326
1780677000,65250,65260,65065,65095,7347
1780677900,65090,65280,65035,65265,7058
1780678800,65270,65280,65020,65080,6314
1780679700,65075,65155,64990,65130,5440
1780680600,65130,65265,65090,65105,5324
1780681500,65110,65200,65085,65190,3112
1780682400,65195,65210,64910,64910,5702
1780683300,64905,64960,64750,64825,7637
1780684200,64820,64865,64610,64690,6300
1780685100,64685,64685,64415,64465,11321
1780686000,64465,64475,63955,63995,14443
1780686900,63995,64300,63805,64300,15502
1780687800,64300,64310,63925,64005,13341
1780688700,63995,64205,63980,64035,9380
1780689600,64025,64060,63505,63520,9184
1780690500,63520,63735,63495,63705,5606
1780691400,63705,63735,63535,63720,3891
1780692300,63715,63960,63715,63910,2798
1780693200,63835,63835,63835,63835,919
1780875900,64120,64180,63775,63815,23176
1780876800,63815,64015,63560,63985,36783
1780877700,63985,64420,63910,64280,35058
1780878600,64280,64760,64235,64470,30582
1780879500,64470,64490,64030,64270,24337
1780880400,64270,64305,63920,63995,21440
1780881300,64000,64025,63625,63645,25759
1780882200,63645,63915,63415,63880,29883
1780883100,63880,63985,63655,63940,17047
1780884000,63945,64080,63790,64025,16557
1780884900,64020,64090,63785,64075,14001
1780885800,64075,64320,63830,64310,16281
1780886700,64310,64350,64120,64180,8216
1780887600,64180,64265,64130,64220,6228
1780888500,64215,64235,64085,64165,5534
1780889400,64170,64280,64080,64115,10820
1780890300,64115,64210,64045,64210,7025
1780891200,64210,64255,64020,64130,10865
1780892100,64125,64240,63940,64095,10237
1780893000,64100,64115,63860,63880,9900
1780893900,63875,64010,63810,63860,9316
1780894800,63855,64055,63800,63805,11001
1780895700,63810,63870,63640,63845,13090
1780896600,63850,63875,63535,63570,14267
1780897500,63570,63730,63455,63715,15280
1780898400,63715,63860,63640,63650,15081
1780899300,63655,64115,63595,64020,19878
1780900200,64020,64115,63760,63810,20863
1780901100,63845,63845,63845,63845,2065
1780905600,64400,64435,64200,64240,13759
1780906500,64240,64350,64175,64290,6532
1780907400,64300,64400,64150,64230,6899
1780908300,64230,64280,64125,64255,8884
1780909200,64255,64330,64115,64225,5367
1780910100,64225,64265,64165,64210,3067
1780911000,64210,64420,64130,64380,8827
1780911900,64380,64495,64360,64475,5648
1780912800,64480,64480,64250,64400,6312
1780913700,64405,64410,64240,64360,4255
1780914600,64360,64645,64330,64470,10494
1780915500,64470,64500,64380,64445,4875
1780916400,64445,64860,64365,64845,11192
1780917300,64845,64990,64765,64985,14326
1780918200,64980,65115,64940,64955,10701
1780919100,64955,64980,64865,64905,5770
1780920000,64905,65010,64890,64985,7439
1780920900,64985,65150,64970,65145,6329
1780921800,65145,65305,65115,65270,11613
1780922700,65275,65495,65245,65425,14983
1780923600,65425,65485,65350,65435,8089
1780924500,65435,65535,65390,65445,7172
1780925400,65440,65595,65330,65570,20699
1780926300,65575,65710,65395,65400,18490
1780927200,65395,65540,65375,65500,13734
1780928100,65500,65540,65315,65500,10580
1780929000,65500,65690,65490,65620,11249
1780929900,65620,65755,65590,65745,8783
1780930800,65745,65875,65715,65825,8631
1780931700,65835,65910,65760,65770,8882
1780932600,65770,65870,65625,65860,10408
1780933500,65860,65870,65700,65725,5100
1780934400,65725,65790,65660,65770,5734
1780935300,65775,65890,65725,65730,5550
1780936200,65735,65775,65635,65680,6791
1780937100,65685,65815,65660,65685,4336
1780938000,65685,65690,65415,65495,6947
1780938900,65495,65610,65395,65605,4962
1780939800,65600,65635,65465,65470,4929
1780940700,65475,65635,65470,65575,2390
1780941600,65580,65710,65580,65665,3440
1780942500,65670,65720,65645,65710,1860
1780943400,65710,65785,65645,65655,2419
1780944300,65655,65725,65655,65665,1341
1780945200,65660,65700,65510,65510,3571
1780946100,65510,65570,65415,65540,4080
1780947000,65540,65625,65470,65480,3407
1780947900,65480,65605,65470,65570,5565
1780948800,65575,65590,65500,65540,2026
1780949700,65540,65545,65445,65495,1191
1780950600,65495,65515,65470,65500,1061
1780951500,65495,65540,65460,65535,695
1780952400,65430,65430,65430,65430,684
1780962300,65370,65420,64705,65165,25789
1780963200,65165,65175,64505,64815,41338
1780964100,64820,64860,64225,64560,31133
1780965000,64565,64615,64040,64220,21878
1780965900,64225,64345,63915,64090,19847
1780966800,64090,64265,63970,64170,15061
1780967700,64175,64690,64105,64440,17585
1780968600,64440,64735,64350,64625,13452
1780969500,64625,64795,64470,64495,11684
1780970400,64495,64695,64455,64625,8280
1780971300,64625,64690,64490,64605,6009
1780972200,64605,64670,64545,64650,3646
1780973100,64655,64750,64560,64675,3691
1780974000,64680,64775,64620,64745,4591
1780974900,64750,64880,64690,64765,7548
1780975800,64765,65270,64765,65195,18131
1780976700,65195,65260,65150,65215,9755
1780977600,65220,65290,65130,65175,8888
1780978500,65175,65340,65140,65335,9462
1780979400,65335,65445,65285,65390,8375
1780980300,65390,65395,65270,65290,6477
1780981200,65290,65470,65270,65430,8824
1780982100,65435,65480,65220,65235,9766
1780983000,65240,65430,65185,65325,11395
1780983900,65330,65410,65215,65290,9098
1780984800,65290,65345,65110,65165,12016
1780985700,65160,65410,65160,65320,18035
1780986600,65320,65420,65145,65280,16224
1780987500,65435,65435,65435,65435,2192
1780992000,65550,65695,65460,65680,15365
1780992900,65675,65725,65640,65670,7685
1780993800,65670,65805,65590,65765,7684
1780994700,65765,65790,65595,65610,3293
1780995600,65620,65695,65605,65655,2407
1780996500,65655,65670,65590,65605,2001
1780997400,65610,65615,65490,65560,3388
1780998300,65560,65670,65540,65655,2982
1780999200,65655,65740,65520,65645,7744
1781000100,65645,65650,65540,65625,3035
1781001000,65630,65630,65485,65540,2377
1781001900,65535,65645,65525,65630,4508
1781002800,65635,65680,65615,65680,2538
1781003700,65680,65720,65630,65715,2422
1781004600,65720,65740,65655,65660,2714
1781005500,65660,65670,65525,65545,3458
1781006400,65545,65645,65540,65570,2456
1781007300,65565,65610,65535,65590,2786
1781008200,65590,65750,65590,65700,3781
1781009100,65700,65790,65635,65780,3251
1781010000,65780,65970,65770,65850,8599
1781010900,65855,65860,65760,65815,3345
1781011800,65815,65875,65715,65855,11558
1781012700,65850,66110,65840,65925,16595
1781013600,65930,65990,65630,65630,15406
1781014500,65630,65720,65275,65590,24726
1781015400,65585,65630,65230,65230,15821
1781016300,65230,65270,64805,65200,22266
1781017200,65195,65260,64955,65175,13041
1781018100,65175,65205,64365,64385,16637
1781019000,64375,64635,64330,64585,18839
1781019900,64585,64735,64295,64305,12398
1781020800,64310,64455,64105,64130,17178
1781021700,64130,64150,63825,63865,17254
1781022600,63860,63915,63105,63240,30852
1781023500,63230,63525,63205,63505,17984
1781024400,63505,64010,63500,63945,16137
1781025300,63940,64220,63865,64095,12008
1781026200,64095,64385,64035,64250,8335
1781027100,64255,64290,64020,64215,9607
1781028000,64220,64295,64125,64220,7231
1781028900,64215,64455,64140,64405,7743
1781029800,64405,64530,64375,64385,5428
1781030700,64385,64680,64375,64640,5262
1781031600,64640,64735,64490,64510,6514
1781032500,64510,64515,64235,64385,7435
1781033400,64380,64445,64225,64335,7878
1781034300,64345,64545,64195,64510,10090
1781035200,64515,64555,64370,64400,2882
1781036100,64395,64455,64380,64415,1147
1781037000,64410,64585,64380,64550,1628
1781037900,64555,64560,64465,64490,472
1781038800,64430,64430,64430,64430,440
1781048700,64025,64485,64005,64470,15539
1781049600,64470,65070,64370,65070,30641
1781050500,65065,65095,64705,65010,19413
1781051400,65015,65105,64440,64525,20527
1781052300,64525,64915,64500,64850,15249
1781053200,64860,65065,64720,64985,12352
1781054100,64985,65090,64835,64915,9536
1781055000,64910,64990,64745,64825,12418
1781055900,64820,64945,64645,64680,12057
1781056800,64675,64795,64570,64730,7815
1781057700,64740,64780,64580,64695,6256
1781058600,64700,64760,64620,64705,3691
1781059500,64710,64825,64595,64615,4839
1781060400,64620,64790,64595,64715,4327
1781061300,64720,64810,64665,64715,3908
1781062200,64705,64795,64380,64455,12318
1781063100,64455,64565,64435,64510,7441
1781064000,64510,64530,64230,64245,7947
1781064900,64245,64340,64055,64055,10388
1781065800,64055,64110,63840,63840,15240
1781066700,63840,64155,63785,63910,15450
1781067600,63910,64145,63835,63975,12733
1781068500,63980,64070,63750,64065,13441
1781069400,64065,64235,63855,64085,14310
1781070300,64085,64190,63900,64190,10460
1781071200,64190,64360,64165,64305,12803
1781072100,64305,64400,64180,64320,13223
1781073000,64320,64370,64195,64325,10214
1781073900,64340,64340,64340,64340,1695
1781078400,64330,64330,63955,64030,9422
1781079300,64030,64085,63880,63970,8396
1781080200,63970,64015,63725,63740,8215
1781081100,63740,63785,63595,63645,7645
1781082000,63655,63710,63460,63475,7724
1781082900,63470,63730,63415,63715,7145
1781083800,63715,63840,63680,63720,5404
1781084700,63720,63850,63685,63785,3776
1781085600,63785,63790,63635,63640,3981
1781086500,63645,63665,63510,63630,5925
1781087400,63630,63885,63600,63880,6291
1781088300,63875,63915,63730,63840,6201
1781089200,63845,63870,63195,63530,16338
1781090100,63535,63665,63260,63405,12191
1781091000,63410,63460,63270,63330,6855
1781091900,63335,63525,63295,63435,4731
1781092800,63430,63630,63405,63540,5389
1781093700,63530,63770,63490,63755,5906
1781094600,63760,64410,63715,64320,23108
1781095500,64325,64425,64005,64005,11035
1781096400,64005,64075,63885,64030,9026
1781097300,64030,64105,63990,64035,3984
1781098200,64030,64475,63885,64460,19040
1781099100,64465,64680,64390,64480,18330
1781100000,64480,64740,64370,64580,11813
1781100900,64585,64785,64480,64735,11485
1781101800,64735,64845,64590,64595,8917
1781102700,64595,64660,64105,64205,12663
1781103600,64205,64370,63950,63950,12472
1781104500,63950,63960,63625,63770,14541
1781105400,63770,63885,63580,63780,9735
1781106300,63785,63845,63320,63770,20201
1781107200,63775,63890,63680,63735,8479
1781108100,63730,63835,63665,63760,4863
1781109000,63755,63965,63655,63805,7021
1781109900,63805,63805,63615,63700,4918
1781110800,63705,63850,63535,63575,4247
1781111700,63575,63655,63550,63625,2857
1781112600,63625,63635,63445,63460,2686
1781113500,63460,63820,63450,63800,6695
1781114400,63800,63960,63770,63885,3767
1781115300,63880,63925,63725,63815,3274
1781116200,63815,63825,63645,63670,3139
1781117100,63665,63695,63515,63580,2308
1781118000,63580,63660,63485,63510,2691
1781118900,63515,63525,63335,63465,3983
1781119800,63455,63565,63410,63510,3106
1781120700,63510,63560,63320,63325,4442
1781121600,63325,63350,63180,63275,3070
1781122500,63265,63305,63195,63205,1115
1781123400,63205,63270,63135,63220,1055
1781124300,63215,63235,63130,63165,940
1781125200,63175,63175,63175,63175,552
1781135100,63095,63175,62500,62635,8572
1781136000,62635,62820,62340,62635,8720
1781136900,62640,63125,62615,62940,7481
1781137800,62930,63125,62750,63020,3817
1781138700,63015,63670,63005,63425,5558
1781139600,63430,64130,63430,64110,4811
1781140500,64115,64195,63905,64170,3311
1781141400,64175,64190,63855,64000,2042
1781142300,64010,64010,63535,63605,2581
1781143200,63610,63930,63560,63655,2679
1781144100,63670,63700,63185,63265,2601
1781145000,63255,63460,63215,63380,1624
1781145900,63375,63695,63350,63635,1456
1781146800,63655,63755,63520,63580,1416
1781147700,63585,63670,63530,63650,972
1781148600,63640,64015,63635,64000,3290
1781149500,63995,64235,63935,64230,1904
1781150400,64240,64270,63990,64120,1706
1781151300,64120,64250,63950,64160,2014
1781152200,64170,64365,64085,64335,2057
1781153100,64335,64405,64215,64320,1631
1781154000,64320,64335,64145,64155,1247
1781154900,64155,64280,64130,64185,1017
1781155800,64180,64295,64100,64215,1237
1781156700,64230,64255,64055,64155,1274
1781157600,64165,64165,64000,64135,1461
1781158500,64120,64315,64110,64215,1596
1781159400,64235,64400,64120,64315,1143
1781160300,64335,64335,64335,64335,1110
1781164800,64610,65030,64580,65025,12385
1781165700,65025,65025,64790,64825,6170
1781166600,64820,64895,64750,64815,4387
1781167500,64820,64825,64710,64795,4212
1781168400,64795,64805,64655,64715,4529
1781169300,64715,64770,64665,64675,3068
1781170200,64680,64790,64630,64760,2919
1781171100,64765,64865,64750,64780,3110
1781172000,64775,64845,64680,64730,3353
1781172900,64735,64760,64675,64675,2141
1781173800,64675,64810,64675,64775,2625
1781174700,64775,64830,64710,64720,2230
1781175600,64725,64735,64550,64635,6368
1781176500,64630,64695,64560,64660,3191
1781177400,64655,64805,64625,64720,6251
1781178300,64715,64750,64670,64735,1724
1781179200,64740,64825,64730,64765,2367
1781180100,64755,64785,64105,64280,18003
1781181000,64280,64415,64070,64295,10838
1781181900,64295,64560,64260,64495,8686
1781182800,64500,64505,64355,64400,4422
1781183700,64395,64495,64370,64455,2820
1781184600,64450,64725,64425,64685,9984
1781185500,64680,65135,64645,65025,18894
1781186400,65025,65200,64860,64895,11341
1781187300,64895,64985,64735,64825,11482
1781188200,64830,64985,64770,64810,6431
1781189100,64820,64875,64465,64525,8791
1781190000,64525,64800,64405,64760,12577
1781190900,64760,64925,64710,64765,6316
1781191800,64760,64960,64730,64840,5930
1781192700,64845,64915,64765,64865,4214
1781193600,64860,65030,64805,65030,4076
1781194500,65035,65055,64880,64890,4142
1781195400,64885,65040,64845,64930,4354
1781196300,64930,64960,64735,64740,2732
1781197200,64740,64845,64615,64680,4615
1781198100,64680,65410,64525,65390,11206
1781199000,65380,66075,65375,66055,20254
1781199900,66055,66075,65755,65910,8071
1781200800,65905,65985,65595,65760,6060
1781201700,65750,65885,65590,65760,6746
1781202600,65765,65845,65730,65840,2271
1781203500,65840,65965,65825,65885,4018
1781204400,65885,66115,65875,66065,5412
1781205300,66065,66185,66045,66145,4515
1781206200,66150,66435,66150,66365,10774
1781207100,66365,66440,66210,66380,5855
1781208000,66380,66625,66345,66620,7665
1781208900,66615,66735,66540,66615,4037
1781209800,66610,66615,66540,66590,3820
1781210700,66585,66600,66535,66580,1840
1781211600,66540,66540,66540,66540,487
1781221500,66605,67115,66600,66955,26317
1781222400,66955,66980,66515,66610,33888
1781223300,66605,67020,66500,66860,24953
1781224200,66865,67190,66770,66770,21188
1781225100,66775,66995,66745,66895,14052
1781226000,66895,66895,66510,66600,22112
1781226900,66605,66610,66010,66025,20773
1781227800,66020,66395,65950,66290,23490
1781228700,66285,66810,66280,66785,16969
1781229600,66790,66900,66685,66735,15847
1781230500,66740,66805,66540,66600,12308
1781231400,66605,66665,66515,66615,7979
1781232300,66615,66665,66565,66645,4066
1781233200,66650,66690,66445,66485,6486
1781234100,66480,66540,66390,66455,5922
1781235000,66455,66550,66345,66510,13002
1781235900,66510,66665,66300,66645,15782
1781236800,66645,66650,66455,66595,9316
1781237700,66595,66710,66475,66695,6989
1781238600,66690,66775,66600,66620,7202
1781239500,66625,66785,66620,66720,6066
1781240400,66720,66805,66575,66740,9009
1781241300,66740,66790,66540,66575,8208
1781242200,66575,66575,66180,66310,16367
1781243100,66305,66335,66105,66130,16915
1781244000,66125,66315,66115,66280,13870
1781244900,66275,66280,66125,66250,10561
1781245800,66245,66260,66085,66090,11196
1781246700,66120,66120,66120,66120,1261
1781251200,66400,66625,66370,66545,13592
1781252100,66545,66825,66515,66790,11085
1781253000,66795,66825,66585,66625,7646
1781253900,66625,66790,66565,66730,7334
1781254800,66730,66885,66725,66885,5970
1781255700,66885,67020,66865,67010,6801
1781256600,67010,67080,66960,67020,6063
1781257500,67020,67045,66940,66955,3760
1781258400,66955,67025,66910,66960,3953
1781259300,66965,66980,66715,66740,6716
1781260200,66745,66915,66725,66900,4903
1781261100,66905,66965,66890,66935,3508
1781262000,66935,67105,66935,67095,5858
1781262900,67095,67265,67095,67185,7821
1781263800,67190,67210,67090,67185,5515
1781264700,67185,67205,67110,67135,4472
1781265600,67135,67155,67010,67030,5496
1781266500,67030,67040,66895,66920,5880
1781267400,66920,66995,66830,66870,7644
1781268300,66875,66890,66715,66775,9536
1781269200,66780,66865,66700,66845,7145
1781270100,66845,66905,66815,66900,4674
1781271000,66905,66965,66495,66540,29337
1781271900,66535,66785,66465,66725,16418
1781272800,66725,67090,66710,66990,15806
1781273700,66980,67125,66870,66945,11602
1781274600,66945,67070,66800,66815,10771
1781275500,66815,67280,66680,67260,24939
1781276400,67260,67345,67185,67315,11649
1781277300,67320,67410,67285,67390,8652
1781278200,67390,67450,67200,67215,10039
1781279100,67215,67280,66965,66995,9844
1781280000,67000,67380,66900,67210,12359
1781280900,67210,67345,67165,67240,6141
1781281800,67240,67345,67230,67275,3651
1781282700,67275,67375,67270,67350,3029
1781283600,67350,67545,67350,67435,6186
1781284500,67440,67495,67350,67370,2940
1781285400,67375,67380,67230,67310,2830
1781286300,67305,67360,67255,67295,1732
1781287200,67300,67360,67245,67265,2277
1781288100,67265,67340,67230,67330,1402
1781289000,67330,67420,67315,67405,1515
1781289900,67405,67420,67310,67315,1870
1781290800,67310,67405,67305,67355,1698
1781291700,67350,67405,67325,67365,1672
1781292600,67360,67390,67230,67265,5131
1781293500,67265,67285,67205,67265,2480
1781294400,67265,67325,67250,67305,1013
1781295300,67310,67335,67305,67315,612
1781296200,67310,67405,67305,67385,1376
1781297100,67385,67415,67380,67400,873
1781298000,67435,67435,67435,67435,597
1781480700,68310,68610,68190,68600,20692
1781481600,68600,69020,68525,69010,30938
1781482500,69010,69170,68870,69135,26197
1781483400,69130,69355,69110,69350,16249
1781484300,69350,69560,69335,69530,16169
1781485200,69535,69685,69435,69675,13308
1781486100,69675,69705,69350,69495,17653
1781487000,69495,69675,69330,69640,13894
1781487900,69640,69820,69585,69745,14745
1781488800,69740,69775,69650,69685,9026
1781489700,69680,69800,69680,69725,6098
1781490600,69730,69775,69670,69700,3990
1781491500,69700,69765,69635,69740,3970
1781492400,69735,69845,69660,69725,5781
1781493300,69730,69820,69680,69695,4916
1781494200,69695,69750,69480,69590,12438
1781495100,69585,69595,69395,69410,11538
1781496000,69405,69485,69310,69420,9119
1781496900,69415,69500,69380,69465,6288
1781497800,69465,69470,69305,69440,5899
1781498700,69440,69465,69295,69375,7266
1781499600,69380,69460,69345,69415,6147
1781500500,69415,69485,69370,69430,4962
1781501400,69435,69460,69205,69285,10972
1781502300,69290,69455,69240,69455,6665
1781503200,69455,69525,69405,69455,8911
1781504100,69450,69570,69390,69560,11041
1781505000,69550,69610,69270,69305,12320
1781505900,69400,69400,69400,69400,1658
1781510400,69415,69625,69310,69620,9200
1781511300,69615,69695,69550,69675,4965
1781512200,69675,69675,69445,69450,5773
1781513100,69450,69495,69385,69440,5064
1781514000,69445,69520,69385,69410,3441
1781514900,69405,69425,69290,69350,3565
1781515800,69350,69360,69260,69265,2940
1781516700,69265,69380,69245,69340,2465
1781517600,69330,69355,69275,69315,1960
1781518500,69315,69365,69250,69345,2682
1781519400,69350,69350,69275,69335,1363
1781520300,69340,69375,69290,69340,1604
1781521200,69345,69420,69340,69380,3287
1781522100,69385,69435,69370,69410,2037
1781523000,69405,69445,69290,69315,3867
1781523900,69315,69420,69300,69395,2472
1781524800,69395,69410,69335,69375,2833
1781525700,69375,69390,69300,69345,3181
1781526600,69350,69415,69345,69370,2233
1781527500,69370,69440,69325,69440,3195
1781528400,69440,69455,69320,69365,3329
1781529300,69360,69415,69320,69380,2799
1781530200,69380,69485,69225,69310,12422
1781531100,69310,69400,69190,69200,6425
1781532000,69200,69290,69155,69225,7513
1781532900,69230,69380,69195,69370,6386
1781533800,69375,69430,69320,69390,5051
1781534700,69395,69440,69350,69360,4412
1781535600,69365,69365,69265,69275,5771
1781536500,69270,69385,69245,69380,3047
1781537400,69380,69590,69350,69585,10191
1781538300,69585,69715,69585,69670,3990
1781539200,69675,69740,69640,69740,3365
1781540100,69735,69740,69690,69730,1930
1781541000,69730,69770,69705,69755,2154
1781541900,69755,69765,69705,69755,1797
1781542800,69755,69790,69695,69740,3545
1781543700,69735,69800,69710,69785,1853
1781544600,69785,69800,69750,69765,1388
1781545500,69765,69795,69735,69775,1262
1781546400,69775,69815,69720,69815,2011
1781547300,69820,69900,69790,69795,3640
1781548200,69800,69865,69760,69850,2019
1781549100,69850,69885,69825,69830,1710
1781550000,69830,69850,69765,69795,2346
1781550900,69795,69820,69735,69735,1337
1781551800,69730,69835,69715,69825,1480
1781552700,69825,69830,69765,69815,2943
1781553600,69810,69820,69745,69745,865
1781554500,69745,69750,69715,69735,616
1781555400,69735,69770,69735,69750,512
1781556300,69755,69790,69745,69775,299
1781557200,69770,69770,69770,69770,515
1781567100,69500,69760,69475,69555,11352
1781568000,69565,69665,69240,69575,26637
1781568900,69570,69740,69485,69545,16639
1781569800,69550,69660,69385,69445,11994
1781570700,69445,69555,69305,69350,10894
1781571600,69345,69460,69310,69390,9046
1781572500,69380,69480,69260,69310,8129
1781573400,69310,69430,69280,69345,7065
1781574300,69345,69400,69260,69335,5236
1781575200,69335,69410,69230,69300,6567
1781576100,69300,69435,69285,69375,4572
1781577000,69375,69445,69360,69380,2647
1781577900,69385,69395,69310,69350,1769
1781578800,69350,69385,69310,69325,2007
1781579700,69315,69595,69270,69580,7145
1781580600,69580,70140,69560,70125,24384
1781581500,70120,70150,69690,69810,17315
1781582400,69810,69940,69795,69835,10776
1781583300,69835,69890,69715,69830,7009
1781584200,69830,69915,69790,69880,4046
1781585100,69880,69890,69595,69615,10434
1781586000,69620,69875,69615,69835,8494
1781586900,69835,69840,69720,69730,5641
1781587800,69730,69750,69505,69555,9985
1781588700,69550,69650,69435,69490,9949
1781589600,69485,69600,69440,69595,9185
1781590500,69595,69615,69445,69525,12470
1781591400,69525,69610,69435,69450,13555
1781592300,69375,69375,69375,69375,2257
1781596800,69760,69835,69700,69775,10027
1781597700,69775,69810,69735,69785,3445
1781598600,69790,69790,69630,69690,3974
1781599500,69685,69860,69670,69810,3496
1781600400,69805,69860,69745,69745,2303
1781601300,69740,69750,69650,69670,2585
1781602200,69670,69710,69585,69610,1789
1781603100,69610,69630,69565,69590,1904
1781604000,69595,69695,69595,69685,1831
1781604900,69685,69735,69675,69720,1573
1781605800,69720,69790,69710,69780,1593
1781606700,69780,69830,69730,69800,2293
1781607600,69800,69860,69730,69730,2731
1781608500,69730,69795,69720,69790,2260
1781609400,69790,69810,69745,69775,2711
1781610300,69775,69885,69770,69845,3129
1781611200,69845,69930,69840,69880,3042
1781612100,69880,69880,69755,69815,4414
1781613000,69815,69830,69760,69770,2593
1781613900,69770,69825,69745,69770,2719
1781614800,69770,69780,69665,69725,3639
1781615700,69730,69770,69690,69695,2235
1781616600,69695,69975,69685,69895,11928
1781617500,69895,70070,69885,69925,10240
1781618400,69925,70105,69925,70025,8022
1781619300,70025,70045,69685,69690,10841
1781620200,69690,69750,69555,69705,10441
1781621100,69695,69705,69510,69565,6529
1781622000,69560,69715,69550,69655,6215
1781622900,69655,69715,69420,69505,6824
1781623800,69505,69545,69325,69380,6921
1781624700,69375,69535,69265,69430,10253
1781625600,69430,69585,69430,69550,4411
1781626500,69555,69600,69515,69550,2956
1781627400,69550,69555,69420,69460,4107
1781628300,69460,69505,69415,69465,1638
1781629200,69470,69475,69380,69415,2050
1781630100,69410,69430,69325,69375,1788
1781631000,69375,69420,69305,69400,1837
1781631900,69405,69520,69385,69490,1868
1781632800,69485,69515,69460,69460,1127
1781633700,69460,69485,69420,69460,1144
1781634600,69465,69465,69395,69430,956
1781635500,69430,69440,69340,69365,1036
1781636400,69360,69405,69245,69275,3044
1781637300,69270,69350,69190,69340,3167
1781638200,69340,69375,69225,69300,2110
1781639100,69300,69340,69165,69190,4318
1781640000,69185,69205,69135,69180,2259
1781640900,69180,69185,69140,69170,747
1781641800,69170,69170,69125,69160,671
1781642700,69160,69180,69120,69135,547
1781643600,69100,69100,69100,69100,427
1781653500,69015,69190,68865,68900,13691
1781654400,68900,69490,68880,69455,26276
1781655300,69450,69780,69365,69505,21413
1781656200,69510,69730,69425,69535,12164
1781657100,69540,69775,69415,69720,11489
1781658000,69725,69865,69595,69845,10419
1781658900,69840,69925,69730,69910,7220
1781659800,69910,70035,69850,69940,11105
1781660700,69940,70050,69935,69990,7027
1781661600,69985,70010,69865,70005,7046
1781662500,70000,70050,69935,70040,4740
1781663400,70035,70055,69955,69990,2907
1781664300,69990,69995,69920,69980,2303
1781665200,69985,70010,69935,69940,2094
1781666100,69945,69965,69895,69950,2860
1781667000,69950,70115,69850,70070,10677
1781667900,70070,70265,70045,70250,9653
1781668800,70250,70260,70140,70145,8263
1781669700,70145,70175,70015,70045,7067
1781670600,70045,70060,69760,69780,11232
1781671500,69775,69985,69765,69980,6763
1781672400,69980,70125,69965,70070,9565
1781673300,70075,70110,69995,70055,4402
1781674200,70050,70145,70040,70105,4632
1781675100,70100,70170,70020,70085,5767
1781676000,70080,70155,70045,70115,4772
1781676900,70115,70145,70055,70125,6943
1781677800,70125,70130,69910,70030,8797
1781678700,70050,70050,70050,70050,1433
1781683200,70070,70120,69930,69935,7181
1781684100,69940,70010,69885,69895,2916
1781685000,69895,69905,69785,69840,3292
1781685900,69840,69955,69830,69945,2626
1781686800,69950,69970,69900,69925,1548
1781687700,69925,69980,69920,69980,1581
1781688600,69980,70005,69895,69930,2418
1781689500,69930,70000,69870,69945,3108
1781690400,69945,70040,69855,70010,5157
1781691300,70015,70075,69970,70030,3478
1781692200,70030,70080,69995,70080,1310
1781693100,70075,70125,70020,70025,2394
1781694000,70025,70085,70005,70065,1481
1781694900,70060,70105,70040,70065,1267
1781695800,70065,70105,70030,70085,1490
1781696700,70085,70120,70010,70070,2637
1781697600,70075,70210,70070,70210,4407
1781698500,70210,70250,70185,70235,2722
1781699400,70230,70365,70230,70350,6085
1781700300,70350,70370,70310,70320,2670
1781701200,70315,70330,70255,70280,3332
1781702100,70285,70365,70265,70360,3270
1781703000,70360,70485,70290,70475,12188
1781703900,70475,70490,70180,70190,8898
1781704800,70190,70405,70145,70400,9677
1781705700,70405,70695,70390,70590,11268
1781706600,70585,70685,70520,70655,7664
1781707500,70650,70695,70290,70480,16122
1781708400,70480,70560,70420,70550,5360
1781709300,70545,70665,70525,70615,7155
1781710200,70615,70725,70575,70695,4479
1781711100,70695,70765,70680,70745,2840
1781712000,70745,70850,70745,70795,3307
1781712900,70795,70865,70760,70835,1971
1781713800,70835,70855,70740,70775,2093
1781714700,70775,70790,70725,70790,1850
1781715600,70785,70785,70650,70750,3209
1781716500,70750,70835,70715,70805,1759
1781717400,70805,70825,70750,70800,1315
1781718300,70800,70905,70795,70900,1995
1781719200,70890,70900,70095,70385,16309
1781720100,70380,70580,70320,70405,7579
1781721000,70405,70985,70300,70965,17249
1781721900,70960,71005,70520,70645,10721
1781722800,70645,70825,70405,70775,12836
1781723700,70775,70800,70180,70240,11051
1781724600,70240,70330,69895,69955,12935
1781725500,69955,70070,69825,69910,8842
1781726400,69920,70045,69800,69860,3604
1781727300,69855,70065,69845,70005,2272
1781728200,70005,70100,69965,70020,1673
1781729100,70015,70025,69910,69950,1036
1781730000,69950,69950,69950,69950,506
1781739900,70590,70620,70330,70610,18486
1781740800,70615,71295,70435,71285,36921
1781741700,71295,71515,70970,71330,33331
1781742600,71325,71535,71200,71270,20699
1781743500,71275,71335,70965,71080,16792
1781744400,71085,71530,71055,71485,17301
1781745300,71490,71525,71240,71260,11507
1781746200,71260,71425,71190,71365,9550
1781747100,71360,71365,71140,71245,8681
1781748000,71245,71370,71135,71250,7660
1781748900,71250,71330,71140,71170,6360
1781749800,71165,71190,71015,71055,5791
1781750700,71055,71090,70950,70985,4323
1781751600,70985,71015,70865,70900,4256
1781752500,70900,71000,70885,70965,4233
1781753400,70965,71155,70885,71120,13356
1781754300,71115,71370,71095,71355,9670
1781755200,71355,71490,71330,71355,11095
1781756100,71355,71395,71255,71335,6462
1781757000,71340,71405,71250,71255,5950
1781757900,71250,71320,71175,71250,8645
1781758800,71250,71385,71200,71280,6247
1781759700,71275,71385,71270,71350,3665
1781760600,71350,71455,71300,71425,7401
1781761500,71430,71440,71225,71300,6424
1781762400,71295,71355,71175,71335,8575
1781763300,71335,71415,71205,71265,13424
1781764200,71265,71265,71145,71205,9191
1781765100,71240,71240,71240,71240,1493
1781769600,71555,71730,71550,71640,12160
1781770500,71645,71655,71415,71420,7506
1781771400,71420,71515,71350,71480,6745
1781772300,71480,71510,71310,71315,3729
1781773200,71315,71435,71265,71340,5430
1781774100,71345,71400,71290,71380,3804
1781775000,71375,71485,71355,71475,2788
1781775900,71475,71645,71465,71645,4831
1781776800,71645,71680,71530,71575,5132
1781777700,71570,71650,71510,71550,3161
1781778600,71555,71590,71405,71410,4886
1781779500,71410,71500,71370,71455,2965
1781780400,71460,71480,71230,71295,6402
1781781300,71295,71315,71205,71310,3473
1781782200,71305,71340,71185,71280,4130
1781783100,71280,71370,71225,71365,3755
1781784000,71360,71445,71315,71435,3941
1781784900,71440,71555,71420,71505,4948
1781785800,71500,71605,71495,71600,4926
1781786700,71595,71700,71580,71645,6408
1781787600,71645,71660,71540,71560,5960
1781788500,71555,71720,71515,71695,7293
1781789400,71690,71845,71610,71715,17844
1781790300,71715,71830,71665,71765,9365
1781791200,71765,71885,71695,71760,9172
1781792100,71760,71945,71710,71810,7750
1781793000,71805,71845,71720,71725,6775
1781793900,71725,71850,71710,71805,5656
1781794800,71810,71925,71790,71865,5217
1781795700,71865,71940,71815,71835,4455
1781796600,71830,71885,71615,71720,7208
1781797500,71715,71890,71655,71880,4460
1781798400,71880,72010,71875,71990,5846
1781799300,71995,72085,71970,72050,4074
1781800200,72050,72160,72040,72080,4172
1781801100,72080,72105,72000,72050,2291
1781802000,72055,72165,71995,72140,2579
1781802900,72145,72160,72100,72140,1854
1781803800,72145,72185,72125,72170,2169
1781804700,72170,72200,72135,72135,1602
1781805600,72140,72185,72100,72165,1598
1781806500,72160,72225,72145,72165,2027
1781807400,72165,72170,72090,72130,1194
1781808300,72130,72220,72120,72200,1341
1781809200,72200,72215,72010,72020,2775
1781810100,72025,72125,71975,72110,2192
1781811000,72110,72170,71980,72165,2950
1781811900,72165,72200,72050,72055,3716
1781812800,72055,72075,71985,72030,1564
1781813700,72030,72095,72025,72085,578
1781814600,72080,72110,72000,72020,997
1781815500,72010,72010,71920,71940,954
1781816400,71980,71980,71980,71980,473
1781826300,71800,72335,71800,72260,13769
1781827200,72255,72255,71630,71730,30387
1781828100,71735,71885,71415,71630,20957
1781829000,71635,71865,71590,71645,18388
1781829900,71645,71865,71595,71755,11640
1781830800,71755,71910,71675,71765,13997
1781831700,71765,71840,71695,71725,9414
1781832600,71720,71840,71610,71675,13183
1781833500,71675,71685,71435,71470,12129
1781834400,71470,71540,71385,71465,10737
1781835300,71465,71615,71395,71590,7688
1781836200,71595,71745,71595,71705,4436
1781837100,71705,71710,71550,71585,3637
1781838000,71585,71635,71530,71535,3037
1781838900,71530,71535,71335,71355,6636
1781839800,71360,71435,71145,71315,22418
1781840700,71320,71365,71215,71280,11187
1781841600,71280,71375,71120,71370,13414
1781842500,71375,71390,71160,71195,8476
1781843400,71200,71230,70950,70970,10125
1781844300,70965,71015,70815,70930,11839
1781845200,70940,71055,70900,71045,9387
1781846100,71050,71120,70935,71030,7700
1781847000,71030,71100,70890,70955,7862
1781847900,70960,71145,70945,71145,8012
1781848800,71140,71395,71110,71360,12223
1781849700,71360,71530,71270,71490,15314
1781850600,71485,71600,71435,71545,13005
1781851500,71620,71620,71620,71620,2029
1781856000,71790,71920,71755,71915,9157
1781856900,71910,71945,71805,71850,4654
1781857800,71855,71960,71815,71935,3486
1781858700,71935,71970,71875,71885,3190
1781859600,71890,71950,71845,71855,2314
1781860500,71850,71920,71840,71875,1578
1781861400,71875,72000,71875,71945,3355
1781862300,71945,72015,71935,71955,3898
1781863200,71955,72005,71905,71940,2923
1781864100,71940,71955,71825,71845,2895
1781865000,71845,71850,71705,71755,4982
1781865900,71755,71830,71745,71755,3078
1781866800,71745,71745,71630,71720,6027
1781867700,71720,71760,71655,71705,2058
1781868600,71705,71825,71700,71825,2877
1781869500,71820,71860,71735,71820,2829
1781870400,71820,71835,71755,71790,2240
1781871300,71790,71840,71765,71795,1581
1781872200,71790,71800,71705,71785,3771
1781873100,71785,72180,71780,72155,11513
1781874000,72155,72210,72075,72180,9408
1781874900,72180,72205,72090,72150,3269
1781875800,72145,72185,72090,72100,3328
1781876700,72100,72155,72035,72095,5078
1781877600,72085,72115,72025,72080,2826
1781878500,72080,72150,72020,72130,3474
1781879400,72130,72150,72100,72125,2074
1781880300,72130,72175,72090,72125,2130
1781881200,72130,72165,72090,72150,1826
1781882100,72145,72150,72040,72075,2085
1781883000,72080,72100,72000,72010,2758
1781883900,72015,72110,72015,72060,1378
1781884800,72060,72105,72050,72075,806
1781885700,72080,72115,72075,72110,508
1781886600,72110,72130,72075,72080,635
1781887500,72080,72090,71975,72005,1272
1781888400,72000,72040,71995,72020,396
1781889300,72015,72015,71980,71990,270
1781890200,71990,72005,71985,71990,158
1781891100,71990,72010,71985,72010,177
1781892000,72015,72015,71985,72010,120
1781892900,72005,72010,71980,71985,145
1781893800,71980,71990,71975,71985,71
1781894700,71975,72000,71965,71985,309
1781895600,71980,71990,71970,71985,106
1781896500,71990,71990,71935,71940,404
1781897400,71940,71945,71890,71900,342
1781898300,71900,71930,71900,71915,304
1781899200,71920,71975,71915,71965,191
1781900100,71965,71965,71925,71930,191
1781901000,71930,71950,71920,71940,241
1781901900,71925,71930,71870,71875,293
1781902800,71870,71870,71870,71870,497
1782085500,71500,71700,71310,71390,16184
1782086400,71385,72210,71350,71930,36159
1782087300,71925,72095,71760,72020,15340
1782088200,72025,72505,71905,72430,22888
1782089100,72425,72635,72405,72550,14767
1782090000,72555,72875,72525,72865,16092
1782090900,72870,72975,72765,72795,15039
1782091800,72790,72980,72650,72920,12484
1782092700,72920,72955,72830,72910,7418
1782093600,72910,73010,72875,72890,10006
1782094500,72895,73025,72880,72890,8114
1782095400,72885,72910,72820,72860,4319
1782096300,72855,72865,72760,72775,3137
1782097200,72775,72805,72695,72735,4192
1782098100,72740,72855,72730,72845,3070
1782099000,72845,73095,72845,72970,10483
1782099900,72970,73055,72855,72885,6041
1782100800,72885,72910,72765,72775,5338
1782101700,72775,72855,72650,72660,5622
1782102600,72655,72705,72560,72615,7974
1782103500,72620,72845,72595,72805,6777
1782104400,72805,72865,72705,72795,5615
1782105300,72790,72815,72700,72790,3640
1782106200,72790,72805,72615,72630,4789
1782107100,72630,72655,72570,72600,4419
1782108000,72600,72715,72565,72690,6700
1782108900,72685,72735,72575,72705,7530
1782109800,72710,72740,72545,72715,9040
1782110700,72860,72860,72860,72860,2365
1782115200,72820,72860,72620,72760,6602
1782116100,72760,72855,72725,72785,4048
1782117000,72790,72885,72730,72870,3003
1782117900,72870,72985,72830,72975,3235
1782118800,72980,73210,72960,73170,6718
1782119700,73170,73240,73150,73200,3076
1782120600,73200,73280,73145,73220,4132
1782121500,73220,73280,73135,73140,3470
1782122400,73135,73380,73130,73350,5344
1782123300,73345,73400,73315,73365,2093
1782124200,73360,73365,73270,73300,2007
1782125100,73300,73325,73235,73255,1656
1782126000,73255,73540,73255,73315,7094
1782126900,73315,73330,73270,73315,1898
1782127800,73315,73370,73300,73335,2293
1782128700,73335,73380,73305,73365,2427
1782129600,73370,73430,73335,73415,2888
1782130500,73410,73500,73390,73495,3770
1782131400,73495,73525,73420,73425,3654
1782132300,73430,73450,73320,73325,3669
1782133200,73330,73465,73330,73450,6386
1782134100,73450,73510,73410,73510,3116
1782135000,73510,73665,73415,73450,13257
1782135900,73445,73635,73445,73615,6947
1782136800,73610,73765,73590,73685,8967
1782137700,73680,73705,73495,73510,6206
1782138600,73510,73515,73295,73300,9829
1782139500,73300,73345,73115,73250,10180
1782140400,73255,73330,73155,73175,6726
1782141300,73180,73210,73060,73165,5696
1782142200,73150,73285,73055,73255,4434
1782143100,73255,73290,73030,73045,3957
1782144000,73050,73115,72945,73110,3835
1782144900,73110,73165,73065,73130,2213
1782145800,73130,73130,73020,73060,1448
1782146700,73060,73220,73025,73170,3171
1782147600,73170,73170,73010,73030,1874
1782148500,73030,73115,73030,73075,1150
1782149400,73075,73095,72985,73035,1398
1782150300,73035,73150,73025,73090,909
1782151200,73090,73125,73060,73080,867
1782152100,73075,73165,73075,73115,1016
1782153000,73115,73145,73015,73020,1389
1782153900,73020,73070,72975,72995,904
1782154800,72995,73065,72950,73025,1108
1782155700,73030,73070,72985,72985,805
1782156600,72990,73080,72990,73000,1033
1782157500,73005,73170,73005,73135,3434
1782158400,73140,73175,73120,73170,823
1782159300,73170,73195,73125,73125,581
1782160200,73130,73160,73120,73155,277
1782161100,73150,73170,73120,73145,317
1782162000,73100,73100,73100,73100,525
1782171900,72990,73090,72710,72825,15342
1782172800,72825,72855,72460,72475,26530
1782173700,72475,72620,71950,71955,28953
1782174600,71955,72230,71935,72175,19321
1782175500,72170,72405,72120,72260,17798
1782176400,72255,72500,72255,72310,14076
1782177300,72315,72380,72180,72315,11484
1782178200,72320,72365,71980,72005,12186
1782179100,72000,72010,71705,71720,17467
1782180000,71725,71815,71575,71755,17904
1782180900,71750,71905,71675,71855,9871
1782181800,71860,71875,71725,71800,4093
1782182700,71800,71820,71645,71680,4298
1782183600,71685,71700,71565,71610,4164
1782184500,71610,71630,71560,71600,3446
1782185400,71605,71605,71220,71390,20306
1782186300,71390,71630,71310,71620,12122
1782187200,71625,71730,71455,71575,13892
1782188100,71580,71580,71260,71340,10766
1782189000,71340,71365,71215,71260,8351
1782189900,71265,71280,71010,71070,14847
1782190800,71075,71235,71025,71035,11557
1782191700,71035,71055,70615,70685,20148
1782192600,70685,70695,70475,70625,21704
1782193500,70625,70680,70240,70340,18188
1782194400,70345,70495,70135,70230,20612
1782195300,70235,70350,69970,70005,22953
1782196200,70010,70050,69845,69945,19999
1782197100,69780,69780,69780,69780,3257
1782201600,69550,69570,69020,69220,19560
1782202500,69220,69245,68920,68955,10256
1782203400,68960,69310,68945,69210,10957
1782204300,69210,69210,68960,69170,9588
1782205200,69175,69475,69170,69455,9056
1782206100,69455,69670,69440,69620,7440
1782207000,69620,69630,69460,69465,4836
1782207900,69470,69575,69440,69505,3427
1782208800,69505,69605,69445,69480,3613
1782209700,69475,69575,69335,69355,5699
1782210600,69355,69360,69090,69135,6191
1782211500,69135,69255,69095,69205,6006
1782212400,69205,69275,69085,69255,4894
1782213300,69260,69360,69150,69210,6746
1782214200,69210,69345,69165,69330,3731
1782215100,69330,69400,69275,69375,2996
1782216000,69370,69420,69205,69205,3577
1782216900,69205,69210,68935,69055,8456
1782217800,69055,69095,68885,68970,7787
1782218700,68960,69020,68855,68985,6558
1782219600,68980,68995,68670,68715,12680
1782220500,68710,68725,68480,68525,10929
1782221400,68525,68855,68405,68715,23071
1782222300,68715,69150,68665,69140,20177
1782223200,69135,69370,69120,69365,19184
1782224100,69360,69615,69335,69385,17397
1782225000,69390,69435,69090,69155,12236
1782225900,69165,69255,69055,69205,7740
1782226800,69200,69305,69090,69165,7919
1782227700,69165,69180,68985,69045,7681
1782228600,69040,69160,68980,69045,6405
1782229500,69045,69340,69000,69300,6008
1782230400,69305,69475,69280,69470,4820
1782231300,69475,69490,69310,69395,3207
1782232200,69390,69460,69345,69450,2078
1782233100,69455,69460,69315,69380,2351
1782234000,69385,69420,69225,69370,3816
1782234900,69375,69535,69315,69475,3382
1782235800,69470,69470,69345,69360,3433
1782236700,69360,69395,69185,69190,2516
1782237600,69195,69320,69175,69255,2642
1782238500,69250,69270,69185,69210,1344
1782239400,69205,69240,69025,69025,2847
1782240300,69025,69160,68990,69145,3407
1782241200,69145,69410,69120,69295,3527
1782242100,69290,69385,69190,69365,2609
1782243000,69365,69390,69240,69270,3280
1782243900,69275,69280,69140,69145,4287
1782244800,69145,69265,69115,69245,1146
1782245700,69240,69265,69200,69250,624
1782246600,69250,69295,69245,69260,499
1782247500,69255,69260,69220,69230,390
1782248400,69270,69270,69270,69270,555
1782258300,69415,69830,69320,69715,20467
1782259200,69720,70280,69390,70085,54313
1782260100,70080,70335,69790,70090,30769
1782261000,70095,70140,69740,69855,21045
1782261900,69855,69945,69390,69655,24345
1782262800,69660,69705,69355,69675,21984
1782263700,69675,69675,69240,69525,20892
1782264600,69520,69725,69480,69590,14141
1782265500,69595,69830,69520,69715,12601
1782266400,69710,69920,69610,69805,13887
1782267300,69805,69805,69390,69660,12163
1782268200,69665,69725,69335,69370,9647
1782269100,69370,69415,69060,69075,10722
1782270000,69070,69375,69035,69320,11287
1782270900,69325,69465,69135,69445,8201
1782271800,69445,69510,69185,69245,13685
1782272700,69245,69265,69020,69230,12383
1782273600,69235,69245,68925,68970,11459
1782274500,68970,69020,68580,68705,20407
1782275400,68705,69185,68670,69080,17258
1782276300,69085,69270,69045,69215,13537
1782277200,69220,69545,69220,69505,16986
1782278100,69505,69735,69470,69570,13162
1782279000,69575,69810,69575,69710,12776
1782279900,69710,69725,69425,69465,11378
1782280800,69470,69515,69350,69435,9745
1782281700,69440,69445,69240,69335,12353
1782282600,69335,69530,69235,69465,13241
1782283500,69550,69550,69550,69550,1865
1782288000,69325,69570,69205,69565,8238
1782288900,69560,69575,69385,69485,4795
1782289800,69485,69625,69460,69570,4442
1782290700,69570,69595,69470,69545,2833
1782291600,69545,69590,69430,69555,3395
1782292500,69560,69570,69425,69490,3034
1782293400,69490,69520,69345,69345,2749
1782294300,69340,69485,69285,69430,2728
1782295200,69435,69450,69320,69450,2759
1782296100,69445,69570,69440,69570,2447
1782297000,69570,69765,69555,69710,3553
1782297900,69710,69720,69500,69510,3108
1782298800,69515,69645,69470,69475,3452
1782299700,69470,69530,69385,69490,3518
1782300600,69490,69670,69490,69630,3400
1782301500,69635,69820,69585,69765,4363
1782302400,69770,69785,69620,69755,3960
1782303300,69750,69835,69650,69725,5043
1782304200,69720,69755,69535,69595,3787
1782305100,69590,69615,69480,69510,2682
1782306000,69510,69560,69360,69375,5354
1782306900,69375,69455,69275,69400,6197
1782307800,69395,69620,69050,69195,16153
1782308700,69195,69645,69145,69475,16217
1782309600,69475,69535,69330,69395,8763
1782310500,69390,69505,69150,69420,10647
1782311400,69425,69670,69425,69660,7554
1782312300,69655,69815,69605,69765,7120
1782313200,69765,69795,69515,69605,5002
1782314100,69610,69755,69535,69740,4496
1782315000,69735,69795,69625,69670,3968
1782315900,69665,69730,69585,69635,3034
1782316800,69640,69690,69580,69655,2221
1782317700,69660,69730,69645,69675,1664
1782318600,69680,69690,69445,69510,4140
1782319500,69515,69570,69395,69425,2118
1782320400,69425,69530,69290,69340,3822
1782321300,69340,69380,69000,69010,7340
1782322200,69010,69160,68910,69045,8134
1782323100,69035,69195,69010,69070,2054
1782324000,69080,69200,69055,69170,2016
1782324900,69170,69425,69170,69405,3062
1782325800,69405,69415,69225,69265,1941
1782326700,69265,69265,69060,69120,2676
1782327600,69125,69240,68950,69070,3203
1782328500,69070,69205,69025,69190,1800
1782329400,69195,69290,69155,69205,2416
1782330300,69205,69505,69195,69475,5087
1782331200,69475,70545,69430,70410,16868
1782332100,70410,70775,70265,70695,10467
1782333000,70695,70980,70605,70945,4394
1782333900,70935,71125,70895,71075,3833
1782334800,71075,71075,71075,71075,700
1782344700,71385,71490,71075,71425,22175
1782345600,71430,71490,70930,71260,38190
1782346500,71265,71350,70810,70930,21620
1782347400,70935,71110,70770,70845,19125
1782348300,70835,71255,70785,71170,14188
1782349200,71175,71330,71095,71225,11273
1782350100,71215,71420,71205,71370,9895
1782351000,71375,71725,71335,71620,18396
1782351900,71620,71880,71595,71845,14097
1782352800,71850,71960,71640,71670,17581
1782353700,71675,72015,71600,71975,14298
1782354600,71975,72035,71895,71950,6104
1782355500,71950,71980,71875,71975,4008
1782356400,71975,72085,71955,72025,5183
1782357300,72025,72115,71910,72050,5927
1782358200,72050,72155,72015,72055,9382
1782359100,72050,72190,72010,72145,7463
1782360000,72150,72205,72015,72015,6214
1782360900,72020,72155,71960,72020,7092
1782361800,72025,72105,71905,72100,6642
1782362700,72100,72240,72080,72180,9217
1782363600,72185,72370,72180,72360,9539
1782364500,72360,72415,72275,72320,8745
1782365400,72325,72540,72305,72515,13321
1782366300,72515,72540,72400,72485,8799
1782367200,72485,72685,72470,72645,15206
1782368100,72640,72705,72445,72500,17885
1782369000,72495,72535,72395,72465,12882
1782369900,72560,72560,72560,72560,2177
1782374400,72610,72650,72465,72485,8341
1782375300,72480,72490,72375,72385,4301
1782376200,72390,72465,72370,72445,3085
1782377100,72440,72440,72310,72350,3840
1782378000,72355,72555,72355,72525,3782
1782378900,72525,72595,72405,72450,3015
1782379800,72445,72510,72420,72460,2122
1782380700,72460,72530,72420,72460,1608
1782381600,72460,72520,72440,72495,1652
1782382500,72490,72535,72435,72500,1607
1782383400,72500,72535,72445,72470,1479
1782384300,72470,72540,72435,72495,1841
1782385200,72495,72585,72450,72450,3030
1782386100,72450,72460,72325,72360,2678
1782387000,72360,72445,72305,72420,2737
1782387900,72425,72460,72345,72370,1988
1782388800,72375,72470,72355,72380,2482
1782389700,72380,72415,72330,72335,1939
1782390600,72335,72680,72325,72530,9198
1782391500,72530,72725,72530,72625,5770
1782392400,72630,72655,72395,72430,5039
1782393300,72435,72435,72315,72390,4580
1782394200,72390,72420,71745,71790,20546
1782395100,71795,71910,70800,70840,39443
1782396000,70840,71740,70840,71480,32417
1782396900,71480,71710,71325,71505,17182
1782397800,71505,71725,71380,71460,13762
1782398700,71465,71720,71330,71480,14836
1782399600,71485,71625,71085,71110,12431
1782400500,71115,71445,70970,71320,13119
1782401400,71315,71470,71290,71420,6888
1782402300,71420,71515,71330,71360,5360
1782403200,71360,71740,71320,71700,7789
1782404100,71720,71795,71545,71580,5830
1782405000,71585,71585,71285,71295,5750
1782405900,71300,71375,71170,71300,4781
1782406800,71300,71470,71280,71410,3050
1782407700,71410,71530,71285,71400,3970
1782408600,71400,71490,71315,71390,2560
1782409500,71385,71420,71290,71400,4520
1782410400,71400,71405,71140,71285,4993
1782411300,71285,71545,71260,71515,3892
1782412200,71515,71515,71225,71280,3830
1782413100,71275,71330,71130,71270,2641
1782414000,71275,71285,71125,71140,1989
1782414900,71135,71200,71050,71170,2872
1782415800,71170,71190,71050,71090,3433
1782416700,71085,71285,70990,71280,5804
1782417600,71275,71515,71275,71290,3773
1782418500,71295,71470,71295,71415,1802
1782419400,71415,71415,71300,71350,1406
1782420300,71345,71360,71290,71295,667
1782421200,71250,71250,71250,71250,443
1782431100,71325,71405,70805,70980,16546
1782432000,70980,71430,70810,70895,33786
1782432900,70900,70965,70180,70550,37382
1782433800,70545,70750,70375,70485,24535
1782434700,70480,70615,70280,70345,12855
1782435600,70355,70610,70230,70515,14293
1782436500,70520,70710,70380,70395,10995
1782437400,70400,70425,70030,70090,18291
1782438300,70085,70260,69875,70025,16498
1782439200,70030,70100,69760,69805,14173
1782440100,69810,69920,69610,69740,14111
1782441000,69740,69775,69505,69605,10826
1782441900,69610,69610,69270,69395,11740
1782442800,69395,69420,69205,69235,9752
1782443700,69230,69330,69190,69300,8043
1782444600,69295,69300,68770,69095,29621
1782445500,69090,69355,68905,69320,23788
1782446400,69320,69550,69245,69455,20617
1782447300,69450,69620,69195,69415,16966
1782448200,69415,69475,69035,69090,12544
1782449100,69090,69090,68830,69010,13697
1782450000,69015,69275,68930,69260,12169
1782450900,69265,69410,69180,69340,11020
1782451800,69355,69480,69145,69145,12200
1782452700,69150,69290,69040,69215,10152
1782453600,69215,69290,69125,69255,9387
1782454500,69260,69495,69210,69460,16457
1782455400,69460,69615,69375,69580,14206
1782456300,69615,69615,69615,69615,2354
1782460800,69880,70100,69575,69625,12139
1782461700,69625,69725,69575,69700,4130
1782462600,69695,69710,69480,69485,6570
1782463500,69480,69490,69145,69185,8346
1782464400,69185,69315,69135,69295,5556
1782465300,69290,69335,69180,69250,5018
1782466200,69250,69445,69185,69435,4206
1782467100,69430,69495,69345,69365,3370
1782468000,69365,69385,69195,69360,4234
1782468900,69360,69400,69215,69310,2853
1782469800,69310,69365,69200,69235,3056
1782470700,69235,69290,69140,69285,2377
1782471600,69280,69405,69250,69345,3181
1782472500,69340,69340,69205,69235,1995
1782473400,69235,69310,69190,69225,3000
1782474300,69225,69290,69085,69190,3941
1782475200,69190,69500,69160,69445,5407
1782476100,69450,69535,69300,69385,4351
1782477000,69385,69410,69155,69170,3627
1782477900,69165,69260,69115,69220,3665
1782478800,69220,69240,69065,69145,6826
1782479700,69145,69305,68915,69295,11239
1782480600,69280,69425,69095,69260,18176
1782481500,69260,69525,69095,69525,13275
1782482400,69525,69885,69490,69855,19137
1782483300,69850,70035,69760,69965,13030
1782484200,69970,70005,69665,69735,11349
1782485100,69735,69890,69660,69735,8401
1782486000,69740,69835,69565,69570,7736
1782486900,69570,69995,69505,69985,7652
1782487800,69985,70195,69905,70115,11171
1782488700,70120,70140,69800,69965,10174
1782489600,69970,70005,69785,69855,3173
1782490500,69860,69935,69675,69870,5626
1782491400,69870,70020,69870,69940,3157
1782492300,69940,70015,69925,69960,1883
1782493200,69965,70105,69925,70020,2347
1782494100,70025,70030,69895,69990,2726
1782495000,69995,70065,69850,69900,2125
1782495900,69895,69925,69805,69810,1186
1782496800,69810,69865,69765,69775,1590
1782497700,69780,69800,69670,69675,1746
1782498600,69690,69745,69635,69680,1422
1782499500,69675,69685,69545,69595,2242
1782500400,69595,69810,69540,69800,2717
1782501300,69795,69815,69650,69670,2496
1782502200,69675,69830,69615,69805,2228
1782503100,69815,69845,69635,69680,4959
1782504000,69675,69760,69535,69670,4550
1782504900,69675,69730,69640,69695,869
1782505800,69700,69700,69460,69525,2029
1782506700,69530,69665,69475,69665,771
1782507600,69620,69620,69620,69620,399
1782690300,70145,70180,69800,69805,14608
1782691200,69810,69855,69240,69505,39577
1782692100,69500,69555,68725,68735,34364
1782693000,68735,68845,68175,68815,43899
1782693900,68810,69125,68430,69105,25522
1782694800,69110,69200,68795,68930,21625
1782695700,68935,69000,68705,68720,18167
1782696600,68725,69345,68620,69260,26052
1782697500,69260,69300,69040,69160,13218
1782698400,69160,69170,68715,68720,14987
1782699300,68715,69060,68640,69050,11830
1782700200,69050,69190,69020,69190,4793
1782701100,69195,69230,69075,69135,3481
1782702000,69140,69310,69115,69145,4394
1782702900,69150,69175,69065,69105,2618
1782703800,69105,69155,68790,68815,12190
1782704700,68810,69275,68800,69255,10926
1782705600,69250,69260,68985,69015,9163
1782706500,69015,69055,68870,68895,6314
1782707400,68900,68935,68725,68800,8043
1782708300,68800,68925,68720,68745,9499
1782709200,68745,68865,68630,68855,9822
1782710100,68855,69010,68775,68925,9234
1782711000,68930,69360,68865,69320,12405
1782711900,69320,69500,69190,69490,12207
1782712800,69485,69570,69315,69435,11706
1782713700,69440,69775,69430,69645,13034
1782714600,69645,69770,69575,69735,8916
1782715500,69780,69780,69780,69780,1575
1782720000,69885,69970,69795,69910,10225
1782720900,69905,70015,69855,69865,4333
1782721800,69865,69970,69835,69870,3408
1782722700,69865,70035,69845,69875,4187
1782723600,69875,69925,69845,69895,2162
1782724500,69890,69995,69855,69970,2334
1782725400,69975,69990,69870,69905,1974
1782726300,69910,69945,69830,69925,3545
1782727200,69925,70075,69925,70005,2901
1782728100,70005,70055,69950,70055,2083
1782729000,70055,70125,70005,70085,2507
1782729900,70090,70120,70020,70090,2592
1782730800,70090,70175,70060,70065,2959
1782731700,70060,70070,69965,69995,2205
1782732600,69995,70105,69950,69980,4227
1782733500,69985,70035,69965,69975,1805
1782734400,69970,70025,69895,70000,2589
1782735300,69995,70030,69930,69930,1818
1782736200,69930,69965,69720,69820,4609
1782737100,69815,69935,69795,69935,3470
1782738000,69935,70020,69930,69960,3256
1782738900,69960,69975,69780,69795,3360
1782739800,69790,69950,69645,69930,13827
1782740700,69930,69980,69440,69535,13249
1782741600,69540,69565,68900,68905,19277
1782742500,68905,69460,68795,69425,19735
1782743400,69430,69645,69395,69450,11622
1782744300,69450,69815,69360,69810,10447
1782745200,69810,69840,69735,69820,6046
1782746100,69825,69995,69720,69990,5834
1782747000,69985,70095,69935,70085,5135
1782747900,70085,70240,70055,70220,4683
1782748800,70225,70365,70225,70355,5816
1782749700,70360,70460,70340,70415,5274
1782750600,70415,70450,70330,70435,3451
1782751500,70435,70525,70410,70510,3167
1782752400,70505,70705,70505,70680,3119
1782753300,70680,70695,70545,70620,3200
1782754200,70625,70670,70580,70635,2335
1782755100,70630,70705,70590,70620,3273
1782756000,70625,70745,70610,70740,2915
1782756900,70730,70740,70645,70675,1749
1782757800,70675,70780,70660,70765,1305
1782758700,70775,70810,70725,70730,1369
1782759600,70735,70750,70650,70705,2297
1782760500,70705,70785,70695,70735,1718
1782761400,70735,70745,70680,70725,1991
1782762300,70725,70865,70695,70835,4337
1782763200,70835,70840,70780,70790,1255
1782764100,70790,70835,70780,70810,341
1782765000,70805,70805,70695,70725,1136
1782765900,70730,70740,70695,70695,378
1782766800,70655,70655,70655,70655,414
1782776700,70670,70820,70435,70715,13371
1782777600,70715,70750,70250,70665,42673
1782778500,70665,70755,69885,69955,26507
1782779400,69955,70045,69505,69510,26019
1782780300,69510,69945,69470,69905,19223
1782781200,69910,69950,69640,69755,11037
1782782100,69760,70315,69715,70310,15890
1782783000,70310,70415,69945,70055,17496
1782783900,70060,70160,69795,70130,13518
1782784800,70130,70165,69955,70005,8506
1782785700,70010,70275,69920,70240,7369
1782786600,70240,70315,70125,70170,4380
1782787500,70165,70230,70145,70155,1892
1782788400,70155,70240,70110,70185,2497
1782789300,70185,70305,70185,70305,3043
1782790200,70305,70635,70305,70510,11549
1782791100,70505,70555,70355,70410,7391
1782792000,70410,70610,70395,70595,4925
1782792900,70595,70770,70575,70765,6158
1782793800,70765,70810,70700,70795,4811
1782794700,70795,70805,70630,70695,4722
1782795600,70690,70795,70655,70790,4849
1782796500,70790,70815,70625,70635,5341
1782797400,70640,70740,70515,70650,9358
1782798300,70645,70715,70510,70525,4900
1782799200,70525,70565,70395,70430,8968
1782800100,70425,70425,70195,70300,12190
1782801000,70295,70380,70140,70185,12625
1782801900,70140,70140,70140,70140,1400
1782806400,70295,70400,70205,70210,6773
1782807300,70205,70255,70075,70240,3790
1782808200,70235,70270,69800,69985,6785
1782809100,69990,70110,69950,70050,4217
1782810000,70055,70080,69960,70050,2030
1782810900,70060,70090,70005,70010,1464
1782811800,70020,70050,69885,70045,4378
1782812700,70040,70055,69965,69975,1497
1782813600,69970,70030,69940,69975,1919
1782814500,69970,70045,69970,70045,1145
1782815400,70045,70115,69960,70095,1525
1782816300,70100,70245,70065,70210,3223
1782817200,70215,70315,70175,70275,2640
1782818100,70280,70320,70215,70260,2465
1782819000,70260,70320,70215,70315,1385
1782819900,70315,70355,70295,70300,2213
1782820800,70300,70335,70155,70180,3874
1782821700,70180,70265,70115,70135,3621
1782822600,70135,70260,70050,70225,5089
1782823500,70225,70265,70165,70190,1833
1782824400,70190,70270,70175,70215,2832
1782825300,70210,70400,70200,70380,4662
1782826200,70385,70775,70345,70675,17837
1782827100,70670,70925,70665,70915,10796
1782828000,70915,71000,70785,70990,9389
1782828900,70985,71100,70980,71055,8071
1782829800,71055,71115,70975,71055,6504
1782830700,71050,71085,70980,71035,4949
1782831600,71030,71260,71025,71255,6974
1782832500,71250,71255,71120,71155,3845
1782833400,71155,71205,71090,71135,3382
1782834300,71135,71215,71135,71170,2088
1782835200,71170,71265,71155,71245,2092
1782836100,71245,71275,71215,71250,1399
1782837000,71245,71270,71200,71250,1292
1782837900,71255,71315,71235,71275,1847
1782838800,71275,71345,71255,71290,1773
1782839700,71295,71345,71285,71325,975
1782840600,71330,71370,71305,71370,967
1782841500,71365,71375,71320,71330,607
1782842400,71330,71355,71285,71335,658
1782843300,71330,71385,71325,71335,801
1782844200,71340,71360,71320,71360,671
1782845100,71365,71385,71300,71350,1470
1782846000,71345,71365,71305,71350,979
1782846900,71355,71390,71335,71345,1091
1782847800,71345,71345,71260,71295,1205
1782848700,71290,71320,71215,71245,2893
1782849600,71245,71260,71180,71200,1441
1782850500,71200,71200,71115,71130,815
1782851400,71125,71125,71080,71110,825
1782852300,71110,71110,71010,71025,1254
1782853200,71070,71070,71070,71070,484
1782863100,70940,71300,70920,71260,12834
1782864000,71260,71955,71255,71700,35893
1782864900,71690,71870,71610,71850,17387
1782865800,71850,72110,71740,72090,17749
1782866700,72095,72115,71670,71680,16683
1782867600,71675,71835,71090,71175,23401
1782868500,71180,71230,70665,70790,27322
1782869400,70795,70930,70590,70680,18555
1782870300,70680,70800,70505,70595,15421
1782871200,70595,70640,70275,70425,16914
1782872100,70420,70510,70335,70410,10813
1782873000,70410,70605,70380,70605,5615
1782873900,70600,70610,70485,70510,5366
1782874800,70510,70555,70400,70520,4307
1782875700,70515,70540,70315,70380,4645
1782876600,70380,70785,70355,70610,15962
1782877500,70615,70840,70575,70780,9309
1782878400,70775,70775,70520,70560,8960
1782879300,70555,70790,70550,70790,6333
1782880200,70785,70815,70610,70705,5985
1782881100,70705,70910,70705,70745,6324
1782882000,70745,70890,70650,70780,7183
1782882900,70780,70850,70745,70780,4146
1782883800,70785,70920,70745,70820,7689
1782884700,70820,70900,70770,70785,6152
1782885600,70790,70835,70645,70690,9310
1782886500,70690,70695,70485,70560,12614
1782887400,70565,70705,70545,70610,13913
1782888300,70630,70630,70630,70630,1380
1782892800,70705,70785,70640,70690,5852
1782893700,70685,70725,70575,70595,3399
1782894600,70595,70720,70525,70710,3398
1782895500,70710,70815,70675,70810,3117
1782896400,70810,70810,70690,70750,2477
1782897300,70745,70855,70745,70760,2783
1782898200,70760,70800,70725,70750,1784
1782899100,70750,70865,70735,70845,2143
1782900000,70850,70875,70730,70765,2028
1782900900,70770,70890,70770,70845,2540
1782901800,70845,70905,70825,70860,2351
1782902700,70860,71000,70855,70990,2757
1782903600,70990,71095,70975,71035,3606
1782904500,71040,71075,71000,71010,2605
1782905400,71010,71020,70910,70965,2892
1782906300,70970,70990,70870,70885,2327
1782907200,70890,70910,70760,70865,3068
1782908100,70865,70995,70865,70970,2724
1782909000,70965,71000,70580,70680,12767
1782909900,70680,70730,70550,70610,7151
1782910800,70605,70665,70420,70460,7524
1782911700,70460,70605,70345,70390,7808
1782912600,70390,70515,70080,70205,19692
1782913500,70205,70445,70175,70405,12017
1782914400,70405,70505,70330,70350,9510
1782915300,70345,70415,70220,70270,7919
1782916200,70270,70290,70030,70035,8704
1782917100,70035,70100,69810,69895,10771
1782918000,69890,70100,69850,70085,8284
1782918900,70085,70305,70030,70300,8196
1782919800,70295,70360,70160,70220,6746
1782920700,70220,70235,70040,70080,3507
1782921600,70080,70165,70025,70050,3251
1782922500,70045,70120,70005,70060,3342
1782923400,70060,70090,69920,69945,4317
1782924300,69950,70005,69705,69735,4439
1782925200,69740,69815,69675,69765,4693
1782926100,69770,69920,69745,69880,3067
1782927000,69880,69945,69810,69820,3054
1782927900,69820,69845,69755,69775,2586
1782928800,69775,69845,69765,69805,1721
1782929700,69800,69890,69745,69800,1787
1782930600,69795,69820,69695,69725,1437
1782931500,69725,69730,69540,69665,3372
1782932400,69665,69915,69660,69845,4206
1782933300,69845,69915,69805,69875,1552
1782934200,69880,69970,69765,69780,2306
1782935100,69775,69815,69640,69680,4051
1782936000,69675,69680,69540,69600,1957
1782936900,69595,69610,69520,69585,893
1782937800,69590,69645,69530,69645,757
1782938700,69650,69685,69605,69645,799
1782939600,69625,69625,69625,69625,360
1782949500,69575,69615,69175,69300,17682
1782950400,69295,69515,68935,69295,38516
1782951300,69300,69480,69060,69460,24869
1782952200,69460,69530,68830,68875,28224
1782953100,68870,69265,68840,69170,23975
1782954000,69175,69595,69085,69590,18935
1782954900,69590,69735,69435,69735,14861
1782955800,69735,69880,69620,69840,19641
1782956700,69835,70030,69780,70000,14476
1782957600,69995,70005,69780,69970,11821
1782958500,69970,70050,69765,69785,8794
1782959400,69790,69915,69760,69905,4411
1782960300,69905,69995,69845,69865,4235
1782961200,69865,69885,69710,69785,4584
1782962100,69780,69845,69640,69705,5453
1782963000,69705,69875,69490,69590,17293
1782963900,69590,69665,69450,69565,10411
1782964800,69570,69690,69330,69355,12922
1782965700,69355,69510,69270,69445,9797
1782966600,69450,69450,69215,69300,8263
1782967500,69295,69490,69245,69445,7690
1782968400,69440,69680,69315,69670,9126
1782969300,69670,69745,69545,69550,8621
1782970200,69550,69560,69355,69440,9902
1782971100,69435,69505,69265,69270,9686
1782972000,69270,69300,68910,68935,14706
1782972900,68935,69055,68855,68895,15269
1782973800,68900,69130,68840,68965,13383
1782974700,68865,68865,68865,68865,1887
1782979200,68600,68720,68475,68535,13600
1782980100,68530,68890,68530,68840,6347
1782981000,68840,69070,68785,69015,5998
1782981900,69015,69105,68950,69000,3876
1782982800,68995,69015,68855,68900,4251
1782983700,68905,68990,68865,68965,2736
1782984600,68965,69045,68915,69020,2757
1782985500,69020,69025,68910,68940,2332
1782986400,68940,68945,68765,68785,4017
1782987300,68780,68930,68765,68925,3524
1782988200,68930,69075,68925,68990,2808
1782989100,68990,69090,68925,69055,2695
1782990000,69060,69140,68985,69050,2651
1782990900,69045,69050,68940,69015,1622
1782991800,69015,69155,68985,69135,2193
1782992700,69130,69210,69095,69095,2773
1782993600,69100,69300,69070,69280,4914
1782994500,69280,69350,69195,69325,6387
1782995400,69320,69725,68710,69650,20069
1782996300,69645,69700,69375,69475,8714
1782997200,69475,69525,69355,69410,6362
1782998100,69405,69595,69360,69405,6352
1782999000,69410,69735,69280,69660,17376
1782999900,69665,69905,69595,69825,14032
1783000800,69830,69840,69420,69580,10667
1783001700,69580,69610,68925,68985,17115
1783002600,68985,69135,68780,68830,17061
1783003500,68830,68975,68660,68930,15487
1783004400,68930,69000,68455,68680,16809
1783005300,68680,68755,68345,68360,15401
1783006200,68365,68775,68355,68575,12120
1783007100,68570,68635,68305,68395,8616
1783008000,68400,68430,68230,68360,6723
1783008900,68365,68375,68130,68150,6893
1783009800,68150,68210,68005,68130,9081
1783010700,68130,68150,67905,67955,6210
1783011600,67955,68010,67845,67900,6353
1783012500,67900,67980,67860,67915,3414
1783013400,67910,67960,67735,67825,5078
1783014300,67825,67840,67640,67665,4048
1783015200,67670,68030,67615,67930,5979
1783016100,67930,67975,67795,67975,4500
1783017000,67970,68050,67940,67975,3455
1783017900,67975,68080,67900,68000,3342
1783018800,67995,68025,67815,67845,4265
1783019700,67845,67905,67695,67850,2787
1783020600,67850,67995,67820,67975,2337
1783021500,67975,68350,67935,68330,5515
1783022400,68335,68335,68200,68275,2562
1783023300,68280,68335,68255,68290,958
1783024200,68295,68330,68265,68280,1045
1783025100,68280,68320,68270,68305,734
1783026000,68280,68280,68280,68280,570
1783035900,68550,68775,68335,68550,19915
1783036800,68555,68660,67890,68000,37661
1783037700,67995,68380,67925,67940,29792
1783038600,67945,68410,67755,68235,25172
1783039500,68235,68340,68075,68275,14201
1783040400,68275,69175,68240,68925,30930
1783041300,68930,69215,68810,69095,17412
1783042200,69095,69220,69025,69130,11359
1783043100,69140,69235,68955,69210,11753
1783044000,69210,69450,69185,69270,15348
1783044900,69270,69345,69160,69280,9420
1783045800,69280,69430,69270,69415,5210
1783046700,69415,69535,69410,69490,4109
1783047600,69490,69495,69360,69430,4555
1783048500,69435,69485,69360,69480,3978
1783049400,69480,69680,69005,69010,21606
1783050300,69005,69460,68990,69450,14348
1783051200,69450,69640,69420,69615,9209
1783052100,69615,69750,69580,69730,9488
1783053000,69730,69835,69655,69770,9516
1783053900,69775,69795,69585,69690,8057
1783054800,69685,69750,69565,69625,7273
1783055700,69620,69680,69505,69660,7114
1783056600,69660,69760,69615,69630,8716
1783057500,69630,69785,69545,69760,8272
1783058400,69765,69910,69705,69830,12711
1783059300,69830,69990,69810,69975,13990
1783060200,69980,70040,69870,69965,12377
1783061100,70040,70040,70040,70040,1718
1783065600,69825,69865,69710,69720,6439
1783066500,69720,69820,69660,69775,3335
1783067400,69785,69805,69705,69780,1696
1783068300,69785,69800,69590,69610,3167
1783069200,69605,69665,69550,69660,3071
1783070100,69660,69670,69605,69645,1785
1783071000,69650,69740,69630,69735,1240
1783071900,69735,69750,69660,69670,1450
1783072800,69665,69720,69630,69690,1417
1783073700,69700,69715,69650,69695,1146
1783074600,69700,69835,69700,69835,1711
1783075500,69830,69830,69765,69780,963
1783076400,69780,69795,69735,69750,876
1783077300,69745,69760,69690,69710,762
1783078200,69710,69800,69710,69740,1123
1783079100,69745,69795,69740,69795,1254
1783080000,69795,69885,69795,69815,2619
1783080900,69815,69815,69725,69745,1277
1783081800,69745,69755,69710,69725,1185
1783082700,69725,69755,69690,69725,1297
1783083600,69730,69810,69710,69715,2024
1783084500,69720,69775,69720,69740,992
1783085400,69745,69785,69685,69745,2377
1783086300,69750,69800,69725,69775,2023
1783087200,69780,69825,69735,69765,2170
1783088100,69760,69805,69745,69765,1075
1783089000,69760,69835,69735,69805,1627
1783089900,69800,69925,69790,69895,2193
1783090800,69905,69965,69875,69950,1548
1783091700,69945,69975,69860,69860,1111
1783092600,69865,69865,69810,69820,1331
1783093500,69820,69855,69795,69805,855
1783094400,69800,69830,69775,69815,682
1783095300,69820,69850,69805,69810,497
1783096200,69810,69875,69805,69860,741
1783097100,69855,69855,69825,69840,268
1783098000,69845,69845,69800,69800,199
1783098900,69805,69805,69770,69790,196
1783099800,69785,69795,69740,69745,276
1783100700,69740,69755,69730,69730,149
1783101600,69730,69740,69705,69740,203
1783102500,69740,69745,69730,69730,70
1783103400,69730,69745,69725,69740,61
1783104300,69745,69750,69735,69745,50
1783105200,69740,69740,69725,69730,84
1783106100,69730,69750,69730,69740,83
1783107000,69740,69770,69735,69740,152
1783107900,69740,69745,69665,69685,632
1783108800,69680,69695,69640,69640,525
1783109700,69640,69680,69640,69660,249
1783110600,69655,69705,69640,69685,348
1783111500,69695,69735,69690,69715,290
1783112400,69665,69665,69665,69665,424
1783295100,69960,70375,69880,70130,20039
1783296000,70135,70525,69680,70370,40306
1783296900,70375,70485,69410,69510,33870
1783297800,69505,70010,69425,69905,22241
1783298700,69905,70205,69795,69865,19063
1783299600,69870,69895,69525,69685,16791
1783300500,69680,69800,69495,69655,13617
1783301400,69650,69815,69505,69515,10419
1783302300,69515,69525,69260,69380,14213
1783303200,69390,69485,69140,69175,11670
1783304100,69175,69275,69045,69055,12158
1783305000,69055,69180,68995,69015,6931
1783305900,69015,69140,68960,69105,6631
1783306800,69110,69235,69060,69160,6270
1783307700,69155,69235,69115,69225,4690
1783308600,69225,69340,69100,69145,13703
1783309500,69145,69375,69110,69340,8991
1783310400,69340,69365,69160,69350,7974
1783311300,69350,69525,69315,69520,7620
1783312200,69520,69675,69500,69625,9818
1783313100,69625,69710,69535,69660,7630
1783314000,69660,69720,69575,69675,6960
1783314900,69675,69785,69445,69445,9234
1783315800,69455,69705,69365,69650,9540
1783316700,69650,69765,69515,69730,7247
1783317600,69735,69780,69635,69675,6973
1783318500,69675,69925,69665,69910,7961
1783319400,69905,70005,69870,69970,6654
1783320300,70010,70010,70010,70010,1236
1783324800,70080,70405,70065,70190,12999
1783325700,70185,70205,70005,70055,5039
1783326600,70060,70140,69980,70100,4571
1783327500,70105,70105,70030,70105,2504
1783328400,70105,70105,69935,69960,3208
1783329300,69960,70095,69960,70065,3164
1783330200,70060,70125,70010,70015,2960
1783331100,70015,70045,69920,70005,2836
1783332000,70005,70015,69930,69980,1756
1783332900,69985,70020,69970,69995,974
1783333800,69995,70070,69940,69940,1990
1783334700,69940,70000,69910,70000,1758
1783335600,69995,70010,69875,69930,2523
1783336500,69935,70040,69920,69985,2125
1783337400,69980,70055,69975,70055,1589
1783338300,70055,70120,70010,70010,2255
1783339200,70015,70140,69990,70135,3228
1783340100,70135,70165,70000,70030,2742
1783341000,70030,70085,69975,69995,2415
1783341900,70000,70085,69990,70080,1727
1783342800,70080,70105,69930,69935,3183
1783343700,69940,70065,69905,70015,4354
1783344600,70015,70345,69960,70315,18324
1783345500,70320,70400,70205,70240,8716
1783346400,70245,70415,70175,70415,7744
1783347300,70420,70495,70345,70390,7853
1783348200,70395,70425,70315,70415,5999
1783349100,70410,70415,70275,70325,2824
1783350000,70320,70370,70170,70225,4206
1783350900,70225,70385,70130,70385,3984
1783351800,70380,70425,70325,70405,2899
1783352700,70405,70420,70340,70375,2079
1783353600,70380,70445,70340,70405,1916
1783354500,70400,70460,70330,70365,2849
1783355400,70360,70380,70325,70370,1270
1783356300,70365,70400,70280,70305,1775
1783357200,70300,70390,70265,70360,1415
1783358100,70360,70380,70215,70235,1312
1783359000,70240,70260,70095,70150,2069
1783359900,70145,70195,70105,70155,1439
1783360800,70160,70325,70160,70260,1495
1783361700,70265,70355,70265,70325,1106
1783362600,70325,70330,70255,70290,853
1783363500,70290,70335,70260,70295,636
1783364400,70300,70335,70280,70305,758
1783365300,70300,70410,70300,70400,979
1783366200,70395,70400,70325,70350,879
1783367100,70345,70385,70230,70280,1722
1783368000,70275,70295,70240,70290,1123
1783368900,70290,70320,70290,70305,268
1783369800,70305,70335,70290,70305,295
1783370700,70300,70315,70270,70310,400
1783371600,70270,70270,70270,70270,546
1783381500,70155,70215,69620,69705,17000
1783382400,69700,69935,69310,69590,33466
1783383300,69590,70095,69495,69910,21860
1783384200,69910,70105,69465,69485,19795
1783385100,69490,69635,69290,69340,18498
1783386000,69345,69435,69225,69260,17074
1783386900,69265,69310,68885,68920,17873
1783387800,68915,69315,68810,69300,20218
1783388700,69300,69445,68940,68975,13735
1783389600,68980,69235,68965,69115,8406
1783390500,69115,69140,68920,68975,6679
1783391400,68970,69080,68900,68960,5391
1783392300,68960,68975,68890,68920,4620
1783393200,68920,69105,68900,69010,4493
1783394100,69005,69005,68710,68755,9358
1783395000,68760,68975,68650,68825,14253
1783395900,68825,68830,68560,68675,14559
1783396800,68680,68840,68555,68630,11112
1783397700,68630,68675,68520,68615,8477
1783398600,68620,68705,68545,68585,6831
1783399500,68585,68630,68445,68530,7989
1783400400,68525,68540,68180,68210,15701
1783401300,68205,68375,68140,68295,14898
1783402200,68290,68685,68290,68650,15385
1783403100,68655,68825,68520,68710,13737
1783404000,68705,68795,68410,68435,12387
1783404900,68435,68610,68415,68475,12184
1783405800,68475,68500,68365,68440,11091
1783406700,68420,68420,68420,68420,1374
1783411200,68465,68550,68340,68455,8555
1783412100,68455,68640,68405,68555,5382
1783413000,68560,68665,68510,68520,5547
1783413900,68520,68555,68320,68340,6212
1783414800,68335,68465,68285,68465,4547
1783415700,68460,68510,68430,68470,3088
1783416600,68475,68495,68380,68455,2607
1783417500,68450,68550,68390,68510,2039
1783418400,68510,68565,68315,68390,7102
1783419300,68390,68615,68365,68540,3856
1783420200,68535,68535,68430,68435,2326
1783421100,68440,68455,68370,68455,2353
1783422000,68450,68450,68290,68310,3459
1783422900,68305,68435,68295,68355,2950
1783423800,68355,68355,68215,68285,3720
1783424700,68290,68390,68205,68390,3783
1783425600,68385,68630,68355,68510,5819
1783426500,68515,68550,68420,68520,3852
1783427400,68525,68545,68380,68455,5220
1783428300,68455,68460,68325,68380,3535
1783429200,68380,68435,68315,68410,3138
1783430100,68415,68425,68285,68310,4426
1783431000,68305,68505,68140,68495,19594
1783431900,68490,68515,68015,68160,16216
1783432800,68155,68335,67945,67970,16139
1783433700,67975,68045,67720,67820,15624
1783434600,67815,67865,67525,67565,12137
1783435500,67565,67700,67540,67655,10499
1783436400,67650,67795,67615,67695,6318
1783437300,67690,67695,67515,67640,7504
1783438200,67635,67645,67415,67595,7488
1783439100,67595,67765,67595,67735,6100
1783440000,67740,67935,67720,67855,6437
1783440900,67850,68050,67795,68000,6879
1783441800,67990,68075,67905,67970,5783
1783442700,67970,68040,67945,68030,2538
1783443600,68025,68145,67985,68075,3307
1783444500,68075,68135,67955,68055,2417
1783445400,68060,68195,68050,68185,3436
1783446300,68190,68200,68100,68200,2337
1783447200,68200,68225,68100,68105,3097
1783448100,68110,68135,68035,68070,2364
1783449000,68075,68090,67905,67965,3086
1783449900,67965,68005,67730,67740,5782
1783450800,67740,67790,67575,67630,4566
1783451700,67635,67655,67465,67630,4255
1783452600,67635,67755,67620,67650,2482
1783453500,67655,67800,67610,67790,4894
1783454400,67790,67830,67740,67755,1823
1783455300,67750,67770,67705,67710,1180
1783456200,67715,67725,67675,67685,757
1783457100,67685,67690,67575,67625,1854
1783458000,67575,67575,67575,67575,396
1783467900,67565,67780,67310,67360,16825
1783468800,67355,67870,67085,67585,47025
1783469700,67585,68050,67250,68045,32379
1783470600,68045,68285,67585,68215,29440
1783471500,68220,68565,68150,68445,22337
1783472400,68450,68530,68100,68430,18847
1783473300,68430,68505,68105,68150,13843
1783474200,68145,68210,67795,67950,19618
1783475100,67960,68180,67845,67935,12571
1783476000,67940,67970,67660,67660,11933
1783476900,67660,68090,67625,67900,14156
1783477800,67895,68040,67825,68040,5532
1783478700,68040,68110,67990,68060,4774
1783479600,68065,68315,68065,68260,6542
1783480500,68265,68390,68225,68355,4979
1783481400,68360,68485,68140,68195,13069
1783482300,68190,68275,68055,68065,7635
1783483200,68065,68100,67860,67880,8031
1783484100,67875,68020,67810,67890,7425
1783485000,67890,67925,67675,67780,9794
1783485900,67780,67905,67530,67785,13041
1783486800,67785,67960,67700,67875,11419
1783487700,67875,68010,67730,67755,8493
1783488600,67760,67770,67505,67520,13113
1783489500,67525,67615,67270,67480,17468
1783490400,67485,67490,67220,67260,11720
1783491300,67265,67345,67105,67130,18515
1783492200,67135,67195,66875,66945,20422
1783493100,66815,66815,66815,66815,2422
1783497600,67160,67225,66970,67205,12526
1783498500,67205,67240,66180,66200,28583
1783499400,66200,66230,65885,65960,21107
1783500300,65965,66020,65705,65720,15731
1783501200,65725,65765,65430,65440,15500
1783502100,65440,65630,65425,65605,11751
1783503000,65600,65935,65590,65855,11542
1783503900,65855,65985,65760,65805,7718
1783504800,65805,65880,65695,65825,7100
1783505700,65825,66045,65805,66035,5814
1783506600,66030,66270,65995,66225,8242
1783507500,66225,66280,66145,66150,5014
1783508400,66150,66180,66055,66135,5567
1783509300,66135,66215,66085,66105,3075
1783510200,66105,66660,66070,66435,10975
1783511100,66435,66580,66295,66460,9504
1783512000,66460,66695,66325,66605,8537
1783512900,66605,66660,66515,66645,4112
1783513800,66645,66710,66565,66670,4043
1783514700,66670,66810,66570,66580,7306
1783515600,66580,66815,66565,66790,6454
1783516500,66795,66815,66670,66755,5736
1783517400,66755,67190,66755,67155,20739
1783518300,67155,67290,67040,67235,14407
1783519200,67230,67260,67100,67155,13181
1783520100,67155,67410,67075,67190,13556
1783521000,67185,67330,67030,67130,9652
1783521900,67115,67180,66855,67105,12186
1783522800,67105,67130,66860,66870,6626
1783523700,66870,66935,66625,66690,9757
1783524600,66690,66980,66635,66940,9237
1783525500,66940,66970,66850,66920,4475
1783526400,66920,67225,66920,67195,5915
1783527300,67195,67365,67150,67305,5520
1783528200,67300,67500,67175,67455,12391
1783529100,67455,67580,67410,67565,5228
1783530000,67560,67655,67475,67510,4568
1783530900,67510,67720,67500,67700,3992
1783531800,67700,67745,67625,67645,2382
1783532700,67645,67650,67470,67520,2359
1783533600,67520,67715,67490,67685,2976
1783534500,67685,67700,67595,67600,1448
1783535400,67595,67650,67530,67635,1537
1783536300,67635,67675,67585,67640,2961
1783537200,67645,67735,67605,67650,2167
1783538100,67650,67705,67620,67685,1323
1783539000,67685,67715,67600,67670,1646
1783539900,67670,67860,67585,67785,4150
1783540800,67785,67795,67660,67720,2439
1783541700,67720,67720,67590,67620,1059
1783542600,67610,67765,67600,67715,2615
1783543500,67710,67740,67685,67700,727
1783544400,67700,67700,67700,67700,423
1783554300,67850,68000,67615,67715,13339
1783555200,67710,68145,67700,68135,25855
1783556100,68135,68285,67810,68185,21478
1783557000,68185,68340,68060,68280,19177
1783557900,68280,68445,67970,68120,19493
1783558800,68130,68515,68085,68375,15659
1783559700,68375,68540,68085,68225,12071
1783560600,68230,68345,68140,68325,9940
1783561500,68330,68340,67920,67960,14554
1783562400,67960,68395,67835,68380,14595
1783563300,68380,68605,68285,68405,13290
1783564200,68405,68410,68135,68135,6671
1783565100,68140,68150,67885,67925,9910
1783566000,67925,67940,67725,67770,10882
1783566900,67770,68090,67640,68080,11401
1783567800,68080,68210,67980,68095,13765
1783568700,68100,68255,68085,68125,8632
1783569600,68120,68215,68040,68110,7041
1783570500,68110,68190,67775,67880,9840
1783571400,67880,68120,67880,68065,8259
1783572300,68060,68115,67955,67990,5663
1783573200,67990,68210,67765,68005,16194
1783574100,68000,68035,67710,67770,11529
1783575000,67775,67945,67600,67940,12306
1783575900,67945,68240,67895,68235,9421
1783576800,68235,68290,67985,68025,11598
1783577700,68025,68080,67885,68050,14407
1783578600,68050,68105,67815,67865,17421
1783579500,67915,67915,67915,67915,1181
1783584000,68000,68060,67830,67995,7656
1783584900,67990,68180,67990,68175,4173
1783585800,68175,68210,67865,67910,5763
1783586700,67910,67950,67805,67895,4886
1783587600,67890,67935,67785,67810,3392
1783588500,67810,67825,67725,67770,3311
1783589400,67770,67800,67620,67655,3951
1783590300,67660,67790,67660,67765,3226
1783591200,67765,67790,67700,67765,2531
1783592100,67765,67840,67710,67760,1941
1783593000,67755,67770,67665,67755,2424
1783593900,67755,67765,67475,67635,6300
1783594800,67640,67745,67605,67725,3382
1783595700,67725,67775,67655,67750,3139
1783596600,67750,67940,67710,67925,5342
1783597500,67930,68075,67915,68015,5750
1783598400,68020,68125,67965,68075,3859
1783599300,68080,68160,68065,68160,3046
1783600200,68165,68340,68150,68210,6858
1783601100,68215,68280,68135,68270,4027
1783602000,68270,68440,68260,68420,5260
1783602900,68425,68515,68370,68495,5467
1783603800,68500,68895,68430,68875,19973
1783604700,68875,68960,68705,68895,11840
1783605600,68905,68945,68680,68750,10180
1783606500,68750,68750,68425,68665,15159
1783607400,68660,68780,68555,68725,6611
1783608300,68725,68855,68655,68755,6816
1783609200,68760,68900,68730,68875,4652
1783610100,68870,68940,68805,68860,4234
1783611000,68860,68980,68845,68915,4306
1783611900,68915,68975,68880,68880,2897
1783612800,68885,69000,68885,68955,2936
1783613700,68955,68970,68890,68910,2804
1783614600,68910,68930,68840,68905,2340
1783615500,68910,68945,68900,68915,1244
1783616400,68920,69015,68915,68985,2002
1783617300,68980,68995,68950,68980,993
1783618200,68975,69015,68945,68995,1285
1783619100,69000,69045,68915,69000,2848
1783620000,69005,69095,68990,69070,2515
1783620900,69065,69075,68940,68960,1886
1783621800,68965,69010,68930,69000,1562
1783622700,69000,69010,68965,69000,1139
1783623600,69000,69005,68910,68945,1740
1783624500,68945,69015,68925,69000,1337
1783625400,69000,69000,68935,68985,1176
1783626300,68985,69045,68930,69025,2669
1783627200,69025,69070,68995,69045,709
1783628100,69045,69060,69010,69025,566
1783629000,69020,69085,69000,69050,1014
1783629900,69055,69055,69020,69025,503
1783630800,69050,69050,69050,69050,537
1783640700,68995,69320,68910,69200,18072
1783641600,69200,69340,68625,68890,40572
1783642500,68890,69115,68660,68750,22562
1783643400,68750,68925,68615,68850,15503
1783644300,68845,69270,68810,69265,13657
1783645200,69265,69320,69005,69065,14866
1783646100,69070,69260,68910,69255,11888
1783647000,69260,69445,69210,69320,17578
1783647900,69320,69505,69290,69365,10520
1783648800,69370,69395,69045,69115,11096
1783649700,69115,69130,68870,69075,12030
1783650600,69075,69225,69045,69210,6356
1783651500,69210,69325,69155,69290,4868
1783652400,69295,69340,69235,69300,3350
1783653300,69300,69310,69145,69155,3565
1783654200,69160,69270,69075,69090,8921
1783655100,69090,69155,68995,69110,7989
1783656000,69120,69195,69045,69090,5336
1783656900,69090,69190,69045,69115,5623
1783657800,69115,69160,69025,69085,4709
1783658700,69085,69100,68815,68885,8631
1783659600,68890,68940,68755,68865,9502
1783660500,68865,68920,68820,68900,6089
1783661400,68895,69010,68820,68935,8248
1783662300,68935,68985,68765,68795,10317
1783663200,68795,68870,68700,68770,11376
1783664100,68770,68820,68570,68780,14841
1783665000,68775,68925,68710,68810,12796
1783665900,68810,68810,68810,68810,1438
1783670400,68755,68770,68485,68665,11190
1783671300,68665,68740,68645,68690,4175
1783672200,68690,68720,68560,68715,4984
1783673100,68715,68850,68705,68735,3627
1783674000,68735,68810,68655,68795,3336
1783674900,68800,68880,68755,68790,2686
1783675800,68790,68855,68760,68810,1950
1783676700,68815,68900,68810,68830,2407
1783677600,68830,68930,68830,68920,2306
1783678500,68920,68980,68880,68975,4090
1783679400,68980,69040,68960,69035,2939
1783680300,69035,69040,68965,68980,2320
1783681200,68980,69060,68980,69040,3325
1783682100,69045,69090,68980,68980,2728
1783683000,68975,68980,68875,68950,3989
1783683900,68950,68970,68855,68910,2099
1783684800,68915,69115,68730,68960,10372
1783685700,68965,68985,68860,68885,5019
1783686600,68880,68925,68805,68810,3608
1783687500,68810,68835,68755,68755,2741
1783688400,68760,68810,68715,68775,2993
1783689300,68775,68790,68670,68685,3292
1783690200,68690,68790,68450,68630,15506
1783691100,68630,68910,68630,68760,11417
1783692000,68760,68855,68725,68810,5771
1783692900,68815,68975,68685,68885,7517
1783693800,68895,69090,68200,68890,24016
1783694700,68890,68965,68830,68855,6649
1783695600,68855,68950,68750,68925,5344
1783696500,68925,69160,68925,69125,7567
1783697400,69130,69140,68780,68855,6733
1783698300,68855,69005,68785,68995,4537
1783699200,69005,69140,69005,69090,3663
1783700100,69095,69205,69095,69180,2149
1783701000,69180,69230,69160,69180,2329
1783701900,69180,69240,69175,69190,1900
1783702800,69190,69240,69155,69240,1047
1783703700,69240,69300,69225,69295,1665
1783704600,69295,69345,69270,69340,1635
1783705500,69345,69370,69260,69265,1224
1783706400,69265,69365,69220,69290,4043
1783707300,69290,69300,69225,69245,2317
1783708200,69240,69255,69190,69220,737
1783709100,69220,69240,69190,69220,462
1783710000,69220,69275,69215,69250,1285
1783710900,69245,69280,69235,69265,932
1783711800,69265,69310,69245,69255,1400
1783712700,69255,69295,69235,69270,1816
1783713600,69265,69295,69255,69290,564
1783714500,69280,69325,69280,69320,376
1783715400,69315,69330,69305,69310,301
1783716300,69310,69345,69305,69335,522
1783717200,69350,69350,69350,69350,532
1783899900,68985,68990,68485,68580,18686
1783900800,68575,69105,68365,69085,35848
1783901700,69085,69200,68775,69030,24549
1783902600,69030,69050,68430,68465,24108
1783903500,68470,68630,68050,68185,23822
1783904400,68185,68345,67935,67995,21592
1783905300,67985,68125,67770,67825,17562
1783906200,67820,67910,67580,67645,19641
1783907100,67645,67655,67355,67545,18855
1783908000,67550,67685,67350,67560,15148
1783908900,67560,67965,67515,67915,12765
1783909800,67915,67920,67680,67780,8209
1783910700,67780,67795,67665,67680,4736
1783911600,67680,67695,67500,67540,5673
1783912500,67540,67665,67520,67605,4580
1783913400,67605,67610,67320,67355,15873
1783914300,67355,67455,67225,67265,10732
1783915200,67260,67265,67055,67120,14554
1783916100,67125,67275,67080,67195,9435
1783917000,67190,67270,67065,67085,6669
1783917900,67080,67120,66990,67060,8848
1783918800,67060,67345,66990,67225,14838
1783919700,67230,67230,66870,66905,14567
1783920600,66905,67355,66755,67230,21129
1783921500,67235,67425,67150,67410,12615
1783922400,67410,67470,67185,67225,13609
1783923300,67225,67325,67135,67305,13383
1783924200,67305,67470,67245,67275,11318
1783925100,67270,67270,67270,67270,1257
1783929600,67435,67670,67420,67600,8827
1783930500,67600,67735,67590,67675,4740
1783931400,67675,67765,67665,67735,3361
1783932300,67735,67765,67700,67750,2369
1783933200,67750,67760,67635,67700,3089
1783934100,67695,67815,67690,67795,3557
1783935000,67800,67840,67745,67805,2352
1783935900,67800,67855,67750,67840,2329
1783936800,67840,67865,67735,67750,2901
1783937700,67750,67775,67660,67665,2196
1783938600,67670,67695,67615,67640,2677
1783939500,67635,67785,67635,67760,3096
1783940400,67755,67840,67655,67730,5605
1783941300,67730,67780,67625,67760,1868
1783942200,67755,67810,67740,67750,1964
1783943100,67745,67755,67645,67670,2128
1783944000,67675,67785,67575,67655,4842
1783944900,67660,67745,67635,67645,2302
1783945800,67640,67735,67600,67710,2685
1783946700,67710,67835,67710,67810,3250
1783947600,67815,67860,67800,67800,2951
1783948500,67800,67885,67755,67865,3051
1783949400,67865,67925,67540,67610,15043
1783950300,67610,67870,67545,67810,10493
1783951200,67815,67895,67600,67760,9363
1783952100,67770,67960,67330,67925,20927
1783953000,67920,67955,67765,67805,7109
1783953900,67810,68015,67735,68000,7207
1783954800,68005,68055,67900,67955,5412
1783955700,67955,68050,67905,67990,4862
1783956600,67995,68040,67840,67845,4328
1783957500,67845,67880,67770,67805,3739
1783958400,67805,67875,67760,67795,2175
1783959300,67795,67800,67595,67645,3984
1783960200,67640,67645,67425,67615,5959
1783961100,67615,67660,67440,67570,4554
1783962000,67570,67695,67550,67625,2659
1783962900,67625,67645,67555,67590,1848
1783963800,67590,67635,67525,67585,1677
1783964700,67590,67620,67435,67435,2635
1783965600,67435,67565,67395,67495,2729
1783966500,67490,67500,67365,67375,1891
1783967400,67375,67445,67315,67415,2054
1783968300,67420,67485,67380,67415,1552
1783969200,67420,67465,67290,67340,2599
1783970100,67335,67350,67200,67225,2809
1783971000,67230,67320,67170,67305,2558
1783971900,67305,67405,67275,67365,2489
1783972800,67365,67370,67250,67270,1532
1783973700,67265,67265,67125,67205,1780
1783974600,67205,67205,67115,67150,1195
1783975500,67145,67165,67075,67075,1178
1783976400,67070,67070,67070,67070,486
1783986300,66820,66950,66475,66925,22152
1783987200,66925,67275,66365,67215,50879
1783988100,67220,67280,66545,66850,27432
1783989000,66850,67195,66665,66710,25092
1783989900,66710,67505,66700,67450,22568
1783990800,67455,67580,67230,67255,17818
1783991700,67260,67635,67220,67585,13254
1783992600,67585,67615,67240,67425,13196
1783993500,67430,67525,67035,67095,11827
1783994400,67090,67235,66840,66840,12954
1783995300,66845,66970,66650,66800,13268
1783996200,66795,67160,66710,67110,10387
1783997100,67105,67175,66930,66955,6980
1783998000,66960,66975,66595,66635,8543
1783998900,66635,66855,66520,66845,8896
1783999800,66840,67075,66795,66910,17845
1784000700,66910,67220,66855,67155,11398
1784001600,67160,67240,66870,66930,9466
1784002500,66930,67120,66865,67105,6686
1784003400,67105,67405,67055,67330,9750
1784004300,67335,67570,67310,67530,10847
1784005200,67530,67725,67440,67705,10997
1784006100,67710,67835,67610,67790,10844
1784007000,67795,67910,67610,67760,12820
1784007900,67755,67810,67700,67735,7249
1784008800,67735,67825,67685,67790,8424
1784009700,67790,67880,67760,67795,10142
1784010600,67795,67900,67750,67770,9546
1784011500,67790,67790,67790,67790,1776
1784016000,67640,67810,67580,67750,9310
1784016900,67750,67895,67745,67870,4390
1784017800,67870,67900,67750,67805,3815
1784018700,67805,67820,67670,67705,3159
1784019600,67705,67875,67635,67865,4383
1784020500,67865,67875,67695,67705,2338
1784021400,67705,67785,67705,67750,2193
1784022300,67750,67855,67750,67800,2371
1784023200,67805,67830,67755,67810,2170
1784024100,67805,67825,67760,67795,1537
1784025000,67795,67940,67755,67815,4282
1784025900,67810,67875,67760,67840,2462
1784026800,67835,67920,67700,67910,4875
1784027700,67910,68130,67900,68075,8259
1784028600,68075,68155,67990,68045,4131
1784029500,68040,68145,68035,68110,2922
1784030400,68115,68115,67925,67980,4022
1784031300,67985,68235,67950,68215,5167
1784032200,68210,68785,68175,68510,20882
1784033100,68515,68535,68385,68405,7198
1784034000,68405,68560,68375,68550,6916
1784034900,68545,68685,68465,68630,5551
1784035800,68630,68655,68360,68550,15614
1784036700,68545,68665,68495,68575,8951
1784037600,68575,68635,68335,68350,9635
1784038500,68345,68420,68075,68285,15421
1784039400,68285,68595,68220,68340,12548
1784040300,68335,68420,68225,68400,4765
1784041200,68405,68610,68345,68505,11419
1784042100,68505,68545,68410,68440,4117
1784043000,68440,68475,68200,68315,4968
1784043900,68315,68355,68170,68225,3268
1784044800,68225,68235,68115,68190,4113
1784045700,68190,68230,68130,68215,2515
1784046600,68210,68265,68175,68245,1874
1784047500,68240,68270,68145,68235,1989
1784048400,68235,68285,68210,68230,1673
1784049300,68230,68290,68180,68270,1894
1784050200,68275,68285,68200,68215,820
1784051100,68215,68215,68160,68170,1043
1784052000,68165,68205,68125,68195,973
1784052900,68200,68220,68180,68205,806
1784053800,68210,68230,68085,68115,2476
1784054700,68115,68165,68105,68145,972
1784055600,68140,68155,68055,68100,1689
1784056500,68105,68180,68055,68105,2811
1784057400,68105,68170,68060,68150,2849
1784058300,68155,68240,68155,68185,2491
1784059200,68185,68220,68150,68175,848
1784060100,68175,68205,68140,68160,419
1784061000,68160,68185,68155,68185,291
1784061900,68180,68190,68135,68190,326
1784062800,68215,68215,68215,68215,413
1784072700,68400,68545,68345,68385,11656
1784073600,68380,68755,68145,68750,32480
1784074500,68745,68885,68615,68730,18745
1784075400,68730,68775,68185,68240,18965
1784076300,68240,68460,68180,68335,12990
1784077200,68335,68390,67990,68030,17655
1784078100,68025,68175,67965,68095,11938
1784079000,68095,68205,67920,67960,12860
1784079900,67960,68430,67955,68425,9712
1784080800,68425,68505,68360,68450,9004
1784081700,68450,68520,68390,68455,4961
1784082600,68460,68560,68460,68555,3280
1784083500,68555,68575,68460,68485,2364
1784084400,68485,68555,68475,68525,2606
1784085300,68525,68615,68515,68615,3485
1784086200,68610,68705,68500,68505,8271
1784087100,68500,68725,68500,68700,5050
1784088000,68700,68780,68620,68665,5483
1784088900,68665,68695,68595,68595,3447
1784089800,68595,68710,68565,68660,3818
1784090700,68655,68705,68625,68700,3197
1784091600,68705,68910,68485,68565,24613
1784092500,68560,68685,68520,68535,8369
1784093400,68535,68660,68485,68620,8491
1784094300,68625,68815,68615,68815,7782
1784095200,68815,68860,68785,68795,6644
1784096100,68795,68815,68700,68775,9193
1784097000,68780,68895,68780,68805,10602
1784097900,68860,68860,68860,68860,1550
1784102400,68755,68760,68440,68475,9236
1784103300,68470,68495,68295,68455,7190
1784104200,68460,68495,68405,68485,3904
1784105100,68485,68550,68485,68545,3440
1784106000,68540,68640,68535,68630,2917
1784106900,68635,68645,68550,68565,2435
1784107800,68560,68570,68475,68540,2664
1784108700,68535,68535,68405,68425,2226
1784109600,68425,68500,68395,68480,2067
1784110500,68480,68495,68335,68365,3721
1784111400,68370,68445,68335,68375,2697
1784112300,68375,68430,68345,68350,1867
1784113200,68345,68415,68315,68355,1943
1784114100,68350,68405,68325,68340,1329
1784115000,68345,68430,68310,68395,1979
1784115900,68395,68395,68285,68305,2656
1784116800,68305,68330,68205,68260,3192
1784117700,68270,68285,68185,68250,1930
1784118600,68245,68475,68245,68445,5668
1784119500,68440,68555,68430,68545,4611
1784120400,68550,68665,68445,68460,6196
1784121300,68460,68500,68415,68460,3307
1784122200,68460,68485,68085,68085,13877
1784123100,68085,68220,68020,68195,11186
1784124000,68200,68230,67995,68015,8002
1784124900,68015,68045,67680,67840,13423
1784125800,67840,67855,67535,67670,12097
1784126700,67670,67690,67550,67640,7221
1784127600,67645,67715,67520,67560,8441
1784128500,67560,67680,67450,67665,9061
1784129400,67660,67720,67595,67680,4704
1784130300,67675,67690,67585,67585,3185
1784131200,67590,67630,67315,67330,6785
1784132100,67330,67365,67135,67210,7767
1784133000,67205,67240,67100,67220,4330
1784133900,67215,67345,67180,67300,7710
1784134800,67300,67425,67295,67365,3078
1784135700,67360,67585,67350,67570,2830
1784136600,67570,67670,67570,67665,2677
1784137500,67670,67810,67650,67770,3189
1784138400,67770,67865,67750,67825,2377
1784139300,67825,67880,67765,67880,2048
1784140200,67885,67920,67750,67755,2764
1784141100,67760,67760,67615,67640,3500
1784142000,67645,67760,67640,67735,2465
1784142900,67735,67740,67605,67700,2443
1784143800,67705,67810,67625,67795,2863
1784144700,67790,67820,67715,67815,2822
1784145600,67810,67840,67690,67775,2703
1784146500,67775,67845,67770,67825,979
1784147400,67820,67825,67760,67785,688
1784148300,67785,67790,67745,67770,515
1784149200,67680,67680,67680,67680,421
1784159100,67765,67875,67425,67450,13342
1784160000,67450,67825,67280,67480,33304
1784160900,67475,67505,66990,67020,26233
1784161800,67020,67150,66665,66670,21026
1784162700,66665,67005,66630,66780,18839
1784163600,66785,66870,66610,66725,14912
1784164500,66725,66840,66620,66710,10233
1784165400,66710,66855,66600,66710,13583
1784166300,66710,67080,66690,66840,14447
1784167200,66835,66855,66580,66670,12110
1784168100,66670,66910,66610,66905,8226
1784169000,66905,67030,66870,66990,5673
1784169900,66990,67160,66985,67125,4927
1784170800,67125,67245,67105,67185,5287
1784171700,67180,67180,66875,66940,7779
1784172600,66940,67210,66900,67170,12381
1784173500,67165,67265,67070,67260,6837
1784174400,67265,67310,67140,67295,6886
1784175300,67295,67295,67020,67035,6679
1784176200,67030,67045,66845,66855,6621
1784177100,66850,66925,66805,66855,6021
1784178000,66865,66975,66775,66970,7377
1784178900,66965,67135,66930,67125,7575
1784179800,67130,67240,66675,66820,17925
1784180700,66820,66870,66710,66745,7130
1784181600,66750,66985,66615,66950,22025
1784182500,66950,67135,66910,66990,14217
1784183400,66990,67035,66765,66870,12996
1784184300,66840,66840,66840,66840,1518
1784188800,66500,66530,66295,66340,14160
1784189700,66345,66620,66295,66515,7794
1784190600,66515,66675,66500,66565,5561
1784191500,66565,66770,66555,66770,3314
1784192400,66765,66910,66765,66890,4681
1784193300,66890,66940,66855,66860,2898
1784194200,66865,66900,66745,66745,3646
1784195100,66740,66760,66630,66645,4686
1784196000,66645,66780,66615,66705,3634
1784196900,66705,66710,66585,66675,2182
1784197800,66675,66735,66585,66595,2066
1784198700,66600,66650,66570,66620,1999
1784199600,66620,66620,66390,66425,4262
1784200500,66430,66540,66325,66435,4308
1784201400,66435,66470,66360,66405,3199
1784202300,66415,66440,66160,66395,10574
1784203200,66395,66490,66295,66345,4378
1784204100,66345,66370,66180,66250,5526
1784205000,66245,66285,66045,66070,7426
1784205900,66075,66200,66050,66130,3734
1784206800,66130,66345,66120,66335,5294
1784207700,66335,66420,66315,66390,3453
1784208600,66395,66515,66135,66160,14463
1784209500,66165,66315,66060,66295,14172
1784210400,66285,66585,66250,66540,13996
1784211300,66545,66610,66360,66495,9386
1784212200,66495,66495,66330,66395,5939
1784213100,66395,66445,66265,66440,6082
1784214000,66440,66490,66305,66355,6188
1784214900,66355,66625,66285,66520,7144
1784215800,66525,66675,66440,66570,4848
1784216700,66570,66665,66500,66525,4271
1784217600,66530,66530,66215,66245,4672
1784218500,66240,66265,66115,66190,4026
1784219400,66195,66275,66175,66210,2866
1784220300,66205,66330,66130,66295,2527
1784221200,66300,66315,66200,66225,2759
1784222100,66225,66310,66190,66280,2166
1784223000,66280,66310,66105,66140,2239
1784223900,66145,66205,66060,66100,2427
1784224800,66100,66140,65975,66030,3813
1784225700,66025,66185,65990,66110,2718
1784226600,66110,66110,65905,66015,2967
1784227500,66010,66040,65890,65915,1985
1784228400,65915,66015,65845,65880,2914
1784229300,65875,65875,65765,65825,3452
1784230200,65820,65885,65725,65815,2941
1784231100,65815,66045,65750,66030,4441
1784232000,66035,66035,65910,65915,1687
1784232900,65920,65970,65870,65885,954
1784233800,65885,65900,65840,65880,867
1784234700,65875,65925,65865,65915,732
1784235600,65900,65900,65900,65900,529
1784245500,65910,65910,65520,65530,14999
1784246400,65525,65790,64820,64870,37656
1784247300,64870,65335,64595,64625,39930
1784248200,64630,64675,64220,64280,27400
1784249100,64280,65025,64245,64775,32326
1784250000,64780,65145,64665,65015,22415
1784250900,65015,65140,64620,64660,15738
1784251800,64655,64655,64275,64320,18178
1784252700,64325,64375,64225,64285,12191
1784253600,64285,64375,64125,64235,14388
1784254500,64230,64235,64055,64125,9444
1784255400,64130,64160,64015,64130,6530
1784256300,64135,64170,64040,64110,3582
1784257200,64115,64265,64085,64235,5076
1784258100,64235,64465,64235,64425,7293
1784259000,64425,64425,64050,64140,19650
1784259900,64140,64145,63790,63805,13945
1784260800,63805,63835,63615,63650,15617
1784261700,63650,63675,63140,63215,19277
1784262600,63220,63290,62785,63205,27711
1784263500,63210,63480,63115,63340,23507
1784264400,63340,63555,63190,63540,17343
1784265300,63545,63580,63305,63395,13940
1784266200,63400,63505,63240,63395,15605
1784267100,63395,63780,63320,63765,21184
1784268000,63760,64085,63755,64055,16953
1784268900,64050,64385,64005,64335,22838
1784269800,64340,64345,63965,64010,17637
1784270700,64055,64055,64055,64055,1631
1784275200,63995,64385,63835,64140,16429
1784276100,64140,64145,63595,63925,17771
1784277000,63925,63950,63605,63680,10102
1784277900,63680,63940,63655,63845,7506
1784278800,63850,64110,63715,64050,7473
1784279700,64050,64065,63835,64055,5755
1784280600,64060,64070,63915,63980,4164
1784281500,63985,64105,63965,63990,4609
1784282400,63995,64235,63925,64215,6849
1784283300,64220,64265,64075,64220,4242
1784284200,64220,64410,64220,64330,6584
1784285100,64335,64375,64275,64335,3372
1784286000,64340,64395,64185,64220,4467
1784286900,64225,64255,64120,64250,2754
1784287800,64250,64290,64185,64200,2250
1784288700,64195,64365,64185,64330,3079
1784289600,64330,64400,64200,64260,3487
1784290500,64265,64310,64150,64225,3563
1784291400,64220,64265,64105,64195,3982
1784292300,64195,64225,64030,64085,4959
1784293200,64090,64100,63790,63810,7579
1784294100,63805,63920,63730,63775,8321
1784295000,63780,63975,63440,63510,19548
1784295900,63505,64210,63500,64205,14168
1784296800,64210,64605,64195,64480,19883
1784297700,64475,64715,64440,64660,13614
1784298600,64665,64730,64405,64580,13553
1784299500,64580,64655,64355,64385,8700
1784300400,64385,64460,64215,64365,10686
1784301300,64365,64605,64315,64590,7585
1784302200,64590,64805,64465,64675,10851
1784303100,64675,65005,64640,64985,7867
1784304000,64985,65030,64805,65005,8384
1784304900,65010,65035,64785,64900,4962
1784305800,64900,65010,64860,65005,3457
1784306700,65010,65140,64995,65050,5201
1784307600,65050,65200,65035,65095,5397
1784308500,65100,65250,65075,65230,3326
1784309400,65235,65245,65090,65110,2871
1784310300,65105,65175,65005,65030,3007
1784311200,65035,65135,64990,65080,3348
1784312100,65080,65150,65030,65130,4282
1784313000,65130,65215,65010,65040,2646
1784313900,65035,65205,65005,65145,2295
1784314800,65145,65160,64945,64950,2029
1784315700,64945,65110,64910,65090,3240
1784316600,65095,65185,65060,65160,3176
1784317500,65155,65270,65115,65140,3527
1784318400,65140,65150,64980,65030,2576
1784319300,65025,65115,65010,65110,723
1784320200,65110,65130,65080,65120,729
1784321100,65125,65125,65095,65100,504
1784322000,65000,65000,65000,65000,552
1784504700,64950,65115,64610,65075,10973
1784505600,65080,65400,64790,65255,12564
1784506500,65250,65355,65030,65080,8430
1784507400,65080,65105,64770,64785,10867
1784508300,64780,64910,64675,64795,8049
1784509200,64800,65055,64750,64890,8389
1784510100,64890,65180,64845,64905,9264
1784511000,64900,65060,64765,64880,7867
1784511900,64880,64920,64650,64865,6080
1784512800,64860,65105,64845,64870,6261
1784513700,64875,64900,64635,64715,7085
1784514600,64710,65090,64710,65020,6812
1784515500,65020,65155,65000,65015,4924
1784516400,65020,65080,64840,64970,4438
1784517300,64960,65035,64905,64915,2732
1784518200,64920,65045,64885,65020,3456
1784519100,65020,65190,64965,65050,5087
1784520000,65055,65145,64935,64935,3666
1784520900,64940,65065,64845,65035,5422
1784521800,65040,65235,64995,65205,5343
1784522700,65200,65305,65085,65100,5801
1784523600,65100,65140,64835,65000,7203
1784524500,64995,65005,64885,64935,3681
1784525400,64930,64975,64890,64895,3728
1784526300,64900,64960,64795,64855,4327
1784527200,64860,64925,64775,64800,3463
1784528100,64805,64910,64750,64760,3811
1784529000,64755,64795,64660,64715,3133
1784529900,64765,64765,64765,64765,806
1784534400,65140,65365,65140,65350,12951
1784535300,65350,65395,65165,65265,5519
1784536200,65255,65275,65090,65110,2856
1784537100,65115,65225,65105,65220,1760
1784538000,65220,65275,65140,65150,2903
1784538900,65150,65275,65150,65220,1778
1784539800,65215,65390,65205,65360,2884
1784540700,65365,65530,65360,65430,5028
1784541600,65430,65455,65290,65305,2487
1784542500,65305,65400,65260,65355,2729
1784543400,65355,65395,65295,65375,1794
1784544300,65370,65500,65360,65490,2578
1784545200,65495,65690,65495,65660,4913
1784546100,65660,65690,65545,65575,2385
1784547000,65575,65990,65565,65855,15062
1784547900,65855,65880,65695,65750,4978
1784548800,65750,65760,65380,65495,12460
1784549700,65495,65620,65445,65610,3342
1784550600,65615,65670,65525,65530,2986
1784551500,65530,65625,65465,65525,2554
1784552400,65530,65655,65515,65535,2875
1784553300,65535,65660,65525,65635,2352
1784554200,65640,65900,65615,65895,8338
1784555100,65895,65915,65610,65670,8632
1784556000,65675,65835,65600,65665,8305
1784556900,65665,65885,65595,65845,7452
1784557800,65835,65870,65630,65650,4353
1784558700,65650,65720,65285,65350,7937
1784559600,65355,65650,65245,65470,7716
1784560500,65480,65625,65425,65610,3833
1784561400,65615,65665,65550,65615,2598
1784562300,65620,65765,65550,65730,2953
1784563200,65730,65865,65710,65830,2545
1784564100,65835,65835,65735,65770,1743
1784565000,65770,65810,65445,65535,5801
1784565900,65550,65650,65450,65505,2444
1784566800,65505,65570,65430,65435,1891
1784567700,65430,65560,65400,65520,1481
1784568600,65520,65565,65405,65420,1017
1784569500,65420,65565,65415,65505,752
1784570400,65525,65615,65525,65595,844
1784571300,65595,65635,65440,65450,1542
1784572200,65455,65455,65215,65215,1973
1784573100,65215,65310,65180,65240,1513
1784574000,65240,65315,64980,65005,3844
1784574900,65000,65240,64975,65180,2881
1784575800,65180,65285,65135,65235,1760
1784576700,65240,65280,65080,65105,2493
1784577600,65100,65195,65055,65080,1492
1784578500,65080,65095,65040,65085,356
1784579400,65085,65145,65075,65120,346
1784580300,65125,65185,65105,65125,461
1784581200,65090,65090,65090,65090,491
1784591100,65090,65200,64625,64900,18427
1784592000,64895,64925,64295,64725,41017
1784592900,64725,65150,64445,65050,27610
1784593800,65050,65245,64875,64970,21550
1784594700,64965,65070,64800,64930,15372
1784595600,64940,65300,64685,65285,20440
1784596500,65285,65560,65195,65560,19084
1784597400,65560,65740,65260,65285,18977
1784598300,65290,65505,65265,65315,13283
1784599200,65315,65505,65160,65210,11337
1784600100,65215,65430,65110,65355,8296
1784601000,65350,65630,65340,65610,7050
1784601900,65605,65660,65520,65585,5435
1784602800,65585,65715,65585,65665,5822
1784603700,65665,65700,65615,65670,4371
1784604600,65675,65900,65605,65875,14755
1784605500,65880,66080,65880,66070,13404
1784606400,66070,66120,65900,65915,11427
1784607300,65915,65970,65805,65930,8885
1784608200,65930,66055,65895,66015,8290
1784609100,66015,66100,65875,65950,7135
1784610000,65945,66020,65820,65830,7132
1784610900,65835,65955,65720,65955,11263
1784611800,65955,66085,65875,66075,8428
1784612700,66075,66195,66025,66085,10218
1784613600,66090,66205,66085,66175,7718
1784614500,66170,66275,66045,66275,17032
1784615400,66270,66375,66245,66290,16529
1784616300,66320,66320,66320,66320,1984
1784620800,66270,66410,66175,66405,9895
1784621700,66400,66415,66285,66345,4241
1784622600,66350,66375,66280,66355,3026
1784623500,66360,66365,66215,66245,3526
1784624400,66245,66345,66230,66325,3660
1784625300,66325,66390,66205,66215,4170
1784626200,66215,66265,66180,66195,3093
1784627100,66190,66300,66160,66175,2659
1784628000,66175,66310,66170,66235,4964
1784628900,66230,66265,66210,66220,1869
1784629800,66215,66305,66175,66200,2579
1784630700,66195,66195,66105,66115,3260
1784631600,66120,66165,66015,66075,3051
1784632500,66075,66095,65995,66080,2610
1784633400,66080,66135,66045,66105,1921
1784634300,66100,66125,66045,66080,2131
1784635200,66085,66220,66070,66215,3774
1784636100,66215,66235,66105,66115,4530
1784637000,66115,66155,66015,66090,3579
1784637900,66095,66315,66090,66290,5620
1784638800,66290,66300,66225,66245,2930
1784639700,66240,66405,66225,66405,3692
1784640600,66405,66450,66150,66190,14235
1784641500,66190,66435,66165,66425,13303
1784642400,66430,66705,66405,66670,13092
1784643300,66670,66870,66585,66845,10116
1784644200,66845,66960,66790,66940,8586
1784645100,66940,67040,66895,67015,9621
1784646000,67020,67270,66965,67245,10454
1784646900,67245,67275,67185,67245,6898
1784647800,67250,67290,67195,67220,5377
1784648700,67220,67290,67210,67245,3031
1784649600,67245,67335,67240,67295,3472
1784650500,67295,67320,67230,67245,2633
1784651400,67250,67275,67230,67240,1574
1784652300,67245,67320,67235,67275,1389
1784653200,67275,67285,67225,67225,1356
1784654100,67230,67245,67185,67235,1483
1784655000,67235,67280,67200,67225,1237
1784655900,67225,67255,67215,67240,1022
1784656800,67240,67305,67235,67260,1379
1784657700,67265,67265,67225,67255,702
1784658600,67250,67270,67210,67270,1018
1784659500,67265,67280,67220,67225,1119
1784660400,67230,67245,67170,67200,1236
1784661300,67200,67220,67165,67165,678
1784662200,67160,67165,67080,67130,2364
1784663100,67130,67205,67100,67175,2361
1784664000,67180,67205,67155,67180,1476
1784664900,67175,67190,67160,67180,459
1784665800,67180,67210,67180,67185,605
1784666700,67190,67195,67160,67175,361
1784667600,67215,67215,67215,67215,445
1784677500,67100,67560,67065,67520,16636
1784678400,67515,67580,67335,67525,29420
1784679300,67520,67610,67255,67565,22299
1784680200,67565,67680,67310,67585,21600
1784681100,67585,67625,67210,67430,16290
1784682000,67430,67480,67185,67295,15868
1784682900,67300,67610,67300,67490,12341
1784683800,67495,67620,67425,67515,11681
1784684700,67515,67655,67490,67590,8306
1784685600,67595,67630,67420,67465,9694
1784686500,67465,67570,67420,67540,6178
1784687400,67540,67550,67340,67435,5689
1784688300,67440,67485,67315,67335,4308
1784689200,67345,67365,67195,67210,4424
1784690100,67215,67410,67190,67410,5527
1784691000,67405,67460,67015,67055,20401
1784691900,67050,67180,66845,67000,17289
1784692800,67000,67110,66930,66980,8299
1784693700,66980,67160,66975,67120,5874
1784694600,67125,67125,66975,66980,5770
1784695500,66980,67005,66730,66845,10424
1784696400,66840,66855,66395,66440,17834
1784697300,66435,66475,66255,66400,18939
1784698200,66395,66555,66240,66280,17936
1784699100,66275,66415,66220,66325,11169
1784700000,66325,66330,66170,66210,10567
1784700900,66205,66205,66035,66095,13045
1784701800,66090,66195,66005,66165,11835
1784702700,66070,66070,66070,66070,1583
1784707200,65820,66105,65745,65955,10955
1784708100,65960,66070,65945,66045,3741
1784709000,66045,66125,65905,65935,4053
1784709900,65940,65985,65880,65915,2893
1784710800,65915,66130,65900,65975,4935
1784711700,65975,66050,65950,65960,2046
1784712600,65955,65960,65795,65885,3281
1784713500,65885,65940,65805,65930,3301
1784714400,65930,66080,65930,66025,3340
1784715300,66030,66205,66025,66175,3870
1784716200,66175,66205,66120,66130,3136
1784717100,66125,66245,66120,66195,3305
1784718000,66195,66220,66065,66070,3293
1784718900,66070,66095,66000,66020,2336
1784719800,66025,66095,65855,65925,6400
1784720700,65920,66025,65900,65940,3220
1784721600,65940,65990,65895,65940,2238
1784722500,65945,65955,65825,65905,3011
1784723400,65905,65995,65900,65920,4500
1784724300,65915,65915,65640,65805,8520
1784725200,65800,65940,65800,65910,3896
1784726100,65910,65985,65895,65930,3244
1784727000,65935,66085,65925,66060,9290
1784727900,66065,66140,65935,66110,8760
1784728800,66110,66125,65975,66075,6896
1784729700,66075,66165,66000,66135,5500
1784730600,66130,66230,66120,66125,6636
1784731500,66125,66220,66090,66220,4052
1784732400,66220,66365,66220,66340,4892
1784733300,66340,66490,66320,66440,4699
1784734200,66435,66495,66370,66470,4755
1784735100,66475,66640,66475,66605,4548
1784736000,66605,66660,66580,66625,2139
1784736900,66625,66640,66545,66580,1628
1784737800,66580,66630,66570,66595,1384
1784738700,66590,66655,66550,66630,1129
1784739600,66630,66700,66620,66640,1676
1784740500,66640,66725,66615,66695,1699
1784741400,66695,66735,66625,66645,1332
1784742300,66640,66645,66550,66570,1085
1784743200,66570,66605,66515,66525,1687
1784744100,66525,66550,66495,66525,1250
1784745000,66515,66520,66450,66495,1373
1784745900,66490,66555,66480,66525,1196
1784746800,66530,66545,66450,66450,1159
1784747700,66450,66520,66435,66505,1021
1784748600,66505,66510,66425,66470,1501
1784749500,66470,66515,66355,66380,3437
1784750400,66385,66550,66310,66540,5530
1784751300,66545,66605,66505,66525,1619
1784752200,66530,66530,66385,66390,869
1784753100,66385,66410,66345,66380,716
1784754000,66330,66330,66330,66330,423
1784763900,66355,66690,66215,66655,15257
1784764800,66665,67035,66610,66745,31975
1784765700,66740,66855,66500,66720,19579
1784766600,66725,66940,66620,66900,15929
1784767500,66905,67050,66890,67010,16372
1784768400,67010,67095,66885,66960,14143
1784769300,66960,66985,66810,66885,10707
1784770200,66880,66905,66640,66660,13825
1784771100,66665,66780,66565,66595,12601
1784772000,66595,66755,66535,66600,10324
1784772900,66600,66685,66440,66495,9897
1784773800,66495,66650,66425,66455,6716
1784774700,66450,66535,66440,66480,3468
1784775600,66480,66495,66290,66350,6162
1784776500,66350,66375,66260,66355,4366
1784777400,66360,66615,66340,66615,14942
1784778300,66615,66675,66520,66620,8753
1784779200,66615,66630,66375,66540,9754
1784780100,66540,66665,66480,66590,7081
1784781000,66590,66675,66540,66595,5449
1784781900,66600,66655,66500,66575,5532
1784782800,66575,66620,66485,66540,6428
1784783700,66545,66790,66520,66790,8720
1784784600,66790,66880,66655,66690,9691
1784785500,66695,66705,66420,66425,10842
1784786400,66420,66515,66305,66320,10555
1784787300,66315,66450,66285,66435,13249
1784788200,66435,66485,66295,66355,11436
1784789100,66340,66340,66340,66340,1753
1784793600,66055,66365,66030,66335,10284
1784794500,66335,66395,66250,66340,4473
1784795400,66345,66355,66215,66215,2700
1784796300,66210,66375,66180,66360,2974
1784797200,66360,66535,66290,66290,5692
1784798100,66285,66320,66240,66265,2070
1784799000,66260,66330,66230,66325,2288
1784799900,66325,66375,66265,66280,2522
1784800800,66290,66320,66225,66240,2208
1784801700,66245,66325,66225,66300,2864
1784802600,66305,66455,66295,66425,3522
1784803500,66430,66465,66410,66440,1389
1784804400,66445,66475,66315,66375,2597
1784805300,66370,66415,66250,66270,3524
1784806200,66265,66285,66020,66070,6399
1784807100,66075,66315,66065,66280,6632
1784808000,66280,66290,66105,66105,3535
1784808900,66110,66185,65945,65970,7805
1784809800,65965,66005,65715,65755,9989
1784810700,65760,65890,65705,65800,7545
1784811600,65800,65840,65570,65585,9986
1784812500,65580,65675,65545,65625,10001
1784813400,65620,66035,65520,65995,18518
1784814300,65995,66015,65520,65550,18021
1784815200,65550,65680,65390,65530,20037
1784816100,65530,65605,65355,65475,13322
1784817000,65470,65570,65295,65365,14311
1784817900,65365,65415,65235,65355,9109
1784818800,65355,65380,65160,65205,8319
1784819700,65200,65320,65055,65105,9983
1784820600,65110,65250,64995,65110,10042
1784821500,65110,65240,65075,65205,5470
1784822400,65210,65370,65195,65340,5827
1784823300,65335,65500,65300,65465,4997
1784824200,65465,65510,65410,65420,3810
1784825100,65415,65415,65290,65350,4552
1784826000,65355,65390,65240,65345,3081
1784826900,65340,65420,65320,65360,2054
1784827800,65355,65375,65215,65255,2734
1784828700,65255,65330,65210,65220,1799
1784829600,65215,65270,65175,65220,2222
1784830500,65225,65275,65195,65265,1525
1784831400,65255,65320,65215,65230,1454
1784832300,65230,65275,65180,65215,1033
1784833200,65220,65245,65145,65165,1102
1784834100,65160,65355,65155,65350,1218
1784835000,65355,65395,65230,65230,1539
1784835900,65230,65410,65175,65380,3040
1784836800,65385,65595,65380,65545,3831
1784837700,65545,65635,65535,65600,1898
1784838600,65595,65635,65535,65550,1144
1784839500,65545,65545,65450,65465,837
1784840400,65465,65465,65465,65465,456
1784850300,65480,65725,65390,65440,14011
1784851200,65445,65720,64890,64920,36955
1784852100,64920,65030,64660,64745,29503
1784853000,64740,64925,64555,64920,21769
1784853900,64915,65095,64700,64875,20972
1784854800,64875,64930,64600,64615,15264
1784855700,64610,64850,64520,64700,12453
1784856600,64705,64840,64560,64670,14267
1784857500,64665,64690,64400,64455,11875
1784858400,64455,64605,64435,64540,8938
1784859300,64540,64625,64425,64610,9158
1784860200,64610,64635,64295,64300,10400
1784861100,64300,64365,64245,64280,5744
1784862000,64280,64380,64225,64375,4879
1784862900,64375,64590,64360,64560,7184
1784863800,64560,64580,64315,64415,12724
1784864700,64410,64480,64295,64345,7780
1784865600,64350,64545,64275,64380,10140
1784866500,64375,64700,64360,64645,8899
1784867400,64640,64655,64490,64580,7931
1784868300,64580,64595,64455,64585,5856
1784869200,64585,64690,64450,64615,8475
1784870100,64620,64715,64535,64630,7516
1784871000,64635,64665,64505,64625,8599
1784871900,64625,64680,64475,64525,7908
1784872800,64520,64545,64430,64490,10269
1784873700,64495,64790,64495,64650,15024
1784874600,64645,64690,64530,64670,10751
1784875500,64560,64560,64560,64560,1445
1784880000,64960,65005,64700,64740,9463
1784880900,64740,64855,64655,64850,4605
1784881800,64855,64965,64820,64960,4304
1784882700,64955,64975,64895,64935,2196
1784883600,64940,65045,64870,64890,5668
1784884500,64885,64990,64845,64965,2772
1784885400,64970,65090,64950,65045,2947
1784886300,65045,65105,65030,65090,2073
1784887200,65095,65120,65045,65110,2059
1784888100,65105,65125,65055,65095,1786
1784889000,65100,65135,64990,65010,2909
1784889900,65010,65065,64980,65040,1679
1784890800,65035,65100,65005,65075,2488
1784891700,65075,65095,65010,65030,1673
1784892600,65025,65065,64975,65000,2275
1784893500,65000,65215,64930,65135,6784
1784894400,65130,65205,64990,65185,4623
1784895300,65185,65230,65080,65165,3986
1784896200,65160,65165,65005,65015,2613
1784897100,65015,65030,64845,64900,4275
1784898000,64900,64975,64875,64970,3261
1784898900,64970,65010,64870,64880,3080
1784899800,64880,64900,64625,64705,12569
1784900700,64705,64785,64485,64520,11646
1784901600,64515,64840,64490,64765,10795
1784902500,64765,64785,64475,64560,10502
1784903400,64565,64570,64315,64360,11105
1784904300,64360,64670,64275,64650,10183
1784905200,64645,64845,64465,64795,12904
1784906100,64790,64960,64735,64835,10290
1784907000,64835,64995,64790,64850,8575
1784907900,64850,65010,64815,64995,4479
1784908800,65000,65080,64935,65000,3345
1784909700,64990,65010,64945,64970,1535
1784910600,64965,64965,64775,64785,3419
1784911500,64780,64815,64685,64785,2589
1784912400,64790,64810,64635,64700,3297
1784913300,64695,64880,64670,64870,1783
1784914200,64865,64925,64775,64780,1610
1784915100,64775,64830,64745,64760,1071
1784916000,64760,64795,64690,64700,1811
1784916900,64700,64710,64565,64575,2105
1784917800,64580,64585,64350,64390,4961
1784918700,64390,64540,64370,64500,3051
1784919600,64505,64545,64305,64305,2841
1784920500,64310,64380,64275,64350,2544
1784921400,64350,64465,64335,64420,3534
1784922300,64420,64445,64335,64415,3392
1784923200,64415,64425,64305,64355,1446
1784924100,64350,64420,64335,64340,950
1784925000,64340,64370,64290,64360,805
1784925900,64365,64375,64340,64355,546
1784926800,64300,64300,64300,64300,842
1785109500,65390,65640,65275,65415,21398
1785110400,65410,65410,64650,64935,37331
1785111300,64935,65065,64630,64685,25631
1785112200,64685,64855,64555,64655,18606
1785113100,64660,64995,64470,64530,20143
1785114000,64530,64625,64185,64230,21430
1785114900,64225,64460,64195,64305,16050
1785115800,64305,64810,64280,64670,24126
1785116700,64665,64815,64595,64815,14438
1785117600,64815,64835,64685,64770,9604
1785118500,64770,64970,64710,64875,13321
1785119400,64870,64925,64670,64870,8212
1785120300,64865,64895,64635,64670,5961
1785121200,64675,64925,64630,64920,5978
1785122100,64925,64995,64895,64900,3831
1785123000,64900,64960,64735,64825,11676
1785123900,64825,64875,64510,64620,12567
1785124800,64625,64665,64525,64635,8601
1785125700,64635,64820,64565,64695,9696
1785126600,64695,64915,64600,64895,9158
1785127500,64895,64990,64805,64825,8577
1785128400,64820,64915,64810,64855,6119
1785129300,64850,64925,64820,64890,4535
1785130200,64895,64940,64815,64900,7456
1785131100,64895,64920,64825,64875,4513
1785132000,64875,65050,64875,65030,8059
1785132900,65030,65115,64970,65075,7363
1785133800,65075,65175,65015,65155,7682
1785134700,65155,65155,65155,65155,1896
1785139200,64995,65090,64825,65085,9805
1785140100,65080,65110,64985,65055,3208
1785141000,65055,65240,65020,65235,3455
1785141900,65235,65240,65125,65210,2648
1785142800,65210,65210,65115,65170,2123
1785143700,65165,65205,65150,65150,1618
1785144600,65145,65255,65130,65245,2046
1785145500,65245,65260,65220,65225,1286
1785146400,65220,65250,65170,65205,1597
1785147300,65210,65235,65175,65195,811
1785148200,65200,65225,65160,65205,1045
1785149100,65200,65325,65190,65290,2185
1785150000,65290,65305,65200,65210,2858
1785150900,65210,65215,64975,64990,4217
1785151800,64985,65085,64975,65010,4108
1785152700,65010,65055,64990,65045,1416
1785153600,65045,65115,64920,64925,4506
1785154500,64930,65010,64920,64970,2352
1785155400,64975,65110,64950,65110,2376
1785156300,65105,65220,65095,65215,4095
1785157200,65220,65230,64990,65085,5905
1785158100,65085,65125,64910,64910,4657
1785159000,64915,65005,64660,64720,19016
1785159900,64725,64830,64400,64445,13726
1785160800,64445,64485,64155,64220,14588
1785161700,64225,64310,63890,63905,14162
1785162600,63910,63940,63650,63670,15285
1785163500,63675,64095,63675,64075,11598
1785164400,64070,64085,63925,63960,7977
1785165300,63955,63975,63680,63725,8386
1785166200,63730,63750,63550,63590,7522
1785167100,63590,63640,63490,63615,6519
1785168000,63615,63755,63550,63610,5093
1785168900,63615,63895,63530,63760,9350
1785169800,63760,63840,63660,63685,4185
1785170700,63690,63755,63470,63515,4039
1785171600,63515,63530,63380,63510,4784
1785172500,63500,63595,63480,63525,2330
1785173400,63525,63665,63520,63605,1816
1785174300,63610,63720,63560,63710,2350
1785175200,63715,63730,63670,63695,1464
1785176100,63695,63705,63610,63690,1609
1785177000,63685,63695,63570,63670,3620
1785177900,63675,63910,63635,63900,3092
1785178800,63905,64055,63875,63975,3550
1785179700,63980,64095,63970,64095,1754
1785180600,64095,64135,64010,64030,2158
1785181500,64025,64080,63965,64060,3012
1785182400,64065,64100,64005,64055,1064
1785183300,64050,64055,63970,63985,1015
1785184200,63980,64075,63950,64015,1175
1785185100,64015,64035,63955,63980,695
1785186000,63900,63900,63900,63900,496
1785195900,63790,63810,63505,63545,13529
1785196800,63550,63650,62905,63000,36625
1785197700,63000,63055,62415,62630,33961
1785198600,62630,62800,62350,62635,28708
1785199500,62630,62645,62205,62330,19132
1785200400,62335,62540,62180,62320,20243
1785201300,62315,62520,62195,62455,15206
1785202200,62450,62575,62415,62545,13127
1785203100,62540,62610,62200,62205,12743
1785204000,62205,62225,62045,62070,12270
1785204900,62065,62245,62005,62155,12518
1785205800,62160,62210,62085,62140,5639
1785206700,62140,62270,62090,62200,4432
1785207600,62205,62220,62060,62165,4644
1785208500,62160,62485,62140,62270,8493
1785209400,62270,62590,62005,62560,17966
1785210300,62560,62650,62460,62530,11644
1785211200,62530,62535,62245,62260,10950
1785212100,62255,62490,62255,62465,11113
1785213000,62460,62550,62415,62500,7754
1785213900,62505,62590,62420,62435,6877
1785214800,62440,62545,62390,62410,9169
1785215700,62415,62470,62255,62320,7665
1785216600,62320,62340,62150,62195,10140
1785217500,62195,62340,62155,62235,9336
1785218400,62240,62310,62150,62255,12352
1785219300,62260,62485,62240,62450,16066
1785220200,62445,62535,62385,62510,13559
1785221100,62405,62405,62405,62405,2289
1785225600,62450,62510,62205,62280,12600
1785226500,62275,62685,62260,62625,9558
1785227400,62625,62795,62545,62770,7338
1785228300,62770,62805,62665,62700,4465
1785229200,62695,62710,62595,62610,3720
1785230100,62610,62700,62575,62695,3027
1785231000,62695,62695,62540,62545,3082
1785231900,62550,62590,62450,62505,2761
1785232800,62500,62515,62440,62450,2799
1785233700,62450,62510,62405,62510,2835
1785234600,62510,62535,62330,62375,4970
1785235500,62380,62440,62365,62435,2668
1785236400,62435,62455,62160,62170,6369
1785237300,62165,62385,62160,62200,7659
1785238200,62195,62310,62075,62170,5709
1785239100,62165,62475,62145,62450,5110
1785240000,62450,62630,62445,62495,7195
1785240900,62500,62575,62440,62550,4420
1785241800,62550,62585,62430,62530,5888
1785242700,62530,62600,62465,62500,4899
1785243600,62500,62530,62425,62445,3682
1785244500,62450,62490,62310,62370,4829
1785245400,62360,62460,62155,62240,17296
1785246300,62240,62385,62055,62135,16580
1785247200,62130,62315,62035,62080,12371
1785248100,62085,62260,61905,62250,15846
1785249000,62250,62460,62165,62410,11797
1785249900,62410,62565,62340,62410,8146
1785250800,62410,62560,62315,62500,9797
1785251700,62505,62790,62475,62705,10165
1785252600,62705,62810,62665,62800,7009
1785253500,62800,62975,62795,62915,9100
1785254400,62920,62975,62805,62815,4074
1785255300,62820,62895,62765,62840,4188
1785256200,62830,62865,62755,62845,2931
1785257100,62840,62890,62760,62850,2643
1785258000,62850,62880,62645,62670,3089
1785258900,62665,62825,62640,62655,3625
1785259800,62650,62725,62555,62560,2486
1785260700,62560,62600,62465,62540,3447
1785261600,62545,62605,62455,62455,2014
1785262500,62460,62495,62415,62440,1921
1785263400,62440,62515,62435,62460,1888
1785264300,62460,62535,62440,62510,2217
1785265200,62510,62640,62505,62580,2426
1785266100,62580,62685,62540,62680,2281
1785267000,62685,62705,62525,62560,1994
1785267900,62560,62610,62510,62525,2591
1785268800,62520,62560,62390,62415,3293
1785269700,62420,62600,62395,62570,1344
1785270600,62565,62570,62395,62480,2804
1785271500,62485,62505,62425,62425,1035
1785272400,62400,62400,62400,62400,558
1785282300,62515,62955,62500,62795,19976
1785283200,62795,63200,62480,62895,34228
1785284100,62895,63255,62665,62795,30657
1785285000,62800,62990,62615,62900,19173
1785285900,62905,62955,62440,62495,18145
1785286800,62495,62705,62120,62170,25592
1785287700,62170,62520,61985,62520,26250
1785288600,62520,62535,62080,62160,17936
1785289500,62155,62190,61390,61405,27458
1785290400,61405,61680,61270,61600,25287
1785291300,61595,61780,61330,61780,16912
1785292200,61780,61860,61550,61590,13514
1785293100,61585,61635,61355,61385,9210
1785294000,61385,61650,61180,61365,14498
1785294900,61365,61380,61130,61145,10449
1785295800,61140,61215,60865,61190,29481
1785296700,61190,61230,60795,60870,16392
1785297600,60870,60915,60685,60750,18977
1785298500,60750,60850,60605,60680,17642
1785299400,60675,60785,60535,60540,14938
1785300300,60545,61345,60510,61315,25550
1785301200,61315,61415,61090,61400,24970
1785302100,61395,61435,61080,61375,18444
1785303000,61380,61510,61300,61405,20143
1785303900,61410,61580,61225,61360,21826
1785304800,61360,61400,61020,61220,19347
1785305700,61220,61625,61195,61565,21871
1785306600,61565,62165,61525,62165,27946
1785307500,62445,62445,62445,62445,3060
1785312000,62500,62690,62355,62575,18783
1785312900,62575,62710,62315,62430,12183
1785313800,62430,62700,62370,62685,7596
1785314700,62685,62735,62590,62600,3936
1785315600,62600,62735,62595,62710,4599
1785316500,62710,62790,62650,62735,3634
1785317400,62735,62870,62690,62860,4311
1785318300,62860,62910,62820,62820,4835
1785319200,62825,62835,62720,62820,5905
1785320100,62820,62915,62795,62915,5218
1785321000,62915,62935,62740,62765,3911
1785321900,62765,62770,62635,62650,3066
1785322800,62655,62780,62625,62760,4367
1785323700,62755,62820,62730,62745,2879
1785324600,62750,62780,62705,62745,2404
1785325500,62750,62845,62725,62815,3341
1785326400,62815,62840,62675,62700,3562
1785327300,62700,62710,62465,62510,10823
1785328200,62505,62615,62450,62600,4301
1785329100,62605,62635,62575,62610,2339
1785330000,62610,62625,62460,62465,3582
1785330900,62465,62585,62445,62555,4032
1785331800,62555,62780,62525,62655,13502
1785332700,62655,62695,62185,62300,14915
1785333600,62305,62530,62085,62120,12968
1785334500,62120,62170,61795,61900,13821
1785335400,61900,62120,61745,61790,11216
1785336300,61790,61900,61690,61870,10312
1785337200,61865,61980,61790,61850,7443
1785338100,61850,61915,61750,61820,6706
1785339000,61825,61910,61715,61755,5634
1785339900,61750,61815,61565,61705,7336
1785340800,61710,61760,61415,61415,8069
1785341700,61415,61760,61390,61750,6944
1785342600,61750,61820,61580,61615,5929
1785343500,61615,61815,61600,61805,3046
1785344400,61810,62065,61800,62060,5625
1785345300,62065,62130,61960,61960,3865
1785346200,61960,62050,61920,61970,2972
1785347100,61975,62095,61935,62065,2432
1785348000,62060,62545,62060,62380,13622
1785348900,62380,62460,62140,62290,5545
1785349800,62295,62880,62135,62825,13245
1785350700,62825,63005,62790,62985,8685
1785351600,62990,63080,62510,62660,10232
1785352500,62665,62765,62170,62245,8860
1785353400,62250,62340,61670,61730,10631
1785354300,61725,61750,61265,61345,12303
1785355200,61355,61430,61045,61175,14045
1785356100,61170,61255,60960,61005,4428
1785357000,61005,61260,60905,61185,3756
1785357900,61190,61205,60990,61035,2182
1785358800,61000,61000,61000,61000,673
1785368700,62000,62195,61345,61535,27514
1785369600,61535,62130,61310,61820,45061
1785370500,61820,62560,61720,62545,36716
1785371400,62550,62570,61595,61725,28738
1785372300,61720,62360,61715,62350,23097
1785373200,62355,62890,62315,62480,28165
1785374100,62480,62715,62360,62695,16158
1785375000,62690,62995,62675,62955,17461
1785375900,62950,62965,62695,62715,15020
1785376800,62715,62895,62375,62420,14266
1785377700,62415,62465,62235,62285,11834
1785378600,62280,62320,62095,62310,11519
1785379500,62310,62370,61965,61995,7994
1785380400,61995,62155,61750,61845,9011
1785381300,61845,61905,61735,61850,8461
1785382200,61850,62170,61600,62120,24351
1785383100,62120,62300,62005,62060,16357
1785384000,62060,62120,61845,61845,10167
1785384900,61845,62170,61755,62165,10213
1785385800,62160,62245,61790,61820,12915
1785386700,61815,62010,61630,61695,13363
1785387600,61700,61795,61555,61735,14528
1785388500,61740,62000,61695,61885,11966
1785389400,61890,62220,61835,62205,13432
1785390300,62210,62315,61890,61950,15779
1785391200,61945,62085,61890,61915,9055
1785392100,61915,62060,61775,61950,11418
1785393000,61950,61980,61810,61845,8115
1785393900,61710,61710,61710,61710,2400
1785398400,61665,61970,61470,61900,13103
1785399300,61895,62170,61790,62100,6801
1785400200,62100,62135,61950,61980,4678
1785401100,61980,62040,61895,62005,3445
1785402000,62015,62150,61960,62090,4356
1785402900,62090,62185,62040,62135,3909
1785403800,62130,62210,62045,62070,2775
1785404700,62070,62110,61960,61970,1543
1785405600,61975,62100,61905,61930,3497
1785406500,61930,62195,61860,62190,6308
1785407400,62185,62340,62140,62275,5330
1785408300,62275,62385,62250,62265,4090
1785409200,62260,62400,62255,62355,3557
1785410100,62355,62550,62340,62545,3673
1785411000,62550,62590,62480,62535,5232
1785411900,62530,62725,62530,62665,4252
1785412800,62665,62795,62610,62750,5961
1785413700,62750,62760,62640,62675,5199
1785414600,62685,62855,62680,62740,7656
1785415500,62735,62830,62695,62735,5852
1785416400,62730,62945,62715,62850,9982
1785417300,62855,62935,62760,62925,6418
1785418200,62925,62985,62510,62610,25988
1785419100,62610,63055,62610,63010,19470
1785420000,63010,63030,62855,62960,15139
1785420900,62955,63300,62875,63270,15398
1785421800,63270,63335,63200,63320,10798
1785422700,63315,63395,63105,63215,12977
1785423600,63210,63350,63085,63160,10847
1785424500,63155,63405,63140,63265,8356
1785425400,63265,63470,63245,63410,6079
1785426300,63415,63525,63350,63405,6013
1785427200,63405,63585,63380,63585,5193
1785428100,63585,63635,63545,63610,5126
1785429000,63605,63685,63515,63535,5178
1785429900,63535,63595,63470,63530,3887
1785430800,63535,63645,63535,63595,4902
1785431700,63595,63690,63585,63650,2178
1785432600,63650,63675,63475,63565,4937
1785433500,63565,63615,63515,63515,3253
1785434400,63525,63575,63505,63555,2629
1785435300,63560,63575,63515,63560,1223
1785436200,63570,63595,63500,63570,1267
1785437100,63570,63605,63560,63595,847
1785438000,63600,63785,63600,63735,2714
1785438900,63730,63750,63620,63650,2116
1785439800,63645,63695,63640,63655,1953
1785440700,63655,63750,63650,63720,3371
1785441600,63715,63855,63695,63775,4144
1785442500,63780,63815,63730,63750,993
1785443400,63760,63810,63665,63790,1838
1785444300,63790,63800,63715,63720,848
1785445200,63680,63680,63680,63680,490
1785455100,63995,64495,63850,64285,18792
1785456000,64290,64865,64290,64830,27021
1785456900,64835,64955,64580,64955,28826
1785457800,64950,65200,64925,65035,24507
1785458700,65040,65310,64845,65270,19237
1785459600,65280,65425,65255,65360,14564
1785460500,65365,65510,65210,65275,12829
1785461400,65275,65350,65175,65260,13899
1785462300,65265,65335,65115,65165,12040
1785463200,65170,65230,64800,64820,14235
1785464100,64825,64825,64605,64665,13586
1785465000,64655,64680,64455,64545,10906
1785465900,64540,64640,64420,64545,11557
1785466800,64545,64550,64155,64230,16820
1785467700,64225,64540,64190,64500,12979
1785468600,64505,64620,64205,64225,15873
1785469500,64220,64365,63930,64280,18195
1785470400,64280,64290,64065,64125,10080
1785471300,64135,64245,64000,64240,9562
1785472200,64235,64545,64235,64535,11470
1785473100,64535,64575,64380,64440,10229
1785474000,64435,64635,64435,64600,10158
1785474900,64600,64725,64550,64615,9984
1785475800,64610,64615,64075,64075,17099
1785476700,64080,64450,64015,64430,14224
1785477600,64430,64505,64365,64390,12448
1785478500,64390,64520,64330,64455,13819
1785479400,64450,64450,63710,63800,23435
1785480300,63720,63720,63720,63720,1829
1785484800,64050,64060,63705,63925,14293
1785485700,63925,64005,63825,63945,7015
1785486600,63940,63960,63640,63670,5959
1785487500,63675,63890,63645,63750,7195
1785488400,63755,64015,63690,63985,9919
1785489300,63980,64005,63825,63840,3348
1785490200,63845,63880,63770,63840,4534
1785491100,63835,63930,63825,63870,2321
1785492000,63870,64120,63840,64100,5751
1785492900,64095,64240,64085,64195,5259
1785493800,64195,64265,64190,64210,3932
1785494700,64215,64225,64085,64150,4660
1785495600,64150,64315,64150,64195,4193
1785496500,64195,64200,64055,64065,3656
1785497400,64065,64075,63935,64000,3682
1785498300,64000,64065,63985,64045,2506
1785499200,64050,64055,63905,63940,3282
1785500100,63935,63980,63855,63930,3458
1785501000,63925,63975,63765,63820,5189
1785501900,63820,63950,63800,63870,5069
1785502800,63870,64020,63835,64000,3649
1785503700,64000,64110,63925,63960,8855
1785504600,63960,64130,63320,63410,26130
1785505500,63410,63520,63030,63115,24120
1785506400,63125,63195,62690,62770,26688
1785507300,62770,63095,62635,63080,22602
1785508200,63085,63295,63030,63250,12857
1785509100,63255,63445,63205,63330,10155
1785510000,63330,63415,63145,63255,8153
1785510900,63250,63400,62870,62975,10846
1785511800,62975,63215,62870,63160,10134
1785512700,63170,63310,63035,63230,5241
1785513600,63230,63275,63070,63195,4081
1785514500,63195,63300,63095,63300,3860
1785515400,63305,63360,63190,63195,3148
1785516300,63190,63310,63160,63270,2475
1785517200,63270,63375,63270,63340,2736
1785518100,63340,63470,63305,63340,3996
1785519000,63345,63360,63235,63275,2881
1785519900,63280,63410,63245,63305,4634
1785520800,63305,63450,63285,63310,3209
1785521700,63310,63410,63300,63400,1830
1785522600,63405,63455,63375,63385,1686
1785523500,63390,63455,63365,63400,2062
1785524400,63400,63465,63345,63410,1907
1785525300,63420,63500,63385,63440,2121
1785526200,63450,63515,63390,63505,1843
1785527100,63505,63510,63250,63280,6732
1785528000,63280,63340,63220,63245,2188
1785528900,63245,63250,63065,63110,2590
1785529800,63105,63135,63030,63040,1405
1785530700,63040,63070,62850,62890,1723
1785531600,62985,62985,62985,62985,473
1785714300,63510,64170,63305,63780,24041
1785715200,63785,63790,63220,63505,36233
1785716100,63500,63780,63180,63280,27717
1785717000,63280,63425,63010,63115,27991
1785717900,63110,63205,62870,63115,26125
1785718800,63115,63330,62830,62910,22859
1785719700,62910,63070,62730,62990,18955
1785720600,62985,63115,62770,62975,17294
1785721500,62980,63350,62940,63305,12809
1785722400,63305,63545,63205,63510,11852
1785723300,63515,63610,63295,63305,12136
1785724200,63300,63480,63300,63330,6169
1785725100,63330,63430,63325,63420,2901
1785726000,63415,63435,63335,63345,2719
1785726900,63345,63350,63215,63280,3913
1785727800,63280,63720,63265,63720,12833
1785728700,63720,63955,63685,63695,14604
1785729600,63695,63755,63595,63660,9779
1785730500,63665,63880,63635,63855,8105
1785731400,63850,63865,63675,63725,7069
1785732300,63725,63825,63670,63690,7462
1785733200,63695,63795,63630,63705,10300
1785734100,63705,63725,63590,63695,8093
1785735000,63690,63755,63625,63685,7244
1785735900,63685,63765,63645,63695,7555
1785736800,63695,63815,63590,63695,9695
1785737700,63695,63805,63665,63755,11655
1785738600,63755,63895,63715,63805,11349
1785739500,63830,63830,63830,63830,1478
1785744000,63770,63790,63300,63485,10230
1785744900,63485,63485,63265,63315,4736
1785745800,63315,63415,63255,63350,4083
1785746700,63355,63500,63330,63495,2554
1785747600,63495,63515,63260,63310,4261
1785748500,63305,63335,63225,63265,3496
1785749400,63265,63355,63240,63260,3263
1785750300,63255,63310,63065,63185,5901
1785751200,63185,63195,63040,63055,3255
1785752100,63055,63100,62880,62975,6668
1785753000,62975,63040,62915,62995,3720
1785753900,62990,63055,62960,63035,2638
1785754800,63030,63035,62865,62905,4693
1785755700,62900,62955,62865,62875,2725
1785756600,62875,62965,62760,62815,6022
1785757500,62815,62815,62605,62625,6273
1785758400,62620,62670,62515,62660,6509
1785759300,62660,62695,62575,62620,4984
1785760200,62625,62710,62590,62710,3547
1785761100,62705,62720,62545,62625,4253
1785762000,62625,62670,62520,62560,3489
1785762900,62565,62590,62460,62515,5554
1785763800,62520,62570,62100,62410,24614
1785764700,62410,62650,62355,62635,13351
1785765600,62640,62730,62465,62645,12226
1785766500,62645,62895,62600,62890,11207
1785767400,62890,63045,62855,62930,9082
1785768300,62935,63260,62915,63220,8365
1785769200,63215,63225,63025,63095,7859
1785770100,63095,63140,63005,63020,6115
1785771000,63025,63245,63020,63185,6033
1785771900,63185,63225,63130,63165,2988
1785772800,63165,63245,63140,63185,2988
1785773700,63185,63250,63135,63190,2977
1785774600,63195,63215,63090,63140,2803
1785775500,63140,63155,63065,63075,2385
1785776400,63080,63175,63045,63155,1118
1785777300,63150,63190,63145,63165,1439
1785778200,63170,63270,63150,63260,1873
1785779100,63265,63330,63260,63325,2637
1785780000,63325,63435,63325,63375,3161
1785780900,63380,63415,63310,63310,1827
1785781800,63310,63340,63265,63300,2031
1785782700,63300,63310,63255,63265,2059
1785783600,63270,63360,63270,63325,1856
1785784500,63325,63350,63315,63330,1472
1785785400,63330,63415,63330,63400,1698
1785786300,63400,63450,63355,63400,2543
1785787200,63395,63510,63360,63500,1915
1785788100,63495,63560,63495,63530,1738
1785789000,63530,63620,63525,63605,1276
1785789900,63610,63610,63500,63515,906
1785790800,63475,63475,63475,63475,682
1785800700,63700,64285,63655,64275,18721
1785801600,64275,64305,63795,63865,30283
1785802500,63860,63880,63505,63660,20299
1785803400,63660,63720,62990,63275,24930
1785804300,63275,63450,63130,63155,14479
1785805200,63155,63255,63000,63200,13759
1785806100,63205,63310,62915,63155,14478
1785807000,63150,63410,63095,63375,14973
1785807900,63375,63745,63330,63705,15510
1785808800,63705,63725,63340,63455,13310
1785809700,63455,63460,63315,63390,6501
1785810600,63395,63580,63390,63535,5687
1785811500,63540,63545,63360,63375,3044
1785812400,63375,63465,63295,63325,4050
1785813300,63335,63470,63300,63430,4045
1785814200,63435,63625,63335,63380,14177
1785815100,63380,63620,63350,63570,8204
1785816000,63575,63635,63325,63440,9343
1785816900,63440,63635,63435,63630,6841
1785817800,63635,63670,63500,63545,6984
1785818700,63540,63735,63520,63625,7364
1785819600,63630,63690,63450,63515,9347
1785820500,63515,63665,63450,63655,7916
1785821400,63655,63850,63595,63840,9973
1785822300,63835,64045,63805,64025,10649
1785823200,64025,64075,63960,64060,9406
1785824100,64065,64080,63945,64020,10398
1785825000,64015,64030,63850,63855,7731
1785825900,63900,63900,63900,63900,1624
1785830400,64000,64165,63905,64145,8053
1785831300,64150,64185,63940,64000,6255
1785832200,63995,63995,63860,63880,3762
1785833100,63880,63890,63815,63840,2606
1785834000,63845,63860,63710,63740,4697
1785834900,63740,63755,63660,63755,2634
1785835800,63755,63865,63720,63835,2704
1785836700,63835,63860,63735,63790,2878
1785837600,63790,63925,63735,63885,2839
1785838500,63880,63925,63820,63910,2124
1785839400,63910,64040,63880,64015,3700
1785840300,64020,64125,63935,63945,5174
1785841200,63950,64080,63945,64050,3074
1785842100,64045,64300,64045,64300,4481
1785843000,64305,64485,64190,64460,9054
1785843900,64455,64505,64390,64440,6376
1785844800,64440,64440,64250,64275,4655
1785845700,64275,64350,64275,64320,2601
1785846600,64325,64325,64255,64280,2348
1785847500,64280,64305,64225,64280,2252
1785848400,64285,64340,64255,64315,2855
1785849300,64320,64575,64275,64300,9207
1785850200,64305,64760,64235,64670,18324
1785851100,64670,64810,64620,64665,10428
1785852000,64670,64790,64560,64770,9058
1785852900,64770,64830,64655,64815,6082
1785853800,64820,64900,64765,64805,7295
1785854700,64810,64865,64785,64840,4627
1785855600,64840,64960,64810,64960,5045
1785856500,64960,65010,64920,64940,7061
1785857400,64940,65115,64905,65020,9115
1785858300,65020,65090,65010,65060,3142
1785859200,65065,65155,65050,65085,3241
1785860100,65085,65170,65075,65165,1591
1785861000,65165,65220,65155,65205,2560
1785861900,65205,65250,65205,65245,1749
1785862800,65245,65320,65240,65320,2735
1785863700,65320,65395,65295,65380,2271
1785864600,65380,65470,65350,65460,3523
1785865500,65460,65540,65375,65395,5607
1785866400,65390,65445,65360,65435,2243
1785867300,65440,65475,65405,65465,1782
1785868200,65470,65490,65385,65415,1650
1785869100,65420,65480,65420,65445,1796
1785870000,65450,65555,65445,65515,1946
1785870900,65515,65560,65485,65500,1856
1785871800,65505,65595,65495,65590,1559
1785872700,65590,65615,65440,65460,3971
1785873600,65465,65665,65460,65600,2494
1785874500,65595,65595,65360,65435,3747
1785875400,65430,65520,65420,65490,1204
1785876300,65490,65535,65480,65515,645
1785877200,65500,65500,65500,65500,509
1785887100,65730,65875,65520,65540,17751
1785888000,65545,65825,65500,65700,29802
1785888900,65695,66155,65655,66145,23679
1785889800,66155,66210,65875,65935,20461
1785890700,65935,65980,65815,65930,15275
1785891600,65935,66105,65850,65875,13178
1785892500,65880,65895,65670,65775,14529
1785893400,65775,66045,65740,65975,11117
1785894300,65975,66095,65970,66080,7494
1785895200,66075,66180,66055,66060,8558
1785896100,66065,66080,65905,65930,6897
1785897000,65925,65990,65855,65870,4798
1785897900,65870,65955,65845,65875,4021
1785898800,65870,65950,65860,65890,3105
1785899700,65890,65915,65810,65825,3198
1785900600,65830,66000,65785,65985,8618
1785901500,65985,66080,65955,66055,5658
1785902400,66050,66130,66045,66045,6057
1785903300,66040,66070,65950,66005,6224
1785904200,66005,66200,66005,66170,7222
1785905100,66175,66240,66070,66205,6161
1785906000,66205,66245,66130,66220,6637
1785906900,66225,66285,66190,66220,4684
1785907800,66220,66295,66185,66280,6387
1785908700,66280,66315,66220,66230,5956
1785909600,66235,66335,66230,66290,6802
1785910500,66290,66350,66230,66330,13537
1785911400,66335,66345,66245,66325,9571
1785912300,66340,66340,66340,66340,1697
1785916800,66110,66225,65975,66000,11215
1785917700,66005,66090,65920,65970,4642
1785918600,65970,66075,65910,66005,4908
1785919500,66005,66075,65970,66020,2935
1785920400,66025,66165,65975,66100,3738
1785921300,66110,66225,66060,66210,4175
1785922200,66210,66250,66155,66170,2627
1785923100,66175,66200,66050,66050,2160
1785924000,66055,66110,65995,66065,2235
1785924900,66065,66090,66050,66065,1459
1785925800,66065,66090,66000,66015,1296
1785926700,66015,66070,65955,66065,2605
1785927600,66070,66155,66050,66145,2924
1785928500,66145,66290,66145,66265,2423
1785929400,66260,66400,66220,66365,4279
1785930300,66360,66470,66325,66365,4633
1785931200,66365,66395,66280,66340,3593
1785932100,66340,66415,66290,66345,4013
1785933000,66350,66400,66250,66395,3924
1785933900,66400,66415,66290,66345,2730
1785934800,66350,66550,66345,66485,6603
1785935700,66485,66595,66420,66555,4463
1785936600,66555,66765,66415,66735,15227
1785937500,66750,66820,66670,66730,10096
1785938400,66735,66735,66380,66460,13220
1785939300,66460,66500,66270,66295,8571
1785940200,66290,66310,66080,66175,12411
1785941100,66175,66225,65885,65995,12488
1785942000,66000,66120,65975,65995,6254
1785942900,66000,66030,65845,65955,7055
1785943800,65955,66075,65940,66005,3556
1785944700,66005,66005,65845,65895,4383
1785945600,65895,65970,65835,65905,3008
1785946500,65910,66035,65885,66030,3571
1785947400,66030,66045,65905,65965,1456
1785948300,65960,66030,65950,66020,1132
1785949200,66020,66045,65910,65935,1668
1785950100,65930,65955,65875,65905,1185
1785951000,65905,65985,65875,65960,894
1785951900,65960,65985,65915,65965,709
1785952800,65975,66000,65925,65930,601
1785953700,65930,65975,65925,65955,428
1785954600,65955,65955,65875,65900,537
1785955500,65900,65935,65860,65870,577
1785956400,65870,65990,65850,65990,845
1785957300,65990,66015,65965,65990,1283
1785958200,65995,66015,65910,65920,1099
1785959100,65915,65930,65705,65715,3871
1785960000,65715,65760,65640,65755,3618
1785960900,65755,65800,65720,65765,1635
1785961800,65765,65800,65700,65790,1379
1785962700,65795,65795,65755,65780,505
1785963600,65775,65775,65775,65775,518
1785973500,65615,65690,65455,65570,10108
1785974400,65565,65750,65440,65685,25020
1785975300,65680,65715,65240,65300,18870
1785976200,65295,65555,65270,65370,12178
1785977100,65375,65450,65205,65230,9423
1785978000,65230,65320,65130,65285,11971
1785978900,65285,65290,64985,65045,12394
1785979800,65045,65170,64985,64990,11420
1785980700,64995,65150,64975,65065,9343
1785981600,65070,65265,65020,65255,8263
1785982500,65260,65425,65230,65325,8209
1785983400,65325,65595,65280,65585,5867
1785984300,65585,65645,65525,65620,5986
1785985200,65625,65745,65580,65605,6544
1785986100,65605,65620,65500,65515,4282
1785987000,65525,65635,65390,65620,11389
1785987900,65620,65655,65485,65600,5779
1785988800,65600,65650,65460,65585,5698
1785989700,65585,65685,65530,65660,4584
1785990600,65660,65720,65535,65570,5013
1785991500,65570,65680,65540,65665,3826
1785992400,65660,65880,65660,65760,9555
1785993300,65760,65850,65740,65760,5685
1785994200,65755,65790,65640,65780,6141
1785995100,65775,65785,65625,65735,4996
1785996000,65735,65750,65645,65670,7391
1785996900,65675,65780,65580,65725,9744
1785997800,65725,65760,65550,65570,9078
1785998700,65550,65550,65550,65550,1443
1786003200,65545,65685,65420,65480,8161
1786004100,65475,65665,65460,65660,4853
1786005000,65660,65695,65560,65565,3719
1786005900,65560,65695,65510,65680,3051
1786006800,65680,65685,65460,65500,3435
1786007700,65495,65585,65495,65580,1922
1786008600,65580,65610,65545,65575,1405
1786009500,65575,65685,65555,65685,1729
1786010400,65685,65700,65640,65660,1846
1786011300,65660,65690,65620,65655,1640
1786012200,65655,65665,65520,65525,1476
1786013100,65525,65565,65495,65565,1688
1786014000,65565,65565,65325,65405,5566
1786014900,65405,65465,65400,65445,1762
1786015800,65445,65520,65445,65455,3294
1786016700,65450,65505,65300,65410,4170
1786017600,65410,65440,65275,65285,2972
1786018500,65290,65360,65220,65325,3689
1786019400,65320,65395,65260,65360,2807
1786020300,65355,65405,65320,65325,2240
1786021200,65325,65325,65150,65170,4775
1786022100,65170,65220,65110,65125,4020
1786023000,65125,65480,64940,65450,18103
1786023900,65450,65780,65400,65765,12731
1786024800,65760,66110,65695,66055,13473
1786025700,66055,66275,66025,66205,12244
1786026600,66210,66375,66115,66115,11924
1786027500,66115,66180,65985,66165,9934
1786028400,66165,66310,66120,66250,5812
1786029300,66245,66260,66060,66125,6561
1786030200,66125,66165,65955,65965,5439
1786031100,65965,66140,65885,65910,8386
1786032000,65915,66000,65845,65880,4096
1786032900,65880,65910,65775,65825,3868
1786033800,65825,65935,65815,65815,2346
1786034700,65810,65995,65780,65985,2358
1786035600,65995,66015,65895,65905,1688
1786036500,65900,65955,65870,65875,1348
1786037400,65875,65910,65780,65805,1100
1786038300,65810,65845,65780,65835,969
1786039200,65845,65860,65765,65830,1275
1786040100,65830,65925,65740,65885,2176
1786041000,65890,65890,65725,65765,1007
1786041900,65765,65810,65730,65755,645
1786042800,65760,65845,65750,65775,993
1786043700,65775,65790,65635,65660,1625
1786044600,65660,65715,65585,65615,1594
1786045500,65615,65720,65575,65645,3352
1786046400,65650,65700,65640,65665,1364
1786047300,65670,65690,65535,65565,1408
1786048200,65560,65575,65515,65560,784
1786049100,65560,65565,65525,65545,559
1786050000,65550,65550,65550,65550,374
1786059900,65840,65930,65705,65885,9845
1786060800,65880,65960,65295,65370,22634
1786061700,65365,65420,65150,65405,17746
1786062600,65410,65535,65230,65330,12332
1786063500,65325,65405,65120,65250,15391
1786064400,65245,65280,65005,65055,11255
1786065300,65060,65105,64840,65090,16343
1786066200,65090,65175,64685,64770,15353
1786067100,64765,64975,64730,64920,11603
1786068000,64925,65095,64865,65065,11641
1786068900,65065,65195,65020,65060,9559
1786069800,65060,65065,64965,64995,4438
1786070700,64990,65165,64980,65120,3521
1786071600,65120,65200,65115,65135,2666
1786072500,65140,65155,65010,65105,3279
1786073400,65100,65335,65070,65240,10011
1786074300,65235,65240,65065,65105,6057
1786075200,65105,65300,65030,65240,6408
1786076100,65245,65390,65125,65375,6290
1786077000,65380,65400,65285,65315,4624
1786077900,65310,65355,65235,65315,4027
1786078800,65315,65520,65305,65430,9854
1786079700,65430,65715,65420,65685,9415
1786080600,65685,65695,65405,65490,7338
1786081500,65490,65555,65465,65510,4171
1786082400,65510,65695,65500,65670,5613
1786083300,65670,65730,65625,65725,8550
1786084200,65725,65735,65640,65685,6481
1786085100,65650,65650,65650,65650,1993
1786089600,65755,65880,65710,65850,6090
1786090500,65850,65855,65750,65755,3103
1786091400,65760,65835,65705,65760,2439
1786092300,65760,65795,65740,65770,2008
1786093200,65770,65875,65750,65875,2571
1786094100,65880,65890,65730,65730,2354
1786095000,65735,65800,65715,65780,2096
1786095900,65780,65805,65735,65755,1871
1786096800,65755,65800,65735,65745,1743
1786097700,65745,65770,65685,65770,2180
1786098600,65775,65820,65755,65800,1527
1786099500,65800,65835,65770,65825,1450
1786100400,65820,65940,65805,65890,3242
1786101300,65895,65975,65880,65955,1840
1786102200,65950,66030,65925,66015,2580
1786103100,66015,66085,65940,65960,3666
1786104000,65955,66085,65925,66010,3531
1786104900,66010,66075,65905,65980,2882
1786105800,66020,66565,65975,66555,20189
1786106700,66550,66665,66550,66610,10006
1786107600,66615,66630,66450,66500,6672
1786108500,66510,66520,66410,66500,10087
1786109400,66500,66730,66450,66695,15433
1786110300,66690,66705,66230,66295,13688
1786111200,66300,66365,66065,66070,16525
1786112100,66070,66355,66045,66300,12015
1786113000,66295,66315,66090,66115,6713
1786113900,66125,66255,66100,66200,4628
1786114800,66210,66310,66195,66275,3632
1786115700,66270,66380,66205,66360,4593
1786116600,66365,66385,66130,66150,6126
1786117500,66155,66225,66095,66120,3305
1786118400,66125,66135,66080,66095,1915
1786119300,66095,66150,65865,65895,6291
1786120200,65895,66000,65825,65985,3249
1786121100,65990,66040,65960,65965,1825
1786122000,65965,66040,65940,65975,1316
1786122900,65975,66025,65950,65980,1277
1786123800,65980,66020,65955,65985,1528
1786124700,65980,66015,65955,65985,998
1786125600,65995,66030,65950,65955,1190
1786126500,65960,65995,65925,65935,956
1786127400,65930,65980,65920,65925,736
1786128300,65925,66015,65920,66005,1177
1786129200,66005,66235,66005,66210,2279
1786130100,66215,66290,66215,66245,1685
1786131000,66250,66250,66190,66190,1068
1786131900,66200,66340,66195,66310,2387
1786132800,66310,66345,66305,66345,834
1786133700,66350,66365,66270,66270,820
1786134600,66275,66320,66270,66315,472
1786135500,66310,66345,66300,66335,351
1786136400,66295,66295,66295,66295,542
1786319100,66300,66450,66195,66195,11238
1786320000,66195,66645,66065,66450,29155
1786320900,66455,66730,66315,66515,16277
1786321800,66520,66730,66420,66470,13226
1786322700,66470,66590,66445,66515,10120
1786323600,66515,66830,66400,66830,12289
1786324500,66830,66990,66785,66855,12063
1786325400,66850,67000,66760,66870,12207
1786326300,66875,67060,66860,66990,9599
1786327200,66990,67050,66935,67015,6425
1786328100,67015,67020,66915,66980,6351
1786329000,66975,67020,66940,66970,3420
1786329900,66970,66995,66915,66920,2003
1786330800,66920,66960,66900,66950,2478
1786331700,66955,66995,66875,66905,2684
1786332600,66905,66985,66810,66985,6971
1786333500,66985,67000,66835,66920,5391
1786334400,66915,67000,66870,66915,3954
1786335300,66910,66990,66880,66985,3615
1786336200,66985,66995,66755,66860,6882
1786337100,66865,66915,66770,66825,4554
1786338000,66825,67015,66820,67000,6082
1786338900,66995,67020,66960,66970,3692
1786339800,66975,67030,66935,66985,3830
1786340700,66985,67010,66915,66930,3633
1786341600,66935,66970,66870,66925,4881
1786342500,66925,67120,66895,67085,10603
1786343400,67085,67170,67050,67080,8738
1786344300,67150,67150,67150,67150,1567
1786348800,67300,67595,67240,67470,12006
1786349700,67475,67500,67270,67275,5764
1786350600,67275,67315,67215,67275,3554
1786351500,67275,67315,67245,67270,2040
1786352400,67270,67345,67235,67260,2152
1786353300,67260,67295,67210,67260,1743
1786354200,67260,67290,67200,67240,1576
1786355100,67240,67270,67225,67230,779
1786356000,67225,67265,67140,67145,1851
1786356900,67145,67210,67140,67195,1257
1786357800,67195,67200,67105,67150,1540
1786358700,67150,67195,67110,67170,2066
1786359600,67170,67200,67020,67060,3704
1786360500,67060,67165,67060,67160,2008
1786361400,67155,67265,67110,67125,2983
1786362300,67120,67185,67070,67185,1861
1786363200,67180,67190,67080,67105,3025
1786364100,67105,67135,67025,67070,2158
1786365000,67070,67115,67025,67080,2813
1786365900,67085,67100,67000,67065,2598
1786366800,67070,67145,67035,67125,2359
1786367700,67120,67230,67100,67225,2766
1786368600,67230,67250,66925,66975,11525
1786369500,66970,67100,66890,66980,8277
1786370400,66980,67135,66935,67100,5158
1786371300,67100,67125,66940,67005,4971
1786372200,67005,67155,66990,67045,3852
1786373100,67050,67075,66895,66905,3700
1786374000,66905,66975,66815,66870,4368
1786374900,66870,66880,66785,66815,4646
1786375800,66810,66835,66690,66745,5017
1786376700,66745,66875,66730,66860,3031
1786377600,66865,66890,66825,66835,1816
1786378500,66835,66890,66805,66850,1542
1786379400,66845,66855,66695,66730,4135
1786380300,66730,66765,66700,66735,1512
1786381200,66740,66815,66725,66780,1323
1786382100,66785,66810,66725,66740,893
1786383000,66735,66750,66680,66685,778
1786383900,66685,66720,66680,66705,578
1786384800,66705,66750,66695,66715,745
1786385700,66710,66725,66680,66705,737
1786386600,66700,66770,66690,66765,810
1786387500,66770,66805,66755,66785,784
1786388400,66790,66840,66775,66830,975
1786389300,66825,66855,66815,66840,865
1786390200,66840,66840,66770,66785,1075
1786391100,66780,66830,66705,66740,2170
1786392000,66745,66760,66725,66730,664
1786392900,66725,66730,66695,66725,614
1786393800,66725,66725,66695,66715,359
1786394700,66715,66725,66705,66705,433
1786395600,66695,66695,66695,66695,471
1786405500,66620,66625,66420,66560,7180
1786406400,66555,66565,66315,66495,10335
1786407300,66505,66635,66375,66625,5742
1786408200,66630,66735,66600,66725,4562
1786409100,66730,66825,66725,66765,4300
1786410000,66765,66965,66685,66965,8503
1786410900,66960,66985,66810,66955,5507
1786411800,66955,66985,66880,66940,3569
1786412700,66940,67020,66885,66885,3494
1786413600,66880,66990,66855,66975,3124
1786414500,66975,67090,66935,67085,3401
1786415400,67080,67150,67075,67135,2072
1786416300,67140,67150,67035,67060,1597
1786417200,67060,67105,67035,67060,1394
1786418100,67060,67175,67035,67165,1652
1786419000,67170,67175,67025,67030,1742
1786419900,67035,67070,67015,67035,1566
1786420800,67040,67095,67030,67065,3597
1786421700,67065,67090,67015,67085,1472
1786422600,67085,67125,67035,67040,1740
1786423500,67040,67095,67035,67080,1188
1786424400,67080,67125,67045,67110,1356
1786425300,67110,67115,66970,66980,1816
1786426200,66975,67075,66910,67060,2923
1786427100,67060,67090,66930,66935,2401
1786428000,66935,67020,66925,66985,1850
1786428900,66985,66985,66880,66890,2096
1786429800,66890,66915,66755,66840,2760
1786430700,66850,66850,66850,66850,571
1786435200,66935,67035,66835,66865,5000
1786436100,66865,66955,66840,66910,2134
1786437000,66910,67020,66875,67015,1586
1786437900,67010,67090,66990,67000,2680
1786438800,67000,67085,66955,66995,2927
1786439700,67000,67110,66995,67105,2967
1786440600,67105,67225,67105,67165,3034
1786441500,67165,67170,67095,67105,1736
1786442400,67110,67125,67055,67085,2029
1786443300,67090,67275,67070,67255,3938
1786444200,67260,67295,67210,67275,2182
1786445100,67275,67310,67245,67265,1119
1786446000,67265,67515,67255,67440,8287
1786446900,67440,67450,67345,67355,2159
1786447800,67355,67365,67295,67305,1838
1786448700,67305,67315,67275,67300,1472
1786449600,67305,67375,67265,67370,1842
1786450500,67365,67375,67245,67285,4262
1786451400,67285,67360,67275,67345,1393
1786452300,67345,67365,67285,67305,1507
1786453200,67305,67385,67270,67270,2188
1786454100,67275,67355,67255,67340,2687
1786455000,67335,67430,67205,67390,11078
1786455900,67390,67390,67105,67260,8261
1786456800,67255,67400,67210,67320,5290
1786457700,67325,67425,67315,67380,3205
1786458600,67370,67435,67300,67365,3366
1786459500,67365,67500,67365,67425,2899
1786460400,67430,67470,67275,67295,2477
1786461300,67285,67330,67220,67250,2171
1786462200,67245,67280,67130,67185,2960
1786463100,67180,67190,67125,67145,1101
1786464000,67140,67170,67110,67115,889
1786464900,67115,67165,67110,67150,956
1786465800,67150,67180,67080,67155,1133
1786466700,67155,67155,67095,67110,710
1786467600,67115,67125,66965,66980,2118
1786468500,66975,67110,66960,67070,1606
1786469400,67075,67125,67040,67110,637
1786470300,67110,67125,67100,67105,322
1786471200,67105,67110,67035,67040,546
1786472100,67035,67065,66915,66925,1099
1786473000,66930,66990,66905,66945,682
1786473900,66945,67030,66945,66995,618
1786474800,66995,67005,66935,66995,576
1786475700,66995,67040,66985,67035,400
1786476600,67045,67070,67015,67055,812
1786477500,67060,67090,67025,67090,955
1786478400,67095,67105,67040,67070,520
1786479300,67075,67180,67070,67170,806
1786480200,67175,67220,67175,67210,482
1786481100,67215,67235,67185,67185,409
1786482000,67170,67170,67170,67170,365
1786491900,67135,67280,67005,67270,9149
1786492800,67275,67275,66775,67020,25101
1786493700,67015,67145,66870,67105,14553
1786494600,67105,67125,66905,67040,8622
1786495500,67040,67125,66950,66995,6987
1786496400,66990,67020,66850,66990,9172
1786497300,66990,66995,66855,66945,5962
1786498200,66940,67165,66880,67150,6780
1786499100,67155,67170,67035,67100,6337
1786500000,67105,67115,66965,67070,4500
1786500900,67065,67100,66990,67095,2997
1786501800,67090,67235,67080,67215,4485
1786502700,67215,67320,67190,67310,3999
1786503600,67310,67325,67265,67285,2909
1786504500,67280,67305,67260,67280,2914
1786505400,67280,67405,67225,67280,10400
1786506300,67280,67375,67255,67330,4568
1786507200,67325,67425,67320,67420,5551
1786508100,67415,67470,67405,67450,4275
1786509000,67445,67465,67330,67385,4474
1786509900,67380,67535,67365,67530,6135
1786510800,67530,67540,67460,67495,4264
1786511700,67495,67580,67480,67565,4384
1786512600,67560,67600,67520,67565,3791
1786513500,67565,67595,67530,67530,5603
1786514400,67530,67605,67530,67540,5475
1786515300,67545,67720,67505,67690,9376
1786516200,67685,67695,67590,67655,9252
1786517100,67650,67650,67650,67650,1337
1786521600,67720,67835,67670,67745,6904
1786522500,67740,67860,67720,67825,3462
1786523400,67830,67830,67690,67810,3640
1786524300,67805,67905,67805,67870,3190
1786525200,67870,67950,67850,67920,2617
1786526100,67920,68025,67920,67975,4778
1786527000,67970,68035,67910,67915,3415
1786527900,67915,67955,67850,67915,3477
1786528800,67915,67955,67915,67945,1207
1786529700,67950,67955,67885,67910,1430
1786530600,67905,67950,67895,67920,860
1786531500,67920,67930,67760,67925,5520
1786532400,67930,68065,67920,68050,3668
1786533300,68050,68075,68005,68055,2156
1786534200,68055,68135,68050,68130,2061
1786535100,68130,68200,68110,68185,2849
1786536000,68185,68225,68095,68100,3648
1786536900,68100,68350,68030,68325,6039
1786537800,68320,68385,67830,68355,15942
1786538700,68360,68590,68340,68580,9776
1786539600,68580,68785,68555,68780,14065
1786540500,68780,68780,68655,68750,6645
1786541400,68750,68805,68520,68720,14797
1786542300,68725,68895,68640,68765,11231
1786543200,68765,68935,68705,68790,9312
1786544100,68795,68880,68715,68815,6244
1786545000,68815,68900,68620,68895,8918
1786545900,68895,68920,68615,68625,8276
1786546800,68625,68710,68605,68700,4588
1786547700,68700,68705,68570,68620,3529
1786548600,68625,68635,68515,68530,3585
1786549500,68530,68570,68490,68525,2628
1786550400,68535,68590,68480,68510,1998
1786551300,68515,68535,68475,68475,1261
1786552200,68480,68500,68425,68480,1631
1786553100,68480,68520,68465,68480,1604
1786554000,68480,68545,68480,68510,930
1786554900,68510,68545,68470,68545,1008
1786555800,68550,68580,68525,68570,1763
1786556700,68570,68590,68530,68555,856
1786557600,68555,68565,68510,68525,967
1786558500,68530,68550,68510,68515,701
1786559400,68515,68565,68505,68560,922
1786560300,68560,68570,68480,68485,715
1786561200,68485,68520,68465,68480,828
1786562100,68480,68520,68480,68515,911
1786563000,68515,68520,68450,68465,1249
1786563900,68460,68535,68440,68515,2575
1786564800,68520,68650,68510,68580,1376
1786565700,68580,68600,68510,68515,606
1786566600,68520,68540,68510,68535,318
1786567500,68535,68550,68470,68525,525
1786568400,68545,68545,68545,68545,549
1786578300,68505,68550,68340,68385,9029
1786579200,68385,68835,68305,68760,25037
1786580100,68755,68850,68415,68425,17992
1786581000,68435,68505,68210,68505,17637
1786581900,68500,68660,68430,68655,12801
1786582800,68655,68680,68465,68510,8994
1786583700,68510,68525,68375,68400,8321
1786584600,68395,68470,68345,68385,7547
1786585500,68390,68625,68370,68505,7577
1786586400,68510,68660,68460,68610,6379
1786587300,68610,68665,68605,68620,3810
1786588200,68620,68735,68545,68730,4354
1786589100,68730,68765,68720,68760,2659
1786590000,68755,68780,68725,68745,2277
1786590900,68745,68760,68720,68740,1763
1786591800,68745,68795,68710,68720,7109
1786592700,68720,68830,68720,68730,6522
1786593600,68730,68780,68675,68705,5542
1786594500,68705,68780,68640,68745,7498
1786595400,68745,68835,68680,68690,6237
1786596300,68685,68690,68525,68535,8391
1786597200,68540,68725,68500,68710,7929
1786598100,68715,68730,68625,68695,4893
1786599000,68695,68735,68475,68485,7677
1786599900,68480,68550,68400,68410,7640
1786600800,68410,68435,68310,68355,8164
1786601700,68355,68450,68310,68410,10091
1786602600,68415,68425,68285,68305,7543
1786603500,68260,68260,68260,68260,1240
1786608000,68225,68335,68150,68265,7227
1786608900,68265,68360,68225,68355,3109
1786609800,68355,68355,68200,68240,3214
1786610700,68245,68335,68210,68290,2016
1786611600,68290,68305,68190,68190,1898
1786612500,68190,68270,68145,68235,2022
1786613400,68235,68315,68235,68305,1510
1786614300,68305,68375,68295,68370,2050
1786615200,68370,68380,68290,68325,1659
1786616100,68325,68370,68300,68310,1190
1786617000,68315,68335,68275,68335,948
1786617900,68335,68375,68330,68345,997
1786618800,68345,68370,68305,68310,1314
1786619700,68315,68335,68260,68285,1487
1786620600,68285,68425,68280,68415,3410
1786621500,68415,68485,68385,68440,2764
1786622400,68445,68460,68360,68420,3511
1786623300,68415,68430,68310,68430,2510
1786624200,68425,68590,68330,68450,5382
1786625100,68450,68570,68445,68565,3277
1786626000,68565,68620,68545,68605,3743
1786626900,68605,68615,68525,68560,3332
1786627800,68555,68805,68510,68780,10832
1786628700,68780,68975,68760,68965,11727
1786629600,68970,69155,68955,69130,10798
1786630500,69135,69270,69110,69270,6413
1786631400,69265,69495,69245,69460,11431
1786632300,69460,69555,69440,69460,9640
1786633200,69455,69525,69370,69390,9253
1786634100,69390,69440,69265,69320,12851
1786635000,69320,69360,69230,69290,4980
1786635900,69285,69295,69170,69185,2890
1786636800,69185,69275,69180,69210,2630
1786637700,69220,69320,69200,69315,1704
1786638600,69320,69355,69305,69345,1948
1786639500,69340,69375,69320,69375,1183
1786640400,69375,69435,69370,69410,1382
1786641300,69405,69450,69405,69425,1209
1786642200,69425,69440,69375,69380,1253
1786643100,69385,69405,69330,69335,1782
1786644000,69340,69370,69335,69340,825
1786644900,69345,69365,69295,69325,816
1786645800,69330,69375,69330,69370,755
1786646700,69365,69375,69335,69335,720
1786647600,69335,69350,69265,69265,976
1786648500,69265,69305,69245,69255,842
1786649400,69250,69250,69195,69200,975
1786650300,69195,69195,69125,69180,3070
1786651200,69175,69220,69125,69140,1638
1786652100,69145,69145,69095,69125,838
1786653000,69125,69170,69120,69165,575
1786653900,69170,69180,69140,69175,567
1786654800,69145,69145,69145,69145,869
1786664700,69295,69445,69180,69210,13890
1786665600,69215,69565,69195,69255,33434
1786666500,69255,69540,69200,69490,19570
1786667400,69485,69650,69445,69460,14493
1786668300,69460,69495,69210,69320,16493
1786669200,69320,69335,69005,69050,16235
1786670100,69050,69110,68885,68955,16437
1786671000,68955,68980,68775,68975,10883
1786671900,68975,68995,68790,68845,7588
1786672800,68845,69005,68820,68955,6234
1786673700,68955,68985,68830,68915,4161
1786674600,68910,68955,68830,68855,2998
1786675500,68860,68895,68760,68800,3252
1786676400,68800,68920,68800,68890,2983
1786677300,68890,68970,68885,68965,2641
1786678200,68965,69025,68810,68830,7063
1786679100,68835,68845,68665,68670,6215
1786680000,68670,68700,68580,68615,7370
1786680900,68610,68750,68605,68665,5608
1786681800,68675,68745,68575,68575,5860
1786682700,68580,68615,68540,68565,3298
1786683600,68570,68615,68495,68605,6709
1786684500,68605,68660,68590,68650,4388
1786685400,68650,68725,68570,68725,9427
1786686300,68720,68880,68710,68875,7310
1786687200,68875,68890,68685,68765,6407
1786688100,68760,68765,68640,68725,8732
1786689000,68720,68805,68595,68625,9695
1786689900,68690,68690,68690,68690,1237
1786694400,68700,68745,68635,68670,5942
1786695300,68670,68790,68670,68750,2671
1786696200,68750,68810,68675,68770,3355
1786697100,68770,68845,68770,68785,2459
1786698000,68785,68870,68760,68855,2298
1786698900,68855,68950,68845,68860,3608
1786699800,68865,68880,68775,68825,2822
1786700700,68820,68905,68815,68900,1811
1786701600,68900,68955,68890,68935,1962
1786702500,68935,68955,68870,68890,1497
1786703400,68890,68930,68885,68915,1135
1786704300,68915,68920,68880,68910,1040
1786705200,68905,68930,68890,68920,1343
1786706100,68920,68975,68895,68940,1592
1786707000,68935,69010,68900,68940,2767
1786707900,68940,68995,68940,68980,1114
1786708800,68980,68985,68760,68855,4563
1786709700,68850,68855,68785,68820,2667
1786710600,68815,68845,68755,68780,3514
1786711500,68785,68860,68770,68845,2028
1786712400,68845,68920,68790,68790,2887
1786713300,68790,68825,68755,68780,2181
1786714200,68785,68875,68655,68875,9512
1786715100,68870,68960,68770,68795,7378
1786716000,68800,68995,68775,68910,5807
1786716900,68910,68950,68745,68845,5545
1786717800,68845,68865,68765,68765,3314
1786718700,68765,68775,68695,68710,3116
1786719600,68710,68775,68620,68620,3140
1786720500,68625,68675,68500,68605,5001
1786721400,68605,68610,68505,68535,4114
1786722300,68535,68555,68460,68525,3185
1786723200,68530,68595,68530,68535,2135
1786724100,68540,68610,68530,68610,1629
1786725000,68610,68615,68550,68570,1033
1786725900,68575,68595,68550,68550,970
1786726800,68555,68610,68550,68575,1083
1786727700,68575,68605,68545,68585,887
1786728600,68590,68630,68550,68560,1009
1786729500,68560,68575,68535,68575,587
1786730400,68575,68610,68555,68580,767
1786731300,68580,68605,68560,68565,523
1786732200,68560,68590,68550,68585,594
1786733100,68585,68615,68555,68600,603
1786734000,68600,68610,68565,68595,463
1786734900,68595,68655,68565,68635,1015
1786735800,68635,68685,68625,68660,945
1786736700,68660,68725,68640,68710,1926
1786737600,68710,68735,68655,68680,539
1786738500,68680,68705,68675,68700,341
1786739400,68700,68745,68685,68740,476
1786740300,68745,68760,68715,68715,532
1786741200,68715,68715,68715,68715,558
1786923900,68900,69000,68855,68970,8702
1786924800,68965,69125,68825,69095,21484
1786925700,69095,69140,68955,69020,9709
1786926600,69020,69055,68725,68725,9433
1786927500,68725,68765,68555,68570,11055
1786928400,68565,68715,68540,68590,9139
1786929300,68595,68700,68510,68680,6134
1786930200,68680,68770,68565,68760,7236
1786931100,68760,68795,68715,68725,4286
1786932000,68725,68835,68705,68760,5726
1786932900,68765,68795,68715,68730,2985
1786933800,68730,68740,68655,68675,2790
1786934700,68680,68750,68675,68735,1651
1786935600,68735,68775,68710,68735,1584
1786936500,68740,68770,68720,68770,1369
1786937400,68770,68910,68690,68905,6400
1786938300,68905,68935,68835,68870,3506
1786939200,68870,69010,68860,68955,5177
1786940100,68950,68985,68905,68920,2976
1786941000,68920,68965,68900,68935,3308
1786941900,68940,68950,68890,68940,3134
1786942800,68935,68985,68910,68955,4540
1786943700,68955,68995,68880,68935,4235
1786944600,68940,69065,68925,69060,4667
1786945500,69060,69215,69050,69210,7383
1786946400,69205,69245,69130,69160,6778
1786947300,69165,69205,69120,69175,7145
1786948200,69180,69255,69160,69245,8029
1786949100,69290,69290,69290,69290,1454
1786953600,69285,69305,69085,69090,6482
1786954500,69085,69145,69070,69125,2826
1786955400,69130,69140,69065,69070,2048
1786956300,69065,69085,69035,69065,1551
1786957200,69065,69075,69035,69065,1213
1786958100,69065,69070,68990,69000,1646
1786959000,69000,69025,68980,69000,991
1786959900,69000,69015,68970,68990,1285
1786960800,68995,69005,68965,69005,964
1786961700,69005,69155,68940,69135,5417
1786962600,69135,69150,68940,68955,3691
1786963500,68955,68965,68930,68955,1383
1786964400,68960,69045,68920,69005,2389
1786965300,69010,69020,68950,69010,1021
1786966200,69010,69025,68985,69015,820
1786967100,69015,69075,69015,69055,1876
1786968000,69060,69100,68990,69095,2713
1786968900,69100,69110,68940,69010,4847
1786969800,69010,69060,68960,68975,3194
1786970700,68975,69040,68960,69030,2053
1786971600,69030,69160,69030,69145,3296
1786972500,69145,69230,69130,69220,2836
1786973400,69220,69340,69105,69245,11220
1786974300,69245,69420,69245,69415,6424
1786975200,69420,69440,69240,69350,6534
1786976100,69355,69360,69240,69340,3397
1786977000,69340,69390,69315,69370,3264
1786977900,69370,69475,69370,69460,3624
1786978800,69460,69555,69430,69460,4870
1786979700,69465,69530,69425,69515,5052
1786980600,69520,69545,69365,69405,2947
1786981500,69405,69490,69395,69470,1249
1786982400,69475,69480,69380,69395,1126
1786983300,69395,69405,69375,69385,972
1786984200,69385,69390,69315,69315,1183
1786985100,69320,69330,69290,69310,1682
1786986000,69310,69315,69185,69185,1757
1786986900,69180,69215,69115,69120,2330
1786987800,69120,69155,69055,69145,2095
1786988700,69145,69150,69085,69095,798
1786989600,69095,69110,69025,69050,1394
1786990500,69050,69095,69020,69070,1721
1786991400,69075,69085,69040,69070,462
1786992300,69065,69095,69065,69085,657
1786993200,69085,69085,68990,68995,1135
1786994100,68995,69065,68995,69040,912
1786995000,69040,69100,69020,69075,1066
1786995900,69080,69115,69020,69070,1587
1786996800,69070,69075,69030,69045,411
1786997700,69045,69060,69035,69035,272
1786998600,69035,69040,68965,68985,763
1786999500,68975,68980,68885,68975,2458
1787000400,68980,68980,68980,68980,539
1787010300,69010,69105,68865,68930,10506
1787011200,68935,69015,68595,68825,24354
1787012100,68825,69055,68685,69045,12525
1787013000,69045,69120,68945,69100,8983
1787013900,69100,69110,68915,68940,7011
1787014800,68945,69060,68905,68980,6793
1787015700,68975,68995,68815,68830,8157
1787016600,68835,68840,68555,68585,11596
1787017500,68575,68610,68350,68560,16046
1787018400,68560,68650,68355,68375,10010
1787019300,68375,68390,68135,68170,13591
1787020200,68165,68245,68045,68050,10638
1787021100,68055,68150,68000,68055,8488
1787022000,68055,68105,67990,68010,5048
1787022900,68010,68025,67875,67945,8683
1787023800,67940,68010,67700,67955,16483
1787024700,67950,68035,67920,67995,8644
1787025600,67990,68120,67950,67995,10013
1787026500,67995,68000,67795,67870,9599
1787027400,67870,67955,67805,67835,6152
1787028300,67840,67900,67790,67885,4184
1787029200,67885,67890,67715,67765,6124
1787030100,67765,67830,67725,67725,3933
1787031000,67720,67755,67660,67700,7109
1787031900,67700,67705,67550,67555,7858
1787032800,67560,67620,67390,67605,15743
1787033700,67605,67610,67475,67505,13338
1787034600,67500,67595,67455,67595,9169
1787035500,67545,67545,67545,67545,1909
1787040000,67430,67435,67160,67305,13199
1787040900,67305,67370,67205,67310,4427
1787041800,67315,67420,67280,67325,3926
1787042700,67320,67320,67195,67265,3459
1787043600,67265,67290,67175,67260,3578
1787044500,67255,67260,67145,67180,3788
1787045400,67175,67195,67070,67135,5072
1787046300,67130,67260,67080,67240,3904
1787047200,67245,67285,67195,67215,2643
1787048100,67220,67255,67160,67210,1910
1787049000,67205,67275,67205,67230,1692
1787049900,67235,67330,67215,67290,2038
1787050800,67290,67365,67255,67330,2192
1787051700,67325,67350,67290,67300,1562
1787052600,67300,67305,67235,67290,2440
1787053500,67295,67365,67290,67315,3028
1787054400,67315,67395,67290,67335,2591
1787055300,67330,67405,67315,67335,1973
1787056200,67335,67380,67235,67250,3394
1787057100,67255,67310,67240,67265,1641
1787058000,67265,67285,67195,67220,3271
1787058900,67220,67220,67145,67155,2866
1787059800,67160,67340,67085,67150,13506
1787060700,67145,67160,66910,67010,12300
1787061600,67010,67055,66800,66850,10655
1787062500,66845,67045,66820,66965,8269
1787063400,66960,67005,66650,66655,9668
1787064300,66650,66670,66375,66415,13446
1787065200,66410,66450,66270,66300,12139
1787066100,66305,66320,66185,66240,10584
1787067000,66235,66285,66115,66250,8634
1787067900,66250,66365,66250,66350,5063
1787068800,66355,66380,66265,66305,3194
1787069700,66305,66360,66255,66265,2092
1787070600,66260,66335,66250,66310,1602
1787071500,66310,66425,66300,66370,2916
1787072400,66365,66385,66330,66375,1574
1787073300,66370,66375,66305,66335,1279
1787074200,66325,66355,66295,66300,1061
1787075100,66300,66315,66210,66210,1563
1787076000,66210,66250,66170,66240,1664
1787076900,66245,66300,66235,66295,1169
1787077800,66290,66310,66260,66265,1186
1787078700,66265,66300,66225,66235,805
1787079600,66230,66305,66215,66300,1274
1787080500,66295,66360,66270,66350,917
1787081400,66345,66350,66300,66325,1362
1787082300,66325,66340,66260,66290,3462
1787083200,66295,66295,66180,66200,957
1787084100,66200,66210,66165,66205,721
1787085000,66205,66215,66190,66205,583
1787085900,66210,66215,66070,66095,1485
1787086800,66045,66045,66045,66045,753
1787096700,66155,66225,65930,65940,17632
1787097600,65935,66015,65545,65610,39047
1787098500,65605,65745,65335,65720,31604
1787099400,65725,65995,65605,65975,22493
1787100300,65975,66035,65780,65835,17087
1787101200,65830,66250,65815,66090,19052
1787102100,66085,66205,65905,66165,14051
1787103000,66160,66235,65940,66010,11371
1787103900,66005,66010,65820,65915,11324
1787104800,65920,65930,65650,65680,10440
1787105700,65685,65805,65595,65735,10386
1787106600,65735,65785,65665,65690,3967
1787107500,65690,65810,65685,65800,3586
1787108400,65800,65880,65735,65820,4493
1787109300,65820,65890,65775,65825,3423
1787110200,65825,65910,65685,65720,10096
1787111100,65720,65770,65665,65690,6392
1787112000,65690,65710,65550,65560,7795
1787112900,65560,65600,65470,65570,10819
1787113800,65570,65600,65180,65230,18869
1787114700,65235,65365,65150,65345,14009
1787115600,65350,65600,65305,65340,15633
1787116500,65340,65475,65260,65455,10213
1787117400,65460,65475,65210,65310,12189
1787118300,65305,65380,65250,65370,7121
1787119200,65365,65390,65270,65300,7521
1787120100,65305,65490,65285,65400,14006
1787121000,65400,65445,65320,65430,11226
1787121900,65475,65475,65475,65475,1905
1787126400,66000,66370,65860,66250,24315
1787127300,66250,66310,66180,66285,6995
1787128200,66285,66400,66260,66385,4845
1787129100,66385,66410,66275,66290,3811
1787130000,66290,66375,66230,66250,4530
1787130900,66240,66245,66110,66110,6215
1787131800,66115,66280,66105,66180,5408
1787132700,66175,66240,66160,66215,2454
1787133600,66220,66275,66165,66265,3385
1787134500,66265,66265,66155,66240,2379
1787135400,66240,66250,66185,66200,2865
1787136300,66205,66275,66110,66140,2708
1787137200,66145,66270,66110,66165,4213
1787138100,66170,66205,66100,66105,2884
1787139000,66110,66120,66020,66035,3848
1787139900,66035,66100,65980,66100,3389
1787140800,66100,66210,66025,66180,3644
1787141700,66185,66255,66175,66210,3440
1787142600,66215,66535,66155,66490,13390
1787143500,66495,66735,66490,66730,11705
1787144400,66730,66900,66615,66860,10775
1787145300,66850,66870,66710,66730,7816
1787146200,66735,66810,66460,66600,18172
1787147100,66600,66640,66105,66295,20377
1787148000,66295,66360,65955,65965,13888
1787148900,65965,66135,65750,66130,19199
1787149800,66130,66365,66080,66260,12409
1787150700,66260,66390,66195,66390,6579
1787151600,66390,66390,66230,66325,4435
1787152500,66320,66325,66205,66260,4315
1787153400,66270,66275,66105,66195,5237
1787154300,66190,66260,66125,66200,3118
1787155200,66200,66330,66155,66280,3344
1787156100,66275,66305,66105,66120,2726
1787157000,66120,66180,66100,66160,1987
1787157900,66160,66170,66080,66090,1376
1787158800,66090,66115,66035,66060,1560
1787159700,66060,66070,65980,66020,2071
1787160600,66020,66025,65930,65930,1667
1787161500,65930,65965,65910,65940,1556
1787162400,65940,65980,65755,65815,5090
1787163300,65825,65905,65735,65895,1746
1787164200,65895,65990,65885,65940,1908
1787165100,65940,65945,65880,65910,1004
1787166000,65910,65965,65900,65940,946
1787166900,65940,65990,65915,65930,1143
1787167800,65930,65980,65860,65875,1389
1787168700,65870,66020,65845,65965,4956
1787169600,65965,66030,65935,65965,1342
1787170500,65960,66000,65945,65990,490
1787171400,65990,66015,65985,66015,512
1787172300,66020,66150,65990,66130,1290
1787173200,66200,66200,66200,66200,630
1787183100,66335,66420,66065,66075,12177
1787184000,66070,66070,65660,65910,30104
1787184900,65915,66235,65905,66015,19827
1787185800,66015,66230,65810,66060,13193
1787186700,66060,66270,66030,66265,8444
1787187600,66265,66345,66160,66165,11537
1787188500,66160,66235,65920,65970,11171
1787189400,65965,66200,65870,66150,9232
1787190300,66150,66195,65955,66035,6343
1787191200,66040,66090,65950,66015,7349
1787192100,66015,66025,65865,65990,5523
1787193000,65995,66080,65875,66045,3225
1787193900,66045,66055,65905,66005,2637
1787194800,66005,66080,65955,66015,2427
1787195700,66020,66085,65955,65960,2102
1787196600,65965,65965,65740,65850,8016
1787197500,65845,65960,65795,65895,4522
1787198400,65895,66125,65860,66100,5983
1787199300,66105,66155,66035,66130,4804
1787200200,66135,66170,66055,66170,3617
1787201100,66170,66245,66130,66180,4762
1787202000,66175,66225,66080,66100,4699
1787202900,66100,66245,66070,66180,4014
1787203800,66185,66290,66160,66250,5470
1787204700,66250,66250,66070,66110,4376
1787205600,66115,66270,66090,66255,5914
1787206500,66250,66300,66145,66285,7163
1787207400,66280,66380,66210,66300,10098
1787208300,66360,66360,66360,66360,1833
1787212800,65920,66070,65850,65975,9698
1787213700,65970,66040,65840,65850,4827
1787214600,65850,65900,65730,65825,5467
1787215500,65815,65865,65760,65770,2835
1787216400,65780,65925,65740,65825,4078
1787217300,65825,65905,65780,65855,1924
1787218200,65860,65875,65750,65860,2783
1787219100,65860,65895,65795,65865,1885
1787220000,65865,65935,65805,65930,2616
1787220900,65925,65935,65805,65820,2160
1787221800,65825,65875,65740,65765,3386
1787222700,65760,65920,65760,65915,2699
1787223600,65915,65970,65710,65780,4785
1787224500,65785,65795,65515,65515,4247
1787225400,65515,65625,65510,65585,4610
1787226300,65580,65600,65415,65430,5919
1787227200,65435,65470,65125,65170,13726
1787228100,65170,65240,65065,65115,10250
1787229000,65120,65205,64880,65180,14653
1787229900,65180,65355,65165,65335,7519
1787230800,65335,65410,65265,65305,6791
1787231700,65310,65375,65275,65360,3956
1787232600,65360,65780,65355,65720,18658
1787233500,65720,65745,65425,65550,13714
1787234400,65555,65725,65535,65625,8791
1787235300,65630,65740,65455,65645,7883
1787236200,65645,65840,65630,65805,6190
1787237100,65805,65815,65695,65785,3772
1787238000,65785,65995,65730,65820,9843
1787238900,65815,65855,65620,65700,5581
1787239800,65700,65730,65505,65505,4387
1787240700,65500,65695,65485,65670,2547
1787241600,65675,65715,65620,65645,2335
1787242500,65640,65760,65635,65730,1465
1787243400,65725,65830,65650,65830,1919
1787244300,65830,65855,65785,65810,1665
1787245200,65810,65815,65710,65715,1329
1787246100,65715,65715,65640,65670,1028
1787247000,65670,65680,65595,65620,1194
1787247900,65615,65695,65610,65620,987
1787248800,65620,65620,65435,65470,2120
1787249700,65470,65515,65395,65480,1361
1787250600,65480,65490,65300,65345,5104
1787251500,65340,65415,65320,65355,1636
1787252400,65355,65490,65345,65470,1709
1787253300,65475,65520,65420,65515,1275
1787254200,65515,65530,65440,65455,1775
1787255100,65455,65610,65440,65595,3292
1787256000,65590,65605,65455,65460,932
1787256900,65465,65560,65455,65515,493
1787257800,65510,65535,65500,65520,343
1787258700,65515,65530,65475,65490,783
1787259600,65505,65505,65505,65505,417
1787269500,65600,65605,65190,65275,14442
1787270400,65270,65935,65175,65930,33130
1787271300,65930,65940,65620,65640,15343
1787272200,65640,65750,65535,65695,14204
1787273100,65700,65810,65450,65450,11448
1787274000,65445,65560,65250,65500,15174
1787274900,65500,65725,65410,65640,11056
1787275800,65645,65835,65600,65810,8763
1787276700,65815,65925,65700,65745,9234
1787277600,65745,65935,65720,65935,6796
1787278500,65935,66025,65915,66005,8267
1787279400,66005,66040,65940,65950,4269
1787280300,65950,66030,65940,66005,2734
1787281200,66005,66025,65920,65930,2521
1787282100,65930,66005,65920,66000,2631
1787283000,66000,66140,65930,65950,10082
1787283900,65950,65995,65805,65920,8207
1787284800,65925,66015,65895,66000,4587
1787285700,65995,66020,65870,65910,4442
1787286600,65910,65990,65870,65960,3992
1787287500,65960,66095,65940,65995,5983
1787288400,65995,66035,65880,65975,5031
1787289300,65970,66000,65855,65885,4172
1787290200,65880,65900,65775,65815,4975
1787291100,65810,65880,65745,65870,5695
1787292000,65870,65955,65825,65895,6875
1787292900,65895,66085,65895,66020,9356
1787293800,66025,66175,66020,66125,8746
1787294700,66090,66090,66090,66090,1080
1787299200,66265,66310,66055,66060,8391
1787300100,66055,66135,66000,66105,4646
1787301000,66105,66190,66105,66165,3025
1787301900,66160,66185,66125,66170,2517
1787302800,66175,66195,66010,66060,3879
1787303700,66060,66100,65990,66000,2106
1787304600,65995,66095,65980,66080,2018
1787305500,66075,66145,66070,66120,1876
1787306400,66125,66205,66095,66110,2063
1787307300,66110,66140,66095,66135,1139
1787308200,66135,66150,66115,66120,1243
1787309100,66120,66185,66120,66155,1397
1787310000,66160,66215,66065,66190,3251
1787310900,66185,66405,66185,66405,6390
1787311800,66405,66465,66305,66350,6297
1787312700,66350,66355,66250,66260,3194
1787313600,66260,66280,66170,66220,4342
1787314500,66220,66240,66170,66215,2400
1787315400,66220,66265,66170,66250,3081
1787316300,66255,66260,66095,66135,3373
1787317200,66135,66180,66040,66050,3237
1787318100,66050,66090,65965,66070,4476
1787319000,66065,66090,65645,65770,17821
1787319900,65765,65975,65740,65930,11959
1787320800,65930,65970,65735,65750,7088
1787321700,65745,65845,65700,65765,7405
1787322600,65765,65810,65595,65630,7183
1787323500,65630,65755,65615,65715,5467
1787324400,65710,65855,65670,65825,5767
1787325300,65825,65865,65715,65850,3915
1787326200,65850,66125,65840,66100,5798
1787327100,66095,66180,66020,66040,4907
1787328000,66035,66045,65890,65910,3573
1787328900,65910,66075,65895,65950,5287
1787329800,65950,65970,65910,65945,1341
1787330700,65950,65955,65855,65950,1935
1787331600,65950,65970,65910,65920,1417
1787332500,65925,65925,65855,65900,1334
1787333400,65900,65930,65885,65905,909
1787334300,65910,65945,65890,65890,788
1787335200,65890,65945,65855,65860,1289
1787336100,65860,65915,65860,65865,690
1787337000,65865,65885,65830,65865,921
1787337900,65870,65935,65870,65930,786
1787338800,65930,65960,65910,65925,973
1787339700,65925,65965,65920,65945,927
1787340600,65940,65975,65935,65970,1073
1787341500,65970,66050,65910,65925,2687
1787342400,65925,65940,65900,65925,625
1787343300,65930,65960,65910,65920,576
1787344200,65920,65970,65920,65960,408
1787345100,65960,65995,65915,65925,714
1787346000,65980,65980,65980,65980,803
1787528700,65940,66245,65865,66185,10703
1787529600,66190,66250,65805,66055,22118
1787530500,66055,66085,65645,65715,16887
1787531400,65715,65920,65655,65750,10212
1787532300,65750,66045,65745,66010,8786
1787533200,66005,66120,65875,66080,10117
1787534100,66080,66215,66030,66065,8680
1787535000,66065,66145,65955,66035,7128
1787535900,66030,66130,65765,65780,8791
1787536800,65780,65980,65745,65960,6449
1787537700,65960,66020,65895,65985,4588
1787538600,65985,66020,65965,65990,2306
1787539500,65990,66000,65870,65980,2710
1787540400,65980,65990,65840,65845,2657
1787541300,65845,65860,65695,65705,4943
1787542200,65705,65725,65585,65625,10023
1787543100,65625,65660,65545,65600,5561
1787544000,65605,65775,65590,65775,4627
1787544900,65775,65785,65605,65680,5224
1787545800,65680,65705,65605,65685,3347
1787546700,65685,65740,65615,65625,3643
1787547600,65625,65795,65615,65795,4842
1787548500,65795,65795,65670,65710,3377
1787549400,65710,65720,65545,65590,6321
1787550300,65590,65630,65550,65570,4616
1787551200,65565,65580,65465,65535,7780
1787552100,65540,65640,65495,65570,9130
1787553000,65565,65580,65450,65535,5959
1787553900,65440,65440,65440,65440,1466
1787558400,65395,65655,65260,65605,9725
1787559300,65605,65675,65545,65600,3492
1787560200,65595,65690,65580,65685,2647
1787561100,65685,65705,65625,65625,2035
1787562000,65630,65715,65595,65700,2183
1787562900,65705,65710,65660,65690,1168
1787563800,65695,65760,65680,65740,1665
1787564700,65745,65775,65735,65740,1226
1787565600,65745,65805,65725,65725,2177
1787566500,65725,65775,65700,65715,1369
1787567400,65710,65765,65675,65685,1235
1787568300,65685,65695,65630,65670,1237
1787569200,65665,65680,65570,65605,3026
1787570100,65610,65685,65595,65650,1464
1787571000,65650,65955,65650,65820,8025
1787571900,65820,65820,65655,65665,3636
1787572800,65665,65665,65550,65570,3442
1787573700,65570,65590,65530,65580,2825
1787574600,65580,65635,65365,65505,9220
1787575500,65510,65595,65500,65505,2637
1787576400,65505,65510,65430,65455,3031
1787577300,65455,65525,65425,65490,3280
1787578200,65480,65485,64980,64980,15751
1787579100,64980,65115,64905,65075,12049
1787580000,65080,65085,64895,64965,7829
1787580900,64960,65040,64855,64950,7710
1787581800,64950,65180,64935,65085,6042
1787582700,65085,65130,65035,65065,3761
1787583600,65065,65080,64955,65015,3529
1787584500,65015,65315,64985,65265,7118
1787585400,65260,65350,65185,65330,6040
1787586300,65325,65400,65215,65270,5781
1787587200,65275,65370,65240,65270,4254
1787588100,65270,65390,65270,65350,1486
1787589000,65355,65380,65290,65305,948
1787589900,65305,65330,65260,65275,1960
1787590800,65270,65500,65260,65430,5138
1787591700,65430,65475,65300,65300,3415
1787592600,65300,65310,65260,65265,1302
1787593500,65260,65305,65250,65275,1055
1787594400,65280,65420,65280,65410,1232
1787595300,65415,65545,65400,65530,2050
1787596200,65535,65555,65455,65495,1498
1787597100,65500,65500,65430,65435,940
1787598000,65430,65455,65420,65445,808
1787598900,65440,65455,65415,65440,503
1787599800,65440,65470,65340,65370,1341
1787600700,65370,65390,65290,65360,3441
1787601600,65360,65385,65345,65360,753
1787602500,65360,65385,65315,65325,423
1787603400,65320,65360,65320,65345,507
1787604300,65345,65350,65300,65300,492
1787605200,65330,65330,65330,65330,641
1787615100,65280,65310,65105,65145,11024
1787616000,65135,65315,64730,64730,27156
1787616900,64730,65085,64605,65015,20522
1787617800,65010,65050,64785,64955,12524
1787618700,64960,65235,64895,65125,12867
1787619600,65130,65145,64930,65010,11586
1787620500,65010,65080,64845,64935,9577
1787621400,64935,65295,64935,65205,13076
1787622300,65210,65295,65165,65210,6781
1787623200,65210,65345,65175,65345,6733
1787624100,65340,65615,65325,65605,12105
1787625000,65605,65780,65600,65665,9886
1787625900,65665,65670,65560,65610,4812
1787626800,65610,65860,65600,65820,6439
1787627700,65820,65930,65800,65860,6079
1787628600,65860,65870,65650,65705,9229
1787629500,65710,65750,65605,65730,5212
1787630400,65740,65845,65690,65835,4957
1787631300,65835,65840,65740,65785,3534
1787632200,65785,65885,65770,65825,3803
1787633100,65825,65835,65695,65770,4513
1787634000,65760,65810,65685,65725,4199
1787634900,65725,65865,65720,65815,4184
1787635800,65815,65835,65695,65705,3899
1787636700,65705,65800,65680,65760,3814
1787637600,65760,65880,65735,65845,6405
1787638500,65845,65955,65830,65940,8918
1787639400,65945,65950,65850,65875,6734
1787640300,65930,65930,65930,65930,1551
1787644800,65850,65905,65765,65765,4867
1787645700,65770,66130,65760,65910,9544
1787646600,65915,65955,65820,65880,3136
1787647500,65880,65995,65865,65990,2513
1787648400,65990,66095,65925,66050,3039
1787649300,66055,66115,66035,66085,3080
1787650200,66085,66295,66085,66170,7774
1787651100,66165,66375,66155,66255,4739
1787652000,66255,66265,66170,66215,3589
1787652900,66215,66220,66155,66165,1950
1787653800,66165,66205,66145,66150,1434
1787654700,66145,66225,66145,66185,1513
1787655600,66185,66195,66050,66125,3534
1787656500,66120,66160,66095,66135,1311
1787657400,66140,66175,66125,66135,1045
1787658300,66140,66190,66125,66160,1425
1787659200,66160,66250,66140,66240,3224
1787660100,66240,66310,66200,66245,3036
1787661000,66245,66265,66075,66125,3146
1787661900,66125,66130,66080,66095,1760
1787662800,66100,66105,66010,66085,3697
1787663700,66085,66115,66010,66015,1861
1787664600,66015,66150,65885,65975,10999
1787665500,65970,66130,65920,65975,6872
1787666400,65970,65970,65800,65850,8165
1787667300,65850,65860,65700,65705,6530
1787668200,65705,65945,65560,65850,10805
1787669100,65845,65940,65820,65870,2760
1787670000,65870,65895,65815,65880,2016
1787670900,65875,66015,65850,66010,2841
1787671800,66015,66105,65965,65970,5512
1787672700,65965,65975,65895,65960,1469
1787673600,65955,66045,65950,66015,1244
1787674500,66015,66090,66010,66045,1668
1787675400,66040,66065,65970,65990,972
1787676300,65990,66040,65955,66005,1541
1787677200,66010,66010,65885,65915,1447
1787678100,65915,65940,65875,65890,801
1787679000,65890,65930,65885,65915,517
1787679900,65915,65935,65890,65910,417
1787680800,65910,65910,65870,65885,556
1787681700,65885,65920,65880,65905,478
1787682600,65905,65980,65905,65975,714
1787683500,65975,66020,65975,65980,628
1787684400,65980,65995,65925,65925,493
1787685300,65925,65930,65880,65920,896
1787686200,65920,65975,65895,65945,811
1787687100,65945,66080,65920,66055,1989
1787688000,66055,66145,66020,66115,1401
1787688900,66120,66185,66110,66150,748
1787689800,66160,66180,66130,66135,422
1787690700,66135,66140,66095,66135,491
1787691600,66000,66000,66000,66000,840
1787701500,65915,65995,65655,65660,11104
1787702400,65655,65700,65430,65565,27165
1787703300,65560,65750,65515,65590,11532
1787704200,65590,65690,65475,65575,9595
1787705100,65565,65690,65390,65395,11716
1787706000,65395,65640,65380,65605,10106
1787706900,65590,65675,65500,65620,6615
1787707800,65620,65750,65580,65715,8727
1787708700,65715,65835,65630,65825,6315
1787709600,65825,65940,65765,65935,5802
1787710500,65930,66235,65930,66230,10476
1787711400,66235,66390,66215,66365,10699
1787712300,66365,66505,66360,66415,8679
1787713200,66415,66420,66310,66345,6269
1787714100,66345,66360,66220,66240,4002
1787715000,66240,66355,66155,66285,8571
1787715900,66290,66390,66270,66275,4379
1787716800,66280,66320,66185,66225,4850
1787717700,66230,66390,66220,66365,4989
1787718600,66370,66435,66290,66345,4437
1787719500,66345,66385,66240,66370,4364
1787720400,66365,66410,66315,66320,4145
1787721300,66325,66340,66255,66325,3443
1787722200,66330,66370,66260,66325,3873
1787723100,66320,66330,66275,66315,2643
1787724000,66315,66335,66250,66265,4895
1787724900,66260,66330,66220,66310,7590
1787725800,66310,66340,66235,66325,5032
1787726700,66400,66400,66400,66400,1903
1787731200,66250,66325,66195,66205,5883
1787732100,66215,66295,66180,66290,2647
1787733000,66295,66390,66235,66385,2771
1787733900,66380,66380,66255,66315,1871
1787734800,66315,66325,66255,66275,1302
1787735700,66275,66275,66200,66220,1735
1787736600,66225,66285,66215,66270,1355
1787737500,66270,66310,66255,66300,930
1787738400,66295,66295,66210,66215,1026
1787739300,66215,66275,66210,66235,1459
1787740200,66230,66305,66195,66240,2124
1787741100,66245,66325,66225,66295,1777
1787742000,66295,66355,66295,66345,1903
1787742900,66345,66410,66280,66310,3054
1787743800,66310,66340,66200,66245,2728
1787744700,66245,66270,66155,66260,2740
1787745600,66265,66285,66230,66270,1420
1787746500,66265,66375,66215,66365,1852
1787747400,66360,66375,66085,66110,6534
1787748300,66110,66155,65955,65980,6602
1787749200,65985,66015,65905,66015,4139
1787750100,66020,66045,65945,66020,2902
1787751000,66025,66390,66020,66340,13529
1787751900,66340,66375,66240,66310,4980
1787752800,66305,66310,66040,66100,4748
1787753700,66100,66115,65915,65945,4892
1787754600,65940,66055,65940,66000,3868
1787755500,66000,66020,65945,65955,2808
1787756400,65960,66010,65910,65915,2409
1787757300,65910,65965,65870,65940,3273
1787758200,65940,66035,65885,66035,2761
1787759100,66035,66045,65900,65910,3700
1787760000,65905,65915,65845,65850,2065
1787760900,65855,65905,65825,65865,1911
1787761800,65865,65880,65750,65765,2147
1787762700,65765,65875,65755,65865,1499
1787763600,65865,65900,65835,65895,1067
1787764500,65900,65940,65900,65915,1086
1787765400,65915,65935,65880,65910,833
1787766300,65910,65925,65890,65910,779
1787767200,65905,65935,65890,65900,769
1787768100,65900,65930,65890,65905,425
1787769000,65900,65960,65895,65945,1032
1787769900,65945,66000,65945,65965,1030
1787770800,65965,66050,65965,66005,1238
1787771700,66010,66055,66005,66025,930
1787772600,66020,66025,65985,65990,1006
1787773500,65985,66035,65960,65990,3863
1787774400,65990,66140,65980,66070,1987
1787775300,66070,66135,65935,66010,3697
1787776200,66010,66055,65965,66030,1193
1787777100,66025,66170,66015,66165,1154
1787778000,66120,66120,66120,66120,488
1787787900,66990,67185,66930,67085,17429
1787788800,67080,67090,66425,66510,36663
1787789700,66505,66630,66325,66350,22654
1787790600,66355,66370,66060,66105,20142
1787791500,66105,66110,65855,65870,19058
1787792400,65870,65985,65760,65790,19044
1787793300,65790,66060,65760,66010,11462
1787794200,66005,66285,65945,66005,15182
1787795100,66005,66260,65990,66125,11010
1787796000,66125,66285,66090,66280,6397
1787796900,66285,66345,66160,66170,6890
1787797800,66170,66300,66170,66250,3951
1787798700,66255,66320,66225,66235,2827
1787799600,66235,66300,66200,66250,3085
1787800500,66250,66330,66225,66270,2956
1787801400,66270,66425,66245,66355,7398
1787802300,66360,66515,66340,66440,7352
1787803200,66440,66510,66315,66345,5424
1787804100,66340,66450,66290,66300,5043
1787805000,66300,66320,66125,66140,6570
1787805900,66140,66275,66140,66235,6382
1787806800,66240,66245,66100,66145,4995
1787807700,66150,66150,66005,66070,7271
1787808600,66070,66080,65985,66005,6684
1787809500,66005,66140,65985,66135,5579
1787810400,66135,66135,66020,66085,5472
1787811300,66075,66175,66065,66140,7004
1787812200,66145,66170,66110,66155,3758
1787813100,66150,66150,66150,66150,966
1787817600,66160,66340,66140,66325,5088
1787818500,66330,66445,66310,66445,3815
1787819400,66440,66455,66365,66385,4259
1787820300,66380,66465,66325,66345,3274
1787821200,66340,66385,66270,66315,4945
1787822100,66320,66400,66265,66350,2246
1787823000,66355,66380,66330,66340,1308
1787823900,66340,66370,66295,66310,1621
1787824800,66305,66305,66225,66245,2658
1787825700,66240,66270,66210,66225,1459
1787826600,66230,66245,66155,66210,3087
1787827500,66210,66230,66145,66230,2229
1787828400,66230,66280,66135,66270,4413
1787829300,66275,66280,66170,66175,1771
1787830200,66170,66240,66135,66200,3957
1787831100,66195,66265,66085,66260,3219
1787832000,66260,66310,66240,66295,2964
1787832900,66295,66320,66250,66295,2530
1787833800,66300,66360,66230,66230,3674
1787834700,66235,66250,66150,66165,2789
1787835600,66170,66400,66160,66380,4458
1787836500,66385,66425,66205,66220,5404
1787837400,66220,66350,65940,66045,20051
1787838300,66045,66065,65670,65780,19299
1787839200,65785,65985,65745,65955,10452
1787840100,65955,66085,65955,66050,7298
1787841000,66050,66090,65965,66030,4322
1787841900,66025,66130,65940,66005,5062
1787842800,66010,66030,65910,65960,3416
1787843700,65965,66015,65895,65920,3619
1787844600,65920,65995,65895,65920,3469
1787845500,65915,66105,65875,66075,3285
1787846400,66080,66130,66045,66075,2067
1787847300,66075,66100,66025,66090,1362
1787848200,66090,66195,66085,66170,2354
1787849100,66175,66235,66170,66230,1758
1787850000,66230,66250,66195,66225,1400
1787850900,66225,66235,66155,66165,1006
1787851800,66165,66195,66060,66065,1927
1787852700,66065,66080,65985,65995,1406
1787853600,65995,66010,65900,65945,2531
1787854500,65945,65965,65810,65845,1977
1787855400,65840,65925,65835,65920,1175
1787856300,65920,65930,65860,65915,1054
1787857200,65920,65980,65910,65955,1249
1787858100,65955,65975,65925,65940,729
1787859000,65940,66005,65930,66000,1245
1787859900,66000,66235,65995,66225,4440
1787860800,66230,66260,66130,66140,1992
1787861700,66135,66150,66095,66115,551
1787862600,66115,66145,66115,66130,507
1787863500,66135,66150,66110,66135,468
1787864400,66180,66180,66180,66180,584
1787874300,65950,66180,65880,66170,9787
1787875200,66170,66550,66055,66530,29662
1787876100,66530,66615,66380,66590,19027
1787877000,66595,66615,66375,66435,12254
1787877900,66430,66585,66390,66500,8973
1787878800,66505,66570,66440,66570,6728
1787879700,66565,66660,66440,66465,11360
1787880600,66460,66715,66425,66700,11079
1787881500,66700,66720,66620,66665,5385
1787882400,66670,66725,66630,66660,4557
1787883300,66655,66850,66655,66695,8655
1787884200,66695,66710,66560,66575,5213
1787885100,66575,66655,66550,66630,2726
1787886000,66630,66675,66585,66670,2810
1787886900,66670,66805,66670,66790,3536
1787887800,66795,66860,66505,66515,10648
1787888700,66520,66765,66455,66710,8712
1787889600,66705,66720,66525,66635,6594
1787890500,66635,66680,66610,66640,2958
1787891400,66640,66640,66535,66580,3691
1787892300,66580,66640,66560,66600,3315
1787893200,66605,66610,66455,66500,5865
1787894100,66495,66535,66460,66490,3660
1787895000,66490,66490,66350,66405,7841
1787895900,66405,66410,66280,66315,5726
1787896800,66315,66455,66300,66435,7231
1787897700,66435,66480,66315,66350,8167
1787898600,66350,66490,66350,66465,7076
1787899500,66450,66450,66450,66450,1103
1787904000,66550,66695,66470,66520,6754
1787904900,66525,66570,66475,66510,1756
1787905800,66515,66655,66505,66580,2820
1787906700,66575,66640,66535,66625,1699
1787907600,66620,66670,66605,66630,2046
1787908500,66635,66700,66605,66675,2253
1787909400,66680,66680,66600,66630,2338
1787910300,66630,66665,66600,66635,908
1787911200,66635,66635,66560,66580,1966
1787912100,66580,66595,66530,66580,1479
1787913000,66580,66625,66565,66565,1104
1787913900,66565,66610,66555,66595,1293
1787914800,66595,66635,66555,66595,1674
1787915700,66585,66695,66585,66665,2010
1787916600,66665,66695,66575,66580,2004
1787917500,66580,66615,66525,66530,1565
1787918400,66525,66550,66465,66500,2549
1787919300,66495,66585,66485,66560,1672
1787920200,66560,66565,66445,66515,2639
1787921100,66510,66560,66500,66535,1808
1787922000,66540,66625,66530,66575,2280
1787922900,66575,66585,66485,66510,2093
1787923800,66505,66600,66345,66530,10254
1787924700,66535,66740,66490,66615,7217
1787925600,66635,66850,66170,66245,19411
1787926500,66245,66585,66240,66560,14082
1787927400,66565,66800,66525,66725,10484
1787928300,66725,66845,66640,66810,7357
1787929200,66815,66825,66530,66550,7330
1787930100,66550,66620,66485,66550,6743
1787931000,66560,66565,66225,66235,6893
1787931900,66235,66250,65890,65900,10095
1787932800,65900,65940,65755,65850,9681
1787933700,65845,65880,65665,65740,8042
1787934600,65740,65840,65715,65745,4655
1787935500,65745,65930,65745,65835,3867
1787936400,65840,65840,65680,65765,4435
1787937300,65770,65780,65665,65680,3172
1787938200,65680,65805,65670,65750,2488
1787939100,65745,65865,65745,65850,1980
1787940000,65850,65870,65800,65810,2183
1787940900,65805,65835,65745,65775,1221
1787941800,65775,65805,65715,65740,1612
1787942700,65740,65750,65670,65710,1973
1787943600,65715,65780,65695,65745,2519
1787944500,65750,65825,65720,65810,1364
1787945400,65805,65805,65735,65760,1102
1787946300,65760,65855,65715,65775,2995
1787947200,65775,65790,65735,65785,1011
1787948100,65780,65805,65780,65785,441
1787949000,65785,65850,65770,65845,593
1787949900,65840,65865,65825,65845,622
1787950800,65835,65835,65835,65835,660
1788133500,65395,65395,64830,64840,19711
1788134400,64840,65115,64610,65005,40551
1788135300,65005,65320,64960,65265,20379
1788136200,65260,65555,65245,65340,19271
1788137100,65340,65385,65120,65160,13427
1788138000,65155,65180,65005,65160,16351
1788138900,65160,65325,65115,65315,12496
1788139800,65310,65360,65185,65245,9975
1788140700,65240,65285,65145,65190,8659
1788141600,65190,65445,65155,65410,9834
1788142500,65410,65460,65290,65355,8589
1788143400,65360,65410,65240,65250,4918
1788144300,65260,65530,65260,65530,4675
1788145200,65530,65720,65510,65700,6797
1788146100,65695,65725,65645,65675,5747
1788147000,65675,65745,65610,65675,9786
1788147900,65675,65740,65660,65725,5088
1788148800,65725,65770,65690,65770,5360
1788149700,65765,65910,65720,65885,6988
1788150600,65885,66045,65850,66015,8562
1788151500,66015,66180,65920,66155,7546
1788152400,66160,66205,66115,66175,7240
1788153300,66175,66265,66145,66195,7317
1788154200,66195,66200,66060,66120,6804
1788155100,66120,66190,66110,66180,5775
1788156000,66180,66210,66095,66180,7020
1788156900,66185,66375,66185,66350,14427
1788157800,66350,66470,66325,66455,10802
1788158700,66440,66440,66440,66440,1492
1788163200,66370,66405,66280,66340,8122
1788164100,66340,66390,66295,66375,3016
1788165000,66375,66400,66310,66335,2741
1788165900,66335,66415,66325,66395,2055
1788166800,66395,66455,66360,66435,2332
1788167700,66435,66525,66410,66410,3573
1788168600,66415,66440,66315,66325,3156
1788169500,66325,66325,66250,66265,2758
1788170400,66270,66275,66225,66265,1653
1788171300,66260,66330,66230,66305,1867
1788172200,66300,66310,66265,66280,1184
1788173100,66280,66340,66275,66325,1219
1788174000,66325,66330,66265,66270,1358
1788174900,66270,66350,66270,66345,1524
1788175800,66345,66375,66275,66275,1664
1788176700,66280,66340,66270,66325,1510
1788177600,66320,66475,66260,66470,7054
1788178500,66470,66515,66260,66370,6579
1788179400,66365,66470,66295,66315,5421
1788180300,66315,66325,66205,66250,3669
1788181200,66260,66295,66225,66295,2099
1788182100,66300,66350,66250,66320,3800
1788183000,66320,66485,66180,66190,15031
1788183900,66190,66305,66120,66260,9925
1788184800,66270,66310,66100,66155,6529
1788185700,66150,66245,66070,66130,5691
1788186600,66125,66295,66100,66250,4806
1788187500,66250,66260,66095,66120,4216
1788188400,66125,66195,65945,65960,7868
1788189300,65960,66020,65885,65995,5727
1788190200,65995,66005,65840,65890,5495
1788191100,65885,65905,65780,65790,2893
1788192000,65790,65860,65730,65835,4249
1788192900,65835,65875,65805,65865,2148
1788193800,65865,65925,65820,65890,2317
1788194700,65890,65910,65875,65900,1098
1788195600,65895,65895,65815,65825,1488
1788196500,65825,65840,65725,65730,1957
1788197400,65730,65845,65725,65845,1366
1788198300,65845,65885,65830,65835,1135
1788199200,65840,65865,65820,65850,1573
1788200100,65850,65870,65820,65825,797
1788201000,65820,65830,65720,65755,1552
1788201900,65760,65795,65740,65780,876
1788202800,65775,65810,65735,65750,779
1788203700,65755,65790,65735,65770,969
1788204600,65770,65830,65730,65825,1473
1788205500,65825,65975,65815,65875,5075
1788206400,65875,65915,65800,65840,1998
1788207300,65840,65865,65800,65835,771
1788208200,65830,65855,65815,65835,539
1788209100,65835,65865,65830,65865,306
1788210000,65810,65810,65810,65810,465
1788219900,65840,65985,65820,65825,10540
1788220800,65825,65845,65570,65615,27441
1788221700,65620,65845,65580,65775,13813
1788222600,65775,65885,65710,65840,8878
1788223500,65845,66040,65840,66035,9317
1788224400,66035,66325,66030,66325,15359
1788225300,66330,66435,66190,66225,13181
1788226200,66225,66365,66150,66330,9303
1788227100,66330,66405,66130,66175,8354
1788228000,66170,66235,66120,66175,5561
1788228900,66175,66215,66055,66065,5101
1788229800,66065,66150,66010,66040,4619
1788230700,66040,66265,66035,66265,4069
1788231600,66270,66285,66170,66190,3334
1788232500,66190,66235,66170,66190,2451
1788233400,66190,66250,66115,66170,6841
1788234300,66170,66255,66165,66255,4185
1788235200,66255,66295,66205,66270,3685
1788236100,66270,66395,66240,66320,5857
1788237000,66320,66320,66135,66145,5961
1788237900,66150,66260,66140,66160,4401
1788238800,66160,66285,66140,66235,4585
1788239700,66230,66360,66190,66360,4290
1788240600,66355,66515,66315,66495,11267
1788241500,66490,66555,66435,66485,8506
1788242400,66490,66535,66420,66425,7559
1788243300,66430,66435,66190,66195,8881
1788244200,66200,66280,66145,66190,9055
1788245100,66160,66160,66160,66160,1224
1788249600,66010,66035,65495,65510,19413
1788250500,65505,65535,65140,65145,13363
1788251400,65150,65245,65050,65105,11272
1788252300,65105,65260,65060,65105,12211
1788253200,65105,65130,64975,65005,9052
1788254100,65005,65090,64985,65035,4370
1788255000,65035,65115,64980,65100,4148
1788255900,65110,65145,65020,65020,3553
1788256800,65020,65115,65005,65100,3185
1788257700,65100,65205,65050,65165,3348
1788258600,65165,65205,65115,65115,2240
1788259500,65115,65160,65015,65065,4455
1788260400,65065,65085,64985,65045,3376
1788261300,65040,65070,65030,65050,1885
1788262200,65055,65140,65055,65105,2152
1788263100,65105,65115,64985,65000,3131
1788264000,65000,65005,64955,64980,3934
1788264900,64980,65050,64965,65015,2865
1788265800,65015,65030,64925,64955,4774
1788266700,64955,65025,64935,64985,2625
1788267600,64985,64990,64900,64945,4445
1788268500,64950,65060,64940,65045,3853
1788269400,65045,65165,64940,65045,11875
1788270300,65045,65175,65025,65100,7316
1788271200,65095,65325,65030,65315,12211
1788272100,65315,65425,65315,65365,7587
1788273000,65370,65455,65365,65430,7769
1788273900,65430,65495,65330,65380,5847
1788274800,65380,65435,65225,65230,6693
1788275700,65230,65380,65205,65375,6898
1788276600,65375,65465,65330,65465,6101
1788277500,65465,65625,65465,65610,4673
1788278400,65615,65625,65420,65425,5078
1788279300,65430,65445,65175,65220,6268
1788280200,65215,65225,65075,65080,4893
1788281100,65075,65145,65055,65110,4129
1788282000,65110,65115,64950,64995,5594
1788282900,64990,65005,64785,64970,11542
1788283800,64975,65000,64925,64975,2316
1788284700,64970,64975,64915,64935,1081
1788285600,64935,64960,64820,64830,1962
1788286500,64830,64910,64805,64815,1614
1788287400,64815,64820,64665,64665,3202
1788288300,64665,64795,64645,64775,2122
1788289200,64775,64895,64770,64895,2043
1788290100,64895,64915,64845,64910,2049
1788291000,64910,64910,64820,64860,2020
1788291900,64860,64885,64805,64880,2839
1788292800,64885,64915,64785,64870,3285
1788293700,64865,64920,64865,64875,1140
1788294600,64875,64930,64840,64900,1355
1788295500,64895,64915,64855,64855,762
1788296400,64880,64880,64880,64880,513
1788306300,64780,64915,64730,64830,13485
1788307200,64830,64940,64660,64840,30456
1788308100,64840,64900,64565,64585,28041
1788309000,64590,64645,64390,64560,19680
1788309900,64555,64655,64495,64505,15586
1788310800,64500,64715,64470,64495,14434
1788311700,64490,64635,64455,64540,9334
1788312600,64540,64560,64335,64360,12046
1788313500,64360,64370,64240,64300,13631
1788314400,64305,64420,64270,64380,10184
1788315300,64385,64580,64340,64470,10225
1788316200,64475,64475,64360,64455,6026
1788317100,64460,64500,64395,64455,4659
1788318000,64460,64495,64380,64480,3714
1788318900,64480,64495,64425,64440,2469
1788319800,64440,64485,64365,64400,7936
1788320700,64400,64435,64330,64370,4783
1788321600,64370,64380,64220,64275,7809
1788322500,64275,64355,64250,64275,6859
1788323400,64275,64360,64215,64260,7384
1788324300,64260,64310,64235,64300,5887
1788325200,64300,64385,64245,64355,6610
1788326100,64360,64470,64335,64450,6999
1788327000,64450,64515,64375,64500,8860
1788327900,64500,64515,64425,64485,5570
1788328800,64480,64505,64355,64385,8199
1788329700,64385,64420,64225,64255,13984
1788330600,64255,64395,64220,64395,11510
1788331500,64345,64345,64345,64345,1798
1788336000,64400,64510,64345,64385,7970
1788336900,64380,64450,64330,64375,4515
1788337800,64375,64435,64320,64330,5099
1788338700,64325,64330,64060,64150,9208
1788339600,64145,64265,63960,63965,8609
1788340500,63965,64020,63900,63950,6894
1788341400,63950,63965,63755,63765,7167
1788342300,63770,63940,63770,63905,6147
1788343200,63905,63925,63735,63925,8889
1788344100,63920,63970,63895,63915,3812
1788345000,63915,63920,63830,63845,2536
1788345900,63840,63935,63815,63930,2600
1788346800,63925,64090,63725,64085,12976
1788347700,64080,64085,63945,63990,6068
1788348600,63990,64120,63990,64035,5082
1788349500,64040,64180,64005,64175,3458
1788350400,64175,64270,64140,64255,6755
1788351300,64255,64335,64165,64210,9128
1788352200,64205,64240,64150,64170,3009
1788353100,64170,64170,64030,64055,3910
1788354000,64055,64170,64055,64130,3322
1788354900,64130,64205,64000,64135,8042
1788355800,64135,64305,64080,64210,13180
1788356700,64205,64245,63985,64210,9951
1788357600,64210,64405,64150,64380,9601
1788358500,64385,64620,64360,64585,11486
1788359400,64585,64610,64425,64510,10676
1788360300,64510,64510,64310,64355,7532
1788361200,64355,64480,64325,64435,5003
1788362100,64440,64505,64355,64500,6089
1788363000,64500,64615,64485,64610,4683
1788363900,64605,64605,64480,64575,3787
1788364800,64575,64615,64555,64585,2253
1788365700,64585,64615,64540,64550,2138
1788366600,64555,64605,64525,64530,1442
1788367500,64535,64615,64535,64605,1149
1788368400,64605,64690,64580,64630,2605
1788369300,64630,64675,64585,64655,1298
1788370200,64660,64715,64620,64710,1904
1788371100,64705,64750,64695,64740,2355
1788372000,64740,64780,64690,64715,2424
1788372900,64720,64850,64695,64710,4102
1788373800,64710,64735,64635,64640,1126
1788374700,64640,64690,64625,64690,1086
1788375600,64690,64740,64665,64725,914
1788376500,64725,64750,64690,64750,694
1788377400,64750,64800,64745,64800,1027
1788378300,64805,64835,64710,64745,4829
1788379200,64745,64750,64605,64650,3109
1788380100,64655,64655,64575,64595,1603
1788381000,64590,64595,64555,64560,589
1788381900,64565,64595,64545,64590,741
1788382800,64500,64500,64500,64500,591
1788392700,64575,64765,64575,64690,10662
1788393600,64690,64720,64315,64450,25753
1788394500,64455,64490,64155,64185,14794
1788395400,64185,64375,64155,64180,13136
1788396300,64180,64275,64140,64250,8631
1788397200,64250,64435,64225,64420,8835
1788398100,64420,64525,64275,64355,12797
1788399000,64350,64470,64285,64330,8070
1788399900,64330,64465,64305,64320,6431
1788400800,64320,64505,64275,64440,6869
1788401700,64445,64485,64380,64475,3793
1788402600,64475,64505,64405,64420,3957
1788403500,64415,64440,64365,64415,3941
1788404400,64420,64485,64405,64480,2131
1788405300,64485,64575,64485,64540,4228
1788406200,64535,64620,64490,64575,6907
1788407100,64575,64620,64535,64575,4418
1788408000,64575,64580,64510,64565,3947
1788408900,64565,64605,64465,64465,3986
1788409800,64465,64505,64430,64460,4241
1788410700,64460,64515,64420,64430,3229
1788411600,64435,64435,64165,64205,8668
1788412500,64210,64210,63765,63980,24238
1788413400,63970,64170,63955,64150,14071
1788414300,64150,64300,64050,64285,10839
1788415200,64285,64465,64230,64275,13965
1788416100,64280,64295,64190,64200,9598
1788417000,64200,64285,64150,64240,7997
1788417900,64230,64230,64230,64230,1144
1788422400,64230,64495,64170,64415,15378
1788423300,64415,64580,64385,64535,8125
1788424200,64530,64565,64365,64370,5134
1788425100,64365,64385,64270,64285,3875
1788426000,64285,64325,64175,64210,5767
1788426900,64205,64215,64130,64130,3994
1788427800,64130,64165,64000,64035,4839
1788428700,64035,64045,63905,63930,7493
1788429600,63930,63965,63885,63910,5506
1788430500,63910,63945,63850,63855,3495
1788431400,63855,63905,63785,63875,4220
1788432300,63870,63890,63785,63845,3587
1788433200,63840,63955,63770,63910,6252
1788434100,63910,64010,63840,63950,5904
1788435000,63950,64025,63770,63895,7236
1788435900,63895,63895,63750,63770,4852
1788436800,63775,63850,63735,63755,4715
1788437700,63755,63905,63705,63850,5719
1788438600,63850,64175,63850,63930,15173
1788439500,63935,64210,63915,64125,7977
1788440400,64120,64170,64000,64160,6496
1788441300,64160,64170,63995,64070,4769
1788442200,64075,64130,63740,63990,18456
1788443100,63985,64095,63865,64030,9951
1788444000,64030,64030,63715,63840,11977
1788444900,63835,64120,63835,64005,10102
1788445800,64005,64020,63820,63915,7320
1788446700,63920,64245,63855,64235,12458
1788447600,64240,64460,64230,64430,12923
1788448500,64430,64665,64370,64645,13940
1788449400,64655,64670,64495,64500,5986
1788450300,64505,64575,64500,64570,3503
1788451200,64575,64595,64500,64590,2827
1788452100,64585,64670,64570,64610,3434
1788453000,64615,64700,64575,64650,3796
1788453900,64660,64680,64610,64625,2649
1788454800,64625,64640,64545,64550,2689
1788455700,64550,64575,64500,64560,2147
1788456600,64560,64625,64560,64615,915
1788457500,64615,64630,64590,64605,1550
1788458400,64605,64720,64605,64620,3606
1788459300,64625,64635,64560,64570,1963
1788460200,64575,64585,64530,64545,1026
1788461100,64550,64585,64535,64540,904
1788462000,64545,64550,64515,64540,1337
1788462900,64540,64555,64500,64555,908
1788463800,64555,64595,64540,64595,1062
1788464700,64595,64615,64530,64585,3384
1788465600,64585,64605,64555,64585,827
1788466500,64575,64590,64565,64585,502
1788467400,64585,64625,64580,64620,690
1788468300,64615,64630,64585,64590,672
1788469200,64665,64665,64665,64665,575
1788479100,64680,64785,64600,64620,13528
1788480000,64620,64620,64290,64430,25709
1788480900,64430,64825,64355,64790,17334
1788481800,64790,64860,64670,64830,14984
1788482700,64830,64870,64700,64740,13207
1788483600,64740,64835,64580,64670,13376
1788484500,64665,64795,64630,64750,10474
1788485400,64745,64780,64665,64765,7534
1788486300,64770,64770,64620,64655,6865
1788487200,64650,64750,64580,64730,8692
1788488100,64735,64805,64690,64760,6742
1788489000,64760,64810,64725,64800,3296
1788489900,64800,64905,64790,64870,5090
1788490800,64870,64895,64815,64820,3931
1788491700,64820,64870,64725,64750,4076
1788492600,64755,64975,64755,64940,10055
1788493500,64940,64975,64905,64925,5636
1788494400,64920,64960,64795,64945,6862
1788495300,64945,65085,64930,65060,8610
1788496200,65060,65095,64930,64970,8625
1788497100,64965,64980,64910,64970,4387
1788498000,64970,65050,64965,65020,6074
1788498900,65015,65150,65015,65090,8392
1788499800,65090,65195,65090,65180,10579
1788500700,65180,65205,65045,65055,9698
1788501600,65055,65095,65015,65065,7516
1788502500,65055,65105,65000,65085,9526
1788503400,65080,65080,64975,64990,8308
1788504300,65015,65015,65015,65015,2176
1788508800,65100,65135,65035,65040,7054
1788509700,65035,65095,64975,65080,3686
1788510600,65085,65095,65000,65070,2355
1788511500,65065,65150,65055,65140,2861
1788512400,65140,65150,65030,65035,4167
1788513300,65045,65075,65005,65040,2756
1788514200,65045,65140,65045,65135,2397
1788515100,65135,65255,65135,65215,4397
1788516000,65210,65215,65140,65180,3273
1788516900,65180,65310,65170,65255,3999
1788517800,65250,65295,65200,65275,2847
1788518700,65275,65315,65265,65285,2144
1788519600,65290,65290,65215,65220,2142
1788520500,65215,65240,65185,65210,1862
1788521400,65215,65270,65195,65250,1722
1788522300,65245,65295,65215,65290,2210
1788523200,65290,65300,65150,65200,3216
1788524100,65200,65395,65165,65360,3505
1788525000,65350,65375,64780,64920,28955
1788525900,64915,64915,64705,64740,16497
1788526800,64745,64835,64655,64830,9070
1788527700,64830,64900,64785,64890,6622
1788528600,64895,65355,64870,65315,22022
1788529500,65315,65590,65250,65550,15802
1788530400,65545,65645,65415,65635,12959
1788531300,65635,65650,65470,65550,8248
1788532200,65540,65660,65485,65585,7603
1788533100,65585,65630,65445,65625,9916
1788534000,65625,65780,65595,65740,8755
1788534900,65745,65840,65680,65685,8333
1788535800,65680,65780,65615,65770,6401
1788536700,65770,65840,65750,65815,4169
1788537600,65815,65905,65790,65895,4076
1788538500,65895,65970,65865,65900,4354
1788539400,65895,65925,65840,65850,2265
1788540300,65850,65895,65810,65810,3176
1788541200,65810,65835,65760,65760,2043
1788542100,65755,65785,65700,65705,1909
1788543000,65710,65720,65630,65640,2172
1788543900,65640,65680,65610,65670,1801
1788544800,65675,65705,65620,65655,2235
1788545700,65655,65690,65645,65675,1016
1788546600,65675,65760,65645,65730,2206
1788547500,65735,65755,65725,65735,807
1788548400,65740,65760,65660,65665,1074
1788549300,65665,65720,65665,65710,587
1788550200,65710,65790,65690,65790,1200
1788551100,65785,65855,65785,65840,2261
1788552000,65840,65840,65785,65820,728
1788552900,65820,65835,65780,65790,603
1788553800,65785,65805,65755,65795,718
1788554700,65795,65800,65775,65775,313
1788555600,65820,65820,65820,65820,505
1788738300,66060,66135,65900,66090,12027
1788739200,66090,66275,65905,66195,26601
1788740100,66195,66415,66130,66345,15234
1788741000,66345,66410,66190,66285,11882
1788741900,66285,66310,66130,66145,10498
1788742800,66145,66445,66120,66440,10550
1788743700,66440,66445,66290,66420,9972
1788744600,66420,66490,66350,66480,8638
1788745500,66475,66535,66455,66505,9622
1788746400,66505,66670,66505,66670,7543
1788747300,66670,66685,66460,66465,8913
1788748200,66460,66505,66375,66400,6357
1788749100,66400,66440,66200,66225,7839
1788750000,66225,66225,66135,66160,7659
1788750900,66155,66230,66055,66205,8981
1788751800,66205,66320,66035,66035,15138
1788752700,66040,66270,66025,66270,8411
1788753600,66270,66295,66230,66275,5176
1788754500,66275,66290,66195,66285,4599
1788755400,66290,66305,66195,66230,4263
1788756300,66230,66340,66225,66335,3680
1788757200,66330,66375,66255,66265,6032
1788758100,66270,66330,66220,66295,4893
1788759000,66295,66345,66255,66315,5013
1788759900,66315,66335,66165,66170,5947
1788760800,66175,66280,66160,66270,6794
1788761700,66265,66380,66225,66370,9098
1788762600,66375,66475,66330,66465,9167
1788763500,66490,66490,66490,66490,1796
1788768000,66425,66455,66175,66220,9376
1788768900,66215,66280,66190,66230,4035
1788769800,66235,66275,66210,66270,3979
1788770700,66275,66320,66215,66280,2999
1788771600,66285,66335,66225,66240,2489
1788772500,66240,66240,66120,66145,2966
1788773400,66140,66170,66115,66130,1842
1788774300,66130,66160,66100,66110,2137
1788775200,66115,66140,66075,66115,1951
1788776100,66110,66120,66060,66075,1397
1788777000,66070,66105,66060,66085,1218
1788777900,66085,66090,65965,65980,3478
1788778800,65990,66005,65895,65985,3484
1788779700,65985,65995,65890,65925,2116
1788780600,65925,65980,65870,65950,2803
1788781500,65955,65965,65910,65910,1328
1788782400,65915,65960,65890,65895,1396
1788783300,65895,65915,65860,65885,2165
1788784200,65880,65915,65865,65880,1661
1788785100,65875,66035,65875,66035,3502
1788786000,66030,66075,66005,66055,4078
1788786900,66055,66090,66025,66080,2029
1788787800,66080,66140,66045,66060,3420
1788788700,66065,66140,66055,66125,2874
1788789600,66125,66175,66065,66075,3283
1788790500,66075,66100,66050,66050,1491
1788791400,66055,66120,66025,66115,2065
1788792300,66110,66120,65985,65990,1424
1788793200,65990,66050,65990,66020,1751
1788794100,66020,66045,65990,66015,1604
1788795000,66020,66095,66010,66085,1834
1788795900,66085,66110,66045,66065,785
1788796800,66065,66080,66020,66035,690
1788797700,66040,66060,66015,66020,463
1788798600,66025,66035,66015,66030,301
1788799500,66030,66060,66030,66055,433
1788800400,66055,66085,66050,66075,178
1788801300,66080,66085,66060,66060,166
1788802200,66070,66080,66055,66055,242
1788803100,66055,66065,66045,66050,120
1788804000,66055,66065,66035,66055,299
1788804900,66060,66060,66045,66055,96
1788805800,66055,66075,66050,66075,88
1788806700,66070,66075,66060,66065,58
1788807600,66070,66085,66050,66055,187
1788808500,66055,66065,66045,66055,200
1788809400,66050,66075,66045,66070,75
1788810300,66070,66080,66060,66070,162
1788811200,66065,66075,66055,66070,164
1788812100,66070,66080,66070,66075,72
1788813000,66070,66090,66060,66085,157
1788813900,66090,66090,66070,66075,146
1788814800,66075,66075,66075,66075,365
1788824700,65860,65985,65810,65830,11479
1788825600,65835,66065,65735,66040,24584
1788826500,66045,66495,66005,66445,20242
1788827400,66445,66480,66355,66415,10604
1788828300,66415,66785,66415,66725,15101
1788829200,66725,66755,66575,66645,12044
1788830100,66645,66655,66415,66460,12452
1788831000,66455,66630,66435,66610,7880
1788831900,66610,66655,66520,66525,5638
1788832800,66520,66585,66470,66575,6096
1788833700,66570,66620,66420,66440,5403
1788834600,66440,66510,66420,66440,2800
1788835500,66440,66455,66370,66380,2864
1788836400,66385,66565,66370,66555,3985
1788837300,66560,66640,66535,66620,4212
1788838200,66615,66710,66595,66605,7366
1788839100,66605,66635,66545,66625,4577
1788840000,66630,66640,66550,66550,3551
1788840900,66545,66550,66470,66515,3663
1788841800,66510,66515,66370,66515,4974
1788842700,66515,66540,66375,66385,4586
1788843600,66385,66390,66125,66185,9925
1788844500,66185,66340,66160,66200,7629
1788845400,66195,66200,65915,65940,11057
1788846300,65940,65945,65775,65775,11262
1788847200,65775,65790,65595,65640,14117
1788848100,65640,65640,65245,65290,18430
1788849000,65285,65340,65105,65340,17977
1788849900,65190,65190,65190,65190,2294
1788854400,65000,65175,64920,65090,14217
1788855300,65090,65155,65005,65060,4962
1788856200,65060,65170,65010,65130,4755
1788857100,65125,65230,65010,65090,6212
1788858000,65090,65255,65000,65215,4778
1788858900,65215,65220,65135,65210,2688
1788859800,65210,65425,65200,65325,6603
1788860700,65325,65370,65295,65325,2118
1788861600,65325,65340,65245,65275,2715
1788862500,65280,65520,65270,65315,7013
1788863400,65320,65325,65230,65320,2308
1788864300,65315,65355,65265,65310,3420
1788865200,65310,65360,65190,65220,4002
1788866100,65215,65325,65215,65250,2006
1788867000,65250,65305,65230,65240,1362
1788867900,65240,65420,65210,65410,3369
1788868800,65405,65410,65180,65190,4512
1788869700,65195,65235,65140,65235,4524
1788870600,65230,65355,65205,65330,5736
1788871500,65335,65440,65300,65440,3899
1788872400,65440,65525,65365,65525,4882
1788873300,65525,65605,65475,65520,5854
1788874200,65520,65615,65310,65315,13183
1788875100,65325,65500,65280,65280,8460
1788876000,65280,65295,65120,65260,10403
1788876900,65260,65315,65140,65215,6805
1788877800,65220,65300,65130,65300,4780
1788878700,65295,65380,65190,65370,4484
1788879600,65370,65425,65325,65405,3957
1788880500,65405,65470,65335,65360,5627
1788881400,65360,65470,65345,65470,2829
1788882300,65475,65500,65420,65425,2614
1788883200,65430,65485,65365,65390,2588
1788884100,65385,65420,65325,65365,1477
1788885000,65360,65365,65335,65360,1055
1788885900,65360,65415,65255,65325,3805
1788886800,65320,65455,65320,65440,2164
1788887700,65440,65445,65405,65435,785
1788888600,65440,65470,65415,65430,833
1788889500,65435,65455,65425,65425,427
1788890400,65425,65500,65425,65495,736
1788891300,65495,65510,65460,65475,1069
1788892200,65475,65475,65430,65465,618
1788893100,65465,65475,65255,65295,5330
1788894000,65300,65330,65265,65305,1376
1788894900,65305,65315,65195,65265,1746
1788895800,65260,65270,65200,65220,1162
1788896700,65220,65230,65085,65170,5979
1788897600,65165,65185,65070,65095,1365
1788898500,65105,65110,65035,65040,1464
1788899400,65040,65100,65035,65090,920
1788900300,65095,65100,65065,65085,456
1788901200,65050,65050,65050,65050,473
1788911100,65035,65035,64800,64960,10943
1788912000,64960,65595,64955,65350,25123
1788912900,65350,65490,65270,65365,10455
1788913800,65370,65530,65180,65525,11337
1788914700,65530,65720,65440,65590,11084
1788915600,65590,65765,65555,65755,8870
1788916500,65760,65780,65655,65670,6624
1788917400,65675,65710,65515,65515,7468
1788918300,65520,65580,65400,65505,7322
1788919200,65505,65610,65425,65435,6742
1788920100,65435,65480,65365,65475,5524
1788921000,65470,65505,65430,65480,3537
1788921900,65480,65485,65390,65460,2973
1788922800,65460,65480,65365,65405,2691
1788923700,65405,65475,65390,65470,2782
1788924600,65465,65585,65355,65360,7181
1788925500,65365,65365,65175,65240,8359
1788926400,65245,65315,65075,65085,6198
1788927300,65080,65245,65080,65195,6044
1788928200,65195,65330,65140,65305,6124
1788929100,65305,65330,65220,65290,3992
1788930000,65285,65295,65175,65215,5400
1788930900,65210,65215,65035,65095,6901
1788931800,65100,65125,65005,65050,6764
1788932700,65055,65170,65025,65165,5416
1788933600,65165,65185,65075,65140,6170
1788934500,65135,65165,64945,65030,10358
1788935400,65035,65210,65035,65165,6556
1788936300,65250,65250,65250,65250,1454
1788940800,65250,65345,65155,65260,5572
1788941700,65265,65340,65210,65310,2876
1788942600,65305,65345,65155,65155,3924
1788943500,65155,65275,65130,65235,3314
1788944400,65235,65295,65130,65185,3936
1788945300,65185,65190,65060,65090,1965
1788946200,65090,65115,64865,64895,4380
1788947100,64895,64930,64735,64760,4532
1788948000,64755,64760,64560,64575,9174
1788948900,64570,64740,64545,64610,5427
1788949800,64610,64665,64510,64520,3661
1788950700,64520,64565,64440,64495,4320
1788951600,64500,64615,64475,64495,3764
1788952500,64495,64590,64445,64505,3106
1788953400,64500,64505,64400,64405,3495
1788954300,64410,64610,64400,64425,10605
1788955200,64425,64445,64310,64320,4371
1788956100,64315,64460,64315,64405,4256
1788957000,64410,64490,64335,64475,4101
1788957900,64480,64560,64475,64530,3235
1788958800,64525,64625,64515,64600,2931
1788959700,64600,64675,64580,64675,3145
1788960600,64670,64815,64660,64760,9928
1788961500,64745,64940,64665,64930,8560
1788962400,64925,64985,64790,64810,6102
1788963300,64810,64810,64520,64715,9651
1788964200,64715,64715,64555,64620,5631
1788965100,64620,64625,64530,64565,3210
1788966000,64575,64645,64220,64295,11340
1788966900,64290,64410,64190,64300,6399
1788967800,64305,64470,64270,64340,6280
1788968700,64340,64385,64255,64285,2555
1788969600,64285,64295,64155,64165,3688
1788970500,64160,64230,64135,64205,2135
1788971400,64205,64360,64190,64355,1873
1788972300,64355,64355,64290,64310,1310
1788973200,64310,64375,64285,64370,2957
1788974100,64375,64410,64345,64350,1454
1788975000,64345,64355,64285,64335,1019
1788975900,64335,64370,64330,64360,917
1788976800,64355,64385,64280,64285,722
1788977700,64280,64300,64250,64255,740
1788978600,64250,64285,64230,64275,376
1788979500,64270,64280,64220,64225,374
1788980400,64235,64285,64190,64275,889
1788981300,64270,64295,64265,64265,495
1788982200,64260,64270,64225,64245,603
1788983100,64250,64260,64145,64190,1646
1788984000,64190,64220,64155,64210,931
1788984900,64210,64285,64205,64260,895
1788985800,64260,64345,64250,64325,899
1788986700,64320,64350,64270,64350,750
1788987600,64390,64390,64390,64390,795
1788997500,64405,64585,64290,64585,4587
1788998400,64590,64795,64555,64665,6229
1788999300,64660,64795,64605,64610,3218
1789000200,64605,64650,64265,64450,5604
1789001100,64445,64535,64320,64375,2772
1789002000,64375,64475,64250,64300,2472
1789002900,64305,64465,64260,64265,2415
1789003800,64265,64455,64165,64420,3175
1789004700,64420,64525,64345,64510,2102
1789005600,64515,64635,64465,64635,2293
1789006500,64635,64645,64485,64575,1501
1789007400,64575,64685,64545,64635,1142
1789008300,64640,64680,64575,64650,773
1789009200,64660,64770,64660,64710,1102
1789010100,64710,64735,64650,64720,806
1789011000,64720,64740,64625,64695,1237
1789011900,64690,64740,64665,64730,1126
1789012800,64735,64790,64695,64755,1090
1789013700,64750,64820,64725,64770,981
1789014600,64770,64820,64715,64810,960
1789015500,64815,64955,64810,64950,1962
1789016400,64955,64995,64820,64885,1653
1789017300,64880,64955,64850,64955,1236
1789018200,64960,65065,64935,65020,2146
1789019100,65020,65100,64855,64925,2254
1789020000,64915,65095,64915,65035,1813
1789020900,65040,65230,65040,65230,2752
1789021800,65220,65300,65195,65285,1361
1789022700,65170,65170,65170,65170,2015
1789027200,64940,65050,64880,64885,7357
1789028100,64885,64930,64815,64910,4613
1789029000,64915,64920,64740,64750,3190
1789029900,64745,64780,64685,64725,3051
1789030800,64725,64825,64690,64805,3867
1789031700,64805,64815,64730,64745,1865
1789032600,64740,64745,64615,64730,3377
1789033500,64725,64810,64715,64775,2813
1789034400,64775,64785,64720,64760,2521
1789035300,64755,64840,64755,64805,2348
1789036200,64810,64855,64730,64830,2468
1789037100,64835,64925,64715,64735,5443
1789038000,64730,64750,64595,64645,4319
1789038900,64640,64670,64600,64610,1883
1789039800,64615,64695,64610,64620,2509
1789040700,64620,64645,64410,64410,5358
1789041600,64410,64455,64350,64435,5618
1789042500,64430,64460,64320,64385,4778
1789043400,64390,64480,64050,64160,13115
1789044300,64160,64205,64025,64095,7211
1789045200,64095,64155,64005,64010,6424
1789046100,64010,64070,63945,64070,5919
1789047000,64075,64220,63970,64105,14557
1789047900,64110,64215,63925,63940,9321
1789048800,63940,64165,63930,63930,7632
1789049700,63925,64345,63885,64155,14145
1789050600,64155,64240,64065,64085,6317
1789051500,64085,64125,64010,64115,4389
1789052400,64120,64130,63995,64085,4258
1789053300,64085,64095,63965,64010,3342
1789054200,64020,64070,63955,64050,2803
1789055100,64060,64065,63900,63940,3055
1789056000,63945,63985,63830,63880,3834
1789056900,63880,63905,63815,63855,2032
1789057800,63855,63975,63795,63960,5458
1789058700,63965,64055,63965,64045,2497
1789059600,64035,64130,63975,63985,2484
1789060500,63980,63995,63930,63960,1082
1789061400,63955,63960,63855,63905,1319
1789062300,63905,63940,63855,63910,1906
1789063200,63910,63950,63785,63830,3755
1789064100,63825,63855,63785,63820,1107
1789065000,63820,63875,63800,63865,1267
1789065900,63860,63970,63815,63895,2168
1789066800,63890,63895,63795,63800,1698
1789067700,63800,63855,63760,63855,1079
1789068600,63855,63935,63845,63895,1741
1789069500,63885,63925,63825,63870,2525
1789070400,63870,63955,63835,63945,1378
1789071300,63945,63965,63905,63910,636
1789072200,63915,63950,63915,63940,531
1789073100,63945,63950,63895,63910,581
1789074000,63880,63880,63880,63880,453
1789083900,63720,63755,62980,62995,22524
1789084800,62990,63420,62875,63190,42273
1789085700,63185,63475,63000,63415,23147
1789086600,63410,63450,63040,63080,17354
1789087500,63080,63475,63055,63455,12329
1789088400,63455,63485,63265,63325,11626
1789089300,63325,63390,63210,63245,10772
1789090200,63245,63300,63055,63125,9474
1789091100,63125,63235,63035,63230,8798
1789092000,63230,63335,63190,63305,6680
1789092900,63305,63380,63210,63215,6600
1789093800,63210,63255,63095,63135,5162
1789094700,63135,63260,63115,63165,3624
1789095600,63165,63210,63110,63165,2481
1789096500,63160,63220,63140,63190,2991
1789097400,63195,63290,63100,63285,7238
1789098300,63290,63370,63215,63330,6346
1789099200,63330,63475,63285,63470,7636
1789100100,63470,63700,63430,63695,9320
1789101000,63695,63750,63620,63735,10048
1789101900,63730,63740,63540,63545,6386
1789102800,63540,63715,63525,63700,6558
1789103700,63700,63720,63545,63565,4876
1789104600,63560,63740,63560,63725,6980
1789105500,63725,63900,63650,63775,13015
1789106400,63780,63830,63720,63795,10160
1789107300,63795,63870,63790,63845,10345
1789108200,63845,63920,63775,63900,10960
1789109100,63960,63960,63960,63960,1623
1789113600,64000,64040,63815,64015,10827
1789114500,64010,64290,63965,64090,10159
1789115400,64095,64280,64095,64150,6789
1789116300,64155,64330,64130,64310,5032
1789117200,64315,64330,64190,64190,3771
1789118100,64190,64210,64150,64160,2266
1789119000,64165,64225,64160,64200,1965
1789119900,64200,64245,64190,64215,1396
1789120800,64220,64315,64130,64290,5786
1789121700,64290,64295,64210,64235,2694
1789122600,64235,64285,64210,64255,2396
1789123500,64255,64260,64160,64165,2482
1789124400,64165,64220,64115,64125,2851
1789125300,64130,64180,64105,64120,2771
1789126200,64120,64140,64045,64115,2997
1789127100,64115,64150,64085,64115,1690
1789128000,64115,64135,63990,64040,4308
1789128900,64045,64250,64030,64220,4347
1789129800,64245,64320,63800,64215,17991
1789130700,64210,64510,64165,64495,11726
1789131600,64490,64555,64380,64445,8277
1789132500,64445,64515,64395,64445,5786
1789133400,64440,64505,64290,64490,16307
1789134300,64490,64615,64395,64605,10847
1789135200,64605,64605,64330,64470,10754
1789136100,64470,64570,64465,64555,5671
1789137000,64555,64570,64360,64380,6743
1789137900,64380,64510,64345,64385,8217
1789138800,64380,64595,64375,64485,5478
1789139700,64490,64740,64490,64715,6249
1789140600,64710,64740,64645,64680,3837
1789141500,64680,64715,64605,64635,2575
1789142400,64635,64705,64630,64635,2201
1789143300,64630,64635,64510,64515,4548
1789144200,64520,64630,64505,64600,3060
1789145100,64605,64610,64565,64590,1004
1789146000,64600,64650,64575,64575,2422
1789146900,64575,64675,64565,64650,1290
1789147800,64650,64665,64595,64600,1426
1789148700,64595,64625,64585,64595,856
1789149600,64595,64620,64575,64580,570
1789150500,64580,64600,64520,64580,2767
1789151400,64580,64605,64545,64550,926
1789152300,64550,64560,64510,64530,857
1789153200,64535,64540,64500,64525,1069
1789154100,64530,64550,64515,64525,558
1789155000,64520,64595,64510,64575,2141
1789155900,64570,64605,64525,64535,3204
1789156800,64540,64560,64520,64530,729
1789157700,64525,64535,64515,64530,453
1789158600,64530,64545,64515,64515,479
1789159500,64520,64550,64510,64530,437
1789160400,64490,64490,64490,64490,648
1789343100,63000,63095,62730,62880,21424
1789344000,62875,62880,62615,62700,32565
1789344900,62705,62770,62530,62645,21417
1789345800,62645,63120,62640,63105,17700
1789346700,63105,63115,62765,62770,14341
1789347600,62765,62925,62725,62765,11029
1789348500,62765,62850,62705,62820,8185
1789349400,62820,62955,62765,62885,9716
1789350300,62890,63210,62885,63165,10916
1789351200,63165,63300,63130,63275,9564
1789352100,63275,63350,63215,63330,6754
1789353000,63330,63405,63305,63345,4686
1789353900,63350,63415,63330,63375,2843
1789354800,63370,63410,63350,63355,3380
1789355700,63355,63410,63305,63410,3912
1789356600,63405,63450,63135,63175,10104
1789357500,63175,63265,63145,63195,5256
1789358400,63195,63270,63120,63135,5381
1789359300,63135,63275,63130,63210,4151
1789360200,63205,63255,63160,63210,3666
1789361100,63215,63265,63175,63235,2996
1789362000,63240,63275,63190,63240,3237
1789362900,63240,63245,63095,63230,6011
1789363800,63235,63330,63200,63255,6834
1789364700,63255,63315,63210,63315,5213
1789365600,63320,63405,63315,63380,7136
1789366500,63380,63520,63370,63460,10747
1789367400,63455,63465,63320,63370,9236
1789368300,63350,63350,63350,63350,1625
1789372800,63160,63290,63145,63225,9480
1789373700,63220,63230,63110,63110,4207
1789374600,63110,63235,63070,63215,6752
1789375500,63215,63230,62940,63080,6322
1789376400,63085,63110,62860,62875,5981
1789377300,62875,62880,62730,62845,7253
1789378200,62845,62870,62620,62695,9527
1789379100,62700,62825,62700,62790,3376
1789380000,62800,62835,62745,62835,3317
1789380900,62830,62985,62790,62985,4371
1789381800,62990,63060,62950,63030,3882
1789382700,63030,63100,63010,63060,3169
1789383600,63055,63075,62975,62995,3189
1789384500,63000,63035,62945,63030,2438
1789385400,63025,63030,62945,62965,2040
1789386300,62965,62995,62890,62925,2865
1789387200,62930,63000,62845,62980,3645
1789388100,62980,63100,62925,63010,7190
1789389000,63010,63135,62895,63115,10520
1789389900,63115,63140,63015,63085,4023
1789390800,63085,63090,62860,62985,5963
1789391700,62990,63125,62975,62975,5170
1789392600,62975,63095,62865,63020,10174
1789393500,63020,63280,63020,63150,14147
1789394400,63145,63405,63130,63315,10454
1789395300,63315,63335,62965,63040,9110
1789396200,63040,63050,62840,62970,8834
1789397100,62965,63035,62790,62910,7101
1789398000,62905,63185,62810,62860,15221
1789398900,62860,62985,62845,62970,4597
1789399800,62970,63325,62905,63275,12524
1789400700,63280,63280,63175,63225,3309
1789401600,63230,63265,63170,63240,3395
1789402500,63240,63430,63240,63365,5203
1789403400,63360,63430,63320,63430,3832
1789404300,63435,63585,63400,63495,6308
1789405200,63500,63500,63410,63415,2023
1789406100,63410,63480,63365,63475,2015
1789407000,63475,63490,63440,63475,1638
1789407900,63475,63510,63470,63475,1205
1789408800,63475,63530,63420,63475,2044
1789409700,63470,63490,63400,63435,1141
1789410600,63435,63475,63420,63450,901
1789411500,63445,63460,63400,63415,1788
1789412400,63420,63440,63315,63355,1949
1789413300,63350,63365,63305,63305,1659
1789414200,63305,63335,63250,63285,1475
1789415100,63290,63295,63105,63115,3935
1789416000,63115,63160,63085,63150,1945
1789416900,63155,63220,63140,63220,1130
1789417800,63215,63220,63180,63190,569
1789418700,63195,63215,63185,63210,458
1789419600,63215,63215,63215,63215,451
1789429500,63095,63155,62790,62900,16326
1789430400,62890,63285,62765,63285,35254
1789431300,63290,63590,63215,63405,21425
1789432200,63410,63640,63355,63635,12925
1789433100,63635,63660,63420,63525,8305
1789434000,63520,63625,63465,63580,7886
1789434900,63575,63825,63575,63725,10211
1789435800,63725,63830,63600,63685,11231
1789436700,63690,63805,63650,63765,8001
1789437600,63765,63840,63740,63825,4787
1789438500,63830,63920,63800,63910,5703
1789439400,63910,63915,63830,63870,3570
1789440300,63865,63885,63815,63815,2870
1789441200,63825,63860,63775,63780,2332
1789442100,63780,63780,63655,63690,4467
1789443000,63695,63695,63510,63610,11673
1789443900,63615,63680,63510,63510,6586
1789444800,63510,63600,63465,63515,7257
1789445700,63510,63535,63305,63355,9267
1789446600,63350,63375,63150,63310,9869
1789447500,63310,63415,63190,63195,7786
1789448400,63195,63295,63070,63115,9362
1789449300,63110,63345,63005,63330,10605
1789450200,63330,63485,63280,63485,9886
1789451100,63485,63545,63410,63415,8497
1789452000,63415,63515,63415,63470,5778
1789452900,63465,63475,63355,63385,7951
1789453800,63380,63405,63270,63350,11089
1789454700,63320,63320,63320,63320,1361
1789459200,63075,63095,62920,63085,11153
1789460100,63085,63215,63050,63180,5748
1789461000,63185,63230,63135,63155,3361
1789461900,63150,63185,63115,63155,3015
1789462800,63155,63200,63095,63130,4273
1789463700,63130,63160,63000,63145,5297
1789464600,63145,63280,63090,63265,4208
1789465500,63260,63395,63260,63370,3442
1789466400,63370,63475,63345,63425,4432
1789467300,63420,63500,63385,63495,2945
1789468200,63495,63560,63465,63525,3824
1789469100,63520,63690,63505,63675,4729
1789470000,63675,63725,63635,63705,4606
1789470900,63705,63760,63670,63695,3933
1789471800,63690,63715,63655,63705,2866
1789472700,63705,63770,63700,63760,2442
1789473600,63760,63770,63715,63760,3033
1789474500,63760,63775,63700,63750,2814
1789475400,63750,63755,63655,63680,4478
1789476300,63685,63840,63655,63790,11848
1789477200,63790,63840,63760,63770,3625
1789478100,63770,63810,63735,63750,3533
1789479000,63755,63775,63450,63535,14649
1789479900,63540,63695,63495,63625,8405
1789480800,63635,63730,63490,63500,6359
1789481700,63500,63590,63465,63505,6037
1789482600,63510,63565,63405,63445,6471
1789483500,63445,63465,63230,63270,12397
1789484400,63270,63380,63270,63340,5015
1789485300,63335,63455,63310,63455,4739
1789486200,63460,63535,63385,63525,4862
1789487100,63520,63530,63340,63345,7034
1789488000,63345,63365,63260,63285,2769
1789488900,63280,63430,63275,63395,2590
1789489800,63395,63405,63345,63365,1311
1789490700,63365,63415,63325,63385,956
1789491600,63385,63405,63320,63360,1137
1789492500,63360,63390,63340,63370,1017
1789493400,63370,63435,63355,63390,1361
1789494300,63390,63430,63355,63420,772
1789495200,63420,63510,63395,63505,1592
1789496100,63505,63510,63460,63475,716
1789497000,63475,63475,63345,63360,2327
1789497900,63360,63405,63290,63400,979
1789498800,63405,63420,63350,63355,848
1789499700,63360,63380,63345,63365,327
1789500600,63360,63360,63315,63345,754
1789501500,63335,63420,63335,63415,2881
1789502400,63415,63475,63415,63460,1015
1789503300,63460,63485,63450,63465,417
1789504200,63465,63490,63460,63480,391
1789505100,63475,63490,63460,63460,349
1789506000,63495,63495,63495,63495,440
1789515900,63630,63650,63475,63500,10198
1789516800,63505,63520,63085,63290,28660
1789517700,63295,63325,63175,63270,12376
1789518600,63270,63440,63270,63355,9138
1789519500,63355,63390,63230,63295,8792
1789520400,63295,63335,63130,63220,6870
1789521300,63215,63275,63155,63225,5783
1789522200,63225,63270,63105,63190,6492
1789523100,63190,63190,63020,63045,7284
1789524000,63040,63180,63030,63130,6291
1789524900,63135,63235,63110,63220,5685
1789525800,63220,63335,63195,63250,5018
1789526700,63255,63390,63240,63385,4289
1789527600,63385,63505,63365,63500,6988
1789528500,63500,63700,63490,63565,10043
1789529400,63565,63665,63455,63550,12389
1789530300,63550,63630,63520,63560,6004
1789531200,63560,63670,63560,63590,5428
1789532100,63595,63675,63580,63585,3807
1789533000,63585,63595,63435,63445,5603
1789533900,63445,63535,63430,63465,4907
1789534800,63460,63515,63420,63500,4806
1789535700,63495,63545,63475,63525,3808
1789536600,63530,63595,63480,63590,4276
1789537500,63590,63640,63500,63530,5674
1789538400,63530,63665,63530,63630,6452
1789539300,63625,63790,63620,63770,10024
1789540200,63775,63820,63750,63785,7353
1789541100,63840,63840,63840,63840,1777
1789545600,63850,63920,63655,63795,10013
1789546500,63790,63970,63780,63890,8823
1789547400,63890,64030,63845,63935,5222
1789548300,63935,64055,63930,64050,3276
1789549200,64050,64110,63990,63990,4802
1789550100,63990,64000,63890,63890,5399
1789551000,63890,63990,63885,63950,2061
1789551900,63950,63970,63880,63940,2188
1789552800,63940,64005,63910,63995,1962
1789553700,63995,64005,63935,63965,1553
1789554600,63970,64020,63960,64005,1359
1789555500,64010,64125,64000,64115,2063
1789556400,64115,64180,64055,64055,5455
1789557300,64055,64090,64010,64060,2418
1789558200,64060,64180,64030,64150,3744
1789559100,64150,64200,64135,64200,2647
1789560000,64195,64235,64175,64200,4373
1789560900,64195,64280,64185,64280,3640
1789561800,64280,64300,64220,64280,4443
1789562700,64275,64365,64265,64340,4544
1789563600,64340,64350,64160,64280,5964
1789564500,64280,64300,64215,64265,5059
1789565400,64270,64375,64270,64315,9497
1789566300,64310,64425,64305,64400,7100
1789567200,64400,64415,64240,64340,5865
1789568100,64345,64365,64275,64330,3729
1789569000,64330,64350,64270,64345,3224
1789569900,64345,64450,64330,64450,3778
1789570800,64450,64725,64445,64680,12615
1789571700,64680,64705,64640,64650,4668
1789572600,64650,64660,64500,64530,5245
1789573500,64535,64730,64510,64515,7787
1789574400,64520,64575,64500,64565,1843
1789575300,64570,64575,64500,64510,1120
1789576200,64505,64515,64440,64440,1869
1789577100,64445,64485,64425,64430,1110
1789578000,64435,64435,64370,64410,1665
1789578900,64410,64420,64380,64405,986
1789579800,64405,64415,64325,64345,928
1789580700,64345,64480,64335,64475,1814
1789581600,64475,64585,64270,64450,10530
1789582500,64445,64500,64300,64415,4078
1789583400,64415,64580,64060,64440,11787
1789584300,64440,64535,63845,63865,12074
1789585200,63865,64065,63645,63695,11901
1789586100,63690,63765,63460,63625,9025
1789587000,63615,63805,63590,63715,8677
1789587900,63710,64115,63700,64090,9415
1789588800,64095,64165,64055,64125,3131
1789589700,64120,64175,64065,64105,2111
1789590600,64110,64195,64085,64185,969
1789591500,64185,64220,64170,64195,784
1789592400,64240,64240,64240,64240,583
1789602300,64340,64745,64335,64630,16663
1789603200,64630,64630,64180,64185,31604
1789604100,64185,64240,64005,64010,16924
1789605000,64010,64105,63940,63975,15152
1789605900,63980,63980,63780,63895,14999
1789606800,63900,64120,63780,64115,12509
1789607700,64110,64195,64025,64185,8160
1789608600,64185,64315,64080,64125,10375
1789609500,64125,64130,63810,63840,10509
1789610400,63845,63875,63745,63790,10860
1789611300,63790,63850,63755,63800,6911
1789612200,63795,64050,63795,64015,7204
1789613100,64015,64095,63965,63970,5198
1789614000,63965,64010,63915,63955,3561
1789614900,63955,64045,63925,64045,3258
1789615800,64045,64075,63905,64075,8918
1789616700,64075,64170,64025,64150,7240
1789617600,64150,64150,63995,64050,6243
1789618500,64050,64070,63875,63880,5589
1789619400,63875,63965,63825,63945,6180
1789620300,63945,64015,63890,63945,4269
1789621200,63950,63980,63915,63940,3977
1789622100,63935,63955,63860,63895,3772
1789623000,63895,63910,63740,63750,6067
1789623900,63745,63800,63670,63705,6075
1789624800,63705,63840,63650,63795,9007
1789625700,63795,64080,63740,64070,12896
1789626600,64075,64150,63995,64125,10384
1789627500,64200,64200,64200,64200,1711
1789632000,64280,64355,64090,64115,9290
1789632900,64115,64130,64020,64130,4110
1789633800,64125,64215,64085,64185,4522
1789634700,64190,64260,64170,64250,2372
1789635600,64250,64510,64245,64470,7969
1789636500,64470,64485,64315,64335,4660
1789637400,64345,64440,64325,64420,2098
1789638300,64420,64430,64335,64380,2234
1789639200,64385,64460,64370,64450,2241
1789640100,64455,64530,64440,64485,2575
1789641000,64490,64530,64400,64430,2735
1789641900,64425,64510,64395,64500,1837
1789642800,64500,64545,64485,64535,3511
1789643700,64535,64545,64465,64520,2215
1789644600,64525,64540,64505,64505,1793
1789645500,64500,64685,64480,64680,5666
1789646400,64680,64770,64570,64740,9552
1789647300,64740,64920,64730,64915,7746
1789648200,64915,64945,64855,64885,5527
1789649100,64880,64945,64865,64895,2875
1789650000,64890,64970,64885,64935,3302
1789650900,64935,64965,64875,64940,3542
1789651800,64935,64990,64715,64770,10619
1789652700,64775,65040,64775,64960,9888
1789653600,64965,64970,64770,64880,6757
1789654500,64885,64885,64720,64720,3962
1789655400,64725,64815,64710,64765,4499
1789656300,64765,64790,64635,64650,3736
1789657200,64650,64740,64645,64735,2729
1789658100,64730,64745,64675,64700,2149
1789659000,64700,64770,64685,64750,2797
1789659900,64750,64795,64695,64795,2360
1789660800,64795,64820,64750,64790,1335
1789661700,64800,64815,64775,64815,967
1789662600,64815,64815,64735,64815,1098
1789663500,64820,64835,64710,64810,3550
1789664400,64805,64895,64805,64845,1914
1789665300,64845,64865,64800,64805,595
1789666200,64810,64840,64800,64820,417
1789667100,64820,64835,64780,64835,575
1789668000,64835,64870,64815,64860,1118
1789668900,64865,64885,64825,64830,693
1789669800,64830,64845,64785,64825,928
1789670700,64825,64855,64820,64830,518
1789671600,64830,64875,64825,64840,538
1789672500,64840,64865,64790,64795,749
1789673400,64795,64835,64790,64825,907
1789674300,64825,64875,64815,64825,2012
1789675200,64825,64905,64820,64850,1083
1789676100,64845,64865,64835,64840,704
1789677000,64840,64855,64835,64835,316
1789677900,64835,64840,64810,64820,523
1789678800,64795,64795,64795,64795,438
1789688700,64800,64875,64740,64750,8400
1789689600,64750,64765,64405,64605,27046
1789690500,64610,64685,64455,64505,13692
1789691400,64510,64615,64445,64520,8415
1789692300,64520,64580,64465,64500,7168
1789693200,64495,64590,64465,64565,6067
1789694100,64560,64630,64425,64505,7936
1789695000,64505,64505,64310,64315,8629
1789695900,64315,64390,64225,64375,7178
1789696800,64370,64460,64360,64460,4258
1789697700,64460,64515,64380,64505,5181
1789698600,64505,64535,64460,64510,2632
1789699500,64510,64755,64495,64665,10647
1789700400,64670,65210,64660,65165,19849
1789701300,65165,65355,65050,65175,16628
1789702200,65180,65205,65015,65150,21551
1789703100,65155,65275,65150,65195,8475
1789704000,65195,65235,65140,65170,6757
1789704900,65165,65165,64970,65055,8165
1789705800,65050,65125,64955,65055,6677
1789706700,65050,65100,65005,65085,4081
1789707600,65080,65165,65070,65150,4981
1789708500,65155,65160,64995,65015,4667
1789709400,65015,65060,64960,65030,5243
1789710300,65030,65040,64825,64885,8100
1789711200,64880,64975,64855,64975,5963
1789712100,64970,65060,64860,64920,11007
1789713000,64920,65140,64850,65130,9906
1789713900,65100,65100,65100,65100,1169
1789718400,65335,65545,65310,65510,13631
1789719300,65510,65660,65430,65435,7635
1789720200,65440,65525,65385,65440,7035
1789721100,65440,65480,65340,65365,4557
1789722000,65365,65445,65345,65375,2601
1789722900,65380,65465,65355,65435,2738
1789723800,65430,65430,65265,65265,3577
1789724700,65265,65345,65245,65255,2894
1789725600,65255,65280,65210,65265,2507
1789726500,65265,65305,65245,65300,1927
1789727400,65300,65305,65235,65285,2071
1789728300,65285,65290,65150,65165,2740
1789729200,65160,65235,65045,65120,7812
1789730100,65115,65115,65025,65075,2848
1789731000,65075,65170,65075,65135,3258
1789731900,65130,65180,65120,65170,2793
1789732800,65180,65265,65065,65105,6976
1789733700,65105,65135,65000,65060,5359
1789734600,65060,65215,65060,65170,4081
1789735500,65170,65245,65145,65190,3509
1789736400,65190,65240,65130,65205,2772
1789737300,65200,65225,65115,65220,3909
1789738200,65225,65230,65060,65110,8356
1789739100,65115,65145,64980,65030,6706
1789740000,65020,65080,64835,64910,9851
1789740900,64910,64955,64845,64900,5755
1789741800,64900,64930,64790,64830,6678
1789742700,64835,64890,64780,64885,9012
1789743600,64890,64920,64720,64775,8083
1789744500,64775,64850,64745,64785,4432
1789745400,64780,64795,64695,64735,4780
1789746300,64735,64765,64680,64700,2025
1789747200,64695,64715,64650,64695,2367
1789748100,64690,64730,64585,64655,4776
1789749000,64655,64720,64625,64695,2026
1789749900,64695,64800,64660,64770,4558
1789750800,64770,64790,64720,64750,1221
1789751700,64750,64770,64735,64735,702
1789752600,64735,64775,64710,64775,807
1789753500,64770,64785,64760,64780,439
1789754400,64780,64790,64740,64745,465
1789755300,64745,64810,64735,64795,683
1789756200,64795,64795,64755,64785,456
1789757100,64785,64875,64785,64830,1708
1789758000,64835,64870,64825,64835,631
1789758900,64830,64860,64825,64830,461
1789759800,64830,64910,64810,64905,1068
1789760700,64905,65030,64905,64965,4739
1789761600,64965,65055,64955,65030,2687
1789762500,65020,65050,64995,65050,675
1789763400,65050,65060,65010,65035,676
1789764300,65030,65040,64965,64965,681
1789765200,64900,64900,64900,64900,615
1789947900,65190,65205,64970,65065,6759
1789948800,65070,65350,64930,64935,10371
1789949700,64935,65100,64900,64995,6234
1789950600,64995,65165,64975,65020,5354
1789951500,65020,65055,64940,64950,3336
1789952400,64955,65080,64955,65065,4589
1789953300,65065,65075,64875,64885,6349
1789954200,64885,64945,64865,64925,2859
1789955100,64925,64945,64885,64900,1899
1789956000,64895,64975,64875,64960,2041
1789956900,64960,64980,64930,64940,1403
1789957800,64945,64995,64890,64965,2052
1789958700,64960,65025,64960,65005,2305
1789959600,65010,65100,65000,65045,2136
1789960500,65045,65070,64995,65000,1563
1789961400,65005,65075,64970,65060,1328
1789962300,65065,65105,65035,65060,1669
1789963200,65065,65080,65010,65065,1332
1789964100,65070,65150,65065,65120,2495
1789965000,65120,65125,65070,65085,1388
1789965900,65085,65115,65075,65095,1165
1789966800,65095,65100,65060,65075,1223
1789967700,65080,65120,65070,65115,990
1789968600,65120,65305,65120,65245,5238
1789969500,65245,65270,65175,65220,1970
1789970400,65220,65360,65220,65305,3806
1789971300,65310,65355,65300,65325,1696
1789972200,65325,65425,65315,65400,2815
1789973100,65415,65415,65415,65415,645
1789977600,65500,65635,65465,65600,7221
1789978500,65600,65645,65560,65620,2783
1789979400,65620,65680,65610,65655,3411
1789980300,65655,65720,65645,65690,2510
1789981200,65690,65735,65640,65645,2337
1789982100,65645,65705,65635,65655,1487
1789983000,65655,65680,65615,65670,1731
1789983900,65670,65695,65640,65645,1027
1789984800,65640,65720,65630,65710,1866
1789985700,65715,65730,65690,65715,1376
1789986600,65720,65785,65695,65775,2277
1789987500,65780,65805,65720,65725,2028
1789988400,65720,65770,65720,65750,1259
1789989300,65750,65785,65740,65760,1086
1789990200,65760,65805,65750,65795,2073
1789991100,65795,65875,65785,65835,2321
1789992000,65835,65970,65830,65925,4954
1789992900,65925,65935,65885,65910,1579
1789993800,65910,65980,65880,65950,3916
1789994700,65955,65980,65825,65835,5097
1789995600,65825,65845,65790,65795,1829
1789996500,65800,65820,65730,65735,3372
1789997400,65735,65830,65610,65825,9787
1789998300,65825,65925,65820,65895,5236
1789999200,65890,65945,65810,65900,5314
1790000100,65900,66065,65895,66040,6920
1790001000,66040,66145,66040,66100,7174
1790001900,66100,66155,66065,66150,3216
1790002800,66150,66245,66145,66225,4083
1790003700,66225,66260,66190,66200,2358
1790004600,66200,66310,66200,66300,3116
1790005500,66300,66350,66190,66205,3956
1790006400,66205,66305,66185,66275,4501
1790007300,66280,66350,66280,66325,1876
1790008200,66330,66405,66325,66325,2566
1790009100,66330,66415,66330,66380,1177
1790010000,66385,66405,66365,66395,940
1790010900,66395,66400,66350,66385,881
1790011800,66390,66420,66365,66405,1780
1790012700,66410,66425,66390,66410,726
1790013600,66410,66455,66410,66440,1213
1790014500,66440,66485,66440,66455,881
1790015400,66455,66455,66400,66420,1817
1790016300,66425,66455,66420,66440,932
1790017200,66445,66460,66420,66440,838
1790018100,66440,66445,66420,66425,607
1790019000,66425,66525,66415,66485,1937
1790019900,66485,66490,66395,66405,1844
1790020800,66410,66415,66365,66385,768
1790021700,66380,66390,66345,66380,562
1790022600,66385,66390,66345,66350,401
1790023500,66345,66370,66335,66335,625
1790024400,66370,66370,66370,66370,458
1790034300,66400,66620,66380,66585,6510
1790035200,66580,66945,66570,66820,13585
1790036100,66815,66975,66765,66860,7526
1790037000,66860,66990,66820,66845,6291
1790037900,66840,66930,66810,66855,4415
1790038800,66855,66905,66780,66810,4439
1790039700,66810,66825,66735,66805,3875
1790040600,66805,66845,66685,66695,3596
1790041500,66705,66730,66580,66635,4882
1790042400,66630,66730,66545,66555,3604
1790043300,66555,66605,66545,66560,2097
1790044200,66565,66570,66485,66500,2929
1790045100,66505,66520,66470,66480,2037
1790046000,66475,66490,66415,66435,2555
1790046900,66435,66530,66435,66525,2808
1790047800,66525,66560,66445,66490,3747
1790048700,66490,66490,66375,66420,2471
1790049600,66420,66440,66340,66395,2220
1790050500,66395,66410,66305,66320,2867
1790051400,66315,66385,66240,66340,3678
1790052300,66340,66370,66290,66310,1637
1790053200,66310,66310,66220,66255,2702
1790054100,66255,66260,66100,66180,5674
1790055000,66175,66315,66110,66290,4161
1790055900,66290,66415,66290,66360,3926
1790056800,66360,66365,66240,66270,3583
1790057700,66275,66280,66180,66250,2953
1790058600,66245,66275,66210,66220,1496
1790059500,66205,66205,66205,66205,567
1790064000,66165,66305,66120,66195,7305
1790064900,66190,66190,66015,66030,6168
1790065800,66030,66215,65985,66215,8476
1790066700,66215,66395,66175,66365,6531
1790067600,66360,66420,66240,66300,6554
1790068500,66300,66375,66265,66280,2463
1790069400,66285,66370,66285,66325,2756
1790070300,66325,66565,66315,66520,11231
1790071200,66515,66585,66450,66480,3598
1790072100,66485,66490,66420,66455,1584
1790073000,66445,66525,66425,66490,1422
1790073900,66490,66545,66470,66495,1494
1790074800,66495,66540,66350,66450,5130
1790075700,66450,66480,66395,66425,2062
1790076600,66430,66510,66430,66495,2290
1790077500,66495,66555,66390,66400,3027
1790078400,66400,66475,66370,66425,2233
1790079300,66425,66525,66390,66510,1638
1790080200,66515,66605,66425,66430,4260
1790081100,66430,66465,66395,66460,2799
1790082000,66460,66535,66445,66510,3744
1790082900,66510,66525,66455,66465,2094
1790083800,66465,66805,66460,66770,12004
1790084700,66775,66870,66725,66845,7331
1790085600,66840,66980,66790,66910,8044
1790086500,66910,66915,66810,66900,4251
1790087400,66895,66940,66665,66745,8140
1790088300,66740,66815,66675,66740,4071
1790089200,66740,66845,66725,66835,6072
1790090100,66835,66845,66755,66760,2112
1790091000,66760,66760,66605,66610,3758
1790091900,66610,66695,66610,66690,1933
1790092800,66690,66750,66650,66725,1965
1790093700,66725,66725,66640,66660,1567
1790094600,66660,66730,66660,66730,950
1790095500,66730,66830,66725,66810,3017
1790096400,66805,66810,66750,66760,891
1790097300,66755,66805,66750,66805,528
1790098200,66805,66825,66755,66825,835
1790099100,66830,66970,66815,66965,5488
1790100000,66965,66990,66920,66975,2655
1790100900,66975,67010,66945,66945,1494
1790101800,66945,66965,66895,66935,1281
1790102700,66940,66950,66895,66910,635
1790103600,66915,66950,66910,66935,1007
1790104500,66935,66965,66910,66945,1326
1790105400,66950,67075,66940,67060,2033
1790106300,67060,67090,66950,66980,3093
1790107200,66980,66990,66935,66945,978
1790108100,66945,66950,66900,66915,492
1790109000,66915,66925,66880,66900,435
1790109900,66895,66900,66870,66890,478
1790110800,66855,66855,66855,66855,448
1790120700,67005,67115,66940,67060,9390
1790121600,67060,67150,66975,67025,10267
1790122500,67025,67135,66960,67025,5972
1790123400,67025,67045,66790,66795,6162
1790124300,66800,66835,66665,66685,5390
1790125200,66685,66730,66650,66660,4410
1790126100,66660,66705,66640,66680,2419
1790127000,66675,66685,66560,66565,3807
1790127900,66565,66615,66560,66575,2246
1790128800,66580,66620,66540,66565,2618
1790129700,66570,66615,66510,66595,3043
1790130600,66595,66605,66555,66575,1549
1790131500,66575,66595,66545,66555,1148
1790132400,66560,66595,66545,66565,1185
1790133300,66565,66590,66535,66545,1387
1790134200,66540,66640,66540,66620,2151
1790135100,66625,66665,66590,66590,2399
1790136000,66590,66710,66590,66690,2728
1790136900,66690,66710,66650,66660,1249
1790137800,66665,66705,66665,66690,956
1790138700,66690,66690,66630,66640,1348
1790139600,66640,66710,66625,66675,1431
1790140500,66675,66760,66640,66730,2315
1790141400,66730,66760,66635,66670,2273
1790142300,66675,66750,66675,66710,2409
1790143200,66710,66820,66690,66805,3080
1790144100,66810,66810,66700,66775,3739
1790145000,66770,66825,66745,66815,2019
1790145900,66790,66790,66790,66790,610
1790150400,66735,66750,66655,66710,4239
1790151300,66710,66795,66685,66755,2133
1790152200,66750,66775,66685,66710,1761
1790153100,66710,66745,66650,66735,2234
1790154000,66735,66815,66715,66740,2723
1790154900,66735,66810,66700,66750,1785
1790155800,66750,66780,66705,66705,1096
1790156700,66700,66700,66620,66630,3176
1790157600,66635,66680,66625,66655,1470
1790158500,66655,66660,66585,66635,1450
1790159400,66635,66660,66590,66610,1291
1790160300,66605,66620,66575,66610,934
1790161200,66605,66605,66510,66535,2421
1790162100,66540,66560,66405,66425,3617
1790163000,66425,66430,66335,66370,4092
1790163900,66365,66455,66365,66445,4113
1790164800,66445,66475,66360,66370,2637
1790165700,66370,66410,66345,66380,1893
1790166600,66385,66410,66370,66385,1261
1790167500,66385,66470,66380,66470,1914
1790168400,66470,66480,66400,66425,2102
1790169300,66420,66555,66410,66550,3281
1790170200,66550,66585,66275,66290,10366
1790171100,66285,66285,66130,66200,7701
1790172000,66195,66280,66015,66050,8585
1790172900,66050,66090,65920,65975,10754
1790173800,65975,66090,65930,65975,6535
1790174700,65975,66190,65950,66160,9909
1790175600,66160,66215,66105,66165,3771
1790176500,66170,66215,66100,66115,3083
1790177400,66120,66150,66050,66100,3067
1790178300,66100,66105,65990,66060,2608
1790179200,66055,66065,65995,66050,1387
1790180100,66055,66060,65990,66005,1588
1790181000,66010,66030,65910,65910,2066
1790181900,65905,65945,65745,65805,6511
1790182800,65800,65845,65685,65735,4596
1790183700,65735,65840,65725,65770,2217
1790184600,65770,65920,65725,65900,3659
1790185500,65900,65965,65895,65965,1440
1790186400,65965,65975,65880,65935,1514
1790187300,65930,65985,65900,65915,1021
1790188200,65905,65920,65865,65885,747
1790189100,65880,65945,65875,65940,562
1790190000,65940,65955,65875,65915,839
1790190900,65910,65920,65875,65880,702
1790191800,65880,65940,65870,65900,1163
1790192700,65895,65950,65860,65935,2771
1790193600,65935,65940,65900,65905,816
1790194500,65900,65925,65895,65905,302
1790195400,65910,65930,65885,65915,509
1790196300,65920,65940,65900,65905,634
1790197200,65950,65950,65950,65950,394
1790207100,65970,66025,65810,65855,13227
1790208000,65855,65950,65485,65625,30411
1790208900,65625,66025,65555,66010,21750
1790209800,66005,66075,65875,65910,14535
1790210700,65910,66040,65865,65990,10454
1790211600,65990,66055,65900,65965,9653
1790212500,65960,66030,65840,65880,8567
1790213400,65890,66030,65790,65795,9406
1790214300,65795,65865,65680,65820,10508
1790215200,65825,65880,65695,65710,7150
1790216100,65710,65765,65650,65700,5792
1790217000,65700,65850,65690,65835,4485
1790217900,65830,65865,65820,65830,2833
1790218800,65830,65830,65680,65735,3261
1790219700,65735,65755,65710,65710,2924
1790220600,65710,65720,65590,65605,8054
1790221500,65595,65615,65560,65595,4565
1790222400,65600,65600,65445,65475,10093
1790223300,65475,65605,65455,65605,4886
1790224200,65600,65740,65570,65640,7359
1790225100,65640,65710,65625,65690,3237
1790226000,65690,65770,65675,65700,4676
1790226900,65700,65730,65655,65690,3860
1790227800,65695,65705,65610,65610,4782
1790228700,65610,65615,65435,65440,6212
1790229600,65435,65515,65380,65500,10720
1790230500,65500,65565,65445,65465,10354
1790231400,65465,65470,65365,65465,10249
1790232300,65460,65460,65460,65460,1335
1790236800,65505,65560,65210,65255,11497
1790237700,65255,65325,65175,65185,8538
1790238600,65190,65340,65165,65230,9322
1790239500,65235,65275,65160,65200,3487
1790240400,65205,65335,65190,65275,4620
1790241300,65270,65370,65250,65285,3226
1790242200,65285,65295,65090,65110,5860
1790243100,65110,65285,65095,65280,3441
1790244000,65275,65315,65185,65205,4348
1790244900,65205,65255,65140,65155,5437
1790245800,65155,65310,65125,65285,3994
1790246700,65290,65385,65255,65320,4767
1790247600,65315,65340,65210,65290,3017
1790248500,65290,65370,65250,65250,4484
1790249400,65250,65310,65210,65235,1905
1790250300,65235,65335,65185,65320,3586
1790251200,65315,65380,65235,65365,4209
1790252100,65365,65435,65345,65400,6446
1790253000,65395,65405,65210,65350,5878
1790253900,65350,65450,65340,65435,4304
1790254800,65430,65480,65400,65475,3920
1790255700,65475,65535,65470,65530,3870
1790256600,65535,65570,65425,65495,10351
1790257500,65490,65580,65425,65485,7812
1790258400,65480,65600,65460,65505,5874
1790259300,65505,65535,65395,65530,6253
1790260200,65535,65595,65375,65375,5628
1790261100,65375,65465,65290,65315,6100
1790262000,65315,65345,65235,65235,4582
1790262900,65235,65340,65190,65215,6203
1790263800,65220,65275,65160,65275,4052
1790264700,65275,65330,65205,65300,3166
1790265600,65300,65325,65235,65320,3449
1790266500,65320,65825,65315,65715,22962
1790267400,65715,65890,65630,65765,6058
1790268300,65770,65855,65735,65770,5515
1790269200,65765,65855,65725,65820,6603
1790270100,65820,65820,65615,65675,3639
1790271000,65675,65720,65530,65530,2985
1790271900,65535,65615,65515,65585,2698
1790272800,65585,65595,65415,65590,4109
1790273700,65595,65685,65545,65660,3196
1790274600,65655,65770,65585,65630,3816
1790275500,65635,65735,65635,65695,2346
1790276400,65695,65710,65575,65590,2858
1790277300,65590,65665,65590,65640,1192
1790278200,65630,65665,65620,65635,1053
1790279100,65630,65695,65630,65660,2660
1790280000,65660,65660,65495,65495,1425
1790280900,65500,65510,65400,65400,1878
1790281800,65400,65465,65400,65460,941
1790282700,65460,65520,65460,65500,492
1790283600,65475,65475,65475,65475,475
1790293500,65405,65480,65305,65355,10473
1790294400,65355,65755,65340,65610,24310
1790295300,65620,65715,65550,65630,13962
1790296200,65635,65720,65585,65695,8459
1790297100,65700,65705,65535,65540,7083
1790298000,65540,65940,65475,65890,16105
1790298900,65890,66155,65875,66055,16323
1790299800,66055,66190,65990,66155,10512
1790300700,66155,66185,66115,66160,5390
1790301600,66160,66170,66035,66075,6448
1790302500,66075,66180,66050,66125,5281
1790303400,66125,66130,66020,66120,3327
1790304300,66115,66120,66025,66120,2361
1790305200,66125,66130,66055,66115,2129
1790306100,66110,66145,66055,66070,2658
1790307000,66070,66135,65945,65945,6811
1790307900,65950,66100,65935,66100,4570
1790308800,66100,66115,65955,66020,5363
1790309700,66020,66130,66015,66100,3390
1790310600,66105,66210,66080,66165,5848
1790311500,66165,66195,66110,66165,4220
1790312400,66160,66215,66150,66165,4117
1790313300,66165,66175,66065,66115,4075
1790314200,66110,66240,66110,66240,5801
1790315100,66235,66240,66130,66140,4988
1790316000,66140,66180,66110,66155,4841
1790316900,66155,66255,66120,66235,9251
1790317800,66240,66300,66205,66280,8023
1790318700,66290,66290,66290,66290,1978
1790323200,66230,66310,66085,66260,7784
1790324100,66260,66440,66240,66435,4616
1790325000,66430,66480,66385,66475,4536
1790325900,66475,66550,66470,66535,3489
1790326800,66530,66595,66525,66555,3958
1790327700,66550,66590,66470,66480,5100
1790328600,66480,66575,66465,66540,4227
1790329500,66540,66540,66445,66485,3885
1790330400,66490,66530,66435,66495,3322
1790331300,66495,66510,66450,66455,1646
1790332200,66455,66470,66330,66345,3057
1790333100,66345,66365,66310,66340,2352
1790334000,66340,66465,66325,66465,3037
1790334900,66470,66500,66455,66460,2394
1790335800,66460,66520,66385,66390,4303
1790336700,66390,66395,66325,66325,2083
1790337600,66330,66360,66280,66315,3992
1790338500,66310,66350,66240,66330,2932
1790339400,66330,66380,66285,66335,4571
1790340300,66335,66430,66235,66240,7910
1790341200,66245,66345,66185,66305,4416
1790342100,66300,66300,66025,66055,8272
1790343000,66055,66185,65985,66090,10235
1790343900,66095,66195,66025,66110,5736
1790344800,66110,66120,65890,65930,10331
1790345700,65930,66000,65855,65910,7630
1790346600,65910,66000,65885,65960,4119
1790347500,65960,66005,65910,65995,5088
1790348400,65995,66055,65960,66020,6684
1790349300,66020,66075,65980,66005,4591
1790350200,66010,66135,65925,65935,8469
1790351100,65930,66175,65910,66165,7168
1790352000,66165,66530,66140,66465,11687
1790352900,66465,66520,66310,66445,6085
1790353800,66450,66470,66310,66420,7341
1790354700,66420,66430,66300,66340,4692
1790355600,66340,66420,66330,66390,2428
1790356500,66375,66395,66355,66365,1145
1790357400,66370,66400,66330,66370,2413
1790358300,66370,66375,66310,66355,1684
1790359200,66360,66410,66345,66410,867
1790360100,66415,66415,66340,66390,2953
1790361000,66395,66445,66335,66395,1255
1790361900,66395,66405,66355,66360,1094
1790362800,66360,66415,66330,66410,1730
1790363700,66415,66415,66350,66360,903
1790364600,66360,66425,66350,66410,1907
1790365500,66415,66520,66410,66460,4819
1790366400,66465,66480,66430,66440,883
1790367300,66440,66445,66415,66440,714
1790368200,66440,66460,66430,66455,605
1790369100,66445,66475,66445,66450,454
1790370000,66475,66475,66475,66475,573
1790552700,66205,66345,66075,66315,14692
1790553600,66310,66805,66250,66805,33518
1790554500,66805,66850,66655,66685,16361
1790555400,66690,66725,66485,66710,16132
1790556300,66705,66765,66425,66450,12583
1790557200,66450,66475,66235,66265,17387
1790558100,66265,66320,66100,66285,14391
1790559000,66280,66400,66245,66250,10680
1790559900,66245,66255,66150,66185,8167
1790560800,66185,66235,66115,66215,6548
1790561700,66215,66220,66115,66140,4643
1790562600,66140,66165,66090,66105,4353
1790563500,66105,66105,65965,66020,5220
1790564400,66025,66100,66025,66055,3924
1790565300,66055,66090,66015,66040,3776
1790566200,66040,66125,65970,66030,9492
1790567100,66030,66140,65995,66050,6564
1790568000,66055,66195,65985,66185,6397
1790568900,66185,66210,66145,66165,3986
1790569800,66165,66165,66085,66130,3369
1790570700,66130,66145,66065,66100,3618
1790571600,66095,66190,66085,66110,4363
1790572500,66110,66140,66015,66050,4358
1790573400,66055,66060,65940,65975,7023
1790574300,65975,66090,65935,66050,5895
1790575200,66050,66075,65965,65975,7432
1790576100,65975,66005,65680,65740,18343
1790577000,65740,65755,65600,65635,15611
1790577900,65570,65570,65570,65570,1824
1790582400,65680,65690,65485,65560,9682
1790583300,65565,65595,65380,65545,6866
1790584200,65550,65575,65360,65435,5648
1790585100,65430,65480,65375,65435,2841
1790586000,65430,65505,65300,65345,6615
1790586900,65350,65515,65330,65505,4044
1790587800,65510,65525,65420,65520,2280
1790588700,65525,65590,65505,65515,4142
1790589600,65520,65560,65390,65435,4328
1790590500,65435,65480,65420,65465,1708
1790591400,65465,65545,65430,65520,2015
1790592300,65515,65630,65515,65525,4681
1790593200,65525,65670,65525,65545,6526
1790594100,65545,65655,65515,65630,5651
1790595000,65630,65675,65595,65660,2654
1790595900,65665,65670,65595,65610,2246
1790596800,65610,65785,65540,65745,11735
1790597700,65745,65840,65730,65750,6035
1790598600,65750,65860,65730,65855,3536
1790599500,65855,65935,65855,65910,7709
1790600400,65905,65905,65760,65780,3912
1790601300,65780,65845,65760,65840,3107
1790602200,65840,65925,65655,65695,12345
1790603100,65695,65780,65605,65775,15677
1790604000,65780,65780,65465,65520,10355
1790604900,65520,65695,65520,65620,5488
1790605800,65620,65640,65330,65335,8866
1790606700,65340,65345,65140,65245,12782
1790607600,65245,65345,65215,65240,5656
1790608500,65245,65335,65200,65295,5185
1790609400,65300,65350,65220,65265,3795
1790610300,65260,65395,65255,65390,2280
1790611200,65390,65395,65340,65370,2148
1790612100,65375,65975,65375,65915,16135
1790613000,65905,65920,65620,65670,7806
1790613900,65670,65720,65635,65700,2959
1790614800,65690,65985,65620,65925,9712
1790615700,65920,65920,65725,65755,4020
1790616600,65750,65830,65750,65785,1566
1790617500,65790,65830,65775,65805,1389
1790618400,65805,65855,65755,65840,1116
1790619300,65840,65850,65790,65805,653
1790620200,65805,65835,65735,65825,1602
1790621100,65830,65890,65790,65865,3812
1790622000,65870,65870,65740,65755,2123
1790622900,65755,65845,65740,65835,1431
1790623800,65835,65860,65755,65795,2303
1790624700,65795,65835,65710,65780,3374
1790625600,65785,65795,65705,65730,1412
1790626500,65730,65730,65700,65710,513
1790627400,65705,65710,65660,65670,600
1790628300,65665,65670,65635,65635,676
1790629200,65670,65670,65670,65670,470
1790639100,65770,65800,65525,65595,11761
1790640000,65600,65995,65575,65675,35087
1790640900,65670,65710,65460,65570,18032
1790641800,65570,65665,65495,65615,13810
1790642700,65615,65620,65405,65435,14000
1790643600,65435,65545,65290,65350,13148
1790644500,65345,65450,65230,65390,11134
1790645400,65390,65520,65315,65510,8232
1790646300,65505,65505,65375,65400,5518
1790647200,65400,65435,65275,65420,6151
1790648100,65425,65560,65370,65515,7778
1790649000,65515,65520,65295,65340,4491
1790649900,65335,65375,65210,65325,5184
1790650800,65325,65370,65175,65200,5899
1790651700,65195,65395,65185,65380,5454
1790652600,65380,65490,65245,65415,9827
1790653500,65420,65425,65250,65295,6180
1790654400,65290,65305,65160,65165,6867
1790655300,65165,65220,65145,65165,5674
1790656200,65160,65220,65120,65170,5719
1790657100,65175,65185,65115,65130,4035
1790658000,65135,65185,65110,65170,5041
1790658900,65175,65245,65110,65130,5125
1790659800,65130,65140,64885,65060,16795
1790660700,65065,65180,65010,65170,8096
1790661600,65170,65430,65130,65415,14031
1790662500,65415,65595,65350,65540,18991
1790663400,65540,65770,65540,65740,20888
1790664300,65810,65810,65810,65810,1854
1790668800,65770,65825,65665,65725,9012
1790669700,65730,65880,65725,65775,5484
1790670600,65775,65845,65740,65840,3082
1790671500,65840,65875,65740,65805,3784
1790672400,65795,65850,65750,65760,3107
1790673300,65755,65795,65685,65685,2698
1790674200,65685,65765,65665,65760,2789
1790675100,65765,65805,65655,65685,5570
1790676000,65685,65840,65675,65805,2786
1790676900,65805,65805,65735,65800,2187
1790677800,65805,65820,65720,65765,3060
1790678700,65765,65800,65725,65800,2476
1790679600,65795,65865,65730,65750,4964
1790680500,65755,65810,65745,65805,1666
1790681400,65805,65855,65790,65815,3190
1790682300,65810,65950,65765,65850,8579
1790683200,65845,65930,65845,65900,4433
1790684100,65900,65955,65795,65850,4745
1790685000,65850,65875,65815,65845,2652
1790685900,65845,65850,65750,65765,2904
1790686800,65765,65865,65765,65865,2884
1790687700,65870,65895,65800,65885,4356
1790688600,65885,65910,65725,65775,9699
1790689500,65770,65930,65760,65855,7963
1790690400,65860,65955,65825,65890,7191
1790691300,65895,66240,65855,66205,22577
1790692200,66205,66425,66205,66370,15865
1790693100,66365,66475,66345,66370,9456
1790694000,66370,66375,66100,66180,11313
1790694900,66180,66240,65925,66015,10829
1790695800,66015,66205,66010,66165,6646
1790696700,66165,66245,66055,66150,7840
1790697600,66150,66165,66075,66085,3779
1790698500,66085,66120,66035,66110,3455
1790699400,66105,66130,66005,66005,2905
1790700300,66005,66055,65940,65995,2657
1790701200,65990,66025,65915,66020,2666
1790702100,66020,66055,65965,66035,1754
1790703000,66035,66070,66005,66065,1876
1790703900,66065,66105,65950,65980,1951
1790704800,65985,66140,65985,66120,6141
1790705700,66120,66195,66115,66145,2201
1790706600,66140,66285,66085,66240,3315
1790707500,66240,66280,66195,66275,1037
1790708400,66275,66310,66260,66260,1604
1790709300,66260,66290,66235,66250,1265
1790710200,66250,66280,66220,66220,741
1790711100,66215,66325,66210,66310,2969
1790712000,66310,66350,66285,66305,1111
1790712900,66300,66355,66295,66345,852
1790713800,66345,66365,66335,66345,670
1790714700,66345,66350,66315,66315,580
1790715600,66310,66310,66310,66310,505
1790725500,66330,66645,66310,66630,17662
1790726400,66625,66745,66375,66585,32566
1790727300,66585,66725,66485,66690,18069
1790728200,66695,66725,66400,66400,14391
1790729100,66400,66430,66235,66390,13415
1790730000,66390,66450,66300,66435,8395
1790730900,66440,66585,66400,66480,8899
1790731800,66480,66540,66340,66425,8439
1790732700,66420,66530,66365,66470,5293
1790733600,66465,66550,66385,66440,7308
1790734500,66445,66590,66435,66490,6581
1790735400,66485,66490,66260,66380,7186
1790736300,66375,66555,66360,66460,5830
1790737200,66460,66545,66460,66495,3528
1790738100,66490,66515,66445,66495,4171
1790739000,66495,66770,66495,66710,16819
1790739900,66715,66805,66670,66785,8561
1790740800,66790,66900,66765,66895,8651
1790741700,66895,66995,66890,66990,8944
1790742600,66990,67095,66985,67040,10766
1790743500,67045,67045,66960,67005,8782
1790744400,66995,67040,66885,66890,9642
1790745300,66885,66985,66815,66955,7872
1790746200,66955,67150,66950,67080,12416
1790747100,67080,67090,66965,67030,10614
1790748000,67035,67145,67015,67080,9779
1790748900,67080,67115,67035,67085,13655
1790749800,67080,67150,66990,67100,18744
1790750700,67145,67145,67145,67145,2612
1790755200,67365,67590,67300,67315,17699
1790756100,67315,67430,67260,67400,5221
1790757000,67395,67455,67325,67330,4099
1790757900,67335,67435,67315,67330,3135
1790758800,67330,67365,67220,67330,6108
1790759700,67330,67340,67235,67260,2557
1790760600,67255,67360,67205,67230,3394
1790761500,67230,67235,67175,67190,2964
1790762400,67185,67190,67105,67120,3681
1790763300,67120,67195,67085,67165,4524
1790764200,67165,67300,67160,67260,4168
1790765100,67260,67320,67230,67230,2936
1790766000,67230,67265,67045,67085,6827
1790766900,67075,67215,67010,67190,5767
1790767800,67185,67260,67150,67180,4415
1790768700,67180,67185,67090,67175,5808
1790769600,67175,67200,67060,67155,4781
1790770500,67150,67325,67065,67320,5435
1790771400,67325,67765,67285,67730,27847
1790772300,67730,67780,67585,67620,12061
1790773200,67625,67735,67590,67605,6457
1790774100,67610,67645,67455,67515,8410
1790775000,67520,67585,67345,67390,12472
1790775900,67395,67585,67315,67580,11941
1790776800,67580,67725,67540,67655,11201
1790777700,67655,67775,67515,67575,10101
1790778600,67580,67735,67545,67660,14005
1790779500,67660,67820,67650,67680,8970
1790780400,67680,67700,67565,67630,10017
1790781300,67630,67660,67455,67580,6794
1790782200,67585,67625,67425,67440,6869
1790783100,67445,67640,67425,67580,4834
1790784000,67575,67635,67530,67585,3473
1790784900,67595,67595,67505,67505,2237
1790785800,67510,67530,67435,67480,2144
1790786700,67475,67480,67360,67395,1939
1790787600,67395,67405,67305,67320,1899
1790788500,67315,67315,67170,67225,3602
1790789400,67225,67305,67215,67275,2415
1790790300,67270,67340,67235,67300,3007
1790791200,67300,67300,67205,67270,1482
1790792100,67265,67265,67175,67230,1713
1790793000,67230,67270,67180,67235,1754
1790793900,67240,67240,67140,67195,1942
1790794800,67195,67290,67180,67285,1188
1790795700,67280,67280,67175,67205,1639
1790796600,67200,67270,67165,67190,2060
1790797500,67190,67205,67070,67100,7703
1790798400,67105,67180,67020,67160,5078
1790799300,67160,67225,67130,67215,875
1790800200,67210,67210,67150,67175,798
1790801100,67170,67180,67080,67115,952
1790802000,67095,67095,67095,67095,535
1790811900,67335,67410,67190,67290,14458
1790812800,67290,67645,67275,67600,28844
1790813700,67600,67665,67505,67510,13351
1790814600,67510,67810,67410,67810,16855
1790815500,67810,67925,67710,67920,13502
1790816400,67920,68290,67910,68260,23429
1790817300,68255,68280,68065,68155,17344
1790818200,68150,68305,68120,68175,11245
1790819100,68175,68350,68145,68320,12329
1790820000,68325,68555,68325,68435,14526
1790820900,68435,68570,68400,68510,9998
1790821800,68515,68615,68490,68585,6694
1790822700,68580,68620,68555,68620,3694
1790823600,68620,68700,68610,68675,5316
1790824500,68675,68695,68590,68610,5805
1790825400,68615,68680,68480,68670,11679
1790826300,68670,68795,68660,68745,10218
1790827200,68745,68825,68725,68780,7874
1790828100,68785,68840,68690,68825,7693
1790829000,68820,68945,68815,68890,10333
1790829900,68890,68940,68855,68890,7311
1790830800,68890,69040,68885,69000,12061
1790831700,69000,69135,68975,69120,7505
1790832600,69120,69155,69080,69130,9481
1790833500,69130,69170,69045,69080,7991
1790834400,69080,69185,69080,69175,9785
1790835300,69175,69240,69110,69215,14876
1790836200,69210,69215,69035,69040,12190
1790837100,69005,69005,69005,69005,1823
1790841600,68455,68565,68305,68320,20652
1790842500,68320,68325,68180,68185,10243
1790843400,68185,68280,68130,68255,8698
1790844300,68250,68365,68185,68350,8466
1790845200,68355,68495,68345,68470,7462
1790846100,68475,68575,68440,68545,6035
1790847000,68545,68560,68455,68480,3633
1790847900,68480,68570,68415,68475,4104
1790848800,68470,68520,68290,68445,5896
1790849700,68450,68610,68410,68585,6299
1790850600,68590,68785,68585,68765,7266
1790851500,68765,68850,68760,68800,5631
1790852400,68800,68800,68580,68590,6448
1790853300,68590,68620,68495,68535,5379
1790854200,68540,68685,68530,68665,4263
1790855100,68660,68765,68640,68715,3647
1790856000,68715,68730,68630,68640,3443
1790856900,68640,68725,68610,68720,7886
1790857800,68710,68790,68640,68640,4637
1790858700,68645,68680,68530,68550,4379
1790859600,68550,68600,68500,68500,4577
1790860500,68500,68515,68395,68430,4626
1790861400,68430,68600,68360,68435,16617
1790862300,68440,68495,68300,68415,9435
1790863200,68410,68420,68145,68270,17236
1790864100,68275,68290,68075,68145,11411
1790865000,68140,68315,68115,68190,11941
1790865900,68190,68275,68015,68090,14946
1790866800,68095,68100,67880,68010,10232
1790867700,68005,68075,67935,67945,8264
1790868600,67945,67985,67790,67845,11493
1790869500,67845,68030,67805,67970,9544
1790870400,67970,68070,67910,67960,5060
1790871300,67965,68085,67955,68050,3158
1790872200,68055,68180,68055,68115,3926
1790873100,68115,68150,67975,68020,3081
1790874000,68015,68170,67990,68130,3033
1790874900,68135,68460,68120,68410,5538
1790875800,68410,68580,68405,68510,8468
1790876700,68505,68595,68385,68440,6065
1790877600,68440,68455,68220,68295,5851
1790878500,68295,68425,68260,68395,6280
1790879400,68395,68540,68350,68450,3100
1790880300,68450,68530,68440,68525,1471
1790881200,68525,68535,68410,68460,2097
1790882100,68460,68500,68410,68485,2771
1790883000,68485,68570,68485,68540,2706
1790883900,68540,68690,68505,68540,5566
1790884800,68540,68595,68510,68550,1345
1790885700,68550,68575,68535,68535,509
1790886600,68535,68545,68455,68465,860
1790887500,68465,68515,68455,68480,587
1790888400,68465,68465,68465,68465,572
1790898300,68330,68735,68310,68660,16693
1790899200,68655,68745,68345,68550,30853
1790900100,68550,68925,68525,68650,21911
1790901000,68650,68775,68555,68565,10909
1790901900,68565,68725,68560,68635,6683
1790902800,68630,68675,68505,68590,9276
1790903700,68590,68630,68385,68445,11409
1790904600,68445,68460,68315,68375,9077
1790905500,68370,68590,68300,68580,9199
1790906400,68580,68635,68485,68580,7378
1790907300,68580,68635,68460,68500,5958
1790908200,68505,68560,68450,68465,3907
1790909100,68465,68515,68410,68470,3620
1790910000,68475,68525,68445,68505,2751
1790910900,68505,68525,68470,68470,3075
1790911800,68470,68595,68465,68530,8565
1790912700,68535,68565,68375,68465,6901
1790913600,68470,68575,68465,68520,5683
1790914500,68525,68550,68450,68455,4712
1790915400,68455,68495,68400,68405,4791
1790916300,68410,68520,68380,68515,5243
1790917200,68515,68555,68395,68435,6703
1790918100,68440,68520,68380,68415,5574
1790919000,68420,68480,68360,68440,5217
1790919900,68445,68455,68365,68450,4289
1790920800,68450,68475,68385,68395,6626
1790921700,68395,68445,68350,68375,12680
1790922600,68375,68645,68375,68600,20905
1790923500,68630,68630,68630,68630,1653
1790928000,68995,69230,68870,69165,17552
1790928900,69170,69290,69120,69260,9168
1790929800,69255,69300,69155,69165,5095
1790930700,69165,69305,69160,69250,4336
1790931600,69250,69250,69105,69230,6738
1790932500,69230,69295,69180,69215,5253
1790933400,69215,69480,69205,69395,9487
1790934300,69395,69495,69315,69410,8778
1790935200,69410,69415,69215,69255,5971
1790936100,69255,69335,69165,69335,5572
1790937000,69335,69425,69295,69385,3164
1790937900,69385,69495,69370,69490,3128
1790938800,69490,69555,69465,69520,6457
1790939700,69520,69595,69495,69580,3897
1790940600,69585,69650,69465,69485,7626
1790941500,69485,69520,69450,69505,4965
1790942400,69505,69520,69435,69460,3473
1790943300,69455,69665,69430,69620,6293
1790944200,69620,69885,69620,69730,18373
1790945100,69735,69855,69715,69815,7820
1790946000,69825,69890,69765,69800,7509
1790946900,69800,69860,69755,69810,4975
1790947800,69815,69890,69665,69890,13370
1790948700,69885,69970,69710,69865,14502
1790949600,69865,70185,69790,70090,14129
1790950500,70100,70175,70060,70145,6308
1790951400,70145,70170,70065,70070,6054
1790952300,70070,70095,69910,69980,7302
1790953200,69980,70000,69630,69695,11195
1790954100,69690,69725,69405,69615,13792
1790955000,69615,69710,69560,69685,7951
1790955900,69685,69780,69680,69770,5041
1790956800,69775,69825,69740,69790,5089
1790957700,69785,69835,69705,69715,3873
1790958600,69715,69740,69610,69660,4192
1790959500,69660,69795,69645,69780,3221
1790960400,69780,69860,69725,69775,3695
1790961300,69775,69830,69595,69615,3122
1790962200,69610,69735,69605,69725,1671
1790963100,69725,69785,69685,69755,2272
1790964000,69760,69800,69730,69795,990
1790964900,69790,69790,69700,69755,1208
1790965800,69750,69800,69735,69765,1581
1790966700,69770,69790,69750,69770,1213
1790967600,69770,69825,69760,69815,1200
1790968500,69810,69880,69775,69870,1554
1790969400,69870,69925,69845,69900,1474
1790970300,69900,69960,69890,69920,3571
1790971200,69925,69945,69855,69885,1247
1790972100,69880,69890,69830,69860,688
1790973000,69865,69875,69810,69815,405
1790973900,69820,69830,69785,69820,458
1790974800,69710,69710,69710,69710,622
1791157500,69865,69955,69660,69800,13570
1791158400,69800,69970,69560,69950,27033
1791159300,69945,70120,69820,69850,17221
1791160200,69855,70015,69735,69985,13772
1791161100,69985,70075,69930,70035,9138
1791162000,70035,70115,69980,70010,9533
1791162900,70010,70165,69965,70110,10065
1791163800,70105,70270,70105,70235,11281
1791164700,70235,70250,70130,70140,6499
1791165600,70140,70230,70095,70225,6192
1791166500,70230,70245,70190,70200,4946
1791167400,70195,70195,70075,70145,4763
1791168300,70145,70160,70025,70050,5155
1791169200,70045,70050,69910,69985,6836
1791170100,69990,70140,69925,70135,4803
1791171000,70135,70170,69990,70040,8785
1791171900,70040,70075,69905,69925,5569
1791172800,69930,70125,69910,70115,7347
1791173700,70115,70125,69930,69930,4835
1791174600,69935,70000,69835,69880,6353
1791175500,69885,69980,69875,69890,3977
1791176400,69895,69950,69850,69930,5021
1791177300,69935,69945,69840,69865,4490
1791178200,69865,70005,69855,70005,6259
1791179100,70010,70105,69995,70090,6837
1791180000,70095,70165,70080,70140,8571
1791180900,70135,70175,70070,70130,12134
1791181800,70130,70140,70045,70095,8887
1791182700,70095,70095,70095,70095,1285
1791187200,70200,70250,70050,70110,10433
1791188100,70105,70170,70040,70080,6003
1791189000,70085,70160,69885,69890,8747
1791189900,69885,69975,69750,69865,10205
1791190800,69870,69885,69820,69840,3535
1791191700,69835,69900,69820,69880,3034
1791192600,69880,69890,69775,69825,3303
1791193500,69820,69880,69805,69830,2604
1791194400,69825,69890,69780,69875,3372
1791195300,69865,69875,69810,69840,2676
1791196200,69835,69840,69785,69820,2372
1791197100,69825,70035,69815,69975,6452
1791198000,69975,69995,69845,69905,3674
1791198900,69910,70175,69875,70155,8808
1791199800,70160,70190,70045,70050,3966
1791200700,70055,70080,70005,70060,2466
1791201600,70060,70080,70005,70060,3711
1791202500,70055,70110,70020,70065,2115
1791203400,70070,70080,70000,70005,2111
1791204300,70000,70060,69950,70025,4469
1791205200,70025,70090,69985,70050,3799
1791206100,70050,70105,70000,70075,3027
1791207000,70070,70165,69970,69990,7684
1791207900,69990,70045,69895,70030,8049
1791208800,70030,70210,69910,70180,10999
1791209700,70180,70340,70170,70265,7323
1791210600,70260,70275,70140,70150,5083
1791211500,70150,70195,70120,70195,3967
1791212400,70195,70205,69970,69995,4101
1791213300,69990,70035,69950,69995,3919
1791214200,69995,70090,69965,70085,3790
1791215100,70080,70090,70025,70050,1753
1791216000,70060,70065,69995,70045,1683
1791216900,70040,70075,70015,70035,1076
1791217800,70040,70115,70015,70110,2555
1791218700,70110,70115,70020,70020,2646
1791219600,70020,70050,69985,70040,1098
1791220500,70035,70060,70020,70025,884
1791221400,70025,70070,70000,70065,928
1791222300,70070,70085,70035,70075,1230
1791223200,70075,70110,70005,70095,2650
1791224100,70095,70180,70095,70160,1475
1791225000,70165,70170,70120,70130,1083
1791225900,70130,70135,70090,70130,871
1791226800,70120,70205,70120,70185,1452
1791227700,70185,70230,70175,70200,1334
1791228600,70195,70225,70165,70175,1159
1791229500,70175,70175,70075,70160,3039
1791230400,70155,70200,70145,70160,759
1791231300,70160,70185,70150,70170,469
1791232200,70175,70185,70155,70170,357
1791233100,70170,70200,70170,70185,478
1791234000,70185,70185,70185,70185,425
1791243900,70085,70270,70070,70165,11862
1791244800,70170,70340,69980,70335,28133
1791245700,70330,70460,70300,70445,16642
1791246600,70450,70545,70270,70290,13767
1791247500,70290,70400,70205,70355,11276
1791248400,70355,70605,70330,70525,12509
1791249300,70520,70520,70245,70310,11163
1791250200,70310,70380,70230,70335,7305
1791251100,70330,70365,70255,70350,4585
1791252000,70355,70390,70270,70340,4821
1791252900,70340,70385,70230,70260,4544
1791253800,70255,70355,70225,70350,3782
1791254700,70350,70350,70270,70295,1957
1791255600,70300,70355,70250,70330,2988
1791256500,70335,70380,70315,70360,2729
1791257400,70365,70590,70365,70520,10903
1791258300,70520,70550,70470,70495,7533
1791259200,70495,70700,70470,70690,10395
1791260100,70690,70720,70610,70705,6514
1791261000,70710,70730,70645,70685,5754
1791261900,70685,70700,70615,70655,4300
1791262800,70660,70740,70650,70720,4207
1791263700,70725,70875,70715,70870,6554
1791264600,70875,70940,70870,70910,6766
1791265500,70915,70965,70895,70940,5199
1791266400,70945,70945,70885,70935,6408
1791267300,70940,70995,70920,70965,10103
1791268200,70965,71025,70915,70940,10891
1791269100,70900,70900,70900,70900,1659
1791273600,70975,71160,70935,71015,9912
1791274500,71015,71140,71015,71055,3663
1791275400,71050,71105,71005,71090,4250
1791276300,71095,71150,71055,71055,2823
1791277200,71055,71110,70970,71025,4594
1791278100,71025,71050,70955,71035,2242
1791279000,71040,71070,71000,71050,2341
1791279900,71055,71090,70970,70975,2854
1791280800,70975,71120,70940,71110,4192
1791281700,71105,71165,71080,71120,3544
1791282600,71120,71230,71115,71220,2930
1791283500,71220,71275,71205,71225,5108
1791284400,71225,71250,71185,71250,2747
1791285300,71250,71430,71250,71410,5463
1791286200,71410,71455,71335,71440,5115
1791287100,71435,71490,71435,71435,4140
1791288000,71440,71515,71430,71490,3822
1791288900,71485,71490,71350,71355,4308
1791289800,71350,71375,71280,71285,4377
1791290700,71280,71315,71170,71260,8957
1791291600,71265,71350,71250,71285,3400
1791292500,71290,71290,71205,71240,5120
1791293400,71240,71325,71190,71290,9628
1791294300,71290,71435,71245,71350,8236
1791295200,71350,71480,71340,71375,7607
1791296100,71375,71415,71205,71215,5935
1791297000,71220,71245,71120,71195,10213
1791297900,71190,71305,71170,71260,4253
1791298800,71255,71320,71230,71305,3896
1791299700,71305,71330,71200,71235,4899
1791300600,71235,71270,71170,71215,3745
1791301500,71210,71255,71200,71205,1887
1791302400,71210,71220,71115,71140,2925
1791303300,71140,71145,71075,71085,2039
1791304200,71090,71130,71065,71090,1129
1791305100,71090,71100,71045,71085,1404
1791306000,71085,71100,71030,71045,1419
1791306900,71055,71105,71005,71085,2421
1791307800,71085,71130,71065,71110,1263
1791308700,71100,71140,71090,71100,923
1791309600,71110,71135,71070,71085,880
1791310500,71080,71085,70980,70985,1463
1791311400,70990,70990,70945,70965,1178
1791312300,70965,70980,70940,70965,1852
1791313200,70965,70980,70920,70940,962
1791314100,70940,70965,70925,70930,898
1791315000,70925,70925,70860,70880,1397
1791315900,70875,70915,70850,70870,2441
1791316800,70875,70915,70865,70890,742
1791317700,70890,70945,70880,70915,541
1791318600,70915,70935,70910,70925,355
1791319500,70935,70975,70925,70960,522
1791320400,71065,71065,71065,71065,830
1791330300,70900,71005,70875,70885,12846
1791331200,70885,70950,70765,70900,24799
1791332100,70905,70985,70840,70980,11973
1791333000,70980,70990,70780,70825,10632
1791333900,70825,70860,70620,70670,13055
1791334800,70670,70700,70615,70660,7699
1791335700,70660,70685,70525,70525,7352
1791336600,70520,70620,70510,70555,6889
1791337500,70555,70600,70505,70505,4929
1791338400,70505,70535,70240,70315,15318
1791339300,70310,70335,70205,70270,9135
1791340200,70270,70350,70250,70340,4559
1791341100,70340,70400,70325,70350,3948
1791342000,70350,70435,70330,70380,3505
1791342900,70380,70480,70365,70450,3791
1791343800,70450,70485,70335,70365,8194
1791344700,70360,70445,70315,70380,4683
1791345600,70375,70400,70335,70365,3781
1791346500,70365,70380,70295,70300,3898
1791347400,70300,70335,70265,70275,3875
1791348300,70275,70375,70270,70345,4845
1791349200,70350,70480,70320,70420,5351
1791350100,70420,70530,70380,70505,5411
1791351000,70510,70560,70460,70495,5631
1791351900,70500,70555,70475,70485,4171
1791352800,70485,70500,70380,70390,5109
1791353700,70390,70420,70300,70320,10968
1791354600,70315,70320,70240,70265,10877
1791355500,70350,70350,70350,70350,1839
1791360000,70265,70305,70175,70190,9226
1791360900,70190,70295,70170,70210,3858
1791361800,70215,70280,70165,70245,2349
1791362700,70245,70250,70155,70220,2755
1791363600,70220,70235,70075,70110,4573
1791364500,70115,70160,70050,70125,3582
1791365400,70120,70125,70010,70050,4781
1791366300,70055,70090,69985,70090,3686
1791367200,70090,70105,70045,70055,2279
1791368100,70055,70060,69955,69975,3728
1791369000,69975,69990,69860,69875,4975
1791369900,69870,69920,69810,69900,4500
1791370800,69895,69895,69765,69875,6823
1791371700,69880,69890,69805,69835,4191
1791372600,69835,69880,69755,69800,6957
1791373500,69805,69845,69750,69825,5384
1791374400,69825,69845,69755,69760,3129
1791375300,69765,69785,69575,69635,9203
1791376200,69635,69745,69605,69615,5748
1791377100,69610,69680,69585,69625,5514
1791378000,69630,69670,69580,69595,4020
1791378900,69600,69615,69485,69515,5436
1791379800,69520,69545,69210,69285,17347
1791380700,69285,69370,69225,69370,9914
1791381600,69365,69370,69250,69275,7670
1791382500,69280,69450,69260,69430,7455
1791383400,69430,69595,69395,69565,9586
1791384300,69565,69665,69500,69665,8018
1791385200,69655,69730,69570,69665,7582
1791386100,69665,69695,69530,69625,5709
1791387000,69625,69760,69600,69745,4940
1791387900,69740,69805,69740,69780,3054